target_draw_date,model_name,model_version,actual,bonus,final_6_hits,top_6_hits,top_12_hits,top_18_hits,matched_final,brier_score,log_loss,mean_actual_rank
2020-01-01,random,research-v2,"[11, 23, 30, 35, 39, 43]",34,1,1,2,2,[23],0.10745522698209152,0.37177617991244843,23.0
2020-01-01,ema_gap,research-v2,"[11, 23, 30, 35, 39, 43]",34,0,0,0,1,[],0.11370545920021283,0.39834734316977966,32.5
2020-01-01,v2_statistical,research-v2,"[11, 23, 30, 35, 39, 43]",34,1,1,1,1,[43],0.1161344499854743,0.4109163172149238,30.833333333333332
2020-01-04,random,research-v2,"[23, 24, 36, 42, 45, 46]",21,0,0,1,1,[],0.10745522702834275,0.3717761801276601,29.666666666666668
2020-01-04,ema_gap,research-v2,"[23, 24, 36, 42, 45, 46]",21,1,1,3,3,[45],0.10446845659315052,0.3596166829473072,19.333333333333332
2020-01-04,v2_statistical,research-v2,"[23, 24, 36, 42, 45, 46]",21,1,1,3,4,[45],0.10141434240764291,0.35062998732698836,18.0
2020-01-08,random,research-v2,"[2, 5, 19, 44, 48, 49]",24,1,1,1,3,[44],0.10745522693299973,0.3717761796840194,18.833333333333332
2020-01-08,ema_gap,research-v2,"[2, 5, 19, 44, 48, 49]",24,1,1,2,3,[2],0.10712791033126708,0.3678653378066905,19.166666666666668
2020-01-08,v2_statistical,research-v2,"[2, 5, 19, 44, 48, 49]",24,1,1,2,4,[2],0.10773174465072265,0.36888355229763586,19.666666666666668
2020-01-11,random,research-v2,"[2, 3, 7, 18, 24, 26]",6,0,0,1,2,[],0.10745522699882426,0.3717761799903077,26.333333333333332
2020-01-11,ema_gap,research-v2,"[2, 3, 7, 18, 24, 26]",6,2,2,3,3,"[2, 24]",0.10735110719881645,0.37462897928207345,23.333333333333332
2020-01-11,v2_statistical,research-v2,"[2, 3, 7, 18, 24, 26]",6,0,0,1,3,[],0.11270760703901535,0.39140710706948734,25.333333333333332
2020-01-15,random,research-v2,"[1, 17, 23, 25, 26, 34]",24,1,1,2,3,[25],0.1074552269577526,0.3717761797991969,22.5
2020-01-15,ema_gap,research-v2,"[1, 17, 23, 25, 26, 34]",24,0,0,0,0,[],0.11341831235141628,0.396384185119939,32.5
2020-01-15,v2_statistical,research-v2,"[1, 17, 23, 25, 26, 34]",24,0,0,0,1,[],0.11601216497022962,0.4039835888463548,30.166666666666668
2020-01-18,random,research-v2,"[2, 5, 10, 18, 26, 30]",36,2,2,3,5,"[10, 26]",0.10745522687068336,0.37177617939405516,11.666666666666666
2020-01-18,ema_gap,research-v2,"[2, 5, 10, 18, 26, 30]",36,2,2,2,2,"[2, 18]",0.10566858950179767,0.36352765798618647,21.333333333333332
2020-01-18,v2_statistical,research-v2,"[2, 5, 10, 18, 26, 30]",36,0,0,1,1,[],0.11220033016357131,0.38538661371230626,23.666666666666668
2020-01-22,random,research-v2,"[2, 10, 27, 30, 39, 43]",21,0,0,0,0,[],0.10745522704804157,0.37177618021932074,32.666666666666664
2020-01-22,ema_gap,research-v2,"[2, 10, 27, 30, 39, 43]",21,1,1,2,3,[2],0.10523964518147355,0.3640000770142663,20.0
2020-01-22,v2_statistical,research-v2,"[2, 10, 27, 30, 39, 43]",21,2,2,2,3,"[2, 43]",0.10580202679564119,0.3657129211428033,20.5
2020-01-25,random,research-v2,"[8, 20, 21, 30, 32, 48]",31,1,1,3,4,[8],0.10745522688004383,0.37177617943761027,13.333333333333334
2020-01-25,ema_gap,research-v2,"[8, 20, 21, 30, 32, 48]",31,0,0,2,2,[],0.11140693653378955,0.38927103827080284,28.333333333333332
2020-01-25,v2_statistical,research-v2,"[8, 20, 21, 30, 32, 48]",31,0,0,1,2,[],0.11236732380757151,0.3920186021012292,27.666666666666668
2020-01-29,random,research-v2,"[3, 14, 16, 23, 41, 43]",29,1,1,1,1,[41],0.10745522708041876,0.3717761803699752,34.166666666666664
2020-01-29,ema_gap,research-v2,"[3, 14, 16, 23, 41, 43]",29,0,0,1,4,[],0.10825709004904799,0.37325779608861415,21.666666666666668
2020-01-29,v2_statistical,research-v2,"[3, 14, 16, 23, 41, 43]",29,2,2,2,2,"[41, 43]",0.1073795426145892,0.375957968816642,21.833333333333332
2020-02-01,random,research-v2,"[13, 21, 35, 40, 45, 48]",47,1,1,1,2,[40],0.10745522701793699,0.371776180079241,28.166666666666668
2020-02-01,ema_gap,research-v2,"[13, 21, 35, 40, 45, 48]",47,2,2,2,3,"[45, 48]",0.10725815209271172,0.3729364038558724,24.333333333333332
2020-02-01,v2_statistical,research-v2,"[13, 21, 35, 40, 45, 48]",47,1,1,3,3,[45],0.10445361850393642,0.3668024125344703,22.166666666666668
2020-02-08,random,research-v2,"[8, 28, 30, 39, 41, 43]",45,1,1,2,3,[39],0.10745522696883876,0.3717761798507819,22.5
2020-02-08,ema_gap,research-v2,"[8, 28, 30, 39, 41, 43]",45,1,1,3,4,[43],0.1053788006092722,0.3599374153008431,17.666666666666668
2020-02-08,v2_statistical,research-v2,"[8, 28, 30, 39, 41, 43]",45,2,2,2,3,"[41, 43]",0.1037699416742889,0.35664233266501955,19.666666666666668
2020-02-12,random,research-v2,"[16, 20, 24, 33, 36, 47]",4,1,1,4,4,[47],0.10745522688610669,0.37177617946582137,14.0
2020-02-12,ema_gap,research-v2,"[16, 20, 24, 33, 36, 47]",4,0,0,2,3,[],0.10813760708939053,0.37213127477462127,22.0
2020-02-12,v2_statistical,research-v2,"[16, 20, 24, 33, 36, 47]",4,0,0,2,4,[],0.10893414320334732,0.3711106554309703,19.333333333333332
2020-02-15,random,research-v2,"[7, 8, 11, 23, 27, 30]",3,0,0,0,2,[],0.1074552270161473,0.37177618007091345,27.333333333333332
2020-02-15,ema_gap,research-v2,"[7, 8, 11, 23, 27, 30]",3,0,0,1,2,[],0.1109936548196193,0.38800547947240716,29.333333333333332
2020-02-15,v2_statistical,research-v2,"[7, 8, 11, 23, 27, 30]",3,0,0,1,2,[],0.11571087523282385,0.40409767658557105,28.333333333333332
2020-02-19,random,research-v2,"[5, 6, 13, 23, 44, 49]",40,0,0,1,2,[],0.10745522703077663,0.3717761801389853,29.666666666666668
2020-02-19,ema_gap,research-v2,"[5, 6, 13, 23, 44, 49]",40,0,0,1,1,[],0.11118643750168124,0.38919003052449946,26.666666666666668
2020-02-19,v2_statistical,research-v2,"[5, 6, 13, 23, 44, 49]",40,0,0,0,1,[],0.11641275337055147,0.41318832966146285,30.333333333333332
2020-02-22,random,research-v2,"[2, 7, 26, 33, 46, 48]",25,0,0,0,0,[],0.1074552270447906,0.3717761802041937,28.0
2020-02-22,ema_gap,research-v2,"[2, 7, 26, 33, 46, 48]",25,1,1,2,2,[2],0.10669019394225407,0.36873920797808873,21.833333333333332
2020-02-22,v2_statistical,research-v2,"[2, 7, 26, 33, 46, 48]",25,1,1,2,2,[48],0.10948352948242376,0.3742476458037213,22.5
2020-02-26,random,research-v2,"[8, 25, 34, 35, 36, 38]",5,1,1,1,2,[34],0.10745522697505563,0.3717761798797099,24.666666666666668
2020-02-26,ema_gap,research-v2,"[8, 25, 34, 35, 36, 38]",5,0,0,0,1,[],0.11152720005053089,0.3876169776518817,27.666666666666668
2020-02-26,v2_statistical,research-v2,"[8, 25, 34, 35, 36, 38]",5,0,0,0,1,[],0.11443606586390308,0.3984370390595008,27.833333333333332
2020-02-29,random,research-v2,"[6, 12, 15, 18, 31, 43]",13,0,0,1,2,[],0.1074552270274717,0.37177618012360686,28.666666666666668
2020-02-29,ema_gap,research-v2,"[6, 12, 15, 18, 31, 43]",13,1,1,2,2,[43],0.11264277512372492,0.39854285403872214,32.5
2020-02-29,v2_statistical,research-v2,"[6, 12, 15, 18, 31, 43]",13,1,1,1,1,[43],0.11079522061714613,0.394382711081172,28.833333333333332
2020-03-04,random,research-v2,"[6, 8, 15, 24, 38, 41]",31,1,1,2,4,[8],0.10745522691899835,0.3717761796188697,17.333333333333332
2020-03-04,ema_gap,research-v2,"[6, 8, 15, 24, 38, 41]",31,0,0,2,4,[],0.10684081075327273,0.3664555795674872,20.0
2020-03-04,v2_statistical,research-v2,"[6, 8, 15, 24, 38, 41]",31,1,1,3,3,[41],0.1084783972354368,0.37316048123810946,21.833333333333332
2020-03-07,random,research-v2,"[5, 8, 13, 27, 34, 46]",39,0,0,2,2,[],0.10745522701086278,0.3717761800463241,26.5
2020-03-07,ema_gap,research-v2,"[5, 8, 13, 27, 34, 46]",39,0,0,1,1,[],0.10950399278318187,0.37833681559525467,24.666666666666668
2020-03-07,v2_statistical,research-v2,"[5, 8, 13, 27, 34, 46]",39,0,0,1,3,[],0.1103688969518312,0.3784919644542338,23.833333333333332
2020-03-11,random,research-v2,"[5, 24, 32, 37, 43, 44]",23,1,1,1,2,[32],0.10745522697570688,0.3717761798827399,24.0
2020-03-11,ema_gap,research-v2,"[5, 24, 32, 37, 43, 44]",23,2,2,2,3,"[24, 43]",0.10704174099639847,0.37410501059883744,22.833333333333332
2020-03-11,v2_statistical,research-v2,"[5, 24, 32, 37, 43, 44]",23,1,1,2,2,[43],0.10705235867572055,0.37676244630291084,24.0
2020-03-14,random,research-v2,"[1, 2, 23, 27, 31, 32]",43,1,1,1,1,[32],0.10745522708565731,0.37177618039435034,34.5
2020-03-14,ema_gap,research-v2,"[1, 2, 23, 27, 31, 32]",43,1,1,2,2,[2],0.10823481015288981,0.375961283487708,26.833333333333332
2020-03-14,v2_statistical,research-v2,"[1, 2, 23, 27, 31, 32]",43,1,1,2,3,[2],0.11014778670816819,0.3836340520325649,23.666666666666668
2020-03-18,random,research-v2,"[7, 8, 9, 12, 14, 36]",28,0,0,0,1,[],0.1074552270839157,0.37177618038624666,35.0
2020-03-18,ema_gap,research-v2,"[7, 8, 9, 12, 14, 36]",28,1,1,2,2,[8],0.11196904634195588,0.3951193165263939,31.666666666666668
2020-03-18,v2_statistical,research-v2,"[7, 8, 9, 12, 14, 36]",28,0,0,0,2,[],0.11804782334205875,0.42545804363564815,31.833333333333332
2020-03-21,random,research-v2,"[6, 11, 22, 36, 37, 44]",10,0,0,1,2,[],0.10745522704314575,0.37177618019654,29.833333333333332
2020-03-21,ema_gap,research-v2,"[6, 11, 22, 36, 37, 44]",10,1,1,1,2,[36],0.11221654997044846,0.39534062859681257,31.833333333333332
2020-03-21,v2_statistical,research-v2,"[6, 11, 22, 36, 37, 44]",10,0,0,0,2,[],0.11750687081353356,0.4169139728659815,32.333333333333336
2020-03-25,random,research-v2,"[3, 19, 31, 38, 45, 47]",48,1,1,2,2,[3],0.10745522702479171,0.3717761801111367,28.0
2020-03-25,ema_gap,research-v2,"[3, 19, 31, 38, 45, 47]",48,0,0,1,2,[],0.11042049991409966,0.38257897642840194,27.333333333333332
2020-03-25,v2_statistical,research-v2,"[3, 19, 31, 38, 45, 47]",48,1,1,3,4,[45],0.10433681427026031,0.3528265505974845,15.666666666666666
2020-03-28,random,research-v2,"[2, 7, 21, 30, 33, 46]",27,1,1,1,2,[46],0.1074552269843757,0.3717761799230771,25.333333333333332
2020-03-28,ema_gap,research-v2,"[2, 7, 21, 30, 33, 46]",27,1,1,1,3,[2],0.10627850240223759,0.3663309274722095,21.333333333333332
2020-03-28,v2_statistical,research-v2,"[2, 7, 21, 30, 33, 46]",27,1,1,1,2,[2],0.10798510225212854,0.3669345473530304,18.5
2020-04-01,random,research-v2,"[4, 6, 10, 13, 25, 49]",41,0,0,0,0,[],0.10745522708995371,0.3717761804143422,36.5
2020-04-01,ema_gap,research-v2,"[4, 6, 10, 13, 25, 49]",41,0,0,0,0,[],0.11259272613927873,0.3923331160524966,31.166666666666668
2020-04-01,v2_statistical,research-v2,"[4, 6, 10, 13, 25, 49]",41,0,0,0,1,[],0.11598962929251168,0.4066491862643498,29.833333333333332
2020-04-04,random,research-v2,"[19, 29, 34, 35, 44, 45]",10,0,0,0,2,[],0.10745522702889312,0.371776180130221,29.666666666666668
2020-04-04,ema_gap,research-v2,"[19, 29, 34, 35, 44, 45]",10,1,1,1,2,[45],0.10968129533356762,0.382372459641801,26.0
2020-04-04,v2_statistical,research-v2,"[19, 29, 34, 35, 44, 45]",10,1,1,1,1,[45],0.10736993649641813,0.38033024206086946,25.666666666666668
2020-04-08,random,research-v2,"[9, 13, 21, 23, 30, 32]",15,1,1,2,3,[30],0.1074552269525928,0.3717761797751879,21.0
2020-04-08,ema_gap,research-v2,"[9, 13, 21, 23, 30, 32]",15,0,0,2,3,[],0.10779517343164204,0.37255172887952626,22.0
2020-04-08,v2_statistical,research-v2,"[9, 13, 21, 23, 30, 32]",15,0,0,0,2,[],0.11422176848151087,0.3984121813002142,29.0
2020-04-11,random,research-v2,"[10, 13, 17, 32, 35, 42]",26,1,1,4,5,[17],0.10745522688302643,0.3717761794514885,13.333333333333334
2020-04-11,ema_gap,research-v2,"[10, 13, 17, 32, 35, 42]",26,0,0,1,1,[],0.11210829995937611,0.39558222124783626,30.833333333333332
2020-04-11,v2_statistical,research-v2,"[10, 13, 17, 32, 35, 42]",26,0,0,0,0,[],0.11828618036565144,0.4215549705559381,33.666666666666664
2020-04-15,random,research-v2,"[1, 3, 7, 13, 22, 47]",30,1,1,1,1,[3],0.10745522694967699,0.37177617976162053,21.833333333333332
2020-04-15,ema_gap,research-v2,"[1, 3, 7, 13, 22, 47]",30,1,1,1,1,[13],0.11017029458662007,0.38428902396632225,28.666666666666668
2020-04-15,v2_statistical,research-v2,"[1, 3, 7, 13, 22, 47]",30,0,0,1,1,[],0.11482018574914878,0.40545293185756676,29.166666666666668
2020-04-18,random,research-v2,"[1, 10, 23, 32, 46, 48]",36,1,1,1,1,[32],0.10745522700385488,0.37177618001371543,26.833333333333332
2020-04-18,ema_gap,research-v2,"[1, 10, 23, 32, 46, 48]",36,1,1,1,3,[23],0.10552087598045837,0.3600799201410956,17.833333333333332
2020-04-18,v2_statistical,research-v2,"[1, 10, 23, 32, 46, 48]",36,1,1,2,2,[23],0.1083112429686631,0.37012173155161987,21.166666666666668
2020-04-22,random,research-v2,"[9, 10, 11, 14, 15, 28]",36,0,0,0,1,[],0.10745522705985829,0.37177618027430515,33.666666666666664
2020-04-22,ema_gap,research-v2,"[9, 10, 11, 14, 15, 28]",36,0,0,1,1,[],0.11486696299160945,0.40844477235905174,37.0
2020-04-22,v2_statistical,research-v2,"[9, 10, 11, 14, 15, 28]",36,0,0,1,1,[],0.11973526045534828,0.4405705212151321,38.5
2020-04-25,random,research-v2,"[6, 10, 11, 22, 32, 48]",17,1,1,1,1,[6],0.10745522704180838,0.371776180190317,29.666666666666668
2020-04-25,ema_gap,research-v2,"[6, 10, 11, 22, 32, 48]",17,1,1,3,3,[10],0.1051363793588272,0.36069634721996585,19.5
2020-04-25,v2_statistical,research-v2,"[6, 10, 11, 22, 32, 48]",17,1,1,2,2,[48],0.1103789921505849,0.3829195777036131,24.5
2020-04-29,random,research-v2,"[6, 17, 21, 30, 40, 41]",27,1,1,2,2,[41],0.10745522698522839,0.37177617992704454,24.833333333333332
2020-04-29,ema_gap,research-v2,"[6, 17, 21, 30, 40, 41]",27,0,0,1,3,[],0.1099910915953469,0.3843059694087056,25.833333333333332
2020-04-29,v2_statistical,research-v2,"[6, 17, 21, 30, 40, 41]",27,0,0,1,3,[],0.11119718213487265,0.3855773279356581,26.833333333333332
2020-05-02,random,research-v2,"[15, 18, 26, 34, 43, 45]",42,0,0,2,3,[],0.10745522697691251,0.37177617988835016,23.833333333333332
2020-05-02,ema_gap,research-v2,"[15, 18, 26, 34, 43, 45]",42,0,0,1,2,[],0.11013992055400222,0.3831264387188971,27.0
2020-05-02,v2_statistical,research-v2,"[15, 18, 26, 34, 43, 45]",42,2,2,2,2,"[43, 45]",0.10559132600673332,0.3745810389647043,25.666666666666668
2020-05-06,random,research-v2,"[6, 29, 34, 36, 45, 49]",3,1,1,1,2,[36],0.10745522704661828,0.371776180212698,31.166666666666668
2020-05-06,ema_gap,research-v2,"[6, 29, 34, 36, 45, 49]",3,1,1,2,4,[45],0.10583496652295463,0.36452492311582524,20.0
2020-05-06,v2_statistical,research-v2,"[6, 29, 34, 36, 45, 49]",3,2,2,2,2,"[34, 45]",0.10286798077029029,0.3546720153052685,19.333333333333332
2020-05-09,random,research-v2,"[13, 14, 15, 35, 45, 47]",9,1,1,1,1,[13],0.10745522705644253,0.37177618025841125,32.333333333333336
2020-05-09,ema_gap,research-v2,"[13, 14, 15, 35, 45, 47]",9,2,2,2,2,"[13, 45]",0.10458131965299723,0.35993547879677856,19.166666666666668
2020-05-09,v2_statistical,research-v2,"[13, 14, 15, 35, 45, 47]",9,1,1,1,2,[45],0.10362117437650305,0.3682694010819581,24.166666666666668
2020-05-13,random,research-v2,"[3, 10, 21, 35, 38, 48]",28,1,1,1,4,[21],0.10745522695669853,0.3717761797942924,22.5
2020-05-13,ema_gap,research-v2,"[3, 10, 21, 35, 38, 48]",28,1,1,2,4,[10],0.10480352990710562,0.3574212392303337,16.333333333333332
2020-05-13,v2_statistical,research-v2,"[3, 10, 21, 35, 38, 48]",28,0,0,2,3,[],0.10797993927913135,0.3645875824347674,18.166666666666668
2020-05-16,random,research-v2,"[1, 6, 7, 14, 26, 48]",49,0,0,0,1,[],0.10745522702769257,0.3717761801246349,29.5
2020-05-16,ema_gap,research-v2,"[1, 6, 7, 14, 26, 48]",49,1,1,2,2,[48],0.10724008318416609,0.3694399042074037,21.833333333333332
2020-05-16,v2_statistical,research-v2,"[1, 6, 7, 14, 26, 48]",49,1,1,1,1,[48],0.11238740139300984,0.3906896204135589,26.833333333333332
2020-05-20,random,research-v2,"[8, 23, 25, 34, 37, 47]",4,0,0,1,2,[],0.10745522704329888,0.37177618019725245,30.333333333333332
2020-05-20,ema_gap,research-v2,"[8, 23, 25, 34, 37, 47]",4,0,0,1,3,[],0.11009867974850346,0.38296438531915217,26.0
2020-05-20,v2_statistical,research-v2,"[8, 23, 25, 34, 37, 47]",4,1,1,2,3,[34],0.10985559761064993,0.3832498748591405,24.0
2020-05-23,random,research-v2,"[4, 25, 27, 28, 35, 44]",9,0,0,0,1,[],0.10745522705427868,0.37177618024834247,30.833333333333332
2020-05-23,ema_gap,research-v2,"[4, 25, 27, 28, 35, 44]",9,0,0,0,1,[],0.11218429035388533,0.3919639822573453,30.833333333333332
2020-05-23,v2_statistical,research-v2,"[4, 25, 27, 28, 35, 44]",9,0,0,0,0,[],0.11534868435999145,0.402203786502532,29.5
2020-05-27,random,research-v2,"[7, 17, 18, 22, 28, 34]",1,0,0,1,1,[],0.1074552269939571,0.3717761799676601,25.333333333333332
2020-05-27,ema_gap,research-v2,"[7, 17, 18, 22, 28, 34]",1,0,0,1,1,[],0.10982819853992248,0.3800495973052087,26.166666666666668
2020-05-27,v2_statistical,research-v2,"[7, 17, 18, 22, 28, 34]",1,1,1,1,1,[34],0.11238883619400829,0.39497836508798,28.666666666666668
2020-05-30,random,research-v2,"[11, 17, 27, 28, 30, 43]",35,2,2,2,2,"[17, 30]",0.10745522695080612,0.3717761797668743,21.666666666666668
2020-05-30,ema_gap,research-v2,"[11, 17, 27, 28, 30, 43]",35,0,0,1,2,[],0.10879189681632795,0.37479820952513704,24.833333333333332
2020-05-30,v2_statistical,research-v2,"[11, 17, 27, 28, 30, 43]",35,1,1,2,2,[43],0.11021236599963581,0.3806636359029533,23.833333333333332
2020-06-03,random,research-v2,"[2, 15, 20, 22, 29, 39]",13,1,1,2,3,[20],0.10745522695766903,0.37177617979880817,21.666666666666668
2020-06-03,ema_gap,research-v2,"[2, 15, 20, 22, 29, 39]",13,0,0,0,1,[],0.11423253946571066,0.40526557794215856,35.0
2020-06-03,v2_statistical,research-v2,"[2, 15, 20, 22, 29, 39]",13,0,0,1,1,[],0.11564703738408755,0.40659119504488317,32.666666666666664
2020-06-06,random,research-v2,"[6, 22, 38, 45, 48, 49]",2,0,0,1,2,[],0.10745522699628392,0.3717761799784871,25.833333333333332
2020-06-06,ema_gap,research-v2,"[6, 22, 38, 45, 48, 49]",2,2,2,3,3,"[45, 48]",0.10221566225756902,0.3485178595240271,15.5
2020-06-06,v2_statistical,research-v2,"[6, 22, 38, 45, 48, 49]",2,2,2,2,3,"[45, 48]",0.09874948642204313,0.3413323751584092,18.166666666666668
2020-06-10,random,research-v2,"[3, 13, 25, 33, 34, 45]",14,2,2,3,6,"[13, 33]",0.10745522684722111,0.3717761792848828,10.833333333333334
2020-06-10,ema_gap,research-v2,"[3, 13, 25, 33, 34, 45]",14,2,2,3,3,"[34, 45]",0.10466043840799931,0.3618150248290523,20.166666666666668
2020-06-10,v2_statistical,research-v2,"[3, 13, 25, 33, 34, 45]",14,2,2,2,2,"[34, 45]",0.10209288191884057,0.35891210070440904,22.0
2020-06-13,random,research-v2,"[3, 31, 34, 38, 45, 48]",12,1,1,2,2,[45],0.1074552269849727,0.3717761799258549,24.333333333333332
2020-06-13,ema_gap,research-v2,"[3, 31, 34, 38, 45, 48]",12,3,3,3,4,"[34, 45, 48]",0.0990136602874235,0.33996556849590653,14.0
2020-06-13,v2_statistical,research-v2,"[3, 31, 34, 38, 45, 48]",12,3,3,4,4,"[34, 45, 48]",0.09098402535740845,0.31136373210637913,11.166666666666666
2020-06-17,random,research-v2,"[5, 10, 18, 29, 32, 48]",6,0,0,1,1,[],0.10745522702319739,0.37177618010371793,29.0
2020-06-17,ema_gap,research-v2,"[5, 10, 18, 29, 32, 48]",6,1,1,2,2,[48],0.10673201192743709,0.3691302271494541,23.166666666666668
2020-06-17,v2_statistical,research-v2,"[5, 10, 18, 29, 32, 48]",6,2,2,2,2,"[10, 48]",0.1116265928860718,0.3882655844264321,26.166666666666668
2020-06-20,random,research-v2,"[14, 22, 29, 36, 48, 49]",19,1,1,1,2,[48],0.10745522701560009,0.3717761800683673,27.833333333333332
2020-06-20,ema_gap,research-v2,"[14, 22, 29, 36, 48, 49]",19,1,1,1,2,[48],0.10492460074791037,0.3606685832644084,21.5
2020-06-20,v2_statistical,research-v2,"[14, 22, 29, 36, 48, 49]",19,1,1,1,1,[48],0.10947290880111075,0.380323326487838,26.666666666666668
2020-06-24,random,research-v2,"[6, 16, 23, 39, 47, 48]",33,2,2,4,4,"[6, 47]",0.1074552268699336,0.3717761793905664,12.0
2020-06-24,ema_gap,research-v2,"[6, 16, 23, 39, 47, 48]",33,2,2,2,3,"[6, 48]",0.10450027382412355,0.36361937617504486,22.666666666666668
2020-06-24,v2_statistical,research-v2,"[6, 16, 23, 39, 47, 48]",33,1,1,3,3,[48],0.10602917964820216,0.36720575971166797,20.666666666666668
2020-06-27,random,research-v2,"[1, 13, 14, 24, 36, 44]",7,0,0,0,2,[],0.10745522698605894,0.3717761799309092,24.166666666666668
2020-06-27,ema_gap,research-v2,"[1, 13, 14, 24, 36, 44]",7,0,0,2,2,[],0.10990316580699286,0.37933191168483665,24.666666666666668
2020-06-27,v2_statistical,research-v2,"[1, 13, 14, 24, 36, 44]",7,0,0,1,1,[],0.1153043103917968,0.39978554383094506,29.0
2020-07-01,random,research-v2,"[1, 12, 27, 30, 34, 49]",32,1,1,1,2,[49],0.10745522699591165,0.37177617997675505,26.166666666666668
2020-07-01,ema_gap,research-v2,"[1, 12, 27, 30, 34, 49]",32,1,1,1,2,[34],0.10930876487998605,0.37957876506209026,24.833333333333332
2020-07-01,v2_statistical,research-v2,"[1, 12, 27, 30, 34, 49]",32,1,1,1,2,[34],0.11135111860218218,0.3897573233723657,27.333333333333332
2020-07-04,random,research-v2,"[15, 20, 27, 34, 38, 42]",47,0,0,0,1,[],0.10745522706308826,0.3717761802893347,32.166666666666664
2020-07-04,ema_gap,research-v2,"[15, 20, 27, 34, 38, 42]",47,1,1,1,2,[34],0.10980750618085935,0.3850269056375857,27.5
2020-07-04,v2_statistical,research-v2,"[15, 20, 27, 34, 38, 42]",47,1,1,2,3,[34],0.11092610136889115,0.3884854534555385,26.0
2020-07-08,random,research-v2,"[11, 26, 28, 35, 37, 47]",8,1,1,1,2,[47],0.10745522699982955,0.37177617999498536,26.166666666666668
2020-07-08,ema_gap,research-v2,"[11, 26, 28, 35, 37, 47]",8,0,0,0,1,[],0.11333823684828084,0.39725238282690306,32.666666666666664
2020-07-08,v2_statistical,research-v2,"[11, 26, 28, 35, 37, 47]",8,0,0,1,1,[],0.1173671298742164,0.41614676982250537,34.0
2020-07-11,random,research-v2,"[16, 22, 31, 36, 43, 44]",46,1,1,3,3,[16],0.10745522694148112,0.3717761797234842,20.5
2020-07-11,ema_gap,research-v2,"[16, 22, 31, 36, 43, 44]",46,0,0,1,2,[],0.1097200575301636,0.37881078695337395,25.333333333333332
2020-07-11,v2_statistical,research-v2,"[16, 22, 31, 36, 43, 44]",46,1,1,3,4,[36],0.10837348632957335,0.3661345455138282,17.0
2020-07-15,random,research-v2,"[5, 7, 17, 22, 43, 44]",14,1,1,1,1,[7],0.10745522704823031,0.3717761802201988,31.0
2020-07-15,ema_gap,research-v2,"[5, 7, 17, 22, 43, 44]",14,1,1,3,3,[22],0.10819682512764311,0.37285863781725254,22.833333333333332
2020-07-15,v2_statistical,research-v2,"[5, 7, 17, 22, 43, 44]",14,1,1,2,3,[43],0.10935174148631956,0.37561260341148206,22.166666666666668
2020-07-18,random,research-v2,"[5, 23, 37, 40, 44, 45]",47,2,2,2,2,"[5, 45]",0.10745522695283313,0.3717761797763062,22.5
2020-07-18,ema_gap,research-v2,"[5, 23, 37, 40, 44, 45]",47,2,2,2,3,"[44, 45]",0.10769977426052232,0.37553916126027503,24.0
2020-07-18,v2_statistical,research-v2,"[5, 23, 37, 40, 44, 45]",47,1,1,2,3,[45],0.10480074224128373,0.3699346616121002,25.5
2020-07-22,random,research-v2,"[5, 14, 19, 42, 46, 47]",8,0,0,1,1,[],0.10745522708415668,0.37177618038736804,33.666666666666664
2020-07-22,ema_gap,research-v2,"[5, 14, 19, 42, 46, 47]",8,0,0,1,2,[],0.11353195808995846,0.4009644943293957,32.166666666666664
2020-07-22,v2_statistical,research-v2,"[5, 14, 19, 42, 46, 47]",8,0,0,1,1,[],0.11839136748230282,0.42164827578402375,33.5
2020-07-25,random,research-v2,"[6, 21, 34, 44, 45, 48]",33,0,0,0,2,[],0.1074552270159224,0.371776180069867,28.166666666666668
2020-07-25,ema_gap,research-v2,"[6, 21, 34, 44, 45, 48]",33,4,4,5,5,"[34, 44, 45, 48]",0.0951292984449691,0.32386771538935344,10.166666666666666
2020-07-25,v2_statistical,research-v2,"[6, 21, 34, 44, 45, 48]",33,4,4,4,5,"[34, 44, 45, 48]",0.08705404222125251,0.29912316057257243,8.833333333333334
2020-07-29,random,research-v2,"[1, 11, 17, 19, 22, 45]",14,0,0,1,2,[],0.10745522701528568,0.3717761800669045,28.333333333333332
2020-07-29,ema_gap,research-v2,"[1, 11, 17, 19, 22, 45]",14,2,2,2,2,"[22, 45]",0.1049904919770195,0.36145631061125294,20.833333333333332
2020-07-29,v2_statistical,research-v2,"[1, 11, 17, 19, 22, 45]",14,1,1,1,2,[45],0.10939560894258206,0.3810115405229742,26.333333333333332
2020-08-01,random,research-v2,"[12, 13, 17, 22, 39, 40]",25,1,1,2,2,[22],0.10745522697099397,0.3717761798608104,23.333333333333332
2020-08-01,ema_gap,research-v2,"[12, 13, 17, 22, 39, 40]",25,1,1,2,3,[22],0.11009204085043293,0.38357278970238967,27.333333333333332
2020-08-01,v2_statistical,research-v2,"[12, 13, 17, 22, 39, 40]",25,0,0,1,2,[],0.11468191409964969,0.39721307507427644,27.5
2020-08-05,random,research-v2,"[3, 14, 23, 30, 38, 43]",24,0,0,0,0,[],0.10745522706318893,0.3717761802898029,32.333333333333336
2020-08-05,ema_gap,research-v2,"[3, 14, 23, 30, 38, 43]",24,0,0,2,5,[],0.10786364293165061,0.36858518673232726,16.833333333333332
2020-08-05,v2_statistical,research-v2,"[3, 14, 23, 30, 38, 43]",24,1,1,3,4,[43],0.10776557919854801,0.36407257832988077,17.333333333333332
2020-08-08,random,research-v2,"[1, 20, 21, 23, 40, 46]",28,1,1,2,2,[21],0.10745522696740976,0.37177617984413297,23.0
2020-08-08,ema_gap,research-v2,"[1, 20, 21, 23, 40, 46]",28,0,0,1,2,[],0.1106593541839639,0.38414853065133936,27.333333333333332
2020-08-08,v2_statistical,research-v2,"[1, 20, 21, 23, 40, 46]",28,1,1,1,2,[23],0.11075768925571357,0.3787163062573167,21.166666666666668
2020-08-12,random,research-v2,"[16, 24, 27, 43, 48, 49]",39,1,1,1,1,[49],0.10745522703953327,0.37177618017973063,30.166666666666668
2020-08-12,ema_gap,research-v2,"[16, 24, 27, 43, 48, 49]",39,1,1,2,2,[48],0.1065823650021563,0.3685003642382363,22.833333333333332
2020-08-12,v2_statistical,research-v2,"[16, 24, 27, 43, 48, 49]",39,2,2,2,2,"[43, 48]",0.10803320195143588,0.37270737836364876,23.166666666666668
2020-08-15,random,research-v2,"[6, 7, 11, 19, 22, 43]",9,1,1,1,3,[22],0.10745522695073846,0.3717761797665596,21.666666666666668
2020-08-15,ema_gap,research-v2,"[6, 7, 11, 19, 22, 43]",9,2,2,3,3,"[22, 43]",0.10474606814841547,0.35807085110953657,17.166666666666668
2020-08-15,v2_statistical,research-v2,"[6, 7, 11, 19, 22, 43]",9,1,1,2,3,[43],0.10884479930556051,0.37215366244196035,20.833333333333332
2020-08-19,random,research-v2,"[2, 17, 32, 37, 39, 42]",9,0,0,1,3,[],0.1074552269850783,0.3717761799263462,25.0
2020-08-19,ema_gap,research-v2,"[2, 17, 32, 37, 39, 42]",9,0,0,0,1,[],0.11402490657808137,0.400317399461701,34.0
2020-08-19,v2_statistical,research-v2,"[2, 17, 32, 37, 39, 42]",9,0,0,0,1,[],0.11737925695365366,0.41115977603596726,30.833333333333332
2020-08-22,random,research-v2,"[19, 25, 34, 36, 40, 43]",32,0,0,0,0,[],0.107455227045126,0.3717761802057541,30.5
2020-08-22,ema_gap,research-v2,"[19, 25, 34, 36, 40, 43]",32,2,2,2,2,"[34, 43]",0.10633173477646148,0.3666778935678234,22.666666666666668
2020-08-22,v2_statistical,research-v2,"[19, 25, 34, 36, 40, 43]",32,2,2,3,3,"[34, 43]",0.10530926357319312,0.3627107989014159,20.0
2020-08-26,random,research-v2,"[6, 8, 20, 23, 35, 39]",11,2,2,2,3,"[23, 39]",0.10745522691087714,0.3717761795810808,17.5
2020-08-26,ema_gap,research-v2,"[6, 8, 20, 23, 35, 39]",11,1,1,2,2,[23],0.10941096936303912,0.3794480628253482,26.5
2020-08-26,v2_statistical,research-v2,"[6, 8, 20, 23, 35, 39]",11,1,1,2,2,[23],0.11309189343390208,0.3927102903819573,26.0
2020-08-29,random,research-v2,"[3, 13, 21, 24, 29, 40]",35,0,0,1,2,[],0.10745522699110881,0.37177617995440687,25.0
2020-08-29,ema_gap,research-v2,"[3, 13, 21, 24, 29, 40]",35,0,0,1,1,[],0.11112327148204636,0.38504315879412776,27.5
2020-08-29,v2_statistical,research-v2,"[3, 13, 21, 24, 29, 40]",35,0,0,0,2,[],0.11461681566505255,0.3954466448142048,24.666666666666668
2020-09-02,random,research-v2,"[1, 5, 15, 23, 25, 31]",40,0,0,0,1,[],0.10745522705836055,0.371776180267336,32.166666666666664
2020-09-02,ema_gap,research-v2,"[1, 5, 15, 23, 25, 31]",40,1,1,1,2,[23],0.11000695633438554,0.3826156398436,28.833333333333332
2020-09-02,v2_statistical,research-v2,"[1, 5, 15, 23, 25, 31]",40,1,1,1,1,[23],0.11298438730897396,0.3920779480267884,28.833333333333332
2020-09-05,random,research-v2,"[1, 8, 10, 33, 34, 38]",4,2,2,2,3,"[8, 34]",0.10745522694534486,0.3717761797414626,21.666666666666668
2020-09-05,ema_gap,research-v2,"[1, 8, 10, 33, 34, 38]",4,1,1,2,2,[34],0.10899069094371065,0.37985074953186854,26.166666666666668
2020-09-05,v2_statistical,research-v2,"[1, 8, 10, 33, 34, 38]",4,1,1,2,2,[34],0.11139779830912619,0.3849724853864529,26.333333333333332
2020-09-09,random,research-v2,"[3, 5, 9, 19, 29, 37]",42,2,2,2,5,"[19, 29]",0.10745522687297222,0.3717761794047055,13.166666666666666
2020-09-09,ema_gap,research-v2,"[3, 5, 9, 19, 29, 37]",42,0,0,0,2,[],0.112614435947934,0.3963127433862368,29.0
2020-09-09,v2_statistical,research-v2,"[3, 5, 9, 19, 29, 37]",42,0,0,0,0,[],0.11738475838558272,0.4139870922190132,34.0
2020-09-12,random,research-v2,"[5, 13, 19, 37, 42, 45]",40,0,0,1,2,[],0.1074552269969996,0.3717761799818172,25.833333333333332
2020-09-12,ema_gap,research-v2,"[5, 13, 19, 37, 42, 45]",40,1,1,4,4,[45],0.10526669228626127,0.36082364584132953,17.833333333333332
2020-09-12,v2_statistical,research-v2,"[5, 13, 19, 37, 42, 45]",40,1,1,1,1,[45],0.10517880162159465,0.37037905374691177,25.833333333333332
2020-09-16,random,research-v2,"[6, 12, 23, 29, 44, 46]",39,1,1,2,2,[46],0.10745522695795752,0.3717761798001506,21.666666666666668
2020-09-16,ema_gap,research-v2,"[6, 12, 23, 29, 44, 46]",39,1,1,2,3,[23],0.10706005485924963,0.37031288914037236,22.0
2020-09-16,v2_statistical,research-v2,"[6, 12, 23, 29, 44, 46]",39,1,1,1,3,[23],0.10900906009837459,0.3710065113516404,20.5
2020-09-19,random,research-v2,"[5, 15, 31, 35, 42, 46]",17,1,1,2,3,[31],0.10745522699864535,0.371776179989475,25.166666666666668
2020-09-19,ema_gap,research-v2,"[5, 15, 31, 35, 42, 46]",17,0,0,1,1,[],0.1103523551627699,0.38237037603019514,27.333333333333332
2020-09-19,v2_statistical,research-v2,"[5, 15, 31, 35, 42, 46]",17,0,0,0,2,[],0.1134138010084222,0.38906115463600394,24.333333333333332
2020-09-23,random,research-v2,"[11, 17, 28, 29, 36, 39]",15,0,0,0,0,[],0.10745522703707325,0.371776180168284,29.333333333333332
2020-09-23,ema_gap,research-v2,"[11, 17, 28, 29, 36, 39]",15,0,0,0,1,[],0.11087909935156505,0.3845168572386365,26.5
2020-09-23,v2_statistical,research-v2,"[11, 17, 28, 29, 36, 39]",15,0,0,1,1,[],0.11496836836514557,0.4031103570713701,29.0
2020-09-26,random,research-v2,"[8, 27, 29, 33, 40, 49]",2,0,0,1,1,[],0.10745522703584215,0.3717761801625555,30.666666666666668
2020-09-26,ema_gap,research-v2,"[8, 27, 29, 33, 40, 49]",2,0,0,1,1,[],0.11191008206529507,0.39100394440594116,31.166666666666668
2020-09-26,v2_statistical,research-v2,"[8, 27, 29, 33, 40, 49]",2,0,0,1,1,[],0.11348982230580952,0.3914723841555973,25.833333333333332
2020-09-30,random,research-v2,"[13, 16, 20, 21, 27, 48]",15,1,1,1,3,[20],0.10745522696276884,0.371776179822538,22.333333333333332
2020-09-30,ema_gap,research-v2,"[13, 16, 20, 21, 27, 48]",15,0,0,2,2,[],0.10867002687372182,0.37667636514934527,26.0
2020-09-30,v2_statistical,research-v2,"[13, 16, 20, 21, 27, 48]",15,1,1,2,2,[48],0.1109242051331985,0.3836470462643014,23.5
2020-10-03,random,research-v2,"[12, 22, 24, 37, 39, 43]",16,2,2,3,4,"[22, 39]",0.10745522689554993,0.3717761795097617,15.833333333333334
2020-10-03,ema_gap,research-v2,"[12, 22, 24, 37, 39, 43]",16,0,0,2,2,[],0.10852983739828309,0.37479119926202314,24.166666666666668
2020-10-03,v2_statistical,research-v2,"[12, 22, 24, 37, 39, 43]",16,1,1,1,1,[43],0.11143718551285269,0.38548329472429016,26.0
2020-10-07,random,research-v2,"[4, 5, 12, 13, 18, 19]",34,0,0,1,3,[],0.10745522699019416,0.371776179950151,23.833333333333332
2020-10-07,ema_gap,research-v2,"[4, 5, 12, 13, 18, 19]",34,1,1,2,3,[13],0.1095417509707662,0.3850834529686868,25.833333333333332
2020-10-07,v2_statistical,research-v2,"[4, 5, 12, 13, 18, 19]",34,0,0,1,2,[],0.11563819341345358,0.4071109648632439,28.333333333333332
2020-10-10,random,research-v2,"[6, 23, 24, 29, 36, 38]",25,2,2,3,4,"[6, 38]",0.10745522693983553,0.3717761797158272,19.166666666666668
2020-10-10,ema_gap,research-v2,"[6, 23, 24, 29, 36, 38]",25,1,1,3,4,[23],0.1035893542387207,0.352396977027863,15.166666666666666
2020-10-10,v2_statistical,research-v2,"[6, 23, 24, 29, 36, 38]",25,1,1,2,5,[23],0.10334914328084056,0.3477361860163155,13.666666666666666
2020-10-14,random,research-v2,"[10, 18, 20, 38, 39, 44]",40,0,0,0,2,[],0.10745522700190287,0.37177618000463253,27.333333333333332
2020-10-14,ema_gap,research-v2,"[10, 18, 20, 38, 39, 44]",40,0,0,0,3,[],0.10963641055423962,0.37857738855993256,23.833333333333332
2020-10-14,v2_statistical,research-v2,"[10, 18, 20, 38, 39, 44]",40,0,0,0,2,[],0.1115900055985827,0.3834404152704955,24.166666666666668
2020-10-17,random,research-v2,"[7, 8, 9, 24, 25, 34]",14,0,0,0,2,[],0.10745522707033801,0.37177618032306814,33.166666666666664
2020-10-17,ema_gap,research-v2,"[7, 8, 9, 24, 25, 34]",14,0,0,0,2,[],0.11209654985530779,0.39377948370822524,31.166666666666668
2020-10-17,v2_statistical,research-v2,"[7, 8, 9, 24, 25, 34]",14,0,0,2,2,[],0.11396416719224842,0.4003078575869998,28.833333333333332
2020-10-21,random,research-v2,"[26, 28, 32, 37, 40, 47]",10,1,1,1,2,[40],0.10745522701706528,0.3717761800751849,27.166666666666668
2020-10-21,ema_gap,research-v2,"[26, 28, 32, 37, 40, 47]",10,0,0,0,0,[],0.11544659962484385,0.41077859956056273,36.5
2020-10-21,v2_statistical,research-v2,"[26, 28, 32, 37, 40, 47]",10,0,0,1,2,[],0.11675036209542253,0.4144450041132575,32.333333333333336
2020-10-24,random,research-v2,"[4, 9, 17, 20, 26, 31]",34,0,0,0,0,[],0.10745522705415685,0.3717761802477759,31.0
2020-10-24,ema_gap,research-v2,"[4, 9, 17, 20, 26, 31]",34,0,0,0,0,[],0.11522886544743133,0.40886644841059794,37.666666666666664
2020-10-24,v2_statistical,research-v2,"[4, 9, 17, 20, 26, 31]",34,0,0,0,2,[],0.11681906841740665,0.41072855080109316,31.5
2020-10-28,random,research-v2,"[2, 3, 16, 25, 34, 46]",49,1,1,3,4,[16],0.10745522690537512,0.37177617955547937,16.333333333333332
2020-10-28,ema_gap,research-v2,"[2, 3, 16, 25, 34, 46]",49,1,1,1,1,[34],0.11144109375639118,0.3914110876290236,32.0
2020-10-28,v2_statistical,research-v2,"[2, 3, 16, 25, 34, 46]",49,1,1,1,1,[34],0.11079465336856477,0.39321240502971966,29.5
2020-10-31,random,research-v2,"[5, 8, 18, 22, 41, 48]",23,1,1,1,3,[41],0.10745522698935199,0.37177617994623224,25.333333333333332
2020-10-31,ema_gap,research-v2,"[5, 8, 18, 22, 41, 48]",23,2,2,3,3,"[5, 48]",0.10779399802115941,0.3788324400782215,21.333333333333332
2020-10-31,v2_statistical,research-v2,"[5, 8, 18, 22, 41, 48]",23,1,1,2,2,[48],0.11031272679923791,0.38498396833608267,22.666666666666668
2020-11-04,random,research-v2,"[2, 9, 13, 18, 40, 46]",34,1,1,1,2,[13],0.10745522697472203,0.3717761798781576,22.333333333333332
2020-11-04,ema_gap,research-v2,"[2, 9, 13, 18, 40, 46]",34,1,1,1,1,[13],0.10921867481982167,0.3775613861296129,25.833333333333332
2020-11-04,v2_statistical,research-v2,"[2, 9, 13, 18, 40, 46]",34,0,0,2,2,[],0.11258291943409295,0.38686903815879253,24.166666666666668
2020-11-07,random,research-v2,"[1, 16, 19, 24, 26, 47]",29,1,1,1,2,[24],0.10745522701079432,0.37177618004600554,26.666666666666668
2020-11-07,ema_gap,research-v2,"[1, 16, 19, 24, 26, 47]",29,0,0,0,1,[],0.11142922408596215,0.3874027872577398,28.666666666666668
2020-11-07,v2_statistical,research-v2,"[1, 16, 19, 24, 26, 47]",29,0,0,0,1,[],0.11714831355646817,0.41179141787655044,32.5
2020-11-11,random,research-v2,"[6, 14, 18, 23, 31, 47]",44,1,1,1,1,[6],0.1074552269906863,0.3717761799524409,25.0
2020-11-11,ema_gap,research-v2,"[6, 14, 18, 23, 31, 47]",44,1,1,2,3,[23],0.10773537043032573,0.37323087564009705,22.666666666666668
2020-11-11,v2_statistical,research-v2,"[6, 14, 18, 23, 31, 47]",44,1,1,1,2,[23],0.10956230364166539,0.38374836649979066,25.0
2020-11-14,random,research-v2,"[1, 2, 13, 30, 35, 38]",45,0,0,1,3,[],0.10745522694933564,0.37177617976003197,21.333333333333332
2020-11-14,ema_gap,research-v2,"[1, 2, 13, 30, 35, 38]",45,1,1,1,2,[13],0.10931175862855624,0.38137880421623405,26.5
2020-11-14,v2_statistical,research-v2,"[1, 2, 13, 30, 35, 38]",45,0,0,1,2,[],0.11338089784378878,0.3957978361337719,28.166666666666668
2020-11-18,random,research-v2,"[7, 14, 21, 28, 30, 32]",22,1,1,1,2,[7],0.10745522697802734,0.37177617989353745,24.0
2020-11-18,ema_gap,research-v2,"[7, 14, 21, 28, 30, 32]",22,0,0,0,0,[],0.11515942655033158,0.40669258359845945,37.333333333333336
2020-11-18,v2_statistical,research-v2,"[7, 14, 21, 28, 30, 32]",22,0,0,0,0,[],0.12104114479651391,0.43534681406998177,38.833333333333336
2020-11-21,random,research-v2,"[16, 19, 21, 34, 37, 47]",25,1,1,1,1,[37],0.10745522702614095,0.37177618011741487,29.0
2020-11-21,ema_gap,research-v2,"[16, 19, 21, 34, 37, 47]",25,1,1,2,3,[34],0.10530797025420709,0.35959083314682333,17.666666666666668
2020-11-21,v2_statistical,research-v2,"[16, 19, 21, 34, 37, 47]",25,1,1,2,3,[34],0.10549715441243274,0.3602174919461686,19.333333333333332
2020-11-25,random,research-v2,"[13, 14, 31, 33, 37, 46]",40,1,1,2,3,[13],0.10745522692560236,0.3717761796495985,19.0
2020-11-25,ema_gap,research-v2,"[13, 14, 31, 33, 37, 46]",40,1,1,1,2,[13],0.10744224781680889,0.3738381848385336,23.5
2020-11-25,v2_statistical,research-v2,"[13, 14, 31, 33, 37, 46]",40,1,1,1,2,[13],0.11153113814457974,0.38970876162558665,25.5
2020-11-28,random,research-v2,"[3, 4, 16, 23, 26, 44]",18,1,1,1,1,[16],0.10745522699621397,0.37177617997816137,26.0
2020-11-28,ema_gap,research-v2,"[3, 4, 16, 23, 26, 44]",18,1,1,1,1,[23],0.10991787994995482,0.38292574501369303,27.666666666666668
2020-11-28,v2_statistical,research-v2,"[3, 4, 16, 23, 26, 44]",18,1,1,1,2,[23],0.10958960614549838,0.38358826198821466,27.166666666666668
2020-12-02,random,research-v2,"[22, 24, 28, 41, 47, 49]",21,1,1,2,2,[22],0.10745522694996436,0.3717761797629575,20.5
2020-12-02,ema_gap,research-v2,"[22, 24, 28, 41, 47, 49]",21,0,0,1,2,[],0.1109273023904132,0.38895662526206254,27.833333333333332
2020-12-02,v2_statistical,research-v2,"[22, 24, 28, 41, 47, 49]",21,1,1,2,2,[47],0.11291874869971369,0.39977268041800584,28.166666666666668
2020-12-05,random,research-v2,"[3, 10, 13, 21, 27, 45]",23,0,0,1,1,[],0.10745522699461685,0.37177617997073,24.833333333333332
2020-12-05,ema_gap,research-v2,"[3, 10, 13, 21, 27, 45]",23,1,1,1,2,[13],0.10774613504604076,0.37516611314204534,25.666666666666668
2020-12-05,v2_statistical,research-v2,"[3, 10, 13, 21, 27, 45]",23,2,2,2,2,"[13, 45]",0.10623353283859849,0.36478320958922617,21.5
2020-12-09,random,research-v2,"[10, 11, 14, 19, 27, 39]",40,2,2,2,3,"[11, 39]",0.10745522689974346,0.3717761795292745,16.5
2020-12-09,ema_gap,research-v2,"[10, 11, 14, 19, 27, 39]",40,0,0,1,1,[],0.11106205351058984,0.3866914182190816,27.5
2020-12-09,v2_statistical,research-v2,"[10, 11, 14, 19, 27, 39]",40,0,0,1,2,[],0.11487111858487797,0.4032178488615958,30.333333333333332
2020-12-12,random,research-v2,"[27, 28, 29, 36, 46, 48]",49,0,0,0,1,[],0.10745522704365601,0.3717761801989143,31.0
2020-12-12,ema_gap,research-v2,"[27, 28, 29, 36, 46, 48]",49,0,0,0,1,[],0.1089240286119762,0.3748430715182792,24.166666666666668
2020-12-12,v2_statistical,research-v2,"[27, 28, 29, 36, 46, 48]",49,1,1,2,3,[27],0.10910717636395005,0.37408512161122187,21.833333333333332
2020-12-16,random,research-v2,"[10, 12, 20, 25, 31, 34]",42,0,0,1,2,[],0.10745522699401688,0.3717761799679384,25.166666666666668
2020-12-16,ema_gap,research-v2,"[10, 12, 20, 25, 31, 34]",42,1,1,1,1,[34],0.11162995965491623,0.3917939134954148,31.0
2020-12-16,v2_statistical,research-v2,"[10, 12, 20, 25, 31, 34]",42,1,1,2,3,[34],0.10718583072176296,0.37868399681438,24.0
2020-12-19,random,research-v2,"[1, 8, 10, 11, 17, 35]",41,0,0,0,0,[],0.10745522702950018,0.3717761801330456,27.166666666666668
2020-12-19,ema_gap,research-v2,"[1, 8, 10, 11, 17, 35]",41,0,0,1,1,[],0.11216733148160946,0.39207934380867093,31.833333333333332
2020-12-19,v2_statistical,research-v2,"[1, 8, 10, 11, 17, 35]",41,0,0,0,1,[],0.1180441294445752,0.4177466150080341,35.5
2020-12-23,random,research-v2,"[7, 15, 24, 31, 33, 34]",3,1,1,3,4,[24],0.10745522692320318,0.3717761796384351,19.333333333333332
2020-12-23,ema_gap,research-v2,"[7, 15, 24, 31, 33, 34]",3,1,1,1,3,[34],0.1100440113307013,0.3892604047536106,27.833333333333332
2020-12-23,v2_statistical,research-v2,"[7, 15, 24, 31, 33, 34]",3,1,1,1,3,[34],0.1055595655288144,0.38257329970800547,27.166666666666668
2020-12-26,random,research-v2,"[21, 26, 28, 33, 34, 42]",43,1,1,1,1,[28],0.10745522700683281,0.37177618002757234,26.833333333333332
2020-12-26,ema_gap,research-v2,"[21, 26, 28, 33, 34, 42]",43,1,1,1,3,[34],0.10816892059046565,0.3820097468881062,27.0
2020-12-26,v2_statistical,research-v2,"[21, 26, 28, 33, 34, 42]",43,1,1,1,2,[34],0.10849843952217478,0.3921578645130401,29.0
2020-12-30,random,research-v2,"[7, 14, 30, 32, 38, 45]",6,0,0,1,1,[],0.10745522702472642,0.371776180110833,28.833333333333332
2020-12-30,ema_gap,research-v2,"[7, 14, 30, 32, 38, 45]",6,0,0,0,2,[],0.11280470882387057,0.3945355558697684,32.0
2020-12-30,v2_statistical,research-v2,"[7, 14, 30, 32, 38, 45]",6,0,0,1,1,[],0.11354742497827139,0.393483548877162,28.0
2021-01-02,random,research-v2,"[16, 17, 20, 42, 47, 49]",40,0,0,2,2,[],0.10745522698182124,0.37177617991119094,24.333333333333332
2021-01-02,ema_gap,research-v2,"[16, 17, 20, 42, 47, 49]",40,0,0,0,1,[],0.11261212210801816,0.3939373763073264,32.333333333333336
2021-01-02,v2_statistical,research-v2,"[16, 17, 20, 42, 47, 49]",40,0,0,1,1,[],0.11485816372268717,0.40119470002220387,29.833333333333332
2021-01-06,random,research-v2,"[15, 23, 30, 31, 32, 42]",48,0,0,1,2,[],0.10745522703017453,0.37177618013618347,28.0
2021-01-06,ema_gap,research-v2,"[15, 23, 30, 31, 32, 42]",48,0,0,2,2,[],0.11029847600972673,0.3831483956256311,28.333333333333332
2021-01-06,v2_statistical,research-v2,"[15, 23, 30, 31, 32, 42]",48,0,0,2,2,[],0.11321962946256406,0.39475880949991815,28.0
2021-01-09,random,research-v2,"[4, 8, 18, 24, 31, 32]",40,1,1,1,3,[8],0.10745522690158835,0.37177617953785924,16.166666666666668
2021-01-09,ema_gap,research-v2,"[4, 8, 18, 24, 31, 32]",40,1,1,2,2,[31],0.1090377421791421,0.37945946354484367,25.333333333333332
2021-01-09,v2_statistical,research-v2,"[4, 8, 18, 24, 31, 32]",40,1,1,1,2,[31],0.11066402035702116,0.3892179181287597,26.666666666666668
2021-01-13,random,research-v2,"[20, 27, 28, 37, 38, 39]",9,0,0,0,0,[],0.10745522708912332,0.3717761804104782,35.0
2021-01-13,ema_gap,research-v2,"[20, 27, 28, 37, 38, 39]",9,0,0,1,1,[],0.10940218629760803,0.3766321738823718,23.666666666666668
2021-01-13,v2_statistical,research-v2,"[20, 27, 28, 37, 38, 39]",9,0,0,1,2,[],0.1120224126416661,0.3836886170263049,23.5
2021-01-16,random,research-v2,"[9, 10, 21, 28, 35, 43]",34,2,2,4,4,"[9, 43]",0.10745522690336849,0.37177617954614245,15.666666666666666
2021-01-16,ema_gap,research-v2,"[9, 10, 21, 28, 35, 43]",34,1,1,2,3,[28],0.11065208651613706,0.3893165126113494,27.5
2021-01-16,v2_statistical,research-v2,"[9, 10, 21, 28, 35, 43]",34,0,0,1,2,[],0.11409479010092659,0.39773384335780193,26.5
2021-01-20,random,research-v2,"[2, 5, 18, 23, 29, 47]",45,0,0,1,2,[],0.1074552270155851,0.37177618006829743,27.666666666666668
2021-01-20,ema_gap,research-v2,"[2, 5, 18, 23, 29, 47]",45,1,1,2,2,[23],0.10883114384353021,0.3778329445927263,25.333333333333332
2021-01-20,v2_statistical,research-v2,"[2, 5, 18, 23, 29, 47]",45,2,2,2,2,"[23, 47]",0.10912062414820253,0.37542776586732857,23.666666666666668
2021-01-23,random,research-v2,"[5, 17, 21, 29, 41, 43]",46,1,1,2,2,[17],0.10745522698650886,0.3717761799330028,24.5
2021-01-23,ema_gap,research-v2,"[5, 17, 21, 29, 41, 43]",46,0,0,1,3,[],0.10865526587890381,0.3784356180670177,22.666666666666668
2021-01-23,v2_statistical,research-v2,"[5, 17, 21, 29, 41, 43]",46,0,0,2,2,[],0.11213037984335793,0.3899655106427624,24.166666666666668
2021-01-27,random,research-v2,"[12, 17, 23, 36, 44, 49]",32,1,1,1,2,[49],0.10745522697779188,0.3717761798924418,24.0
2021-01-27,ema_gap,research-v2,"[12, 17, 23, 36, 44, 49]",32,1,1,2,2,[23],0.11052540145288746,0.3893375918421105,30.0
2021-01-27,v2_statistical,research-v2,"[12, 17, 23, 36, 44, 49]",32,1,1,1,1,[23],0.11368077054923073,0.4008644948556589,30.0
2021-01-30,random,research-v2,"[3, 23, 26, 35, 42, 44]",32,2,2,3,4,"[23, 44]",0.10745522687478828,0.37177617941315566,15.0
2021-01-30,ema_gap,research-v2,"[3, 23, 26, 35, 42, 44]",32,1,1,1,1,[23],0.1079938051710523,0.37715094518174874,27.833333333333332
2021-01-30,v2_statistical,research-v2,"[3, 23, 26, 35, 42, 44]",32,1,1,2,2,[23],0.10687744499913739,0.3774824347260813,26.333333333333332
2021-02-03,random,research-v2,"[20, 21, 26, 30, 35, 41]",47,0,0,1,2,[],0.10745522700751992,0.37177618003076923,27.5
2021-02-03,ema_gap,research-v2,"[20, 21, 26, 30, 35, 41]",47,1,1,1,2,[21],0.10870610218280348,0.3764221972351171,24.166666666666668
2021-02-03,v2_statistical,research-v2,"[20, 21, 26, 30, 35, 41]",47,1,1,1,2,[21],0.11346993912868199,0.39654665531475414,28.666666666666668
2021-02-06,random,research-v2,"[6, 11, 12, 26, 28, 38]",47,0,0,2,3,[],0.10745522698807662,0.37177617994029766,25.166666666666668
2021-02-06,ema_gap,research-v2,"[6, 11, 12, 26, 28, 38]",47,1,1,1,2,[28],0.11077288524890627,0.38660364551037407,27.833333333333332
2021-02-06,v2_statistical,research-v2,"[6, 11, 12, 26, 28, 38]",47,0,0,1,3,[],0.1142455295002553,0.39677795718530784,26.833333333333332
2021-02-10,random,research-v2,"[4, 14, 22, 26, 45, 48]",20,0,0,0,1,[],0.10745522703948551,0.3717761801795085,30.333333333333332
2021-02-10,ema_gap,research-v2,"[4, 14, 22, 26, 45, 48]",20,1,1,1,1,[26],0.11189129593805877,0.3914047886940099,30.833333333333332
2021-02-10,v2_statistical,research-v2,"[4, 14, 22, 26, 45, 48]",20,0,0,1,2,[],0.11459827012866737,0.3990992552636025,28.166666666666668
2021-02-13,random,research-v2,"[16, 17, 27, 40, 41, 45]",38,0,0,1,3,[],0.1074552269379748,0.37177617970716903,20.5
2021-02-13,ema_gap,research-v2,"[16, 17, 27, 40, 41, 45]",38,0,0,1,2,[],0.11176923120770409,0.39223628025147717,29.0
2021-02-13,v2_statistical,research-v2,"[16, 17, 27, 40, 41, 45]",38,1,1,1,3,[45],0.11091417988132522,0.3836205568554654,24.833333333333332
2021-02-17,random,research-v2,"[7, 16, 18, 43, 45, 48]",14,2,2,2,2,"[43, 45]",0.10745522698144536,0.37177617990944184,24.666666666666668
2021-02-17,ema_gap,research-v2,"[7, 16, 18, 43, 45, 48]",14,1,1,1,3,[45],0.10779621314440538,0.3711227161133846,22.333333333333332
2021-02-17,v2_statistical,research-v2,"[7, 16, 18, 43, 45, 48]",14,1,1,2,3,[45],0.10880266813429379,0.3762657177860267,22.666666666666668
2021-02-20,random,research-v2,"[2, 14, 15, 21, 29, 46]",7,2,2,2,2,"[15, 29]",0.107455226988264,0.3717761799411696,24.833333333333332
2021-02-20,ema_gap,research-v2,"[2, 14, 15, 21, 29, 46]",7,1,1,1,2,[21],0.11016733337770188,0.38583121086032146,28.833333333333332
2021-02-20,v2_statistical,research-v2,"[2, 14, 15, 21, 29, 46]",7,1,1,1,1,[21],0.11629362012799604,0.41613961618589274,33.5
2021-02-24,random,research-v2,"[11, 36, 37, 38, 39, 45]",10,0,0,1,2,[],0.10745522702647671,0.37177618011897734,28.0
2021-02-24,ema_gap,research-v2,"[11, 36, 37, 38, 39, 45]",10,1,1,1,2,[45],0.10981845857169513,0.382637873746162,28.166666666666668
2021-02-24,v2_statistical,research-v2,"[11, 36, 37, 38, 39, 45]",10,1,1,2,2,[45],0.10989669650902485,0.3861470501413642,27.666666666666668
2021-02-27,random,research-v2,"[11, 15, 16, 20, 46, 49]",17,1,1,2,4,[16],0.10745522694027818,0.3717761797178867,20.0
2021-02-27,ema_gap,research-v2,"[11, 15, 16, 20, 46, 49]",17,0,0,1,1,[],0.1103715836716424,0.38240750809766033,27.0
2021-02-27,v2_statistical,research-v2,"[11, 15, 16, 20, 46, 49]",17,0,0,0,2,[],0.11385557794856412,0.3948306512525754,27.666666666666668
2021-03-03,random,research-v2,"[3, 11, 33, 34, 36, 43]",42,1,1,1,2,[34],0.10745522699219665,0.3717761799594686,24.833333333333332
2021-03-03,ema_gap,research-v2,"[3, 11, 33, 34, 36, 43]",42,0,0,0,3,[],0.1105677053443517,0.3854583351030323,25.833333333333332
2021-03-03,v2_statistical,research-v2,"[3, 11, 33, 34, 36, 43]",42,1,1,2,2,[34],0.10949825959454731,0.38362995587197846,24.0
2021-03-06,random,research-v2,"[2, 14, 18, 21, 26, 48]",19,1,1,2,3,[2],0.10745522696426277,0.37177617982948946,23.166666666666668
2021-03-06,ema_gap,research-v2,"[2, 14, 18, 21, 26, 48]",19,1,1,2,5,[21],0.1031040588976903,0.3511679754090139,15.5
2021-03-06,v2_statistical,research-v2,"[2, 14, 18, 21, 26, 48]",19,1,1,3,3,[21],0.10893762290056816,0.37462753347128586,22.333333333333332
2021-03-10,random,research-v2,"[30, 31, 35, 36, 43, 48]",28,0,0,0,1,[],0.10745522703411736,0.37177618015453,29.333333333333332
2021-03-10,ema_gap,research-v2,"[30, 31, 35, 36, 43, 48]",28,0,0,2,3,[],0.10663224176006957,0.3650909676279975,19.666666666666668
2021-03-10,v2_statistical,research-v2,"[30, 31, 35, 36, 43, 48]",28,1,1,2,4,[43],0.10593344784650788,0.3593711459181411,16.666666666666668
2021-03-13,random,research-v2,"[15, 24, 27, 29, 42, 49]",18,1,1,2,2,[49],0.10745522698285993,0.3717761799160241,23.666666666666668
2021-03-13,ema_gap,research-v2,"[15, 24, 27, 29, 42, 49]",18,0,0,0,0,[],0.11165637585354524,0.3880722805494327,28.666666666666668
2021-03-13,v2_statistical,research-v2,"[15, 24, 27, 29, 42, 49]",18,0,0,1,1,[],0.11619305554160471,0.407238863091096,30.833333333333332
2021-03-17,random,research-v2,"[4, 9, 13, 25, 44, 49]",3,1,1,2,3,[4],0.10745522697379718,0.37177617987385403,23.166666666666668
2021-03-17,ema_gap,research-v2,"[4, 9, 13, 25, 44, 49]",3,0,0,0,0,[],0.11672059327145262,0.4196429762064924,39.333333333333336
2021-03-17,v2_statistical,research-v2,"[4, 9, 13, 25, 44, 49]",3,0,0,0,0,[],0.11916629598603747,0.42936300256656396,37.5
2021-03-20,random,research-v2,"[9, 16, 25, 36, 39, 43]",49,1,1,3,4,[36],0.10745522693681724,0.3717761797017825,18.5
2021-03-20,ema_gap,research-v2,"[9, 16, 25, 36, 39, 43]",49,1,1,3,3,[43],0.10854913594991432,0.37723149096378095,24.0
2021-03-20,v2_statistical,research-v2,"[9, 16, 25, 36, 39, 43]",49,0,0,2,2,[],0.11427755192173568,0.40184633094574235,29.5
2021-03-24,random,research-v2,"[3, 4, 27, 43, 45, 48]",44,0,0,0,1,[],0.10745522702013391,0.3717761800894635,29.666666666666668
2021-03-24,ema_gap,research-v2,"[3, 4, 27, 43, 45, 48]",44,3,3,3,4,"[43, 45, 48]",0.10233996458302876,0.34994023954654735,15.833333333333334
2021-03-24,v2_statistical,research-v2,"[3, 4, 27, 43, 45, 48]",44,3,3,4,4,"[43, 45, 48]",0.09649529835735102,0.33111948162011473,14.5
2021-03-27,random,research-v2,"[15, 16, 17, 30, 36, 40]",34,0,0,0,2,[],0.10745522701732443,0.3717761800763907,28.166666666666668
2021-03-27,ema_gap,research-v2,"[15, 16, 17, 30, 36, 40]",34,2,2,2,2,"[16, 36]",0.10724560773339138,0.37002692363787937,22.833333333333332
2021-03-27,v2_statistical,research-v2,"[15, 16, 17, 30, 36, 40]",34,1,1,2,2,[36],0.11008646798505084,0.3755036802706016,21.0
2021-03-31,random,research-v2,"[3, 7, 8, 12, 37, 40]",41,1,1,2,4,[3],0.10745522687099451,0.371776179395503,15.166666666666666
2021-03-31,ema_gap,research-v2,"[3, 7, 8, 12, 37, 40]",41,0,0,0,0,[],0.11544628901896625,0.4093775952013265,36.833333333333336
2021-03-31,v2_statistical,research-v2,"[3, 7, 8, 12, 37, 40]",41,0,0,0,1,[],0.11876261555549211,0.4206531153007885,33.666666666666664
2021-04-03,random,research-v2,"[12, 13, 19, 35, 42, 47]",28,0,0,0,1,[],0.10745522706282673,0.3717761802881177,32.166666666666664
2021-04-03,ema_gap,research-v2,"[12, 13, 19, 35, 42, 47]",28,0,0,0,0,[],0.11377564200635149,0.40024937787331494,34.0
2021-04-03,v2_statistical,research-v2,"[12, 13, 19, 35, 42, 47]",28,0,0,0,0,[],0.12016215588253647,0.42791206184719743,34.333333333333336
2021-04-07,random,research-v2,"[23, 31, 34, 38, 39, 41]",12,1,1,2,2,[38],0.1074552269825808,0.371776179914725,23.333333333333332
2021-04-07,ema_gap,research-v2,"[23, 31, 34, 38, 39, 41]",12,0,0,0,2,[],0.11063635811332288,0.38460917732087885,26.5
2021-04-07,v2_statistical,research-v2,"[23, 31, 34, 38, 39, 41]",12,1,1,2,3,[34],0.10540659670852517,0.36543554275400514,20.666666666666668
2021-04-10,random,research-v2,"[5, 16, 19, 24, 28, 34]",4,0,0,1,2,[],0.10745522703400885,0.371776180154025,30.5
2021-04-10,ema_gap,research-v2,"[5, 16, 19, 24, 28, 34]",4,1,1,2,2,[16],0.1079029652282479,0.3743564350772242,24.833333333333332
2021-04-10,v2_statistical,research-v2,"[5, 16, 19, 24, 28, 34]",4,1,1,2,2,[34],0.10994793324355522,0.3792227085251032,23.5
2021-04-14,random,research-v2,"[4, 6, 12, 23, 36, 47]",18,1,1,3,3,[36],0.10745522696158152,0.37177617981701333,22.166666666666668
2021-04-14,ema_gap,research-v2,"[4, 6, 12, 23, 36, 47]",18,2,2,2,2,"[23, 36]",0.10784970649945141,0.37420684603371135,24.666666666666668
2021-04-14,v2_statistical,research-v2,"[4, 6, 12, 23, 36, 47]",18,1,1,2,3,[23],0.10997489736942126,0.37998556434670644,23.166666666666668
2021-04-17,random,research-v2,"[7, 13, 32, 38, 39, 48]",23,3,3,4,4,"[7, 39, 48]",0.10745522691730265,0.3717761796109795,17.833333333333332
2021-04-17,ema_gap,research-v2,"[7, 13, 32, 38, 39, 48]",23,1,1,1,3,[48],0.10887578702304584,0.37835329410457624,23.166666666666668
2021-04-17,v2_statistical,research-v2,"[7, 13, 32, 38, 39, 48]",23,0,0,2,2,[],0.11298315649950852,0.39263556777810227,25.5
2021-04-21,random,research-v2,"[15, 18, 23, 32, 38, 47]",19,0,0,0,1,[],0.1074552270445655,0.3717761802031463,30.666666666666668
2021-04-21,ema_gap,research-v2,"[15, 18, 23, 32, 38, 47]",19,1,1,3,3,[23],0.10532910702090245,0.36130344323329056,19.833333333333332
2021-04-21,v2_statistical,research-v2,"[15, 18, 23, 32, 38, 47]",19,1,1,3,3,[23],0.1054746961223652,0.36477569807197513,21.166666666666668
2021-04-24,random,research-v2,"[14, 18, 27, 33, 34, 39]",49,1,1,1,1,[39],0.1074552270052634,0.3717761800202695,27.0
2021-04-24,ema_gap,research-v2,"[14, 18, 27, 33, 34, 39]",49,1,1,2,3,[34],0.10777717814338122,0.3728402240527799,21.666666666666668
2021-04-24,v2_statistical,research-v2,"[14, 18, 27, 33, 34, 39]",49,1,1,2,3,[34],0.10923758684293795,0.38254404717546553,25.0
2021-04-28,random,research-v2,"[6, 11, 20, 22, 34, 49]",42,1,1,2,3,[6],0.10745522693697954,0.3717761797025379,19.333333333333332
2021-04-28,ema_gap,research-v2,"[6, 11, 20, 22, 34, 49]",42,1,1,1,1,[34],0.11114617452012295,0.39075352949275055,32.0
2021-04-28,v2_statistical,research-v2,"[6, 11, 20, 22, 34, 49]",42,1,1,1,2,[34],0.10815006635438806,0.38451363780258824,28.333333333333332
2021-05-01,random,research-v2,"[10, 15, 21, 30, 32, 38]",24,0,0,1,1,[],0.10745522709901167,0.3717761804564896,38.333333333333336
2021-05-01,ema_gap,research-v2,"[10, 15, 21, 30, 32, 38]",24,1,1,1,3,[38],0.10898756431698878,0.3781416306051412,25.333333333333332
2021-05-01,v2_statistical,research-v2,"[10, 15, 21, 30, 32, 38]",24,0,0,1,2,[],0.11390379718711663,0.3996978863418862,27.5
2021-05-05,random,research-v2,"[5, 22, 23, 26, 43, 46]",4,1,1,3,4,[23],0.10745522692480709,0.3717761796458982,19.666666666666668
2021-05-05,ema_gap,research-v2,"[5, 22, 23, 26, 43, 46]",4,1,1,2,2,[23],0.1087954245836969,0.37840963792337823,27.333333333333332
2021-05-05,v2_statistical,research-v2,"[5, 22, 23, 26, 43, 46]",4,2,2,2,2,"[23, 43]",0.10811781580346257,0.37151197346352594,23.0
2021-05-08,random,research-v2,"[25, 28, 36, 38, 41, 49]",20,1,1,2,3,[28],0.10745522697494003,0.37177617987917194,24.0
2021-05-08,ema_gap,research-v2,"[25, 28, 36, 38, 41, 49]",20,1,1,2,2,[38],0.10784061558309059,0.375168357525105,24.333333333333332
2021-05-08,v2_statistical,research-v2,"[25, 28, 36, 38, 41, 49]",20,1,1,2,3,[38],0.10901661951946108,0.3830805501322883,25.0
2021-05-12,random,research-v2,"[30, 35, 39, 42, 46, 48]",38,0,0,0,0,[],0.10745522716064392,0.3717761807432707,41.5
2021-05-12,ema_gap,research-v2,"[30, 35, 39, 42, 46, 48]",38,1,1,2,2,[48],0.10847878066863802,0.37347094327628105,22.5
2021-05-12,v2_statistical,research-v2,"[30, 35, 39, 42, 46, 48]",38,0,0,1,2,[],0.11428521595976107,0.3942852322875018,26.166666666666668
2021-05-15,random,research-v2,"[3, 6, 12, 28, 39, 46]",5,0,0,0,0,[],0.10745522706775315,0.37177618031104065,33.666666666666664
2021-05-15,ema_gap,research-v2,"[3, 6, 12, 28, 39, 46]",5,1,1,1,3,[39],0.10780637349966286,0.3708411057150786,22.0
2021-05-15,v2_statistical,research-v2,"[3, 6, 12, 28, 39, 46]",5,0,0,1,3,[],0.11105187321494134,0.3781388285619665,20.166666666666668
2021-05-19,random,research-v2,"[12, 21, 25, 40, 42, 49]",45,1,1,2,2,[25],0.1074552269803086,0.3717761799041524,23.5
2021-05-19,ema_gap,research-v2,"[12, 21, 25, 40, 42, 49]",45,0,0,1,3,[],0.10947239120612633,0.37868718395581163,24.5
2021-05-19,v2_statistical,research-v2,"[12, 21, 25, 40, 42, 49]",45,0,0,1,2,[],0.11366393739089886,0.3918909994589959,24.166666666666668
2021-05-22,random,research-v2,"[7, 13, 14, 34, 37, 45]",29,0,0,2,3,[],0.10745522697374621,0.3717761798736168,24.0
2021-05-22,ema_gap,research-v2,"[7, 13, 14, 34, 37, 45]",29,1,1,1,1,[34],0.10945046029530106,0.3797028298316214,26.833333333333332
2021-05-22,v2_statistical,research-v2,"[7, 13, 14, 34, 37, 45]",29,2,2,2,2,"[34, 45]",0.10743381078990513,0.3767271403519532,24.833333333333332
2021-05-26,random,research-v2,"[7, 10, 20, 38, 45, 49]",26,0,0,0,0,[],0.10745522709965702,0.37177618045949257,36.0
2021-05-26,ema_gap,research-v2,"[7, 10, 20, 38, 45, 49]",26,1,1,3,3,[38],0.10560054080730363,0.3628617522874783,20.666666666666668
2021-05-26,v2_statistical,research-v2,"[7, 10, 20, 38, 45, 49]",26,2,2,3,4,"[38, 45]",0.10390813236187196,0.35365302059366965,17.333333333333332
2021-05-29,random,research-v2,"[11, 18, 19, 27, 34, 46]",42,2,2,2,3,"[11, 46]",0.10745522691263805,0.37177617958927445,16.666666666666668
2021-05-29,ema_gap,research-v2,"[11, 18, 19, 27, 34, 46]",42,1,1,1,2,[34],0.10728953393874519,0.3705595112511362,24.0
2021-05-29,v2_statistical,research-v2,"[11, 18, 19, 27, 34, 46]",42,1,1,2,3,[34],0.10479052334463171,0.36143407324956583,20.166666666666668
2021-06-02,random,research-v2,"[1, 13, 22, 32, 33, 39]",48,1,1,2,2,[22],0.1074552269587619,0.3717761798038933,22.833333333333332
2021-06-02,ema_gap,research-v2,"[1, 13, 22, 32, 33, 39]",48,1,1,1,2,[39],0.11224942549426647,0.3981464711618462,30.833333333333332
2021-06-02,v2_statistical,research-v2,"[1, 13, 22, 32, 33, 39]",48,0,0,1,1,[],0.11570185813021754,0.41009139382753995,29.5
2021-06-05,random,research-v2,"[13, 15, 22, 42, 45, 46]",14,2,2,3,4,"[13, 15]",0.10745522693319026,0.37177617968490606,19.833333333333332
2021-06-05,ema_gap,research-v2,"[13, 15, 22, 42, 45, 46]",14,1,1,3,3,[13],0.10445975811541158,0.3552270561527072,15.5
2021-06-05,v2_statistical,research-v2,"[13, 15, 22, 42, 45, 46]",14,1,1,2,3,[45],0.10529715870461615,0.3601690807881245,19.0
2021-06-09,random,research-v2,"[1, 3, 15, 26, 28, 39]",10,1,1,1,1,[26],0.10745522703780055,0.3717761801716684,30.333333333333332
2021-06-09,ema_gap,research-v2,"[1, 3, 15, 26, 28, 39]",10,1,1,2,3,[39],0.10692643767554598,0.3688952053504679,21.833333333333332
2021-06-09,v2_statistical,research-v2,"[1, 3, 15, 26, 28, 39]",10,1,1,1,1,[39],0.1132724838450357,0.39256672822078925,27.5
2021-06-12,random,research-v2,"[11, 20, 22, 33, 41, 49]",34,0,0,1,3,[],0.10745522702558254,0.3717761801148165,27.666666666666668
2021-06-12,ema_gap,research-v2,"[11, 20, 22, 33, 41, 49]",34,0,0,1,2,[],0.10987904863208613,0.3808264111488445,26.333333333333332
2021-06-12,v2_statistical,research-v2,"[11, 20, 22, 33, 41, 49]",34,0,0,0,2,[],0.11435070451891077,0.397567948565685,27.833333333333332
2021-06-16,random,research-v2,"[16, 23, 32, 33, 37, 48]",3,1,1,2,2,[32],0.10745522698323964,0.3717761799177909,24.333333333333332
2021-06-16,ema_gap,research-v2,"[16, 23, 32, 33, 37, 48]",3,0,0,1,2,[],0.10894379830715531,0.3751249101321259,23.666666666666668
2021-06-16,v2_statistical,research-v2,"[16, 23, 32, 33, 37, 48]",3,1,1,1,2,[23],0.11215115687462578,0.38593258549660936,23.833333333333332
2021-06-19,random,research-v2,"[13, 15, 17, 25, 34, 45]",5,0,0,1,2,[],0.10745522698513749,0.37177617992662165,24.333333333333332
2021-06-19,ema_gap,research-v2,"[13, 15, 17, 25, 34, 45]",5,1,1,4,4,[34],0.10358740075243697,0.35578842464279603,17.833333333333332
2021-06-19,v2_statistical,research-v2,"[13, 15, 17, 25, 34, 45]",5,2,2,2,4,"[34, 45]",0.10167942503717901,0.3530802668340947,19.333333333333332
2021-06-23,random,research-v2,"[9, 17, 20, 22, 34, 40]",48,0,0,0,2,[],0.10745522703622973,0.37177618016435904,28.5
2021-06-23,ema_gap,research-v2,"[9, 17, 20, 22, 34, 40]",48,1,1,2,2,[34],0.10778888468930563,0.37681418710537523,25.333333333333332
2021-06-23,v2_statistical,research-v2,"[9, 17, 20, 22, 34, 40]",48,1,1,2,3,[34],0.10219301036367431,0.359614590703052,21.166666666666668
2021-06-26,random,research-v2,"[15, 27, 36, 37, 43, 49]",7,0,0,0,1,[],0.107455227018035,0.37177618007969715,25.833333333333332
2021-06-26,ema_gap,research-v2,"[15, 27, 36, 37, 43, 49]",7,1,1,2,2,[15],0.1056787896345307,0.36085384516426583,18.666666666666668
2021-06-26,v2_statistical,research-v2,"[15, 27, 36, 37, 43, 49]",7,0,0,2,4,[],0.10803141300069884,0.36160559686354526,15.833333333333334
2021-06-30,random,research-v2,"[9, 10, 13, 26, 28, 30]",36,0,0,2,4,[],0.107455226912443,0.37177617958836673,16.333333333333332
2021-06-30,ema_gap,research-v2,"[9, 10, 13, 26, 28, 30]",36,1,1,1,2,[13],0.10967022709294502,0.38047101776398146,26.833333333333332
2021-06-30,v2_statistical,research-v2,"[9, 10, 13, 26, 28, 30]",36,0,0,1,1,[],0.116747825990163,0.40868776552275043,30.0
2021-07-03,random,research-v2,"[4, 7, 10, 31, 33, 38]",23,1,1,1,1,[10],0.10745522704153036,0.3717761801890233,32.333333333333336
2021-07-03,ema_gap,research-v2,"[4, 7, 10, 31, 33, 38]",23,0,0,1,1,[],0.11228327120242566,0.39307255269465485,31.166666666666668
2021-07-03,v2_statistical,research-v2,"[4, 7, 10, 31, 33, 38]",23,1,1,1,2,[38],0.11070132011641522,0.3827561098270751,24.333333333333332
2021-07-07,random,research-v2,"[11, 16, 21, 26, 42, 45]",22,1,1,2,3,[16],0.10745522695832481,0.37177617980185945,21.666666666666668
2021-07-07,ema_gap,research-v2,"[11, 16, 21, 26, 42, 45]",22,0,0,1,2,[],0.10696236260513721,0.3659302085798523,20.666666666666668
2021-07-07,v2_statistical,research-v2,"[11, 16, 21, 26, 42, 45]",22,0,0,1,2,[],0.11023914861981644,0.37407115027183674,21.833333333333332
2021-07-10,random,research-v2,"[4, 5, 18, 28, 35, 42]",2,1,1,3,4,[35],0.10745522691063068,0.37177617957993386,17.0
2021-07-10,ema_gap,research-v2,"[4, 5, 18, 28, 35, 42]",2,0,0,1,2,[],0.11123501495613333,0.38780266140959174,29.0
2021-07-10,v2_statistical,research-v2,"[4, 5, 18, 28, 35, 42]",2,0,0,0,0,[],0.11961754149642118,0.428884863888226,36.0
2021-07-14,random,research-v2,"[2, 9, 19, 23, 26, 30]",10,1,1,1,2,[9],0.10745522699940187,0.37177617999299534,26.333333333333332
2021-07-14,ema_gap,research-v2,"[2, 9, 19, 23, 26, 30]",10,0,0,2,2,[],0.11176242563498563,0.39342631591573174,29.666666666666668
2021-07-14,v2_statistical,research-v2,"[2, 9, 19, 23, 26, 30]",10,0,0,1,2,[],0.11520531881085344,0.4035991745309678,29.833333333333332
2021-07-17,random,research-v2,"[22, 24, 28, 35, 37, 45]",49,1,1,1,1,[45],0.10745522698030091,0.3717761799041166,24.0
2021-07-17,ema_gap,research-v2,"[22, 24, 28, 35, 37, 45]",49,1,1,3,3,[45],0.10618354070793252,0.3669226297981661,20.5
2021-07-17,v2_statistical,research-v2,"[22, 24, 28, 35, 37, 45]",49,1,1,2,3,[45],0.10665110937957333,0.3714065167147325,21.833333333333332
2021-07-21,random,research-v2,"[2, 4, 15, 20, 35, 45]",10,0,0,0,3,[],0.10745522696224591,0.3717761798201048,23.333333333333332
2021-07-21,ema_gap,research-v2,"[2, 4, 15, 20, 35, 45]",10,1,1,2,3,[45],0.10522722439407978,0.3624271286721478,20.5
2021-07-21,v2_statistical,research-v2,"[2, 4, 15, 20, 35, 45]",10,1,1,2,3,[45],0.1062511983432127,0.3670946067834371,21.5
2021-07-24,random,research-v2,"[1, 5, 7, 19, 37, 45]",35,0,0,0,1,[],0.1074552270225463,0.37177618010068864,29.0
2021-07-24,ema_gap,research-v2,"[1, 5, 7, 19, 37, 45]",35,1,1,1,2,[45],0.10762445293998524,0.3753530286809403,26.833333333333332
2021-07-24,v2_statistical,research-v2,"[1, 5, 7, 19, 37, 45]",35,1,1,1,1,[45],0.10904992470736966,0.3914375541791742,28.5
2021-07-28,random,research-v2,"[1, 4, 10, 14, 32, 39]",19,1,1,3,3,[1],0.10745522692245521,0.37177617963495485,18.833333333333332
2021-07-28,ema_gap,research-v2,"[1, 4, 10, 14, 32, 39]",19,0,0,0,1,[],0.11125436899676414,0.38627639501650873,29.333333333333332
2021-07-28,v2_statistical,research-v2,"[1, 4, 10, 14, 32, 39]",19,0,0,1,2,[],0.11657493301217105,0.4128145042195576,30.833333333333332
2021-07-31,random,research-v2,"[7, 30, 37, 43, 47, 49]",20,0,0,2,3,[],0.10745522696490704,0.37177617983248745,23.166666666666668
2021-07-31,ema_gap,research-v2,"[7, 30, 37, 43, 47, 49]",20,0,0,2,3,[],0.10828045015325967,0.37307363325925047,22.5
2021-07-31,v2_statistical,research-v2,"[7, 30, 37, 43, 47, 49]",20,1,1,2,3,[49],0.10947709370720386,0.37285950262129053,21.0
2021-08-04,random,research-v2,"[3, 8, 21, 38, 42, 48]",27,0,0,0,0,[],0.10745522707328783,0.37177618033679416,32.0
2021-08-04,ema_gap,research-v2,"[3, 8, 21, 38, 42, 48]",27,0,0,0,2,[],0.11146774904948813,0.39106199853538026,28.0
2021-08-04,v2_statistical,research-v2,"[3, 8, 21, 38, 42, 48]",27,1,1,1,2,[38],0.11237814371701836,0.39440208599943577,25.166666666666668
2021-08-07,random,research-v2,"[10, 13, 15, 22, 29, 46]",3,0,0,2,3,[],0.10745522695567726,0.3717761797895403,22.0
2021-08-07,ema_gap,research-v2,"[10, 13, 15, 22, 29, 46]",3,1,1,2,3,[15],0.10769144541517697,0.3738309919105868,21.333333333333332
2021-08-07,v2_statistical,research-v2,"[10, 13, 15, 22, 29, 46]",3,0,0,1,2,[],0.11295034410569034,0.39353420945469747,26.333333333333332
2021-08-11,random,research-v2,"[12, 15, 25, 40, 44, 45]",31,1,1,1,1,[45],0.10745522702595534,0.37177618011655117,28.666666666666668
2021-08-11,ema_gap,research-v2,"[12, 15, 25, 40, 44, 45]",31,2,2,2,2,"[15, 45]",0.10879091033976632,0.38895828489871054,30.666666666666668
2021-08-11,v2_statistical,research-v2,"[12, 15, 25, 40, 44, 45]",31,2,2,2,2,"[15, 45]",0.1098833436216451,0.3977497201643755,29.166666666666668
2021-08-18,random,research-v2,"[7, 8, 28, 30, 32, 42]",33,1,1,1,2,[28],0.10745522700922572,0.37177618003870666,27.0
2021-08-18,ema_gap,research-v2,"[7, 8, 28, 30, 32, 42]",33,0,0,2,4,[],0.10753643837647082,0.36970535876546456,20.0
2021-08-18,v2_statistical,research-v2,"[7, 8, 28, 30, 32, 42]",33,0,0,0,2,[],0.11308352055038355,0.39257047904600995,25.5
2021-08-21,random,research-v2,"[2, 9, 15, 21, 38, 46]",36,1,1,2,2,[2],0.10745522694342047,0.37177617973250815,20.5
2021-08-21,ema_gap,research-v2,"[2, 9, 15, 21, 38, 46]",36,1,1,2,4,[15],0.10586700234494813,0.36571947744390504,22.0
2021-08-21,v2_statistical,research-v2,"[2, 9, 15, 21, 38, 46]",36,1,1,3,3,[38],0.10696553781420677,0.3677462539354121,20.333333333333332
2021-08-28,random,research-v2,"[6, 8, 9, 12, 19, 26]",43,1,1,2,3,[9],0.10745522698816738,0.3717761799407201,24.0
2021-08-28,ema_gap,research-v2,"[6, 8, 9, 12, 19, 26]",43,0,0,0,0,[],0.11400054474165439,0.4012461862488372,32.166666666666664
2021-08-28,v2_statistical,research-v2,"[6, 8, 9, 12, 19, 26]",43,0,0,0,0,[],0.11819957787706507,0.4207786226017425,33.333333333333336
2021-09-01,random,research-v2,"[3, 4, 14, 18, 19, 42]",43,1,1,1,1,[18],0.10745522702361998,0.3717761801056845,28.5
2021-09-01,ema_gap,research-v2,"[3, 4, 14, 18, 19, 42]",43,1,1,1,1,[42],0.11013064738049863,0.3812575340112704,25.833333333333332
2021-09-01,v2_statistical,research-v2,"[3, 4, 14, 18, 19, 42]",43,0,0,2,2,[],0.11312399380055099,0.39674580795853354,27.666666666666668
2021-09-04,random,research-v2,"[6, 13, 18, 19, 29, 49]",2,3,3,3,3,"[13, 29, 49]",0.10745522698248607,0.37177617991428424,22.666666666666668
2021-09-04,ema_gap,research-v2,"[6, 13, 18, 19, 29, 49]",2,0,0,1,3,[],0.10864468235982763,0.37529042786528843,23.5
2021-09-04,v2_statistical,research-v2,"[6, 13, 18, 19, 29, 49]",2,0,0,2,3,[],0.11184288178337468,0.38603657244754164,24.333333333333332
2021-09-08,random,research-v2,"[2, 7, 10, 16, 28, 36]",41,1,1,3,3,[10],0.10745522696342315,0.37177617982558264,22.833333333333332
2021-09-08,ema_gap,research-v2,"[2, 7, 10, 16, 28, 36]",41,0,0,2,2,[],0.10930722971809441,0.3781547988512594,24.166666666666668
2021-09-08,v2_statistical,research-v2,"[2, 7, 10, 16, 28, 36]",41,0,0,0,2,[],0.11333630796715546,0.3919866360704569,26.5
2021-09-11,random,research-v2,"[15, 18, 31, 33, 34, 41]",45,1,1,1,1,[41],0.10745522703320103,0.37177618015026614,28.666666666666668
2021-09-11,ema_gap,research-v2,"[15, 18, 31, 33, 34, 41]",45,1,1,2,2,[15],0.10995759258702449,0.3888274811604049,29.166666666666668
2021-09-11,v2_statistical,research-v2,"[15, 18, 31, 33, 34, 41]",45,1,1,2,3,[15],0.10882680292396084,0.3781504800129156,23.166666666666668
2021-09-15,random,research-v2,"[7, 11, 14, 15, 27, 41]",49,0,0,2,3,[],0.10745522700101244,0.37177618000048934,26.666666666666668
2021-09-15,ema_gap,research-v2,"[7, 11, 14, 15, 27, 41]",49,1,1,2,2,[15],0.10662042038332133,0.37362205831780937,27.333333333333332
2021-09-15,v2_statistical,research-v2,"[7, 11, 14, 15, 27, 41]",49,1,1,2,2,[15],0.11101769578356759,0.39531615023632777,30.5
2021-09-18,random,research-v2,"[9, 26, 29, 36, 40, 41]",27,1,1,3,3,[36],0.107455226958713,0.3717761798036658,21.5
2021-09-18,ema_gap,research-v2,"[9, 26, 29, 36, 40, 41]",27,0,0,0,1,[],0.11229375118010343,0.39093453995781235,30.333333333333332
2021-09-18,v2_statistical,research-v2,"[9, 26, 29, 36, 40, 41]",27,0,0,0,1,[],0.11464142147105943,0.3978062047068718,29.0
2021-09-22,random,research-v2,"[5, 14, 19, 30, 38, 40]",27,0,0,1,2,[],0.1074552270336211,0.37177618015222097,29.5
2021-09-22,ema_gap,research-v2,"[5, 14, 19, 30, 38, 40]",27,0,0,2,3,[],0.10903357452397663,0.3760230915303078,22.5
2021-09-22,v2_statistical,research-v2,"[5, 14, 19, 30, 38, 40]",27,1,1,2,2,[38],0.11018242483842895,0.38221333665974294,24.5
2021-09-25,random,research-v2,"[3, 8, 10, 35, 46, 48]",17,1,1,2,4,[10],0.10745522693219244,0.371776179680263,19.666666666666668
2021-09-25,ema_gap,research-v2,"[3, 8, 10, 35, 46, 48]",17,0,0,0,1,[],0.11238759821324075,0.3916558662635678,31.5
2021-09-25,v2_statistical,research-v2,"[3, 8, 10, 35, 46, 48]",17,0,0,1,2,[],0.11600830428984404,0.40601721993808493,31.333333333333332
2021-09-29,random,research-v2,"[3, 5, 38, 39, 41, 48]",28,0,0,0,0,[],0.10745522705124173,0.37177618023421144,30.333333333333332
2021-09-29,ema_gap,research-v2,"[3, 5, 38, 39, 41, 48]",28,1,1,1,2,[38],0.10751574525951083,0.3690431130516044,21.166666666666668
2021-09-29,v2_statistical,research-v2,"[3, 5, 38, 39, 41, 48]",28,1,1,1,2,[38],0.10926947709372131,0.3753361927983874,23.0
2021-10-02,random,research-v2,"[8, 17, 18, 19, 48, 49]",26,0,0,0,1,[],0.10745522703470081,0.37177618015724484,28.5
2021-10-02,ema_gap,research-v2,"[8, 17, 18, 19, 48, 49]",26,1,1,2,3,[19],0.10765546939785765,0.3723878181754673,21.5
2021-10-02,v2_statistical,research-v2,"[8, 17, 18, 19, 48, 49]",26,1,1,2,2,[49],0.11125211694171304,0.38511555375108747,23.833333333333332
2021-10-06,random,research-v2,"[7, 18, 19, 38, 42, 46]",31,3,3,3,3,"[7, 19, 46]",0.1074552269341678,0.3717761796894546,19.333333333333332
2021-10-06,ema_gap,research-v2,"[7, 18, 19, 38, 42, 46]",31,2,2,4,6,"[19, 38]",0.09865659993619418,0.3324301614262022,8.5
2021-10-06,v2_statistical,research-v2,"[7, 18, 19, 38, 42, 46]",31,1,1,4,6,[38],0.09998330836912624,0.334571306742221,10.333333333333334
2021-10-09,random,research-v2,"[1, 11, 19, 27, 28, 38]",8,0,0,1,3,[],0.1074552269599998,0.37177617980965316,22.0
2021-10-09,ema_gap,research-v2,"[1, 11, 19, 27, 28, 38]",8,2,2,3,3,"[19, 38]",0.10461537206010516,0.3628182795969379,21.5
2021-10-09,v2_statistical,research-v2,"[1, 11, 19, 27, 28, 38]",8,2,2,2,3,"[19, 38]",0.1057633987220714,0.3713584066893198,22.0
2021-10-13,random,research-v2,"[2, 7, 8, 11, 19, 27]",24,1,1,2,2,[27],0.10745522699681857,0.37177617998097456,25.666666666666668
2021-10-13,ema_gap,research-v2,"[2, 7, 8, 11, 19, 27]",24,2,2,2,2,"[7, 19]",0.10383957641044977,0.3562541771055085,18.5
2021-10-13,v2_statistical,research-v2,"[2, 7, 8, 11, 19, 27]",24,1,1,2,2,[19],0.10758772300674817,0.37062383944846233,23.0
2021-10-16,random,research-v2,"[5, 10, 11, 33, 44, 47]",20,2,2,2,4,"[11, 47]",0.10745522692040184,0.3717761796254001,17.833333333333332
2021-10-16,ema_gap,research-v2,"[5, 10, 11, 33, 44, 47]",20,0,0,1,2,[],0.11331421078790904,0.39933637453760007,31.333333333333332
2021-10-16,v2_statistical,research-v2,"[5, 10, 11, 33, 44, 47]",20,0,0,0,0,[],0.11763996104959264,0.4175832176642402,34.833333333333336
2021-10-20,random,research-v2,"[6, 9, 34, 35, 48, 49]",41,1,1,2,3,[9],0.10745522692335252,0.3717761796391301,18.0
2021-10-20,ema_gap,research-v2,"[6, 9, 34, 35, 48, 49]",41,0,0,2,2,[],0.10938404918710015,0.3775703628441535,24.333333333333332
2021-10-20,v2_statistical,research-v2,"[6, 9, 34, 35, 48, 49]",41,1,1,3,3,[34],0.10824219802604164,0.37607209582673584,22.0
2021-10-23,random,research-v2,"[1, 3, 9, 40, 42, 44]",46,0,0,0,1,[],0.10745522710559387,0.3717761804871173,35.833333333333336
2021-10-23,ema_gap,research-v2,"[1, 3, 9, 40, 42, 44]",46,0,0,1,2,[],0.11074930526777665,0.3846823543015845,26.833333333333332
2021-10-23,v2_statistical,research-v2,"[1, 3, 9, 40, 42, 44]",46,0,0,0,3,[],0.11431206330873353,0.40049559179098804,27.5
2021-10-27,random,research-v2,"[3, 9, 14, 36, 40, 46]",41,0,0,0,1,[],0.1074552270216182,0.3717761800963701,28.666666666666668
2021-10-27,ema_gap,research-v2,"[3, 9, 14, 36, 40, 46]",41,0,0,1,3,[],0.10692317934035303,0.3654951986790856,19.5
2021-10-27,v2_statistical,research-v2,"[3, 9, 14, 36, 40, 46]",41,0,0,3,4,[],0.10554350017187292,0.35689206763388887,17.0
2021-10-30,random,research-v2,"[3, 5, 7, 23, 42, 46]",15,1,1,1,1,[3],0.10745522700689658,0.371776180027869,26.833333333333332
2021-10-30,ema_gap,research-v2,"[3, 5, 7, 23, 42, 46]",15,2,2,4,4,"[7, 42]",0.10277539647993615,0.35092797895494937,15.166666666666666
2021-10-30,v2_statistical,research-v2,"[3, 5, 7, 23, 42, 46]",15,1,1,4,4,[7],0.10388239258966886,0.3541285129604274,17.333333333333332
2021-11-03,random,research-v2,"[9, 20, 27, 35, 37, 43]",3,2,2,2,2,"[9, 37]",0.10745522701720825,0.37177618007585,26.666666666666668
2021-11-03,ema_gap,research-v2,"[9, 20, 27, 35, 37, 43]",3,0,0,1,1,[],0.11191964746185021,0.39221602368175473,30.166666666666668
2021-11-03,v2_statistical,research-v2,"[9, 20, 27, 35, 37, 43]",3,0,0,1,1,[],0.11409385148059595,0.3960559254280381,27.666666666666668
2021-11-06,random,research-v2,"[14, 16, 28, 39, 41, 47]",37,2,2,3,4,"[14, 28]",0.10745522689642244,0.3717761795138216,14.833333333333334
2021-11-06,ema_gap,research-v2,"[14, 16, 28, 39, 41, 47]",37,0,0,1,1,[],0.11143896014572265,0.3879857497062713,29.0
2021-11-06,v2_statistical,research-v2,"[14, 16, 28, 39, 41, 47]",37,0,0,0,0,[],0.11472780992016751,0.3994038687622206,29.0
2021-11-10,random,research-v2,"[2, 7, 18, 19, 23, 25]",43,0,0,0,1,[],0.10745522704359445,0.37177618019862785,31.0
2021-11-10,ema_gap,research-v2,"[2, 7, 18, 19, 23, 25]",43,2,2,2,3,"[7, 19]",0.10570866329113504,0.3673875751824129,21.5
2021-11-10,v2_statistical,research-v2,"[2, 7, 18, 19, 23, 25]",43,2,2,2,2,"[7, 19]",0.10790405692184359,0.37878215591149417,24.0
2021-11-13,random,research-v2,"[5, 6, 7, 18, 25, 37]",24,1,1,1,4,[5],0.10745522693073407,0.3717761796734772,18.833333333333332
2021-11-13,ema_gap,research-v2,"[5, 6, 7, 18, 25, 37]",24,1,1,2,2,[7],0.10556785024009856,0.3643108788601687,22.166666666666668
2021-11-13,v2_statistical,research-v2,"[5, 6, 7, 18, 25, 37]",24,1,1,1,2,[7],0.11006355515413796,0.3862161692953663,27.833333333333332
2021-11-17,random,research-v2,"[3, 4, 18, 23, 27, 28]",38,0,0,1,1,[],0.10745522707315751,0.3717761803361877,33.333333333333336
2021-11-17,ema_gap,research-v2,"[3, 4, 18, 23, 27, 28]",38,1,1,3,4,[18],0.10427357506951361,0.3564270057940602,16.5
2021-11-17,v2_statistical,research-v2,"[3, 4, 18, 23, 27, 28]",38,0,0,1,3,[],0.10655309224293662,0.36091221341813556,18.166666666666668
2021-11-20,random,research-v2,"[15, 25, 26, 29, 42, 43]",22,0,0,2,3,[],0.10745522701247669,0.37177618005383367,27.0
2021-11-20,ema_gap,research-v2,"[15, 25, 26, 29, 42, 43]",22,0,0,2,2,[],0.11036355001474611,0.38367009152519005,27.333333333333332
2021-11-20,v2_statistical,research-v2,"[15, 25, 26, 29, 42, 43]",22,1,1,1,2,[42],0.11103202732079503,0.38638802138470874,24.833333333333332
2021-11-24,random,research-v2,"[10, 11, 18, 20, 35, 48]",39,1,1,1,2,[35],0.1074552270124979,0.3717761800539324,27.0
2021-11-24,ema_gap,research-v2,"[10, 11, 18, 20, 35, 48]",39,1,1,1,2,[18],0.1064797666289388,0.36558385184569847,20.0
2021-11-24,v2_statistical,research-v2,"[10, 11, 18, 20, 35, 48]",39,0,0,1,1,[],0.11063504870418216,0.38020276828708055,24.166666666666668
2021-11-27,random,research-v2,"[6, 7, 14, 23, 35, 41]",11,0,0,1,1,[],0.10745522702402023,0.3717761801075469,28.833333333333332
2021-11-27,ema_gap,research-v2,"[6, 7, 14, 23, 35, 41]",11,1,1,1,4,[7],0.10469921988475961,0.3581476547873763,18.333333333333332
2021-11-27,v2_statistical,research-v2,"[6, 7, 14, 23, 35, 41]",11,1,1,2,3,[7],0.10293062087891541,0.35352788299790805,19.666666666666668
2021-12-01,random,research-v2,"[14, 17, 27, 34, 36, 42]",8,0,0,0,0,[],0.10745522707600673,0.37177618034944543,32.666666666666664
2021-12-01,ema_gap,research-v2,"[14, 17, 27, 34, 36, 42]",8,1,1,2,3,[42],0.10786931024593514,0.37247863486782057,22.5
2021-12-01,v2_statistical,research-v2,"[14, 17, 27, 34, 36, 42]",8,2,2,3,3,"[34, 42]",0.10673879986658667,0.36914890488364044,21.166666666666668
2021-12-04,random,research-v2,"[5, 11, 15, 28, 31, 47]",19,1,1,2,2,[5],0.1074552270268827,0.37177618012086616,29.333333333333332
2021-12-04,ema_gap,research-v2,"[5, 11, 15, 28, 31, 47]",19,0,0,2,3,[],0.10819925046925226,0.3750183214261699,23.0
2021-12-04,v2_statistical,research-v2,"[5, 11, 15, 28, 31, 47]",19,0,0,0,3,[],0.11118181895783033,0.3831942714640342,25.0
2021-12-08,random,research-v2,"[23, 25, 26, 36, 40, 49]",42,1,1,3,3,[49],0.1074552269115246,0.3717761795840935,16.333333333333332
2021-12-08,ema_gap,research-v2,"[23, 25, 26, 36, 40, 49]",42,0,0,0,1,[],0.10928780561561978,0.37601882816539595,22.666666666666668
2021-12-08,v2_statistical,research-v2,"[23, 25, 26, 36, 40, 49]",42,0,0,0,1,[],0.11083968394801916,0.38038644211241746,24.833333333333332
2021-12-11,random,research-v2,"[1, 6, 26, 27, 43, 46]",12,0,0,1,1,[],0.10745522702260554,0.3717761801009643,28.166666666666668
2021-12-11,ema_gap,research-v2,"[1, 6, 26, 27, 43, 46]",12,0,0,1,1,[],0.10926220664156555,0.3773278372481614,24.666666666666668
2021-12-11,v2_statistical,research-v2,"[1, 6, 26, 27, 43, 46]",12,1,1,1,3,[27],0.10956120956635573,0.3832302581984195,24.0
2021-12-15,random,research-v2,"[1, 9, 12, 18, 35, 48]",19,0,0,0,0,[],0.10745522707208906,0.371776180331216,33.666666666666664
2021-12-15,ema_gap,research-v2,"[1, 9, 12, 18, 35, 48]",19,1,1,1,3,[18],0.10677277288928022,0.3689482777845464,21.666666666666668
2021-12-15,v2_statistical,research-v2,"[1, 9, 12, 18, 35, 48]",19,0,0,0,2,[],0.11090803374742193,0.3858584923850162,26.666666666666668
2021-12-22,random,research-v2,"[1, 2, 3, 11, 15, 43]",46,1,1,2,3,[43],0.10745522692016701,0.37177617962430765,18.833333333333332
2021-12-22,ema_gap,research-v2,"[1, 2, 3, 11, 15, 43]",46,1,1,1,3,[15],0.10624001682543578,0.3637927657263849,20.5
2021-12-22,v2_statistical,research-v2,"[1, 2, 3, 11, 15, 43]",46,0,0,1,3,[],0.10955982913120817,0.375602777654525,22.0
2021-12-29,random,research-v2,"[18, 32, 42, 44, 45, 48]",38,1,1,1,1,[42],0.10745522703524327,0.3717761801597689,30.166666666666668
2021-12-29,ema_gap,research-v2,"[18, 32, 42, 44, 45, 48]",38,2,2,3,3,"[18, 42]",0.10714946677135107,0.3748284214039513,24.5
2021-12-29,v2_statistical,research-v2,"[18, 32, 42, 44, 45, 48]",38,1,1,2,4,[18],0.1069075783611696,0.3741305405024517,22.5
2022-01-01,random,research-v2,"[7, 8, 15, 17, 19, 33]",6,0,0,0,2,[],0.1074552269337722,0.37177617968761373,22.666666666666668
2022-01-01,ema_gap,research-v2,"[7, 8, 15, 17, 19, 33]",6,2,2,3,3,"[7, 15]",0.10683474869890416,0.371627413822888,24.166666666666668
2022-01-01,v2_statistical,research-v2,"[7, 8, 15, 17, 19, 33]",6,2,2,2,3,"[7, 15]",0.10802609114502398,0.37844592484095707,24.833333333333332
2022-01-05,random,research-v2,"[2, 5, 8, 29, 36, 45]",23,1,1,1,3,[5],0.10745522695145131,0.37177617976987654,20.166666666666668
2022-01-05,ema_gap,research-v2,"[2, 5, 8, 29, 36, 45]",23,0,0,0,1,[],0.1107867031658304,0.383669720105896,27.0
2022-01-05,v2_statistical,research-v2,"[2, 5, 8, 29, 36, 45]",23,0,0,1,1,[],0.11222602413766243,0.3906805456567326,27.5
2022-01-08,random,research-v2,"[6, 18, 23, 31, 46, 48]",4,1,1,2,4,[6],0.10745522691960496,0.37177617962169235,19.0
2022-01-08,ema_gap,research-v2,"[6, 18, 23, 31, 46, 48]",4,2,2,2,4,"[18, 48]",0.1040603018628929,0.3574719005112633,18.666666666666668
2022-01-08,v2_statistical,research-v2,"[6, 18, 23, 31, 46, 48]",4,1,1,4,4,[18],0.10217997802757602,0.34788380046699297,15.666666666666666
2022-01-12,random,research-v2,"[8, 21, 26, 29, 31, 46]",40,0,0,1,4,[],0.10745522697320775,0.3717761798711114,24.166666666666668
2022-01-12,ema_gap,research-v2,"[8, 21, 26, 29, 31, 46]",40,0,0,1,1,[],0.11091561555621691,0.3866570631824465,27.333333333333332
2022-01-12,v2_statistical,research-v2,"[8, 21, 26, 29, 31, 46]",40,0,0,1,1,[],0.11431508189781768,0.40312655516955326,31.333333333333332
2022-01-15,random,research-v2,"[5, 10, 35, 41, 42, 44]",13,0,0,0,2,[],0.10745522702488747,0.3717761801115823,29.333333333333332
2022-01-15,ema_gap,research-v2,"[5, 10, 35, 41, 42, 44]",13,1,1,2,3,[42],0.10800472101656815,0.3724171439787345,22.666666666666668
2022-01-15,v2_statistical,research-v2,"[5, 10, 35, 41, 42, 44]",13,0,0,1,2,[],0.1088943386709099,0.3724893676441328,22.0
2022-01-19,random,research-v2,"[3, 12, 19, 37, 39, 45]",47,1,1,1,3,[39],0.10745522695091604,0.37177617976738586,21.333333333333332
2022-01-19,ema_gap,research-v2,"[3, 12, 19, 37, 39, 45]",47,0,0,2,2,[],0.10960123844030029,0.3805340002081408,26.333333333333332
2022-01-19,v2_statistical,research-v2,"[3, 12, 19, 37, 39, 45]",47,1,1,3,3,[19],0.10836899477669497,0.378523925603325,24.666666666666668
2022-01-22,random,research-v2,"[7, 12, 27, 31, 37, 44]",35,1,1,4,4,[7],0.10745522695035442,0.3717761797647725,19.5
2022-01-22,ema_gap,research-v2,"[7, 12, 27, 31, 37, 44]",35,1,1,1,2,[7],0.10857266641432349,0.3753040764334768,25.166666666666668
2022-01-22,v2_statistical,research-v2,"[7, 12, 27, 31, 37, 44]",35,1,1,2,2,[7],0.10753580393520087,0.37126583442786754,23.0
2022-01-26,random,research-v2,"[5, 22, 25, 30, 32, 46]",45,1,1,2,3,[25],0.107455226950705,0.37177617976640376,20.833333333333332
2022-01-26,ema_gap,research-v2,"[5, 22, 25, 30, 32, 46]",45,0,0,2,2,[],0.11212416072360262,0.39607096825291854,32.333333333333336
2022-01-26,v2_statistical,research-v2,"[5, 22, 25, 30, 32, 46]",45,1,1,1,1,[46],0.11495662111168972,0.4121009277709575,33.333333333333336
2022-01-29,random,research-v2,"[10, 14, 25, 29, 33, 44]",40,1,1,1,2,[25],0.10745522700966599,0.3717761800407552,26.666666666666668
2022-01-29,ema_gap,research-v2,"[10, 14, 25, 29, 33, 44]",40,0,0,0,0,[],0.11145809258784982,0.3870648542908841,28.666666666666668
2022-01-29,v2_statistical,research-v2,"[10, 14, 25, 29, 33, 44]",40,0,0,0,0,[],0.11736017962989435,0.4135411960475968,34.666666666666664
2022-02-02,random,research-v2,"[3, 7, 9, 23, 26, 32]",42,2,2,2,2,"[26, 32]",0.10745522693096941,0.3717761796745724,19.333333333333332
2022-02-02,ema_gap,research-v2,"[3, 7, 9, 23, 26, 32]",42,1,1,2,4,[7],0.10378911659813575,0.35471346572425366,17.5
2022-02-02,v2_statistical,research-v2,"[3, 7, 9, 23, 26, 32]",42,1,1,1,5,[7],0.10325248302739591,0.35366688339752383,18.166666666666668
2022-02-05,random,research-v2,"[2, 9, 12, 14, 23, 24]",10,0,0,0,2,[],0.1074552270515186,0.3717761802354997,30.833333333333332
2022-02-05,ema_gap,research-v2,"[2, 9, 12, 14, 23, 24]",10,0,0,1,3,[],0.10976223692724676,0.3852887602665544,24.5
2022-02-05,v2_statistical,research-v2,"[2, 9, 12, 14, 23, 24]",10,0,0,1,2,[],0.11503246539662709,0.4129006417105531,30.833333333333332
2022-02-09,random,research-v2,"[12, 14, 19, 28, 32, 36]",17,1,1,2,3,[36],0.10745522693875945,0.3717761797108199,20.0
2022-02-09,ema_gap,research-v2,"[12, 14, 19, 28, 32, 36]",17,0,0,2,2,[],0.10645263881961005,0.36425278756539137,20.0
2022-02-09,v2_statistical,research-v2,"[12, 14, 19, 28, 32, 36]",17,1,1,1,2,[19],0.11149297775706764,0.38598119674629666,25.666666666666668
2022-02-12,random,research-v2,"[1, 25, 26, 37, 40, 43]",3,0,0,1,1,[],0.10745522702540089,0.3717761801139715,28.666666666666668
2022-02-12,ema_gap,research-v2,"[1, 25, 26, 37, 40, 43]",3,0,0,1,1,[],0.11057089994669023,0.38350543901424533,27.166666666666668
2022-02-12,v2_statistical,research-v2,"[1, 25, 26, 37, 40, 43]",3,0,0,0,2,[],0.1128452110384283,0.3940455534254084,28.0
2022-02-16,random,research-v2,"[2, 8, 30, 31, 40, 44]",11,0,0,1,2,[],0.1074552270320013,0.3717761801446836,29.166666666666668
2022-02-16,ema_gap,research-v2,"[2, 8, 30, 31, 40, 44]",11,0,0,0,0,[],0.11153307357211845,0.3875058241144465,30.5
2022-02-16,v2_statistical,research-v2,"[2, 8, 30, 31, 40, 44]",11,0,0,0,1,[],0.11382116934081149,0.3972474528826742,30.666666666666668
2022-02-19,random,research-v2,"[4, 16, 30, 32, 37, 44]",35,1,1,3,3,[44],0.10745522690681976,0.3717761795622013,16.833333333333332
2022-02-19,ema_gap,research-v2,"[4, 16, 30, 32, 37, 44]",35,0,0,0,1,[],0.11239302227704497,0.3957565209832929,32.166666666666664
2022-02-19,v2_statistical,research-v2,"[4, 16, 30, 32, 37, 44]",35,0,0,0,0,[],0.11565932525518255,0.40729070805944584,34.0
2022-02-23,random,research-v2,"[4, 10, 28, 31, 33, 43]",18,0,0,1,2,[],0.107455227012636,0.371776180054575,26.666666666666668
2022-02-23,ema_gap,research-v2,"[4, 10, 28, 31, 33, 43]",18,0,0,0,1,[],0.11061967604859693,0.38396861474046307,29.833333333333332
2022-02-23,v2_statistical,research-v2,"[4, 10, 28, 31, 33, 43]",18,1,1,1,1,[43],0.11074841933928556,0.3846257971930789,26.5
2022-02-26,random,research-v2,"[6, 8, 12, 16, 24, 35]",25,0,0,1,2,[],0.1074552269696424,0.3717761798545213,22.833333333333332
2022-02-26,ema_gap,research-v2,"[6, 8, 12, 16, 24, 35]",25,0,0,0,0,[],0.11234468408302707,0.39492625242433466,33.166666666666664
2022-02-26,v2_statistical,research-v2,"[6, 8, 12, 16, 24, 35]",25,0,0,0,0,[],0.11704159146671819,0.4183158379847474,34.833333333333336
2022-03-02,random,research-v2,"[11, 12, 39, 41, 42, 49]",14,2,2,2,2,"[39, 41]",0.10745522701220066,0.3717761800525494,27.5
2022-03-02,ema_gap,research-v2,"[11, 12, 39, 41, 42, 49]",14,0,0,1,2,[],0.11092674598074836,0.3874871950589061,29.5
2022-03-02,v2_statistical,research-v2,"[11, 12, 39, 41, 42, 49]",14,0,0,0,1,[],0.1149594143471493,0.4074624668182906,32.5
2022-03-05,random,research-v2,"[5, 9, 10, 32, 38, 40]",44,1,1,1,3,[38],0.10745522692450249,0.37177617964448095,19.5
2022-03-05,ema_gap,research-v2,"[5, 9, 10, 32, 38, 40]",44,0,0,0,3,[],0.10822790584178399,0.37353063624495686,24.333333333333332
2022-03-05,v2_statistical,research-v2,"[5, 9, 10, 32, 38, 40]",44,0,0,2,2,[],0.10900320408290673,0.3735321502386302,23.166666666666668
2022-03-09,random,research-v2,"[16, 25, 31, 34, 40, 42]",15,1,1,2,3,[31],0.10745522693652057,0.37177617970040233,20.166666666666668
2022-03-09,ema_gap,research-v2,"[16, 25, 31, 34, 40, 42]",15,1,1,1,1,[42],0.10821702722757806,0.37522061579254196,25.0
2022-03-09,v2_statistical,research-v2,"[16, 25, 31, 34, 40, 42]",15,1,1,2,3,[40],0.10736050702583354,0.3690503661426862,21.333333333333332
2022-03-12,random,research-v2,"[3, 8, 20, 24, 37, 47]",31,0,0,2,2,[],0.10745522699491666,0.3717761799721252,25.5
2022-03-12,ema_gap,research-v2,"[3, 8, 20, 24, 37, 47]",31,0,0,0,1,[],0.11312331062575283,0.4031197956275387,32.666666666666664
2022-03-12,v2_statistical,research-v2,"[3, 8, 20, 24, 37, 47]",31,0,0,0,0,[],0.11678224578762235,0.4193678395704489,34.666666666666664
2022-03-16,random,research-v2,"[1, 3, 8, 14, 15, 16]",33,0,0,1,2,[],0.10745522702802576,0.37177618012618535,28.833333333333332
2022-03-16,ema_gap,research-v2,"[1, 3, 8, 14, 15, 16]",33,2,2,2,3,"[3, 8]",0.10532028350712991,0.3609414333360511,18.833333333333332
2022-03-16,v2_statistical,research-v2,"[1, 3, 8, 14, 15, 16]",33,1,1,1,2,[3],0.11075192481008879,0.38538913145571096,27.666666666666668
2022-03-19,random,research-v2,"[4, 7, 26, 36, 42, 47]",32,0,0,0,0,[],0.10745522702765903,0.37177618012447855,28.833333333333332
2022-03-19,ema_gap,research-v2,"[4, 7, 26, 36, 42, 47]",32,2,2,2,2,"[7, 42]",0.10706198971497814,0.37073176952389814,23.666666666666668
2022-03-19,v2_statistical,research-v2,"[4, 7, 26, 36, 42, 47]",32,2,2,2,2,"[7, 42]",0.10703544831871997,0.37076031735958964,24.333333333333332
2022-03-23,random,research-v2,"[8, 11, 12, 23, 29, 36]",49,0,0,1,1,[],0.10745522704149822,0.3717761801888739,30.0
2022-03-23,ema_gap,research-v2,"[8, 11, 12, 23, 29, 36]",49,1,1,2,2,[8],0.10616531186171284,0.36450121767342575,20.333333333333332
2022-03-23,v2_statistical,research-v2,"[8, 11, 12, 23, 29, 36]",49,0,0,2,3,[],0.1090967587390382,0.3756148626237182,23.0
2022-03-26,random,research-v2,"[5, 11, 21, 22, 38, 45]",44,1,1,1,2,[38],0.10745522694717766,0.3717761797499908,21.0
2022-03-26,ema_gap,research-v2,"[5, 11, 21, 22, 38, 45]",44,0,0,1,2,[],0.1133192496315559,0.40136969480991036,32.5
2022-03-26,v2_statistical,research-v2,"[5, 11, 21, 22, 38, 45]",44,0,0,0,1,[],0.11384313979190654,0.40011635779423177,30.333333333333332
2022-03-30,random,research-v2,"[3, 7, 15, 21, 35, 40]",37,0,0,0,0,[],0.10745522707452201,0.3717761803425368,33.833333333333336
2022-03-30,ema_gap,research-v2,"[3, 7, 15, 21, 35, 40]",37,2,2,3,4,"[3, 7]",0.1039590070153163,0.3562793605449473,17.166666666666668
2022-03-30,v2_statistical,research-v2,"[3, 7, 15, 21, 35, 40]",37,2,2,3,4,"[3, 7]",0.10227772164941062,0.3545781021684129,18.166666666666668
2022-04-02,random,research-v2,"[5, 12, 15, 29, 42, 44]",38,0,0,1,1,[],0.10745522698909007,0.3717761799450133,24.166666666666668
2022-04-02,ema_gap,research-v2,"[5, 12, 15, 29, 42, 44]",38,3,3,4,4,"[12, 15, 42]",0.10213243329180176,0.34738319007673574,13.5
2022-04-02,v2_statistical,research-v2,"[5, 12, 15, 29, 42, 44]",38,1,1,1,3,[42],0.10564165601475269,0.3615027667473439,19.666666666666668
2022-04-06,random,research-v2,"[2, 8, 9, 16, 39, 49]",21,0,0,1,2,[],0.10745522700045726,0.371776179997906,26.166666666666668
2022-04-06,ema_gap,research-v2,"[2, 8, 9, 16, 39, 49]",21,0,0,1,2,[],0.10966173036127305,0.38078302738403635,27.833333333333332
2022-04-06,v2_statistical,research-v2,"[2, 8, 9, 16, 39, 49]",21,0,0,1,2,[],0.11217998462830187,0.3895989278998219,27.5
2022-04-09,random,research-v2,"[12, 28, 34, 41, 46, 49]",2,3,3,3,3,"[12, 41, 46]",0.10745522693681436,0.3717761797017691,19.333333333333332
2022-04-09,ema_gap,research-v2,"[12, 28, 34, 41, 46, 49]",2,1,1,1,1,[12],0.11007682477452363,0.382640501132515,29.666666666666668
2022-04-09,v2_statistical,research-v2,"[12, 28, 34, 41, 46, 49]",2,1,1,1,3,[12],0.10840037418308045,0.37163353075600886,21.5
2022-04-13,random,research-v2,"[9, 27, 31, 33, 45, 49]",20,2,2,2,2,"[31, 49]",0.10745522699303448,0.37177617996336726,25.0
2022-04-13,ema_gap,research-v2,"[9, 27, 31, 33, 45, 49]",20,0,0,1,1,[],0.11060106330632612,0.3843498878765143,28.5
2022-04-13,v2_statistical,research-v2,"[9, 27, 31, 33, 45, 49]",20,1,1,1,3,[9],0.10836853422630004,0.37246456220885965,22.166666666666668
2022-04-16,random,research-v2,"[7, 13, 26, 35, 36, 38]",40,0,0,0,0,[],0.10745522708936298,0.3717761804115934,34.666666666666664
2022-04-16,ema_gap,research-v2,"[7, 13, 26, 35, 36, 38]",40,1,1,1,2,[7],0.10873797087258204,0.38106249680660487,24.0
2022-04-16,v2_statistical,research-v2,"[7, 13, 26, 35, 36, 38]",40,1,1,1,4,[7],0.10598412479109165,0.37319191661478185,20.0
2022-04-20,random,research-v2,"[6, 10, 13, 17, 21, 37]",34,1,1,2,3,[6],0.10745522693153357,0.37177617967719717,19.166666666666668
2022-04-20,ema_gap,research-v2,"[6, 10, 13, 17, 21, 37]",34,0,0,0,0,[],0.11602097345353565,0.41469510230943785,37.833333333333336
2022-04-20,v2_statistical,research-v2,"[6, 10, 13, 17, 21, 37]",34,0,0,0,1,[],0.11960650831152914,0.4390223945019907,38.333333333333336
2022-04-23,random,research-v2,"[17, 19, 27, 39, 44, 49]",2,0,0,1,2,[],0.10745522699840711,0.3717761799883664,25.833333333333332
2022-04-23,ema_gap,research-v2,"[17, 19, 27, 39, 44, 49]",2,0,0,0,1,[],0.11145251514868787,0.38845981205009916,29.5
2022-04-23,v2_statistical,research-v2,"[17, 19, 27, 39, 44, 49]",2,0,0,1,2,[],0.11329482103822168,0.398331262745638,28.666666666666668
2022-04-27,random,research-v2,"[6, 26, 29, 32, 33, 41]",2,0,0,1,3,[],0.10745522700206861,0.3717761800054038,27.0
2022-04-27,ema_gap,research-v2,"[6, 26, 29, 32, 33, 41]",2,0,0,1,1,[],0.1113980760275216,0.3878571967234151,29.666666666666668
2022-04-27,v2_statistical,research-v2,"[6, 26, 29, 32, 33, 41]",2,0,0,0,0,[],0.11783175869389796,0.4174416693619047,33.833333333333336
2022-04-30,random,research-v2,"[9, 11, 14, 16, 20, 43]",32,1,1,2,3,[11],0.10745522696503004,0.37177617983305977,23.666666666666668
2022-04-30,ema_gap,research-v2,"[9, 11, 14, 16, 20, 43]",32,0,0,1,1,[],0.11127272570042819,0.3903534034960819,30.5
2022-04-30,v2_statistical,research-v2,"[9, 11, 14, 16, 20, 43]",32,1,1,1,1,[9],0.11344140241652499,0.4006575468570039,30.333333333333332
2022-05-04,random,research-v2,"[4, 21, 22, 36, 41, 43]",31,1,1,2,2,[21],0.10745522695502173,0.37177617978649,21.333333333333332
2022-05-04,ema_gap,research-v2,"[4, 21, 22, 36, 41, 43]",31,0,0,0,1,[],0.11316434363503845,0.39892011207190525,34.0
2022-05-04,v2_statistical,research-v2,"[4, 21, 22, 36, 41, 43]",31,0,0,1,2,[],0.11269441776117135,0.39470110024660865,28.166666666666668
2022-05-07,random,research-v2,"[7, 12, 21, 28, 40, 46]",34,1,1,2,2,[21],0.10745522694556507,0.3717761797424872,20.833333333333332
2022-05-07,ema_gap,research-v2,"[7, 12, 21, 28, 40, 46]",34,2,2,2,2,"[7, 12]",0.1041778345115153,0.356500821896112,19.166666666666668
2022-05-07,v2_statistical,research-v2,"[7, 12, 21, 28, 40, 46]",34,1,1,2,3,[7],0.1013550157228898,0.3448818913616339,16.833333333333332
2022-05-11,random,research-v2,"[5, 10, 12, 34, 36, 48]",27,0,0,0,1,[],0.10745522704312757,0.3717761801964554,31.333333333333332
2022-05-11,ema_gap,research-v2,"[5, 10, 12, 34, 36, 48]",27,1,1,2,3,[12],0.10653736573933083,0.3701538344141218,22.666666666666668
2022-05-11,v2_statistical,research-v2,"[5, 10, 12, 34, 36, 48]",27,1,1,2,4,[12],0.10577937784493427,0.36178982162272194,18.5
2022-05-14,random,research-v2,"[2, 14, 21, 27, 34, 49]",5,2,2,2,2,"[2, 27]",0.10745522695102883,0.3717761797679107,21.5
2022-05-14,ema_gap,research-v2,"[2, 14, 21, 27, 34, 49]",5,0,0,1,3,[],0.1087334117734951,0.3743436398623783,23.5
2022-05-14,v2_statistical,research-v2,"[2, 14, 21, 27, 34, 49]",5,0,0,2,4,[],0.10677156144398652,0.36638197222670243,20.0
2022-05-18,random,research-v2,"[14, 22, 24, 28, 42, 48]",23,0,0,0,1,[],0.10745522702237954,0.37177618009991276,27.833333333333332
2022-05-18,ema_gap,research-v2,"[14, 22, 24, 28, 42, 48]",23,1,1,2,3,[14],0.11008401166889385,0.38603700460448265,26.5
2022-05-18,v2_statistical,research-v2,"[14, 22, 24, 28, 42, 48]",23,1,1,1,1,[42],0.11505233774316168,0.4121243239873607,31.666666666666668
2022-05-21,random,research-v2,"[4, 5, 26, 33, 35, 44]",30,1,1,1,1,[33],0.10745522701483602,0.37177618006481195,26.5
2022-05-21,ema_gap,research-v2,"[4, 5, 26, 33, 35, 44]",30,0,0,2,2,[],0.10854954684067555,0.3743611842451683,24.5
2022-05-21,v2_statistical,research-v2,"[4, 5, 26, 33, 35, 44]",30,0,0,0,1,[],0.11147911747304018,0.38393197471900936,25.833333333333332
2022-05-25,random,research-v2,"[14, 15, 22, 35, 36, 47]",19,1,1,1,2,[47],0.10745522699531984,0.37177617997400114,25.5
2022-05-25,ema_gap,research-v2,"[14, 15, 22, 35, 36, 47]",19,1,1,3,3,[14],0.10666814773440882,0.3698297752682905,21.833333333333332
2022-05-25,v2_statistical,research-v2,"[14, 15, 22, 35, 36, 47]",19,0,0,1,1,[],0.111499654267206,0.38677445391201987,26.833333333333332
2022-05-28,random,research-v2,"[6, 13, 15, 29, 45, 48]",1,1,1,1,2,[6],0.1074552269905171,0.3717761799516536,24.333333333333332
2022-05-28,ema_gap,research-v2,"[6, 13, 15, 29, 45, 48]",1,0,0,1,1,[],0.11182824398418,0.3911640882710915,31.0
2022-05-28,v2_statistical,research-v2,"[6, 13, 15, 29, 45, 48]",1,1,1,1,1,[45],0.11241006813718078,0.3973750749452198,29.333333333333332
2022-06-01,random,research-v2,"[1, 15, 16, 19, 44, 48]",5,0,0,1,2,[],0.10745522702887886,0.3717761801301546,29.166666666666668
2022-06-01,ema_gap,research-v2,"[1, 15, 16, 19, 44, 48]",5,1,1,1,3,[15],0.10779043330628117,0.37328632243270965,24.0
2022-06-01,v2_statistical,research-v2,"[1, 15, 16, 19, 44, 48]",5,1,1,1,2,[15],0.10683503759598756,0.37224817982885877,24.0
2022-06-04,random,research-v2,"[14, 24, 32, 36, 37, 48]",17,2,2,3,4,"[24, 36]",0.10745522692088841,0.3717761796276643,18.166666666666668
2022-06-04,ema_gap,research-v2,"[14, 24, 32, 36, 37, 48]",17,2,2,3,3,"[14, 36]",0.10513145096131941,0.36407074787090105,21.666666666666668
2022-06-04,v2_statistical,research-v2,"[14, 24, 32, 36, 37, 48]",17,2,2,3,3,"[36, 48]",0.10699673896425849,0.3727411801190356,22.5
2022-06-08,random,research-v2,"[6, 22, 32, 39, 40, 46]",26,3,3,3,3,"[32, 39, 40]",0.1074552269147882,0.37177617959927933,16.166666666666668
2022-06-08,ema_gap,research-v2,"[6, 22, 32, 39, 40, 46]",26,0,0,0,0,[],0.11121094122963243,0.38564880693227244,28.333333333333332
2022-06-08,v2_statistical,research-v2,"[6, 22, 32, 39, 40, 46]",26,1,1,1,1,[40],0.11222813421216125,0.39334387019727424,28.833333333333332
2022-06-11,random,research-v2,"[14, 15, 22, 25, 32, 44]",45,2,2,3,3,"[14, 15]",0.10745522687279808,0.3717761794038951,13.5
2022-06-11,ema_gap,research-v2,"[14, 15, 22, 25, 32, 44]",45,2,2,3,4,"[14, 15]",0.10156066033958677,0.3484503170039197,15.666666666666666
2022-06-11,v2_statistical,research-v2,"[14, 15, 22, 25, 32, 44]",45,1,1,4,4,[15],0.10526383764495537,0.36428734854108097,19.0
2022-06-15,random,research-v2,"[3, 5, 9, 12, 16, 29]",32,1,1,2,3,[3],0.10745522690920599,0.37177617957330494,16.333333333333332
2022-06-15,ema_gap,research-v2,"[3, 5, 9, 12, 16, 29]",32,0,0,2,2,[],0.10665571312308149,0.364668384933893,18.833333333333332
2022-06-15,v2_statistical,research-v2,"[3, 5, 9, 12, 16, 29]",32,0,0,2,3,[],0.10815688496949724,0.3700073648235838,21.0
2022-06-18,random,research-v2,"[4, 6, 20, 21, 24, 44]",5,0,0,0,0,[],0.1074552270680835,0.371776180312578,34.5
2022-06-18,ema_gap,research-v2,"[4, 6, 20, 21, 24, 44]",5,1,1,1,1,[44],0.1111106408892393,0.38871378783201355,29.166666666666668
2022-06-18,v2_statistical,research-v2,"[4, 6, 20, 21, 24, 44]",5,0,0,0,1,[],0.11426861512510463,0.4046344169700218,31.5
2022-06-22,random,research-v2,"[7, 10, 11, 18, 27, 42]",25,0,0,0,2,[],0.10745522698365297,0.371776179919714,25.166666666666668
2022-06-22,ema_gap,research-v2,"[7, 10, 11, 18, 27, 42]",25,0,0,1,2,[],0.11119234953799094,0.38763460787358095,26.833333333333332
2022-06-22,v2_statistical,research-v2,"[7, 10, 11, 18, 27, 42]",25,1,1,1,2,[7],0.11131365352118261,0.39254543573527845,27.166666666666668
2022-06-25,random,research-v2,"[9, 14, 23, 36, 38, 44]",19,0,0,2,3,[],0.10745522697882956,0.37177617989727024,25.166666666666668
2022-06-25,ema_gap,research-v2,"[9, 14, 23, 36, 38, 44]",19,3,3,4,4,"[14, 36, 44]",0.10288223382405046,0.3557670216773967,18.833333333333332
2022-06-25,v2_statistical,research-v2,"[9, 14, 23, 36, 38, 44]",19,2,2,4,4,"[36, 44]",0.1021643250326857,0.351035783150124,17.0
2022-06-29,random,research-v2,"[6, 7, 16, 26, 31, 35]",13,2,2,3,3,"[6, 7]",0.10745522692670656,0.3717761796547365,19.0
2022-06-29,ema_gap,research-v2,"[6, 7, 16, 26, 31, 35]",13,1,1,2,3,[7],0.1070671558359163,0.3675608549931556,19.666666666666668
2022-06-29,v2_statistical,research-v2,"[6, 7, 16, 26, 31, 35]",13,1,1,1,1,[7],0.10683863751789212,0.36766884817054135,23.833333333333332
2022-07-02,random,research-v2,"[1, 4, 7, 33, 36, 47]",2,1,1,2,3,[33],0.10745522692778971,0.3717761796597767,18.833333333333332
2022-07-02,ema_gap,research-v2,"[1, 4, 7, 33, 36, 47]",2,2,2,2,2,"[7, 36]",0.10825803023284895,0.3783804548805362,27.333333333333332
2022-07-02,v2_statistical,research-v2,"[1, 4, 7, 33, 36, 47]",2,2,2,2,2,"[7, 36]",0.10633616158832067,0.3757489628416857,25.666666666666668
2022-07-06,random,research-v2,"[25, 33, 34, 35, 37, 46]",30,2,2,2,2,"[35, 46]",0.10745522694609685,0.3717761797449618,20.333333333333332
2022-07-06,ema_gap,research-v2,"[25, 33, 34, 35, 37, 46]",30,0,0,1,1,[],0.11144265365521303,0.3873712337568477,29.5
2022-07-06,v2_statistical,research-v2,"[25, 33, 34, 35, 37, 46]",30,0,0,1,2,[],0.11057523408418882,0.38141339898299903,27.333333333333332
2022-07-09,random,research-v2,"[8, 12, 21, 33, 34, 45]",23,1,1,1,2,[12],0.1074552270031314,0.3717761800103492,27.0
2022-07-09,ema_gap,research-v2,"[8, 12, 21, 33, 34, 45]",23,0,0,1,2,[],0.10931877084754583,0.3776079301245086,24.833333333333332
2022-07-09,v2_statistical,research-v2,"[8, 12, 21, 33, 34, 45]",23,0,0,0,3,[],0.10747032888963363,0.3651227954739076,20.0
2022-07-13,random,research-v2,"[13, 18, 19, 21, 35, 40]",29,0,0,0,0,[],0.10745522705316415,0.3717761802431565,30.666666666666668
2022-07-13,ema_gap,research-v2,"[13, 18, 19, 21, 35, 40]",29,1,1,2,2,[35],0.11010865067054737,0.38358397447124143,28.0
2022-07-13,v2_statistical,research-v2,"[13, 18, 19, 21, 35, 40]",29,0,0,1,2,[],0.1125282316782018,0.3984175055097485,28.833333333333332
2022-07-16,random,research-v2,"[8, 19, 23, 34, 37, 44]",21,2,2,2,3,"[19, 37]",0.10745522695139378,0.3717761797696087,20.5
2022-07-16,ema_gap,research-v2,"[8, 19, 23, 34, 37, 44]",21,1,1,1,1,[44],0.10685081873070754,0.3662845988974259,21.0
2022-07-16,v2_statistical,research-v2,"[8, 19, 23, 34, 37, 44]",21,1,1,1,2,[44],0.10626231560668524,0.3631546302453448,21.0
2022-07-20,random,research-v2,"[1, 15, 17, 25, 26, 40]",39,1,1,1,2,[26],0.10745522693762499,0.3717761797055412,21.0
2022-07-20,ema_gap,research-v2,"[1, 15, 17, 25, 26, 40]",39,0,0,1,1,[],0.1106856618674902,0.3871087797534526,27.833333333333332
2022-07-20,v2_statistical,research-v2,"[1, 15, 17, 25, 26, 40]",39,1,1,1,1,[40],0.11344053972973855,0.40282874451170886,31.666666666666668
2022-07-23,random,research-v2,"[6, 23, 24, 26, 39, 42]",21,2,2,2,2,"[24, 39]",0.10745522696637252,0.3717761798393064,22.833333333333332
2022-07-23,ema_gap,research-v2,"[6, 23, 24, 26, 39, 42]",21,0,0,1,2,[],0.10942809896965659,0.3794793474523045,25.333333333333332
2022-07-23,v2_statistical,research-v2,"[6, 23, 24, 26, 39, 42]",21,0,0,1,1,[],0.11393104345516834,0.4018089322665626,30.5
2022-07-27,random,research-v2,"[6, 19, 29, 42, 45, 49]",21,1,1,1,1,[29],0.10745522696828776,0.37177617984821815,22.666666666666668
2022-07-27,ema_gap,research-v2,"[6, 19, 29, 42, 45, 49]",21,0,0,2,3,[],0.10753738777603815,0.37044190512556996,23.333333333333332
2022-07-27,v2_statistical,research-v2,"[6, 19, 29, 42, 45, 49]",21,0,0,1,2,[],0.10735983827149129,0.36596863892327586,20.833333333333332
2022-07-30,random,research-v2,"[9, 21, 22, 27, 35, 47]",31,1,1,1,1,[35],0.10745522703036794,0.3717761801370836,29.833333333333332
2022-07-30,ema_gap,research-v2,"[9, 21, 22, 27, 35, 47]",31,0,0,2,2,[],0.10860756750426248,0.3760940023970997,25.666666666666668
2022-07-30,v2_statistical,research-v2,"[9, 21, 22, 27, 35, 47]",31,0,0,2,2,[],0.10836137686222665,0.37270939483821486,23.0
2022-08-03,random,research-v2,"[10, 15, 24, 27, 42, 46]",36,1,1,2,3,[42],0.10745522696670626,0.3717761798408593,23.0
2022-08-03,ema_gap,research-v2,"[10, 15, 24, 27, 42, 46]",36,1,1,2,2,[42],0.10676266025130002,0.36727425300742994,22.333333333333332
2022-08-03,v2_statistical,research-v2,"[10, 15, 24, 27, 42, 46]",36,1,1,2,3,[42],0.10712582817858966,0.37005040320466964,22.0
2022-08-06,random,research-v2,"[10, 18, 21, 31, 34, 48]",9,0,0,1,3,[],0.1074552270143389,0.37177618006249874,28.166666666666668
2022-08-06,ema_gap,research-v2,"[10, 18, 21, 31, 34, 48]",9,1,1,1,2,[21],0.10900451639532191,0.3769380394950391,25.333333333333332
2022-08-06,v2_statistical,research-v2,"[10, 18, 21, 31, 34, 48]",9,1,1,1,2,[21],0.10724796451869532,0.36803434796718165,21.333333333333332
2022-08-10,random,research-v2,"[8, 9, 36, 38, 44, 45]",29,0,0,1,2,[],0.10745522697522882,0.37177617988051564,23.666666666666668
2022-08-10,ema_gap,research-v2,"[8, 9, 36, 38, 44, 45]",29,1,1,2,3,[44],0.10606275828229438,0.364268256111992,19.833333333333332
2022-08-10,v2_statistical,research-v2,"[8, 9, 36, 38, 44, 45]",29,1,1,3,3,[44],0.10425226020028605,0.3555416415875711,17.666666666666668
2022-08-13,random,research-v2,"[5, 8, 13, 35, 37, 40]",3,0,0,1,1,[],0.10745522707928994,0.37177618036472254,34.333333333333336
2022-08-13,ema_gap,research-v2,"[5, 8, 13, 35, 37, 40]",3,1,1,2,2,[35],0.10746237172870472,0.3704670188157117,22.333333333333332
2022-08-13,v2_statistical,research-v2,"[5, 8, 13, 35, 37, 40]",3,1,1,2,3,[40],0.1073582733023345,0.3738918670403388,23.0
2022-08-17,random,research-v2,"[6, 7, 13, 30, 31, 43]",20,1,1,3,4,[31],0.1074552268809209,0.3717761794416914,14.0
2022-08-17,ema_gap,research-v2,"[6, 7, 13, 30, 31, 43]",20,0,0,2,2,[],0.11256008145993175,0.4001869810420577,30.833333333333332
2022-08-17,v2_statistical,research-v2,"[6, 7, 13, 30, 31, 43]",20,1,1,1,2,[7],0.11172656792569888,0.39745436056778927,28.166666666666668
2022-08-20,random,research-v2,"[1, 5, 11, 29, 40, 49]",22,0,0,0,0,[],0.10745522708636242,0.37177618039763144,34.333333333333336
2022-08-20,ema_gap,research-v2,"[1, 5, 11, 29, 40, 49]",22,0,0,1,2,[],0.11058494124264033,0.3841810520283853,28.166666666666668
2022-08-20,v2_statistical,research-v2,"[1, 5, 11, 29, 40, 49]",22,0,0,1,1,[],0.11431810113328637,0.4028979672395546,31.0
2022-08-24,random,research-v2,"[9, 15, 22, 24, 26, 41]",16,2,2,2,2,"[26, 41]",0.10745522701522614,0.3717761800666272,26.5
2022-08-24,ema_gap,research-v2,"[9, 15, 22, 24, 26, 41]",16,0,0,2,3,[],0.1082673409416432,0.3760597512725404,24.333333333333332
2022-08-24,v2_statistical,research-v2,"[9, 15, 22, 24, 26, 41]",16,1,1,1,2,[9],0.11134713804903908,0.39153912134420427,27.666666666666668
2022-08-27,random,research-v2,"[9, 12, 19, 20, 23, 28]",31,1,1,1,1,[12],0.10745522699265174,0.3717761799615864,26.333333333333332
2022-08-27,ema_gap,research-v2,"[9, 12, 19, 20, 23, 28]",31,1,1,1,1,[9],0.1109244356000275,0.39057719296349597,28.5
2022-08-27,v2_statistical,research-v2,"[9, 12, 19, 20, 23, 28]",31,1,1,1,2,[9],0.11154382036807745,0.39328389406327796,27.166666666666668
2022-08-31,random,research-v2,"[9, 18, 25, 33, 35, 41]",19,0,0,1,1,[],0.10745522705673832,0.37177618025978754,32.166666666666664
2022-08-31,ema_gap,research-v2,"[9, 18, 25, 33, 35, 41]",19,2,2,2,2,"[9, 35]",0.10688610280695365,0.37118367433495086,24.666666666666668
2022-08-31,v2_statistical,research-v2,"[9, 18, 25, 33, 35, 41]",19,1,1,2,2,[9],0.11050681306035043,0.38959772115705005,29.166666666666668
2022-09-03,random,research-v2,"[5, 8, 13, 21, 22, 46]",9,1,1,2,3,[22],0.10745522695900535,0.37177617980502614,21.666666666666668
2022-09-03,ema_gap,research-v2,"[5, 8, 13, 21, 22, 46]",9,0,0,1,3,[],0.10678999747727064,0.36563432247861466,21.333333333333332
2022-09-03,v2_statistical,research-v2,"[5, 8, 13, 21, 22, 46]",9,1,1,1,3,[21],0.10707776748558821,0.36695567681863395,21.166666666666668
2022-09-07,random,research-v2,"[11, 12, 13, 16, 29, 35]",7,2,2,3,3,"[11, 13]",0.1074552269415688,0.371776179723892,20.5
2022-09-07,ema_gap,research-v2,"[11, 12, 13, 16, 29, 35]",7,1,1,1,2,[35],0.10679593562807678,0.36809908700653365,22.5
2022-09-07,v2_statistical,research-v2,"[11, 12, 13, 16, 29, 35]",7,0,0,2,2,[],0.1113352108263477,0.3904863386232804,28.0
2022-09-10,random,research-v2,"[11, 15, 19, 29, 41, 49]",38,0,0,0,1,[],0.10745522703063665,0.3717761801383338,29.333333333333332
2022-09-10,ema_gap,research-v2,"[11, 15, 19, 29, 41, 49]",38,1,1,1,3,[15],0.10672187157215128,0.36540435924630904,21.0
2022-09-10,v2_statistical,research-v2,"[11, 15, 19, 29, 41, 49]",38,0,0,0,1,[],0.10952913732638675,0.3742864816400864,23.166666666666668
2022-09-14,random,research-v2,"[7, 8, 14, 22, 23, 39]",11,2,2,3,3,"[7, 23]",0.1074552269355968,0.371776179696104,19.0
2022-09-14,ema_gap,research-v2,"[7, 8, 14, 22, 23, 39]",11,1,1,2,3,[8],0.10774229215661166,0.37119772180721067,21.666666666666668
2022-09-14,v2_statistical,research-v2,"[7, 8, 14, 22, 23, 39]",11,0,0,1,2,[],0.10968640573440254,0.37881373717107386,24.0
2022-09-17,random,research-v2,"[3, 9, 15, 21, 33, 49]",13,1,1,1,2,[9],0.10745522701043239,0.3717761800443215,27.333333333333332
2022-09-17,ema_gap,research-v2,"[3, 9, 15, 21, 33, 49]",13,3,3,3,3,"[9, 15, 21]",0.1032663593486836,0.3548378302313689,17.333333333333332
2022-09-17,v2_statistical,research-v2,"[3, 9, 15, 21, 33, 49]",13,2,2,3,4,"[9, 21]",0.10028888502772139,0.34150830062655135,15.333333333333334
2022-09-21,random,research-v2,"[1, 26, 33, 37, 44, 49]",31,1,1,1,1,[44],0.10745522705593975,0.3717761802560717,31.5
2022-09-21,ema_gap,research-v2,"[1, 26, 33, 37, 44, 49]",31,0,0,1,4,[],0.10755102411131037,0.3687952363407194,20.833333333333332
2022-09-21,v2_statistical,research-v2,"[1, 26, 33, 37, 44, 49]",31,0,0,0,2,[],0.1117137670355578,0.3836559487777691,24.333333333333332
2022-09-24,random,research-v2,"[10, 13, 21, 37, 40, 41]",48,1,1,1,2,[37],0.1074552270366558,0.37177618016634173,30.666666666666668
2022-09-24,ema_gap,research-v2,"[10, 13, 21, 37, 40, 41]",48,1,1,1,2,[21],0.10672234353126309,0.3657506776008297,21.166666666666668
2022-09-24,v2_statistical,research-v2,"[10, 13, 21, 37, 40, 41]",48,1,1,2,2,[21],0.10824326516039953,0.3731988864654573,24.0
2022-09-28,random,research-v2,"[7, 10, 11, 24, 32, 40]",25,0,0,1,3,[],0.10745522698766904,0.3717761799384013,24.5
2022-09-28,ema_gap,research-v2,"[7, 10, 11, 24, 32, 40]",25,0,0,2,2,[],0.10842690721522208,0.374716988615535,23.5
2022-09-28,v2_statistical,research-v2,"[7, 10, 11, 24, 32, 40]",25,2,2,2,3,"[7, 40]",0.10688467698068818,0.36839058939151675,21.5
2022-10-01,random,research-v2,"[4, 19, 21, 24, 25, 36]",9,1,1,1,2,[25],0.10745522694618749,0.37177617974538346,20.0
2022-10-01,ema_gap,research-v2,"[4, 19, 21, 24, 25, 36]",9,1,1,1,1,[21],0.1079397462596413,0.3742331240662264,25.166666666666668
2022-10-01,v2_statistical,research-v2,"[4, 19, 21, 24, 25, 36]",9,1,1,1,1,[21],0.10991481191824752,0.38178221513335914,26.166666666666668
2022-10-05,random,research-v2,"[3, 6, 10, 19, 28, 31]",2,2,2,2,2,"[3, 19]",0.10745522700829255,0.37177618003436447,27.166666666666668
2022-10-05,ema_gap,research-v2,"[3, 6, 10, 19, 28, 31]",2,0,0,1,2,[],0.10990793279026341,0.38156740086846186,27.833333333333332
2022-10-05,v2_statistical,research-v2,"[3, 6, 10, 19, 28, 31]",2,0,0,1,2,[],0.11045403367035286,0.38388057728274183,25.333333333333332
2022-10-08,random,research-v2,"[1, 5, 21, 35, 37, 41]",6,0,0,1,3,[],0.1074552269721977,0.3717761798664116,22.833333333333332
2022-10-08,ema_gap,research-v2,"[1, 5, 21, 35, 37, 41]",6,2,2,2,3,"[21, 35]",0.10314957441175866,0.3520986782952138,17.5
2022-10-08,v2_statistical,research-v2,"[1, 5, 21, 35, 37, 41]",6,1,1,2,2,[21],0.1066770985446678,0.36748625588873546,23.0
2022-10-12,random,research-v2,"[8, 10, 25, 36, 38, 41]",42,1,1,2,2,[36],0.10745522703846254,0.37177618017474834,29.5
2022-10-12,ema_gap,research-v2,"[8, 10, 25, 36, 38, 41]",42,0,0,2,4,[],0.10715041802736593,0.36863034981416526,20.5
2022-10-12,v2_statistical,research-v2,"[8, 10, 25, 36, 38, 41]",42,0,0,0,1,[],0.11094146817714787,0.38436459750112245,26.333333333333332
2022-10-15,random,research-v2,"[7, 9, 12, 33, 35, 36]",6,0,0,2,4,[],0.10745522693065403,0.37177617967310495,19.833333333333332
2022-10-15,ema_gap,research-v2,"[7, 9, 12, 33, 35, 36]",6,2,2,4,5,"[9, 35]",0.10095698258635906,0.34142753578353074,10.833333333333334
2022-10-15,v2_statistical,research-v2,"[7, 9, 12, 33, 35, 36]",6,2,2,4,4,"[7, 9]",0.10081819650218346,0.3388224681463955,11.666666666666666
2022-10-19,random,research-v2,"[4, 15, 30, 35, 42, 43]",24,0,0,2,2,[],0.10745522697485883,0.371776179878794,22.5
2022-10-19,ema_gap,research-v2,"[4, 15, 30, 35, 42, 43]",24,1,1,2,2,[35],0.10972573238969272,0.38608030202946964,28.333333333333332
2022-10-19,v2_statistical,research-v2,"[4, 15, 30, 35, 42, 43]",24,1,1,1,1,[35],0.112928496718312,0.39939937818578947,29.333333333333332
2022-10-22,random,research-v2,"[2, 17, 24, 36, 40, 49]",30,0,0,0,2,[],0.10745522703471812,0.37177618015732533,29.833333333333332
2022-10-22,ema_gap,research-v2,"[2, 17, 24, 36, 40, 49]",30,1,1,1,3,[36],0.11043971501092394,0.389896612828062,26.166666666666668
2022-10-22,v2_statistical,research-v2,"[2, 17, 24, 36, 40, 49]",30,2,2,2,3,"[36, 40]",0.10814826477445968,0.38836343228147663,24.0
2022-10-26,random,research-v2,"[10, 15, 23, 38, 39, 45]",37,0,0,2,3,[],0.10745522697061669,0.3717761798590549,23.0
2022-10-26,ema_gap,research-v2,"[10, 15, 23, 38, 39, 45]",37,1,1,2,2,[15],0.10989946582980932,0.3835880415358946,27.5
2022-10-26,v2_statistical,research-v2,"[10, 15, 23, 38, 39, 45]",37,0,0,2,2,[],0.11015588113656741,0.3823320476071272,25.333333333333332
2022-10-29,random,research-v2,"[9, 13, 20, 26, 28, 40]",44,2,2,3,3,"[26, 40]",0.10745522693093261,0.37177617967440074,18.833333333333332
2022-10-29,ema_gap,research-v2,"[9, 13, 20, 26, 28, 40]",44,1,1,2,2,[9],0.10835673871636876,0.376955373158778,23.833333333333332
2022-10-29,v2_statistical,research-v2,"[9, 13, 20, 26, 28, 40]",44,2,2,2,3,"[9, 40]",0.10764180132959456,0.37598352285988784,24.833333333333332
2022-11-02,random,research-v2,"[19, 25, 38, 40, 47, 48]",20,0,0,0,3,[],0.10745522693842735,0.3717761797092746,19.0
2022-11-02,ema_gap,research-v2,"[19, 25, 38, 40, 47, 48]",20,1,1,2,2,[40],0.11022897690501676,0.3865507945795254,28.0
2022-11-02,v2_statistical,research-v2,"[19, 25, 38, 40, 47, 48]",20,1,1,2,2,[40],0.10830561606109203,0.38040988984024443,26.166666666666668
2022-11-05,random,research-v2,"[2, 20, 31, 40, 48, 49]",44,1,1,2,3,[2],0.10745522691142892,0.3717761795836482,18.0
2022-11-05,ema_gap,research-v2,"[2, 20, 31, 40, 48, 49]",44,1,1,2,2,[40],0.10907038901636733,0.3810838751318234,27.333333333333332
2022-11-05,v2_statistical,research-v2,"[2, 20, 31, 40, 48, 49]",44,1,1,2,3,[40],0.10710736669102416,0.3761281135671016,23.166666666666668
2022-11-09,random,research-v2,"[21, 23, 30, 34, 41, 49]",13,1,1,1,2,[49],0.10745522701555642,0.3717761800681641,27.833333333333332
2022-11-09,ema_gap,research-v2,"[21, 23, 30, 34, 41, 49]",13,1,1,2,3,[21],0.1079733961703003,0.3753666499825585,24.166666666666668
2022-11-09,v2_statistical,research-v2,"[21, 23, 30, 34, 41, 49]",13,0,0,2,4,[],0.10878985985678041,0.3734221604442666,20.5
2022-11-12,random,research-v2,"[1, 20, 24, 32, 36, 37]",5,1,1,2,2,[32],0.10745522703605327,0.3717761801635378,29.333333333333332
2022-11-12,ema_gap,research-v2,"[1, 20, 24, 32, 36, 37]",5,0,0,1,1,[],0.11010830114124748,0.3822337700886623,26.666666666666668
2022-11-12,v2_statistical,research-v2,"[1, 20, 24, 32, 36, 37]",5,1,1,1,1,[36],0.11294138418133054,0.3948977516748348,28.5
2022-11-16,random,research-v2,"[4, 6, 12, 20, 41, 44]",31,0,0,0,2,[],0.10745522696442086,0.3717761798302251,23.833333333333332
2022-11-16,ema_gap,research-v2,"[4, 6, 12, 20, 41, 44]",31,0,0,1,1,[],0.10995013961802914,0.3797762944840113,25.0
2022-11-16,v2_statistical,research-v2,"[4, 6, 12, 20, 41, 44]",31,0,0,0,3,[],0.11167710294130427,0.383405405843471,24.666666666666668
2022-11-19,random,research-v2,"[12, 16, 21, 32, 38, 45]",15,0,0,2,3,[],0.10745522698353771,0.37177617991917766,24.333333333333332
2022-11-19,ema_gap,research-v2,"[12, 16, 21, 32, 38, 45]",15,1,1,2,2,[21],0.10851800585154976,0.377477087386963,26.0
2022-11-19,v2_statistical,research-v2,"[12, 16, 21, 32, 38, 45]",15,1,1,1,3,[21],0.1083853428761835,0.37483996849601703,23.166666666666668
2022-11-23,random,research-v2,"[3, 14, 19, 20, 28, 47]",37,0,0,1,2,[],0.10745522701775238,0.371776180078382,28.166666666666668
2022-11-23,ema_gap,research-v2,"[3, 14, 19, 20, 28, 47]",37,0,0,1,1,[],0.11280840575049508,0.395744229031478,31.833333333333332
2022-11-23,v2_statistical,research-v2,"[3, 14, 19, 20, 28, 47]",37,0,0,1,1,[],0.11537668471874744,0.40870105253518757,32.333333333333336
2022-11-26,random,research-v2,"[18, 26, 32, 37, 42, 43]",10,1,1,2,3,[26],0.10745522698575609,0.3717761799295,24.0
2022-11-26,ema_gap,research-v2,"[18, 26, 32, 37, 42, 43]",10,0,0,1,1,[],0.11262644224511985,0.3954419351860668,31.166666666666668
2022-11-26,v2_statistical,research-v2,"[18, 26, 32, 37, 42, 43]",10,0,0,0,1,[],0.11467385780146727,0.4012054807072331,28.833333333333332
2022-11-30,random,research-v2,"[4, 11, 16, 19, 27, 35]",25,0,0,0,1,[],0.1074552270291147,0.37177618013125213,28.333333333333332
2022-11-30,ema_gap,research-v2,"[4, 11, 16, 19, 27, 35]",25,2,2,2,2,"[19, 35]",0.10973308738051221,0.3844156390174275,27.833333333333332
2022-11-30,v2_statistical,research-v2,"[4, 11, 16, 19, 27, 35]",25,1,1,2,2,[19],0.11185130013181298,0.3967176193950832,28.833333333333332
2022-12-03,random,research-v2,"[4, 18, 26, 36, 41, 42]",32,1,1,4,5,[26],0.1074552268411218,0.3717761792565022,12.0
2022-12-03,ema_gap,research-v2,"[4, 18, 26, 36, 41, 42]",32,1,1,3,4,[36],0.10511509239549197,0.3589906333155558,16.5
2022-12-03,v2_statistical,research-v2,"[4, 18, 26, 36, 41, 42]",32,1,1,3,3,[36],0.10620420746699673,0.3653078403317532,20.833333333333332
2022-12-07,random,research-v2,"[22, 23, 38, 41, 44, 48]",8,2,2,3,3,"[22, 44]",0.10745522695974649,0.3717761798084749,22.0
2022-12-07,ema_gap,research-v2,"[22, 23, 38, 41, 44, 48]",8,1,1,1,1,[41],0.10912567644034898,0.37805856207345506,25.166666666666668
2022-12-07,v2_statistical,research-v2,"[22, 23, 38, 41, 44, 48]",8,0,0,0,2,[],0.11199487130738792,0.38544074422636454,25.0
2022-12-10,random,research-v2,"[10, 14, 20, 35, 37, 40]",48,0,0,0,2,[],0.10745522698486842,0.37177617992536977,24.666666666666668
2022-12-10,ema_gap,research-v2,"[10, 14, 20, 35, 37, 40]",48,2,2,3,4,"[35, 40]",0.10278680926566709,0.3496888744318655,14.0
2022-12-10,v2_statistical,research-v2,"[10, 14, 20, 35, 37, 40]",48,2,2,2,3,"[35, 40]",0.103248816830709,0.3515658165833951,17.5
2022-12-14,random,research-v2,"[9, 21, 34, 37, 41, 44]",24,2,2,3,3,"[9, 34]",0.10745522696163845,0.37177617981727823,22.0
2022-12-14,ema_gap,research-v2,"[9, 21, 34, 37, 41, 44]",24,2,2,4,5,"[21, 41]",0.10126526969049654,0.3446422713459233,13.166666666666666
2022-12-14,v2_statistical,research-v2,"[9, 21, 34, 37, 41, 44]",24,2,2,4,6,"[21, 41]",0.1003882718500051,0.33583987609612065,10.666666666666666
2022-12-17,random,research-v2,"[11, 18, 20, 23, 29, 42]",6,1,1,2,3,[20],0.10745522693948877,0.3717761797142137,20.0
2022-12-17,ema_gap,research-v2,"[11, 18, 20, 23, 29, 42]",6,0,0,1,3,[],0.11002210632331257,0.3806347178249733,24.0
2022-12-17,v2_statistical,research-v2,"[11, 18, 20, 23, 29, 42]",6,0,0,0,1,[],0.11390116353574076,0.39676311754770494,28.0
2022-12-21,random,research-v2,"[29, 34, 37, 38, 42, 49]",41,2,2,3,3,"[34, 38]",0.10745522698431102,0.37177617992277606,23.833333333333332
2022-12-21,ema_gap,research-v2,"[29, 34, 37, 38, 42, 49]",41,1,1,2,3,[37],0.10552299632049753,0.3603790680550278,17.666666666666668
2022-12-21,v2_statistical,research-v2,"[29, 34, 37, 38, 42, 49]",41,0,0,3,4,[],0.10351638089550963,0.3480569972308265,15.166666666666666
2022-12-24,random,research-v2,"[10, 11, 21, 22, 24, 30]",32,1,1,2,3,[10],0.10745522698777511,0.37177617993889484,24.833333333333332
2022-12-24,ema_gap,research-v2,"[10, 11, 21, 22, 24, 30]",32,1,1,1,3,[21],0.10756925718472322,0.3725431190126654,22.666666666666668
2022-12-24,v2_statistical,research-v2,"[10, 11, 21, 22, 24, 30]",32,1,1,1,2,[21],0.1103306170295819,0.38596092643911656,25.5
2023-01-04,random,research-v2,"[4, 17, 21, 22, 31, 38]",46,0,0,1,1,[],0.10745522708125682,0.37177618037387444,34.0
2023-01-04,ema_gap,research-v2,"[4, 17, 21, 22, 31, 38]",46,1,1,1,2,[21],0.10765934341093597,0.3764098513659768,25.333333333333332
2023-01-04,v2_statistical,research-v2,"[4, 17, 21, 22, 31, 38]",46,1,1,1,2,[21],0.10894386373636215,0.38402438425207924,23.333333333333332
2023-01-07,random,research-v2,"[5, 6, 14, 16, 45, 48]",18,0,0,1,2,[],0.10745522700391787,0.3717761800140087,27.5
2023-01-07,ema_gap,research-v2,"[5, 6, 14, 16, 45, 48]",18,0,0,0,0,[],0.11366041859375137,0.39803179033209996,32.666666666666664
2023-01-07,v2_statistical,research-v2,"[5, 6, 14, 16, 45, 48]",18,0,0,0,0,[],0.11798604388382669,0.4170174814224372,34.166666666666664
2023-01-11,random,research-v2,"[13, 17, 22, 30, 31, 47]",7,1,1,2,2,[22],0.10745522698191826,0.37177617991164225,24.166666666666668
2023-01-11,ema_gap,research-v2,"[13, 17, 22, 30, 31, 47]",7,0,0,0,1,[],0.11469120386973004,0.4058684005670905,36.166666666666664
2023-01-11,v2_statistical,research-v2,"[13, 17, 22, 30, 31, 47]",7,0,0,0,0,[],0.1200188661311538,0.43062240600346346,36.666666666666664
2023-01-14,random,research-v2,"[1, 10, 11, 13, 29, 37]",47,1,1,2,3,[1],0.10745522694009815,0.3717761797170491,20.166666666666668
2023-01-14,ema_gap,research-v2,"[1, 10, 11, 13, 29, 37]",47,1,1,2,3,[37],0.10630717944740156,0.3653531473782088,20.666666666666668
2023-01-14,v2_statistical,research-v2,"[1, 10, 11, 13, 29, 37]",47,1,1,1,2,[37],0.11207544740346288,0.39092373114888135,26.833333333333332
2023-01-18,random,research-v2,"[6, 13, 25, 31, 41, 47]",46,1,1,1,3,[25],0.10745522697865209,0.37177617989644435,24.166666666666668
2023-01-18,ema_gap,research-v2,"[6, 13, 25, 31, 41, 47]",46,1,1,1,2,[41],0.10879660415083911,0.3763320629445228,25.0
2023-01-18,v2_statistical,research-v2,"[6, 13, 25, 31, 41, 47]",46,1,1,1,2,[41],0.11154788286581438,0.38853573177951994,27.166666666666668
2023-01-21,random,research-v2,"[8, 11, 27, 35, 38, 45]",48,2,2,3,5,"[8, 27]",0.10745522687319344,0.3717761794057347,13.0
2023-01-21,ema_gap,research-v2,"[8, 11, 27, 35, 38, 45]",48,1,1,3,3,[35],0.10885045366735865,0.3777994557627793,24.166666666666668
2023-01-21,v2_statistical,research-v2,"[8, 11, 27, 35, 38, 45]",48,0,0,1,4,[],0.10779045992859472,0.3658531751871789,18.833333333333332
2023-01-25,random,research-v2,"[5, 13, 24, 33, 35, 41]",43,2,2,2,2,"[24, 41]",0.10745522701663343,0.3717761800731755,27.333333333333332
2023-01-25,ema_gap,research-v2,"[5, 13, 24, 33, 35, 41]",43,2,2,3,3,"[35, 41]",0.1042538674350272,0.3589524535470258,19.833333333333332
2023-01-25,v2_statistical,research-v2,"[5, 13, 24, 33, 35, 41]",43,2,2,2,2,"[35, 41]",0.10901588784668999,0.37845058011447896,23.833333333333332
2023-01-28,random,research-v2,"[5, 12, 15, 26, 46, 48]",17,1,1,1,1,[12],0.10745522700305213,0.3717761800099803,26.833333333333332
2023-01-28,ema_gap,research-v2,"[5, 12, 15, 26, 46, 48]",17,0,0,0,0,[],0.11297382350230625,0.39667736733556325,31.833333333333332
2023-01-28,v2_statistical,research-v2,"[5, 12, 15, 26, 46, 48]",17,0,0,0,0,[],0.11604809225661922,0.40459044998831106,30.833333333333332
2023-02-01,random,research-v2,"[8, 22, 23, 24, 34, 38]",41,0,0,0,0,[],0.1074552270966149,0.3717761804453373,35.666666666666664
2023-02-01,ema_gap,research-v2,"[8, 22, 23, 24, 34, 38]",41,0,0,1,3,[],0.1076790513169173,0.3695893833295694,22.5
2023-02-01,v2_statistical,research-v2,"[8, 22, 23, 24, 34, 38]",41,1,1,1,3,[38],0.10609903331069045,0.3612482162959247,20.833333333333332
2023-02-04,random,research-v2,"[11, 13, 29, 31, 42, 47]",17,2,2,3,5,"[42, 47]",0.10745522686966971,0.3717761793893384,13.166666666666666
2023-02-04,ema_gap,research-v2,"[11, 13, 29, 31, 42, 47]",17,0,0,2,3,[],0.10662028512709215,0.3651570641416652,20.166666666666668
2023-02-04,v2_statistical,research-v2,"[11, 13, 29, 31, 42, 47]",17,0,0,1,2,[],0.10921915297377477,0.3729160530191002,22.833333333333332
2023-02-08,random,research-v2,"[6, 12, 19, 24, 38, 47]",27,0,0,1,3,[],0.10745522696387326,0.371776179827677,21.166666666666668
2023-02-08,ema_gap,research-v2,"[6, 12, 19, 24, 38, 47]",27,1,1,2,2,[38],0.10569977045932664,0.3609252890950714,18.833333333333332
2023-02-08,v2_statistical,research-v2,"[6, 12, 19, 24, 38, 47]",27,1,1,1,3,[38],0.10613589624391036,0.36034185896726045,19.666666666666668
2023-02-11,random,research-v2,"[4, 17, 21, 27, 32, 42]",30,0,0,1,2,[],0.10745522701779806,0.3717761800785944,26.833333333333332
2023-02-11,ema_gap,research-v2,"[4, 17, 21, 27, 32, 42]",30,1,1,2,2,[21],0.10991745623487643,0.38438164159090044,28.0
2023-02-11,v2_statistical,research-v2,"[4, 17, 21, 27, 32, 42]",30,1,1,1,1,[21],0.10998097678540103,0.3855791919363914,27.0
2023-02-15,random,research-v2,"[1, 3, 8, 37, 41, 43]",16,1,1,2,2,[3],0.10745522696923442,0.37177617985262307,23.666666666666668
2023-02-15,ema_gap,research-v2,"[1, 3, 8, 37, 41, 43]",16,1,1,2,2,[41],0.10975417724052688,0.3861323052326613,28.166666666666668
2023-02-15,v2_statistical,research-v2,"[1, 3, 8, 37, 41, 43]",16,1,1,1,2,[41],0.1127697634116715,0.39824106453719216,28.0
2023-02-18,random,research-v2,"[3, 5, 7, 10, 26, 39]",22,0,0,1,1,[],0.10745522704447315,0.3717761802027163,31.5
2023-02-18,ema_gap,research-v2,"[3, 5, 7, 10, 26, 39]",22,0,0,0,1,[],0.11326799200282138,0.40007672460511584,32.166666666666664
2023-02-18,v2_statistical,research-v2,"[3, 5, 7, 10, 26, 39]",22,0,0,0,0,[],0.11753884242426917,0.4175916393447157,35.5
2023-02-22,random,research-v2,"[3, 19, 24, 25, 27, 43]",34,0,0,0,1,[],0.10745522704037395,0.3717761801836425,31.333333333333332
2023-02-22,ema_gap,research-v2,"[3, 19, 24, 25, 27, 43]",34,0,0,1,2,[],0.11089570436551142,0.3862806265305614,29.5
2023-02-22,v2_statistical,research-v2,"[3, 19, 24, 25, 27, 43]",34,0,0,0,1,[],0.11419385553043052,0.39738260760828187,30.0
2023-02-25,random,research-v2,"[2, 23, 24, 25, 39, 40]",21,2,2,2,3,"[23, 24]",0.10745522694762594,0.3717761797520765,20.166666666666668
2023-02-25,ema_gap,research-v2,"[2, 23, 24, 25, 39, 40]",21,1,1,1,1,[24],0.11121896203561925,0.39271363102040463,28.666666666666668
2023-02-25,v2_statistical,research-v2,"[2, 23, 24, 25, 39, 40]",21,0,0,1,2,[],0.11474510738602653,0.40993931127558325,28.833333333333332
2023-03-01,random,research-v2,"[3, 8, 10, 14, 34, 35]",44,2,2,3,4,"[34, 35]",0.10745522690123806,0.3717761795362291,16.0
2023-03-01,ema_gap,research-v2,"[3, 8, 10, 14, 34, 35]",44,1,1,2,3,[35],0.10716576640166807,0.36836192613651086,21.333333333333332
2023-03-01,v2_statistical,research-v2,"[3, 8, 10, 14, 34, 35]",44,0,0,2,4,[],0.10760926096088948,0.3697805531599212,19.333333333333332
2023-03-04,random,research-v2,"[3, 9, 19, 22, 37, 43]",27,0,0,2,2,[],0.10745522696699981,0.3717761798422252,24.0
2023-03-04,ema_gap,research-v2,"[3, 9, 19, 22, 37, 43]",27,1,1,2,4,[37],0.10646472345100935,0.36543807932812217,20.0
2023-03-04,v2_statistical,research-v2,"[3, 9, 19, 22, 37, 43]",27,0,0,1,2,[],0.1085351906859957,0.36970169780004036,22.0
2023-03-08,random,research-v2,"[6, 9, 25, 34, 36, 43]",38,0,0,1,2,[],0.10745522697709999,0.37177617988922235,23.333333333333332
2023-03-08,ema_gap,research-v2,"[6, 9, 25, 34, 36, 43]",38,0,0,0,1,[],0.10967187406859072,0.37805616822458293,24.166666666666668
2023-03-08,v2_statistical,research-v2,"[6, 9, 25, 34, 36, 43]",38,0,0,1,2,[],0.10883478349546961,0.3719151391647102,22.0
2023-03-11,random,research-v2,"[6, 13, 21, 29, 33, 49]",22,0,0,0,2,[],0.10745522701256435,0.3717761800542416,28.5
2023-03-11,ema_gap,research-v2,"[6, 13, 21, 29, 33, 49]",22,1,1,2,3,[21],0.10789849795782522,0.37297977125896786,23.666666666666668
2023-03-11,v2_statistical,research-v2,"[6, 13, 21, 29, 33, 49]",22,1,1,1,2,[21],0.10744391181565013,0.3717075786274979,23.5
2023-03-15,random,research-v2,"[4, 9, 26, 27, 28, 33]",30,0,0,2,2,[],0.10745522698555453,0.37177617992856216,23.5
2023-03-15,ema_gap,research-v2,"[4, 9, 26, 27, 28, 33]",30,0,0,1,1,[],0.11174157675420138,0.39148396723139567,30.0
2023-03-15,v2_statistical,research-v2,"[4, 9, 26, 27, 28, 33]",30,1,1,1,1,[9],0.11198422805135368,0.3931651143372048,28.166666666666668
2023-03-18,random,research-v2,"[4, 7, 8, 15, 34, 45]",1,0,0,0,2,[],0.10745522695327542,0.3717761797783643,21.833333333333332
2023-03-18,ema_gap,research-v2,"[4, 7, 8, 15, 34, 45]",1,0,0,0,1,[],0.11073537136676018,0.3850622916502525,27.833333333333332
2023-03-18,v2_statistical,research-v2,"[4, 7, 8, 15, 34, 45]",1,0,0,1,1,[],0.10939189804739274,0.37294400664309324,23.333333333333332
2023-03-22,random,research-v2,"[2, 7, 9, 11, 39, 41]",48,1,1,2,3,[11],0.1074552269699917,0.3717761798561467,22.833333333333332
2023-03-22,ema_gap,research-v2,"[2, 7, 9, 11, 39, 41]",48,2,2,2,2,"[9, 41]",0.10870786555145914,0.3792435727732129,25.5
2023-03-22,v2_statistical,research-v2,"[2, 7, 9, 11, 39, 41]",48,1,1,2,2,[9],0.11117057476927111,0.39612882078204004,26.833333333333332
2023-03-25,random,research-v2,"[11, 12, 13, 16, 22, 28]",27,1,1,2,2,[12],0.10745522693781251,0.37177617970641397,18.333333333333332
2023-03-25,ema_gap,research-v2,"[11, 12, 13, 16, 22, 28]",27,0,0,2,3,[],0.10937641040124949,0.3810858170243345,25.333333333333332
2023-03-25,v2_statistical,research-v2,"[11, 12, 13, 16, 22, 28]",27,0,0,0,1,[],0.11421599560489919,0.40090271721727383,29.5
2023-03-29,random,research-v2,"[9, 10, 12, 17, 30, 45]",44,1,1,2,2,[9],0.10745522698223552,0.3717761799131184,24.5
2023-03-29,ema_gap,research-v2,"[9, 10, 12, 17, 30, 45]",44,1,1,2,3,[9],0.10958819387962196,0.3852662419536753,26.5
2023-03-29,v2_statistical,research-v2,"[9, 10, 12, 17, 30, 45]",44,1,1,1,2,[9],0.11126083111940523,0.3952942877218518,26.833333333333332
2023-04-01,random,research-v2,"[5, 11, 23, 31, 45, 49]",6,1,1,1,2,[49],0.10745522700361165,0.37177618001258383,27.666666666666668
2023-04-01,ema_gap,research-v2,"[5, 11, 23, 31, 45, 49]",6,1,1,1,1,[11],0.10887408510197145,0.3761692727599754,25.0
2023-04-01,v2_statistical,research-v2,"[5, 11, 23, 31, 45, 49]",6,0,0,2,2,[],0.10864491107620441,0.3743682555821794,23.166666666666668
2023-04-05,random,research-v2,"[10, 17, 21, 22, 41, 42]",3,0,0,0,1,[],0.10745522704384095,0.3717761801997748,30.833333333333332
2023-04-05,ema_gap,research-v2,"[10, 17, 21, 22, 41, 42]",3,3,3,4,4,"[10, 21, 41]",0.10245757540889358,0.34973275180268226,14.333333333333334
2023-04-05,v2_statistical,research-v2,"[10, 17, 21, 22, 41, 42]",3,3,3,3,4,"[10, 21, 41]",0.10069647235823118,0.34345692248381765,15.166666666666666
2023-04-08,random,research-v2,"[8, 13, 16, 27, 31, 46]",41,3,3,3,4,"[8, 16, 27]",0.10745522692816613,0.3717761796615282,18.333333333333332
2023-04-08,ema_gap,research-v2,"[8, 13, 16, 27, 31, 46]",41,0,0,1,2,[],0.11074244941851874,0.3874665998733354,27.833333333333332
2023-04-08,v2_statistical,research-v2,"[8, 13, 16, 27, 31, 46]",41,0,0,2,3,[],0.10984860596767745,0.37948138904987117,22.5
2023-04-12,random,research-v2,"[9, 10, 19, 23, 32, 37]",46,0,0,0,1,[],0.10745522705788198,0.37177618026510906,32.0
2023-04-12,ema_gap,research-v2,"[9, 10, 19, 23, 32, 37]",46,2,2,3,5,"[9, 10]",0.10359360521314828,0.35530720466415594,16.166666666666668
2023-04-12,v2_statistical,research-v2,"[9, 10, 19, 23, 32, 37]",46,2,2,2,3,"[9, 10]",0.1025532405219621,0.35187855244913,18.0
2023-04-15,random,research-v2,"[1, 20, 30, 35, 36, 44]",48,1,1,1,2,[44],0.10745522698031967,0.3717761799042038,25.666666666666668
2023-04-15,ema_gap,research-v2,"[1, 20, 30, 35, 36, 44]",48,0,0,0,1,[],0.115880883783214,0.41296490193849594,38.5
2023-04-15,v2_statistical,research-v2,"[1, 20, 30, 35, 36, 44]",48,0,0,0,1,[],0.11784961022176249,0.4237871592893789,35.0
2023-04-19,random,research-v2,"[1, 6, 13, 17, 43, 44]",28,0,0,2,2,[],0.10745522698930178,0.3717761799459985,24.333333333333332
2023-04-19,ema_gap,research-v2,"[1, 6, 13, 17, 43, 44]",28,1,1,1,1,[13],0.11008357070772654,0.3823124708090497,28.166666666666668
2023-04-19,v2_statistical,research-v2,"[1, 6, 13, 17, 43, 44]",28,0,0,0,0,[],0.11627944849169147,0.4115034163471527,34.0
2023-04-22,random,research-v2,"[4, 8, 21, 38, 46, 49]",36,0,0,0,1,[],0.10745522706666988,0.37177618030600007,32.666666666666664
2023-04-22,ema_gap,research-v2,"[4, 8, 21, 38, 46, 49]",36,1,1,2,2,[21],0.10804032499274978,0.3736717412300647,24.0
2023-04-22,v2_statistical,research-v2,"[4, 8, 21, 38, 46, 49]",36,1,1,2,3,[21],0.10644784295167553,0.3634123395795764,20.166666666666668
2023-04-26,random,research-v2,"[5, 9, 25, 29, 39, 48]",22,2,2,3,3,"[25, 48]",0.10745522694873236,0.3717761797572248,22.5
2023-04-26,ema_gap,research-v2,"[5, 9, 25, 29, 39, 48]",22,1,1,1,1,[9],0.11133393129052505,0.39196597336798816,31.666666666666668
2023-04-26,v2_statistical,research-v2,"[5, 9, 25, 29, 39, 48]",22,1,1,1,1,[9],0.11372821097710104,0.40629657824115334,32.166666666666664
2023-04-29,random,research-v2,"[6, 11, 28, 29, 39, 43]",34,0,0,0,1,[],0.10745522704908175,0.3717761802241608,32.0
2023-04-29,ema_gap,research-v2,"[6, 11, 28, 29, 39, 43]",34,0,0,2,2,[],0.10920006780446306,0.37779125580550427,24.166666666666668
2023-04-29,v2_statistical,research-v2,"[6, 11, 28, 29, 39, 43]",34,0,0,0,1,[],0.11578589261019104,0.40559959066365686,31.0
2023-05-03,random,research-v2,"[7, 15, 21, 34, 46, 48]",16,2,2,2,4,"[34, 46]",0.10745522688668235,0.37177617946849995,14.333333333333334
2023-05-03,ema_gap,research-v2,"[7, 15, 21, 34, 46, 48]",16,1,1,1,1,[21],0.11066738190404325,0.3870956571821184,31.5
2023-05-03,v2_statistical,research-v2,"[7, 15, 21, 34, 46, 48]",16,2,2,2,2,"[21, 34]",0.1073130911804345,0.3767592880084223,26.666666666666668
2023-05-06,random,research-v2,"[3, 19, 23, 30, 37, 42]",1,2,2,2,4,"[23, 37]",0.1074552269062974,0.37177617955977077,17.0
2023-05-06,ema_gap,research-v2,"[3, 19, 23, 30, 37, 42]",1,0,0,1,2,[],0.10960955512911098,0.37902764056925264,25.166666666666668
2023-05-06,v2_statistical,research-v2,"[3, 19, 23, 30, 37, 42]",1,1,1,1,2,[37],0.11224254822694836,0.3905397126215495,26.666666666666668
2023-05-10,random,research-v2,"[27, 34, 36, 41, 44, 47]",38,0,0,0,1,[],0.10745522702611558,0.37177618011729685,28.333333333333332
2023-05-10,ema_gap,research-v2,"[27, 34, 36, 41, 44, 47]",38,0,0,1,2,[],0.1108961561934894,0.3867508098526124,28.333333333333332
2023-05-10,v2_statistical,research-v2,"[27, 34, 36, 41, 44, 47]",38,1,1,1,2,[34],0.10801462299857365,0.37147112791490294,23.666666666666668
2023-05-13,random,research-v2,"[13, 14, 27, 29, 31, 42]",45,2,2,2,3,"[27, 29]",0.10745522693748,0.3717761797048664,20.166666666666668
2023-05-13,ema_gap,research-v2,"[13, 14, 27, 29, 31, 42]",45,1,1,1,3,[13],0.10807244630407738,0.37363421250798845,22.333333333333332
2023-05-13,v2_statistical,research-v2,"[13, 14, 27, 29, 31, 42]",45,0,0,2,3,[],0.11091664911302437,0.38525939222196637,22.833333333333332
2023-05-17,random,research-v2,"[16, 25, 28, 40, 47, 49]",7,2,2,2,2,"[16, 49]",0.10745522699200176,0.3717761799585618,23.666666666666668
2023-05-17,ema_gap,research-v2,"[16, 25, 28, 40, 47, 49]",7,0,0,0,0,[],0.11439384367674159,0.4030660715280512,37.0
2023-05-17,v2_statistical,research-v2,"[16, 25, 28, 40, 47, 49]",7,0,0,0,0,[],0.11694668385406543,0.4138951045705136,34.666666666666664
2023-05-20,random,research-v2,"[4, 6, 23, 27, 41, 48]",28,2,2,3,4,"[27, 48]",0.10745522691278359,0.37177617958995174,17.0
2023-05-20,ema_gap,research-v2,"[4, 6, 23, 27, 41, 48]",28,1,1,2,4,[41],0.10474799691918986,0.35759228006551,17.666666666666668
2023-05-20,v2_statistical,research-v2,"[4, 6, 23, 27, 41, 48]",28,2,2,3,3,"[27, 41]",0.10381659407151715,0.3513527018811379,16.5
2023-05-24,random,research-v2,"[3, 7, 37, 43, 45, 46]",31,1,1,1,1,[3],0.10745522700698279,0.3717761800282701,27.166666666666668
2023-05-24,ema_gap,research-v2,"[3, 7, 37, 43, 45, 46]",31,0,0,1,1,[],0.11072362760043591,0.3847581724904424,29.666666666666668
2023-05-24,v2_statistical,research-v2,"[3, 7, 37, 43, 45, 46]",31,1,1,1,2,[37],0.10853436256462168,0.3705954070590675,22.833333333333332
2023-05-27,random,research-v2,"[11, 20, 26, 38, 44, 45]",41,2,2,2,2,"[20, 26]",0.1074552269852023,0.37177617992692313,25.166666666666668
2023-05-27,ema_gap,research-v2,"[11, 20, 26, 38, 44, 45]",41,0,0,1,1,[],0.11107712152473481,0.3874677377991995,29.666666666666668
2023-05-27,v2_statistical,research-v2,"[11, 20, 26, 38, 44, 45]",41,1,1,1,2,[45],0.10992640861141845,0.37859631293897283,22.666666666666668
2023-05-31,random,research-v2,"[9, 22, 23, 25, 30, 37]",48,0,0,2,2,[],0.10745522697930168,0.3717761798994671,24.166666666666668
2023-05-31,ema_gap,research-v2,"[9, 22, 23, 25, 30, 37]",48,2,2,3,3,"[9, 37]",0.1046334821069399,0.35900984411439557,19.0
2023-05-31,v2_statistical,research-v2,"[9, 22, 23, 25, 30, 37]",48,2,2,3,3,"[9, 37]",0.10356493415294318,0.35679508015171585,19.666666666666668
2023-06-03,random,research-v2,"[22, 31, 33, 34, 43, 49]",21,0,0,0,0,[],0.10745522707476485,0.3717761803436668,34.0
2023-06-03,ema_gap,research-v2,"[22, 31, 33, 34, 43, 49]",21,0,0,1,1,[],0.10934542724141827,0.37857758182780304,25.0
2023-06-03,v2_statistical,research-v2,"[22, 31, 33, 34, 43, 49]",21,0,0,1,2,[],0.10886285324451814,0.3714319249604242,22.166666666666668
2023-06-07,random,research-v2,"[1, 15, 19, 24, 32, 44]",31,3,3,3,4,"[1, 19, 24]",0.10745522689201532,0.3717761794933149,15.666666666666666
2023-06-07,ema_gap,research-v2,"[1, 15, 19, 24, 32, 44]",31,0,0,0,0,[],0.11401460315509827,0.4027270250377666,36.666666666666664
2023-06-07,v2_statistical,research-v2,"[1, 15, 19, 24, 32, 44]",31,0,0,1,1,[],0.11625765778466701,0.4117653201042784,32.333333333333336
2023-06-10,random,research-v2,"[14, 23, 26, 31, 32, 42]",25,0,0,2,3,[],0.10745522696616085,0.3717761798383215,23.166666666666668
2023-06-10,ema_gap,research-v2,"[14, 23, 26, 31, 32, 42]",25,1,1,1,3,[23],0.10903822206625052,0.3784579492051909,26.5
2023-06-10,v2_statistical,research-v2,"[14, 23, 26, 31, 32, 42]",25,0,0,2,2,[],0.11105245642184254,0.3899137788481638,27.833333333333332
2023-06-14,random,research-v2,"[12, 18, 22, 24, 25, 47]",21,1,1,2,3,[12],0.10745522697576389,0.3717761798830053,22.833333333333332
2023-06-14,ema_gap,research-v2,"[12, 18, 22, 24, 25, 47]",21,0,0,1,2,[],0.11225041632840538,0.39896319154250814,30.666666666666668
2023-06-14,v2_statistical,research-v2,"[12, 18, 22, 24, 25, 47]",21,0,0,1,1,[],0.11473282916126074,0.4119108466558385,29.5
2023-06-17,random,research-v2,"[16, 31, 42, 44, 45, 48]",15,1,1,2,3,[45],0.10745522695168853,0.37177617977098026,20.5
2023-06-17,ema_gap,research-v2,"[16, 31, 42, 44, 45, 48]",15,0,0,2,3,[],0.10707664522415189,0.36892684493643224,21.833333333333332
2023-06-17,v2_statistical,research-v2,"[16, 31, 42, 44, 45, 48]",15,2,2,3,4,"[31, 45]",0.10401599913094685,0.3590361909964163,19.166666666666668
2023-06-21,random,research-v2,"[4, 5, 13, 14, 33, 35]",8,1,1,1,2,[33],0.10745522697584953,0.3717761798834038,23.5
2023-06-21,ema_gap,research-v2,"[4, 5, 13, 14, 33, 35]",8,0,0,0,1,[],0.1125012855133355,0.3940188744094122,33.166666666666664
2023-06-21,v2_statistical,research-v2,"[4, 5, 13, 14, 33, 35]",8,0,0,0,0,[],0.11850899853533155,0.42531956626341577,36.0
2023-06-24,random,research-v2,"[5, 7, 15, 18, 21, 29]",17,0,0,1,3,[],0.10745522695156831,0.3717761797704209,21.166666666666668
2023-06-24,ema_gap,research-v2,"[5, 7, 15, 18, 21, 29]",17,0,0,0,1,[],0.11195145050209793,0.39203369778641156,31.333333333333332
2023-06-24,v2_statistical,research-v2,"[5, 7, 15, 18, 21, 29]",17,1,1,1,1,[21],0.11466974820804184,0.4087115888573395,32.833333333333336
2023-06-28,random,research-v2,"[8, 13, 16, 40, 42, 47]",22,2,2,3,3,"[16, 47]",0.10745522693925336,0.37177617971311816,20.166666666666668
2023-06-28,ema_gap,research-v2,"[8, 13, 16, 40, 42, 47]",22,2,2,2,2,"[13, 42]",0.1079223019611923,0.37485333653906094,25.5
2023-06-28,v2_statistical,research-v2,"[8, 13, 16, 40, 42, 47]",22,0,0,1,2,[],0.11053943679262607,0.38207916108307083,26.0
2023-07-01,random,research-v2,"[10, 21, 30, 32, 35, 49]",41,0,0,1,2,[],0.10745522702168894,0.3717761800966994,28.666666666666668
2023-07-01,ema_gap,research-v2,"[10, 21, 30, 32, 35, 49]",41,1,1,1,1,[21],0.10939450240785091,0.3800227525235148,28.0
2023-07-01,v2_statistical,research-v2,"[10, 21, 30, 32, 35, 49]",41,1,1,1,3,[21],0.10744002019940205,0.37200781870127464,24.0
2023-07-05,random,research-v2,"[3, 4, 10, 12, 30, 34]",14,1,1,3,4,[12],0.10745522691947325,0.3717761796210795,17.166666666666668
2023-07-05,ema_gap,research-v2,"[3, 4, 10, 12, 30, 34]",14,0,0,1,1,[],0.10952061645074912,0.37841898325096496,27.666666666666668
2023-07-05,v2_statistical,research-v2,"[3, 4, 10, 12, 30, 34]",14,1,1,2,2,[34],0.10915905917282641,0.3777678641488398,25.0
2023-07-08,random,research-v2,"[10, 11, 23, 30, 44, 49]",6,1,1,2,2,[10],0.10745522697454661,0.37177617987734113,24.0
2023-07-08,ema_gap,research-v2,"[10, 11, 23, 30, 44, 49]",6,2,2,3,6,"[10, 23]",0.102707670446418,0.3482205699964903,11.666666666666666
2023-07-08,v2_statistical,research-v2,"[10, 11, 23, 30, 44, 49]",6,1,1,4,4,[23],0.10364926934798735,0.3492793204665034,15.333333333333334
2023-07-12,random,research-v2,"[9, 18, 22, 23, 28, 46]",11,1,1,1,3,[9],0.10745522692985282,0.3717761796693765,19.0
2023-07-12,ema_gap,research-v2,"[9, 18, 22, 23, 28, 46]",11,1,1,1,3,[23],0.10943860209901264,0.383914848035013,27.0
2023-07-12,v2_statistical,research-v2,"[9, 18, 22, 23, 28, 46]",11,1,1,3,3,[23],0.10944938576497125,0.3908945481958519,25.666666666666668
2023-07-15,random,research-v2,"[17, 24, 31, 32, 35, 47]",20,3,3,4,4,"[17, 32, 47]",0.10745522690280632,0.3717761795435264,16.166666666666668
2023-07-15,ema_gap,research-v2,"[17, 24, 31, 32, 35, 47]",20,0,0,0,2,[],0.11085793680482717,0.3866922508558645,26.833333333333332
2023-07-15,v2_statistical,research-v2,"[17, 24, 31, 32, 35, 47]",20,1,1,1,1,[31],0.11197761351971713,0.39612669583089866,28.833333333333332
2023-07-19,random,research-v2,"[15, 25, 30, 31, 40, 48]",22,2,2,4,5,"[25, 48]",0.10745522687706781,0.3717761794237627,12.5
2023-07-19,ema_gap,research-v2,"[15, 25, 30, 31, 40, 48]",22,1,1,1,2,[31],0.10838558571436156,0.3742666341296157,23.833333333333332
2023-07-19,v2_statistical,research-v2,"[15, 25, 30, 31, 40, 48]",22,1,1,1,1,[31],0.10964350209963301,0.3834197322389848,27.333333333333332
2023-07-22,random,research-v2,"[3, 7, 8, 25, 35, 48]",32,2,2,2,2,"[8, 48]",0.10745522699280141,0.3717761799622825,25.5
2023-07-22,ema_gap,research-v2,"[3, 7, 8, 25, 35, 48]",32,0,0,1,2,[],0.10746066188686794,0.3687056405782449,21.166666666666668
2023-07-22,v2_statistical,research-v2,"[3, 7, 8, 25, 35, 48]",32,0,0,1,1,[],0.11126044441329296,0.37936699464070284,23.833333333333332
2023-07-26,random,research-v2,"[10, 19, 20, 30, 38, 45]",7,1,1,1,1,[19],0.10745522699096728,0.3717761799537482,24.333333333333332
2023-07-26,ema_gap,research-v2,"[10, 19, 20, 30, 38, 45]",7,1,1,2,2,[10],0.10957375399767864,0.3825731519550737,27.166666666666668
2023-07-26,v2_statistical,research-v2,"[10, 19, 20, 30, 38, 45]",7,1,1,1,2,[10],0.10785958265907249,0.3692413832206876,22.166666666666668
2023-07-29,random,research-v2,"[2, 7, 8, 18, 33, 36]",14,2,2,3,4,"[18, 36]",0.10745522693107454,0.3717761796750612,20.666666666666668
2023-07-29,ema_gap,research-v2,"[2, 7, 8, 18, 33, 36]",14,0,0,0,1,[],0.11565096645418313,0.41652042761079694,37.333333333333336
2023-07-29,v2_statistical,research-v2,"[2, 7, 8, 18, 33, 36]",14,0,0,0,0,[],0.11936073704041003,0.43413409939099873,36.166666666666664
2023-08-02,random,research-v2,"[4, 7, 9, 25, 34, 48]",42,1,1,2,4,[34],0.10745522695327854,0.37177617977837885,22.0
2023-08-02,ema_gap,research-v2,"[4, 7, 9, 25, 34, 48]",42,1,1,3,4,[25],0.10383290087688427,0.35280849750313853,14.833333333333334
2023-08-02,v2_statistical,research-v2,"[4, 7, 9, 25, 34, 48]",42,2,2,4,4,"[9, 34]",0.10085476702100907,0.33804547349124814,13.0
2023-08-05,random,research-v2,"[1, 5, 10, 20, 28, 39]",26,2,2,2,3,"[1, 39]",0.10745522692580524,0.37177617965054266,18.833333333333332
2023-08-05,ema_gap,research-v2,"[1, 5, 10, 20, 28, 39]",26,1,1,1,1,[10],0.11379544946391024,0.4067443200783865,35.833333333333336
2023-08-05,v2_statistical,research-v2,"[1, 5, 10, 20, 28, 39]",26,0,0,1,1,[],0.11962012047942064,0.43817952920694364,37.0
2023-08-09,random,research-v2,"[17, 35, 37, 40, 45, 47]",44,0,0,1,2,[],0.10745522705250649,0.3717761802400963,31.5
2023-08-09,ema_gap,research-v2,"[17, 35, 37, 40, 45, 47]",44,0,0,1,1,[],0.11022286270998204,0.3830345946970185,26.833333333333332
2023-08-09,v2_statistical,research-v2,"[17, 35, 37, 40, 45, 47]",44,0,0,2,3,[],0.11052503829939166,0.38000690461846537,22.333333333333332
2023-08-12,random,research-v2,"[2, 5, 7, 12, 31, 44]",29,0,0,0,2,[],0.10745522700112822,0.37177618000102824,25.833333333333332
2023-08-12,ema_gap,research-v2,"[2, 5, 7, 12, 31, 44]",29,0,0,2,2,[],0.10846185869236788,0.37816001938788063,24.5
2023-08-12,v2_statistical,research-v2,"[2, 5, 7, 12, 31, 44]",29,1,1,2,2,[31],0.11019376184475858,0.3970157676851179,27.166666666666668
2023-08-16,random,research-v2,"[2, 3, 6, 7, 17, 27]",24,1,1,1,2,[27],0.10745522705255665,0.3717761802403298,31.166666666666668
2023-08-16,ema_gap,research-v2,"[2, 3, 6, 7, 17, 27]",24,1,1,1,1,[7],0.11222052998437798,0.39691511059296103,34.0
2023-08-16,v2_statistical,research-v2,"[2, 3, 6, 7, 17, 27]",24,1,1,1,1,[7],0.11643835525570885,0.41808181729200194,33.666666666666664
2023-08-19,random,research-v2,"[22, 23, 25, 35, 36, 41]",21,2,2,2,2,"[23, 35]",0.10745522698170232,0.3717761799106375,24.166666666666668
2023-08-19,ema_gap,research-v2,"[22, 23, 25, 35, 36, 41]",21,2,2,3,3,"[25, 35]",0.10559667797214375,0.3633725270159803,19.666666666666668
2023-08-19,v2_statistical,research-v2,"[22, 23, 25, 35, 36, 41]",21,1,1,2,3,[23],0.10644165736679674,0.3622583329248627,20.0
2023-08-23,random,research-v2,"[3, 13, 14, 19, 26, 36]",25,0,0,1,2,[],0.10745522699402488,0.3717761799679757,25.833333333333332
2023-08-23,ema_gap,research-v2,"[3, 13, 14, 19, 26, 36]",25,0,0,0,1,[],0.11316698244189109,0.397932973866993,32.333333333333336
2023-08-23,v2_statistical,research-v2,"[3, 13, 14, 19, 26, 36]",25,0,0,1,1,[],0.11506064112064761,0.40731434826242385,30.5
2023-08-26,random,research-v2,"[6, 10, 11, 22, 32, 43]",27,0,0,1,1,[],0.10745522699553836,0.37177617997501805,26.5
2023-08-26,ema_gap,research-v2,"[6, 10, 11, 22, 32, 43]",27,1,1,2,2,[10],0.10898374644650097,0.37972333075725584,26.666666666666668
2023-08-26,v2_statistical,research-v2,"[6, 10, 11, 22, 32, 43]",27,0,0,2,2,[],0.11178729269116941,0.38563731199678386,24.166666666666668
2023-08-30,random,research-v2,"[3, 16, 22, 25, 27, 46]",19,1,1,2,3,[27],0.1074552269886573,0.37177617994299955,25.0
2023-08-30,ema_gap,research-v2,"[3, 16, 22, 25, 27, 46]",19,2,2,3,3,"[22, 25]",0.1069199842190097,0.3733753287952759,24.5
2023-08-30,v2_statistical,research-v2,"[3, 16, 22, 25, 27, 46]",19,1,1,3,3,[25],0.10833518054375915,0.37998506631935736,22.833333333333332
2023-09-02,random,research-v2,"[12, 13, 30, 33, 35, 43]",17,0,0,2,2,[],0.10745522699343779,0.3717761799652438,26.333333333333332
2023-09-02,ema_gap,research-v2,"[12, 13, 30, 33, 35, 43]",17,1,1,2,3,[35],0.10771952760381268,0.37198708467353453,22.166666666666668
2023-09-02,v2_statistical,research-v2,"[12, 13, 30, 33, 35, 43]",17,0,0,1,2,[],0.1102926567018964,0.380681757173934,24.5
2023-09-06,random,research-v2,"[3, 10, 31, 38, 39, 41]",34,0,0,2,3,[],0.10745522698938878,0.3717761799464033,25.0
2023-09-06,ema_gap,research-v2,"[3, 10, 31, 38, 39, 41]",34,1,1,3,3,[10],0.10556922162902628,0.36606770372242947,22.666666666666668
2023-09-06,v2_statistical,research-v2,"[3, 10, 31, 38, 39, 41]",34,3,3,3,4,"[3, 10, 31]",0.10135389054027673,0.34916938475622084,17.333333333333332
2023-09-09,random,research-v2,"[8, 17, 20, 26, 42, 44]",3,0,0,1,1,[],0.10745522702929129,0.3717761801320736,29.166666666666668
2023-09-09,ema_gap,research-v2,"[8, 17, 20, 26, 42, 44]",3,0,0,0,1,[],0.11373025994270133,0.3983007543307257,32.833333333333336
2023-09-09,v2_statistical,research-v2,"[8, 17, 20, 26, 42, 44]",3,0,0,0,1,[],0.11655562822066391,0.40801325380200953,31.666666666666668
2023-09-13,random,research-v2,"[8, 10, 18, 32, 33, 42]",40,1,1,2,2,[42],0.1074552270092862,0.3717761800389883,27.5
2023-09-13,ema_gap,research-v2,"[8, 10, 18, 32, 33, 42]",40,1,1,2,3,[10],0.10620357972323681,0.36827931842516026,23.333333333333332
2023-09-13,v2_statistical,research-v2,"[8, 10, 18, 32, 33, 42]",40,1,1,1,1,[10],0.10984861550373175,0.3883199359763755,27.666666666666668
2023-09-16,random,research-v2,"[5, 9, 14, 29, 37, 38]",18,1,1,1,5,[37],0.10745522690051992,0.37177617953288744,15.166666666666666
2023-09-16,ema_gap,research-v2,"[5, 9, 14, 29, 37, 38]",18,0,0,0,1,[],0.1138457961928396,0.39960388875728364,32.5
2023-09-16,v2_statistical,research-v2,"[5, 9, 14, 29, 37, 38]",18,0,0,0,1,[],0.117469128720636,0.418880877703123,34.0
2023-09-20,random,research-v2,"[10, 14, 17, 22, 25, 38]",24,1,1,2,2,[38],0.10745522694906122,0.37177617975875515,21.333333333333332
2023-09-20,ema_gap,research-v2,"[10, 14, 17, 22, 25, 38]",24,3,3,3,4,"[10, 22, 25]",0.09973477318347848,0.3407999022543158,13.0
2023-09-20,v2_statistical,research-v2,"[10, 14, 17, 22, 25, 38]",24,1,1,4,4,[10],0.09925436653785495,0.34648253463038836,17.833333333333332
2023-09-23,random,research-v2,"[5, 18, 22, 26, 28, 45]",14,0,0,2,2,[],0.10745522696595917,0.3717761798373831,21.833333333333332
2023-09-23,ema_gap,research-v2,"[5, 18, 22, 26, 28, 45]",14,1,1,1,2,[22],0.10936042341456312,0.380494939066489,27.166666666666668
2023-09-23,v2_statistical,research-v2,"[5, 18, 22, 26, 28, 45]",14,2,2,2,2,"[22, 45]",0.11168010576124554,0.39057237956251917,25.666666666666668
2023-09-27,random,research-v2,"[9, 17, 25, 30, 38, 48]",35,0,0,1,1,[],0.10745522702829784,0.371776180127451,28.833333333333332
2023-09-27,ema_gap,research-v2,"[9, 17, 25, 30, 38, 48]",35,1,1,3,5,[25],0.10404273153812031,0.3539250480882151,15.0
2023-09-27,v2_statistical,research-v2,"[9, 17, 25, 30, 38, 48]",35,1,1,3,4,[38],0.1039823554496986,0.3502004923674801,15.666666666666666
2023-09-30,random,research-v2,"[30, 31, 34, 43, 45, 47]",14,0,0,2,3,[],0.10745522697154551,0.3717761798633767,22.833333333333332
2023-09-30,ema_gap,research-v2,"[30, 31, 34, 43, 45, 47]",14,1,1,2,3,[30],0.10868466898325148,0.3746682241970822,23.0
2023-09-30,v2_statistical,research-v2,"[30, 31, 34, 43, 45, 47]",14,2,2,2,4,"[31, 45]",0.10117061973191048,0.3440501495128898,15.333333333333334
2023-10-04,random,research-v2,"[18, 19, 26, 27, 29, 30]",34,2,2,3,4,"[26, 27]",0.1074552269163122,0.37177617960637055,17.166666666666668
2023-10-04,ema_gap,research-v2,"[18, 19, 26, 27, 29, 30]",34,1,1,1,1,[30],0.10968462454829457,0.3801163670307363,26.5
2023-10-04,v2_statistical,research-v2,"[18, 19, 26, 27, 29, 30]",34,0,0,1,1,[],0.11377006180569785,0.39681319537103554,28.333333333333332
2023-10-07,random,research-v2,"[4, 6, 20, 40, 45, 46]",33,1,1,1,1,[20],0.10745522706426602,0.3717761802948147,33.0
2023-10-07,ema_gap,research-v2,"[4, 6, 20, 40, 45, 46]",33,0,0,1,1,[],0.11436593818373464,0.40352323039539595,34.833333333333336
2023-10-07,v2_statistical,research-v2,"[4, 6, 20, 40, 45, 46]",33,1,1,1,1,[45],0.11128286479800722,0.3880833728465047,28.666666666666668
2023-10-11,random,research-v2,"[9, 17, 22, 28, 37, 43]",25,1,1,1,1,[17],0.1074552269820559,0.37177617991228284,25.666666666666668
2023-10-11,ema_gap,research-v2,"[9, 17, 22, 28, 37, 43]",25,1,1,3,3,[22],0.1052483432054328,0.3606827430704041,19.0
2023-10-11,v2_statistical,research-v2,"[9, 17, 22, 28, 37, 43]",25,1,1,3,4,[22],0.10664885674690303,0.3665760563623089,19.0
2023-10-14,random,research-v2,"[15, 17, 23, 32, 37, 47]",49,0,0,0,1,[],0.10745522704940687,0.37177618022567355,31.5
2023-10-14,ema_gap,research-v2,"[15, 17, 23, 32, 37, 47]",49,0,0,1,2,[],0.1098073642298091,0.3811660925705307,26.5
2023-10-14,v2_statistical,research-v2,"[15, 17, 23, 32, 37, 47]",49,0,0,2,2,[],0.1115153565446379,0.3867222555874671,23.833333333333332
2023-10-18,random,research-v2,"[3, 4, 9, 27, 30, 37]",48,2,2,3,4,"[3, 27]",0.10745522691401595,0.371776179595686,17.166666666666668
2023-10-18,ema_gap,research-v2,"[3, 4, 9, 27, 30, 37]",48,2,2,3,4,"[9, 30]",0.10246115583430435,0.3482668736100119,14.333333333333334
2023-10-18,v2_statistical,research-v2,"[3, 4, 9, 27, 30, 37]",48,0,0,4,4,[],0.10253989607276333,0.3440070786100447,14.833333333333334
2023-10-21,random,research-v2,"[1, 12, 17, 19, 23, 39]",37,2,2,2,3,"[19, 39]",0.1074552269023576,0.37177617954143855,16.0
2023-10-21,ema_gap,research-v2,"[1, 12, 17, 19, 23, 39]",37,0,0,2,2,[],0.11142301526198625,0.3922747709320128,30.333333333333332
2023-10-21,v2_statistical,research-v2,"[1, 12, 17, 19, 23, 39]",37,0,0,1,2,[],0.11631803798382907,0.4188632433602453,32.166666666666664
2023-10-25,random,research-v2,"[1, 4, 16, 22, 29, 47]",43,1,1,1,3,[1],0.10745522700519809,0.3717761800199658,26.333333333333332
2023-10-25,ema_gap,research-v2,"[1, 4, 16, 22, 29, 47]",43,1,1,1,3,[22],0.10897237877978203,0.3797904360985614,26.666666666666668
2023-10-25,v2_statistical,research-v2,"[1, 4, 16, 22, 29, 47]",43,1,1,1,3,[22],0.10971798604226055,0.38765732184705587,26.166666666666668
2023-10-28,random,research-v2,"[4, 9, 17, 30, 36, 43]",37,1,1,2,2,[17],0.10745522694337925,0.3717761797323163,20.666666666666668
2023-10-28,ema_gap,research-v2,"[4, 9, 17, 30, 36, 43]",37,3,3,4,5,"[9, 17, 30]",0.10013546508141004,0.34184290269056355,13.833333333333334
2023-10-28,v2_statistical,research-v2,"[4, 9, 17, 30, 36, 43]",37,0,0,3,5,[],0.10320061320600171,0.3494965982460776,17.333333333333332
2023-11-01,random,research-v2,"[7, 12, 31, 34, 41, 48]",25,1,1,1,1,[7],0.1074552270429472,0.3717761801956162,30.0
2023-11-01,ema_gap,research-v2,"[7, 12, 31, 34, 41, 48]",25,0,0,0,1,[],0.1116668958818771,0.3873788809723597,28.0
2023-11-01,v2_statistical,research-v2,"[7, 12, 31, 34, 41, 48]",25,0,0,1,2,[],0.10893259316542062,0.3713262869687839,20.833333333333332
2023-11-04,random,research-v2,"[1, 10, 15, 17, 35, 45]",34,1,1,2,3,[35],0.10745522697382748,0.37177617987399497,22.333333333333332
2023-11-04,ema_gap,research-v2,"[1, 10, 15, 17, 35, 45]",34,2,2,2,3,"[10, 17]",0.105092992279726,0.3615625331559333,20.333333333333332
2023-11-04,v2_statistical,research-v2,"[1, 10, 15, 17, 35, 45]",34,1,1,2,4,[45],0.10905877442507177,0.38082980815649087,22.5
2023-11-08,random,research-v2,"[25, 29, 37, 43, 46, 48]",15,1,1,1,2,[29],0.1074552270107926,0.37177618004599755,28.166666666666668
2023-11-08,ema_gap,research-v2,"[25, 29, 37, 43, 46, 48]",15,0,0,2,4,[],0.10754418712795051,0.368988135098202,20.0
2023-11-08,v2_statistical,research-v2,"[25, 29, 37, 43, 46, 48]",15,0,0,1,3,[],0.10764452037340759,0.3655792260167696,19.333333333333332
2023-11-11,random,research-v2,"[3, 17, 25, 26, 41, 42]",18,0,0,2,4,[],0.10745522696887952,0.3717761798509717,21.333333333333332
2023-11-11,ema_gap,research-v2,"[3, 17, 25, 26, 41, 42]",18,2,2,2,3,"[17, 25]",0.10343778303626722,0.35449092102559965,17.5
2023-11-11,v2_statistical,research-v2,"[3, 17, 25, 26, 41, 42]",18,1,1,1,3,[17],0.10749246318052345,0.3638538551189488,17.5
2023-11-15,random,research-v2,"[16, 20, 23, 32, 37, 39]",13,0,0,0,0,[],0.10745522706589268,0.3717761803023836,33.666666666666664
2023-11-15,ema_gap,research-v2,"[16, 20, 23, 32, 37, 39]",13,0,0,1,2,[],0.11089017265157355,0.3862170916818181,28.833333333333332
2023-11-15,v2_statistical,research-v2,"[16, 20, 23, 32, 37, 39]",13,0,0,1,2,[],0.11395382909957222,0.4025306222989026,29.666666666666668
2023-11-18,random,research-v2,"[6, 22, 26, 30, 35, 36]",25,1,1,2,2,[35],0.10745522698472422,0.3717761799246987,25.0
2023-11-18,ema_gap,research-v2,"[6, 22, 26, 30, 35, 36]",25,2,2,2,4,"[22, 30]",0.1050543028399763,0.36007413155268775,19.5
2023-11-18,v2_statistical,research-v2,"[6, 22, 26, 30, 35, 36]",25,0,0,2,2,[],0.10853571210658047,0.3696866439412491,20.333333333333332
2023-11-22,random,research-v2,"[7, 12, 13, 17, 20, 36]",11,1,1,3,3,[13],0.10745522695637728,0.3717761797927974,21.166666666666668
2023-11-22,ema_gap,research-v2,"[7, 12, 13, 17, 20, 36]",11,1,1,1,2,[17],0.10667144708485576,0.36828341587586,22.666666666666668
2023-11-22,v2_statistical,research-v2,"[7, 12, 13, 17, 20, 36]",11,1,1,1,2,[17],0.10937731558857622,0.3760549744064063,22.5
2023-11-25,random,research-v2,"[5, 9, 18, 29, 39, 42]",48,0,0,1,2,[],0.10745522699462365,0.3717761799707617,25.5
2023-11-25,ema_gap,research-v2,"[5, 9, 18, 29, 39, 42]",48,0,0,1,1,[],0.11039819611480459,0.3821566674377251,27.166666666666668
2023-11-25,v2_statistical,research-v2,"[5, 9, 18, 29, 39, 42]",48,0,0,1,1,[],0.11577166451426517,0.40780132902893157,32.166666666666664
2023-11-29,random,research-v2,"[11, 13, 16, 18, 21, 43]",37,1,1,2,2,[11],0.10745522699060236,0.37177617995205026,24.833333333333332
2023-11-29,ema_gap,research-v2,"[11, 13, 16, 18, 21, 43]",37,0,0,1,1,[],0.11308281041891526,0.3970190220729248,32.0
2023-11-29,v2_statistical,research-v2,"[11, 13, 16, 18, 21, 43]",37,0,0,1,1,[],0.11666704811811912,0.41758999182478673,32.5
2023-12-02,random,research-v2,"[1, 2, 20, 26, 39, 49]",18,0,0,1,5,[],0.10745522693175438,0.3717761796782247,16.166666666666668
2023-12-02,ema_gap,research-v2,"[1, 2, 20, 26, 39, 49]",18,0,0,0,1,[],0.1145215183447334,0.40700149608733505,34.166666666666664
2023-12-02,v2_statistical,research-v2,"[1, 2, 20, 26, 39, 49]",18,0,0,0,0,[],0.12047963112476837,0.4392314814651821,36.833333333333336
2023-12-06,random,research-v2,"[1, 11, 31, 36, 38, 45]",46,1,1,1,3,[1],0.10745522700348417,0.3717761800119905,26.333333333333332
2023-12-06,ema_gap,research-v2,"[1, 11, 31, 36, 38, 45]",46,0,0,0,0,[],0.11034079514253231,0.38121763269862846,27.0
2023-12-06,v2_statistical,research-v2,"[1, 11, 31, 36, 38, 45]",46,0,0,2,2,[],0.10973951651568371,0.37652554974285957,22.666666666666668
2023-12-09,random,research-v2,"[4, 5, 14, 21, 27, 30]",41,1,1,2,3,[21],0.10745522693476305,0.3717761796922242,19.166666666666668
2023-12-09,ema_gap,research-v2,"[4, 5, 14, 21, 27, 30]",41,1,1,1,1,[30],0.11018020298512875,0.384783357190329,29.166666666666668
2023-12-09,v2_statistical,research-v2,"[4, 5, 14, 21, 27, 30]",41,1,1,1,2,[30],0.11298611428513036,0.3983039346086783,28.0
2023-12-13,random,research-v2,"[7, 16, 20, 33, 46, 47]",5,1,1,1,2,[20],0.10745522702004498,0.3717761800890498,27.833333333333332
2023-12-13,ema_gap,research-v2,"[7, 16, 20, 33, 46, 47]",5,0,0,0,1,[],0.11294860423143877,0.39659555645694405,32.5
2023-12-13,v2_statistical,research-v2,"[7, 16, 20, 33, 46, 47]",5,0,0,0,3,[],0.11208992695243253,0.3893269692839991,26.333333333333332
2023-12-16,random,research-v2,"[7, 8, 13, 20, 43, 44]",2,0,0,2,3,[],0.10745522694274741,0.3717761797293764,21.166666666666668
2023-12-16,ema_gap,research-v2,"[7, 8, 13, 20, 43, 44]",2,0,0,3,3,[],0.1086750561824413,0.3775280338066391,23.0
2023-12-16,v2_statistical,research-v2,"[7, 8, 13, 20, 43, 44]",2,1,1,2,3,[43],0.10940755298034109,0.3786216119539079,24.0
2023-12-20,random,research-v2,"[10, 12, 13, 17, 35, 44]",47,0,0,1,1,[],0.1074552270645893,0.37177618029631887,33.333333333333336
2023-12-20,ema_gap,research-v2,"[10, 12, 13, 17, 35, 44]",47,1,1,2,4,[17],0.10391692459144494,0.3556946936326454,18.0
2023-12-20,v2_statistical,research-v2,"[10, 12, 13, 17, 35, 44]",47,1,1,2,2,[17],0.10625671432383345,0.3634893746244308,20.0
2023-12-23,random,research-v2,"[7, 10, 15, 21, 29, 31]",17,1,1,2,4,[29],0.10745522695585384,0.3717761797903619,22.0
2023-12-23,ema_gap,research-v2,"[7, 10, 15, 21, 29, 31]",17,2,2,2,3,"[7, 10]",0.10696679532637303,0.3687781801961244,21.333333333333332
2023-12-23,v2_statistical,research-v2,"[7, 10, 15, 21, 29, 31]",17,2,2,3,3,"[7, 31]",0.1045705015881474,0.36609772888426595,21.5
2023-12-27,random,research-v2,"[3, 11, 21, 40, 46, 48]",36,2,2,2,2,"[11, 48]",0.10745522695707663,0.3717761797960516,21.833333333333332
2023-12-27,ema_gap,research-v2,"[3, 11, 21, 40, 46, 48]",36,0,0,0,0,[],0.11347959282645917,0.3985088805982708,33.666666666666664
2023-12-27,v2_statistical,research-v2,"[3, 11, 21, 40, 46, 48]",36,0,0,0,0,[],0.11674406146044396,0.4080034330538347,32.166666666666664
2023-12-28,random,research-v2,"[2, 10, 16, 17, 24, 26]",18,2,2,2,3,"[10, 24]",0.10745522691448618,0.3717761795978743,17.833333333333332
2023-12-28,ema_gap,research-v2,"[2, 10, 16, 17, 24, 26]",18,2,2,2,2,"[10, 17]",0.10626178539723875,0.3772594256678329,24.833333333333332
2023-12-28,v2_statistical,research-v2,"[2, 10, 16, 17, 24, 26]",18,2,2,2,3,"[10, 17]",0.10760695583528268,0.3873501820284874,25.5
2023-12-31,random,research-v2,"[2, 5, 7, 11, 15, 21]",25,0,0,1,1,[],0.10745522705991134,0.3717761802745519,33.666666666666664
2023-12-31,ema_gap,research-v2,"[2, 5, 7, 11, 15, 21]",25,1,1,1,2,[7],0.10862388920142926,0.3751877292572001,24.166666666666668
2023-12-31,v2_statistical,research-v2,"[2, 5, 7, 11, 15, 21]",25,1,1,1,1,[7],0.11195573018131287,0.3923313827206842,28.0
2024-01-03,random,research-v2,"[2, 12, 23, 30, 32, 35]",47,1,1,3,3,[23],0.1074552269511519,0.37177617976848326,20.833333333333332
2024-01-03,ema_gap,research-v2,"[2, 12, 23, 30, 32, 35]",47,1,1,1,2,[30],0.10900119226828943,0.3766308494877966,25.0
2024-01-03,v2_statistical,research-v2,"[2, 12, 23, 30, 32, 35]",47,1,1,1,1,[30],0.11175000542221719,0.3903225739694953,27.833333333333332
2024-01-06,random,research-v2,"[18, 19, 33, 38, 48, 49]",27,2,2,2,3,"[33, 49]",0.10745522695245924,0.3717761797745664,21.666666666666668
2024-01-06,ema_gap,research-v2,"[18, 19, 33, 38, 48, 49]",27,0,0,0,0,[],0.11600438292257098,0.4121391619844448,39.166666666666664
2024-01-06,v2_statistical,research-v2,"[18, 19, 33, 38, 48, 49]",27,0,0,0,0,[],0.11774015028583303,0.4189962822924074,36.166666666666664
2024-01-10,random,research-v2,"[3, 18, 25, 31, 35, 39]",1,2,2,2,2,"[3, 18]",0.10745522692318035,0.3717761796383289,17.0
2024-01-10,ema_gap,research-v2,"[3, 18, 25, 31, 35, 39]",1,1,1,2,3,[35],0.10716868831214747,0.3670443263442972,19.333333333333332
2024-01-10,v2_statistical,research-v2,"[3, 18, 25, 31, 35, 39]",1,0,0,2,3,[],0.1092920539329168,0.3754094529709253,22.666666666666668
2024-01-13,random,research-v2,"[24, 28, 31, 40, 42, 48]",43,0,0,1,2,[],0.10745522701927922,0.3717761800854866,28.333333333333332
2024-01-13,ema_gap,research-v2,"[24, 28, 31, 40, 42, 48]",43,1,1,2,2,[31],0.11327282699425252,0.40274368356390755,32.833333333333336
2024-01-13,v2_statistical,research-v2,"[24, 28, 31, 40, 42, 48]",43,1,1,1,2,[31],0.11332317444349875,0.41052024383540764,31.833333333333332
2024-01-17,random,research-v2,"[8, 10, 11, 25, 29, 37]",45,0,0,2,4,[],0.10745522695009717,0.37177617976357563,23.0
2024-01-17,ema_gap,research-v2,"[8, 10, 11, 25, 29, 37]",45,1,1,2,2,[10],0.10656678526908378,0.36668895399877816,21.666666666666668
2024-01-17,v2_statistical,research-v2,"[8, 10, 11, 25, 29, 37]",45,1,1,2,2,[10],0.1072809868622815,0.37142066374675226,24.666666666666668
2024-01-20,random,research-v2,"[1, 6, 12, 27, 45, 49]",47,0,0,0,1,[],0.10745522704274937,0.37177618019469555,30.833333333333332
2024-01-20,ema_gap,research-v2,"[1, 6, 12, 27, 45, 49]",47,0,0,0,1,[],0.11502645657353441,0.4068415662511948,37.0
2024-01-20,v2_statistical,research-v2,"[1, 6, 12, 27, 45, 49]",47,1,1,1,1,[45],0.11477894825270425,0.40633466730159806,30.833333333333332
2024-01-24,random,research-v2,"[1, 8, 20, 30, 31, 34]",41,0,0,1,1,[],0.10745522703829138,0.37177618017395203,31.0
2024-01-24,ema_gap,research-v2,"[1, 8, 20, 30, 31, 34]",41,2,2,2,3,"[30, 31]",0.10653574422257522,0.36967759162009106,20.833333333333332
2024-01-24,v2_statistical,research-v2,"[1, 8, 20, 30, 31, 34]",41,2,2,2,3,"[30, 31]",0.10525575016775027,0.3603258012460466,19.333333333333332
2024-01-27,random,research-v2,"[8, 11, 13, 23, 24, 36]",12,1,1,1,1,[36],0.1074552269999926,0.37177617999574414,26.5
2024-01-27,ema_gap,research-v2,"[8, 11, 13, 23, 24, 36]",12,0,0,0,1,[],0.11093680189074505,0.38518489486617963,26.833333333333332
2024-01-27,v2_statistical,research-v2,"[8, 11, 13, 23, 24, 36]",12,0,0,1,2,[],0.11426248738993192,0.3979366295984948,27.833333333333332
2024-01-31,random,research-v2,"[8, 9, 28, 29, 34, 43]",40,1,1,2,4,[28],0.10745522691491619,0.3717761795998749,18.5
2024-01-31,ema_gap,research-v2,"[8, 9, 28, 29, 34, 43]",40,0,0,1,2,[],0.11114614989890559,0.38704746597236683,27.833333333333332
2024-01-31,v2_statistical,research-v2,"[8, 9, 28, 29, 34, 43]",40,0,0,0,4,[],0.11199920892768704,0.38546149666524315,23.5
2024-02-03,random,research-v2,"[5, 10, 15, 27, 40, 47]",7,2,2,2,2,"[5, 40]",0.10745522695981631,0.3717761798087998,22.333333333333332
2024-02-03,ema_gap,research-v2,"[5, 10, 15, 27, 40, 47]",7,1,1,1,1,[10],0.11124213452083823,0.39076492611768743,31.666666666666668
2024-02-03,v2_statistical,research-v2,"[5, 10, 15, 27, 40, 47]",7,1,1,1,1,[10],0.11452279796768251,0.4027222182013963,30.5
2024-02-07,random,research-v2,"[7, 19, 21, 33, 36, 45]",4,1,1,3,3,[45],0.10745522691870761,0.37177617961751663,18.333333333333332
2024-02-07,ema_gap,research-v2,"[7, 19, 21, 33, 36, 45]",4,0,0,1,1,[],0.11120912718503764,0.38772111939695664,28.5
2024-02-07,v2_statistical,research-v2,"[7, 19, 21, 33, 36, 45]",4,0,0,1,2,[],0.11322564237540901,0.39581390683487333,27.833333333333332
2024-02-10,random,research-v2,"[1, 5, 15, 18, 22, 44]",6,0,0,1,1,[],0.1074552270272612,0.3717761801226275,29.5
2024-02-10,ema_gap,research-v2,"[1, 5, 15, 18, 22, 44]",6,0,0,0,1,[],0.11155106801335238,0.388185820643444,29.333333333333332
2024-02-10,v2_statistical,research-v2,"[1, 5, 15, 18, 22, 44]",6,0,0,0,0,[],0.11825540998723932,0.4155543892053878,34.166666666666664
2024-02-14,random,research-v2,"[7, 15, 37, 41, 42, 47]",12,1,1,1,3,[37],0.10745522698793274,0.37177617993962825,24.0
2024-02-14,ema_gap,research-v2,"[7, 15, 37, 41, 42, 47]",12,1,1,1,1,[7],0.1096249109704985,0.38350458648824287,27.333333333333332
2024-02-14,v2_statistical,research-v2,"[7, 15, 37, 41, 42, 47]",12,1,1,1,1,[7],0.11117633715264902,0.38785948436032225,26.666666666666668
2024-02-17,random,research-v2,"[3, 17, 25, 29, 36, 46]",2,1,1,1,2,[3],0.10745522695691657,0.3717761797953069,22.333333333333332
2024-02-17,ema_gap,research-v2,"[3, 17, 25, 29, 36, 46]",2,1,1,1,3,[17],0.10753443920301212,0.3710073332481152,22.5
2024-02-17,v2_statistical,research-v2,"[3, 17, 25, 29, 36, 46]",2,0,0,1,2,[],0.11103362276506139,0.38062441457301954,23.166666666666668
2024-02-21,random,research-v2,"[31, 32, 45, 46, 47, 49]",12,0,0,1,2,[],0.10745522699547971,0.37177617997474505,26.0
2024-02-21,ema_gap,research-v2,"[31, 32, 45, 46, 47, 49]",12,1,1,1,1,[31],0.1104553863276191,0.38513086112332934,28.5
2024-02-21,v2_statistical,research-v2,"[31, 32, 45, 46, 47, 49]",12,2,2,3,3,"[31, 45]",0.10545588678814463,0.3672597313465171,21.666666666666668
2024-02-24,random,research-v2,"[2, 14, 15, 28, 42, 44]",25,0,0,0,1,[],0.10745522703825015,0.37177618017376035,30.5
2024-02-24,ema_gap,research-v2,"[2, 14, 15, 28, 42, 44]",25,0,0,1,1,[],0.11493173310340658,0.40976103928620944,35.666666666666664
2024-02-24,v2_statistical,research-v2,"[2, 14, 15, 28, 42, 44]",25,0,0,0,0,[],0.12132841030935712,0.44366128333495575,36.333333333333336
2024-02-28,random,research-v2,"[7, 24, 34, 42, 46, 49]",1,0,0,2,2,[],0.10745522695498988,0.371776179786342,22.0
2024-02-28,ema_gap,research-v2,"[7, 24, 34, 42, 46, 49]",1,1,1,2,2,[7],0.1088519001454759,0.3794364242067774,26.666666666666668
2024-02-28,v2_statistical,research-v2,"[7, 24, 34, 42, 46, 49]",1,1,1,1,2,[7],0.10990889794883951,0.3850566228438555,25.166666666666668
2024-03-02,random,research-v2,"[4, 13, 26, 34, 35, 42]",1,0,0,1,3,[],0.10745522696855099,0.3717761798494429,22.666666666666668
2024-03-02,ema_gap,research-v2,"[4, 13, 26, 34, 35, 42]",1,1,1,1,1,[42],0.11112717074111446,0.38824353816548257,29.333333333333332
2024-03-02,v2_statistical,research-v2,"[4, 13, 26, 34, 35, 42]",1,1,1,2,2,[42],0.11244009619517707,0.3898983088220357,26.5
2024-03-06,random,research-v2,"[20, 33, 39, 44, 48, 49]",6,1,1,2,2,[44],0.10745522701075974,0.3717761800458447,27.166666666666668
2024-03-06,ema_gap,research-v2,"[20, 33, 39, 44, 48, 49]",6,0,0,0,0,[],0.11398598452795933,0.4012213345098276,34.5
2024-03-06,v2_statistical,research-v2,"[20, 33, 39, 44, 48, 49]",6,0,0,0,0,[],0.11781973744803188,0.4192427582343075,33.166666666666664
2024-03-09,random,research-v2,"[6, 15, 19, 34, 45, 47]",27,1,1,3,4,[47],0.10745522690863007,0.371776179570625,16.666666666666668
2024-03-09,ema_gap,research-v2,"[6, 15, 19, 34, 45, 47]",27,1,1,1,2,[15],0.10954672137713652,0.38233117087114477,25.0
2024-03-09,v2_statistical,research-v2,"[6, 15, 19, 34, 45, 47]",27,1,1,3,4,[45],0.10746628253178266,0.37776930715973434,22.166666666666668
2024-03-13,random,research-v2,"[4, 8, 15, 32, 40, 44]",7,1,1,2,3,[8],0.10745522693281437,0.3717761796831569,19.5
2024-03-13,ema_gap,research-v2,"[4, 8, 15, 32, 40, 44]",7,1,1,1,2,[15],0.109300783316784,0.3812320294304009,27.5
2024-03-13,v2_statistical,research-v2,"[4, 8, 15, 32, 40, 44]",7,0,0,2,2,[],0.11092313030205489,0.3810421934076842,23.666666666666668
2024-03-16,random,research-v2,"[12, 27, 32, 38, 39, 41]",42,1,1,2,2,[32],0.10745522700977367,0.37177618004125623,27.333333333333332
2024-03-16,ema_gap,research-v2,"[12, 27, 32, 38, 39, 41]",42,0,0,0,0,[],0.11648929922032564,0.41591266605341615,40.166666666666664
2024-03-16,v2_statistical,research-v2,"[12, 27, 32, 38, 39, 41]",42,0,0,0,0,[],0.12009495109377274,0.42877757776222264,38.5
2024-03-20,random,research-v2,"[8, 19, 33, 44, 46, 48]",21,0,0,2,2,[],0.10745522700822498,0.37177618003405,26.166666666666668
2024-03-20,ema_gap,research-v2,"[8, 19, 33, 44, 46, 48]",21,0,0,2,2,[],0.10783742538652358,0.3715572014459483,23.5
2024-03-20,v2_statistical,research-v2,"[8, 19, 33, 44, 46, 48]",21,0,0,2,3,[],0.10981361935923079,0.3761216324524823,21.0
2024-03-23,random,research-v2,"[2, 14, 26, 27, 33, 49]",8,0,0,1,1,[],0.1074552270877599,0.3717761804041342,34.333333333333336
2024-03-23,ema_gap,research-v2,"[2, 14, 26, 27, 33, 49]",8,0,0,0,0,[],0.11356169310229229,0.4004358001971615,33.166666666666664
2024-03-23,v2_statistical,research-v2,"[2, 14, 26, 27, 33, 49]",8,0,0,0,1,[],0.11756320023886713,0.4220606294985889,32.333333333333336
2024-03-27,random,research-v2,"[14, 22, 27, 39, 40, 45]",6,1,1,1,2,[40],0.10745522702766794,0.37177618012452024,28.833333333333332
2024-03-27,ema_gap,research-v2,"[14, 22, 27, 39, 40, 45]",6,0,0,1,2,[],0.11070083881326978,0.3856652285778177,28.666666666666668
2024-03-27,v2_statistical,research-v2,"[14, 22, 27, 39, 40, 45]",6,1,1,1,2,[45],0.11260823744884496,0.40178140483042873,28.5
2024-03-30,random,research-v2,"[7, 12, 25, 29, 39, 43]",23,0,0,1,1,[],0.10745522706339175,0.37177618029074655,34.0
2024-03-30,ema_gap,research-v2,"[7, 12, 25, 29, 39, 43]",23,1,1,1,2,[7],0.1070927567140828,0.36894503282490415,22.5
2024-03-30,v2_statistical,research-v2,"[7, 12, 25, 29, 39, 43]",23,1,1,1,1,[7],0.10886741147261782,0.3749482746890838,24.0
2024-04-03,random,research-v2,"[2, 10, 35, 36, 38, 46]",20,1,1,2,2,[36],0.1074552269814653,0.37177617990953454,24.5
2024-04-03,ema_gap,research-v2,"[2, 10, 35, 36, 38, 46]",20,0,0,0,2,[],0.1106673278558489,0.3839414523536426,27.5
2024-04-03,v2_statistical,research-v2,"[2, 10, 35, 36, 38, 46]",20,1,1,1,2,[10],0.11097701519603098,0.3828593359955204,25.166666666666668
2024-04-06,random,research-v2,"[16, 18, 22, 29, 36, 43]",44,0,0,1,1,[],0.1074552270566887,0.3717761802595566,31.666666666666668
2024-04-06,ema_gap,research-v2,"[16, 18, 22, 29, 36, 43]",44,0,0,1,2,[],0.1110012893905713,0.38919611607954724,27.666666666666668
2024-04-06,v2_statistical,research-v2,"[16, 18, 22, 29, 36, 43]",44,0,0,0,2,[],0.11434148065759887,0.4014240877880651,27.166666666666668
2024-04-10,random,research-v2,"[11, 12, 17, 23, 38, 46]",40,1,1,3,4,[38],0.10745522692413356,0.37177617964276444,17.333333333333332
2024-04-10,ema_gap,research-v2,"[11, 12, 17, 23, 38, 46]",40,0,0,1,2,[],0.1099590081985897,0.38328845222897534,27.0
2024-04-10,v2_statistical,research-v2,"[11, 12, 17, 23, 38, 46]",40,1,1,1,1,[46],0.11132457767387037,0.38677867791149917,25.833333333333332
2024-04-13,random,research-v2,"[11, 17, 21, 27, 41, 44]",7,1,1,2,2,[11],0.10745522699572611,0.37177617997589163,27.0
2024-04-13,ema_gap,research-v2,"[11, 17, 21, 27, 41, 44]",7,1,1,2,3,[17],0.10764787710443358,0.3736316607395279,23.5
2024-04-13,v2_statistical,research-v2,"[11, 17, 21, 27, 41, 44]",7,1,1,2,3,[27],0.10837967979533947,0.37282228965121317,21.833333333333332
2024-04-17,random,research-v2,"[4, 7, 8, 14, 41, 46]",6,1,1,1,1,[7],0.10745522700797273,0.3717761800328762,27.333333333333332
2024-04-17,ema_gap,research-v2,"[4, 7, 8, 14, 41, 46]",6,2,2,2,3,"[7, 46]",0.1058320936740144,0.3656781307393921,22.0
2024-04-17,v2_statistical,research-v2,"[4, 7, 8, 14, 41, 46]",6,2,2,2,2,"[7, 46]",0.10558190394648127,0.373739080703003,24.333333333333332
2024-04-20,random,research-v2,"[9, 14, 23, 26, 30, 43]",35,0,0,1,1,[],0.10745522703224288,0.37177618014580777,29.666666666666668
2024-04-20,ema_gap,research-v2,"[9, 14, 23, 26, 30, 43]",35,0,0,0,1,[],0.11313242148330398,0.39619779538928773,32.5
2024-04-20,v2_statistical,research-v2,"[9, 14, 23, 26, 30, 43]",35,0,0,0,1,[],0.11600985556629956,0.4064418602875998,31.5
2024-04-24,random,research-v2,"[10, 16, 18, 22, 39, 46]",19,2,2,2,2,"[10, 22]",0.10745522697553708,0.37177617988195005,22.666666666666668
2024-04-24,ema_gap,research-v2,"[10, 16, 18, 22, 39, 46]",19,1,1,2,3,[46],0.10547054548504312,0.3634030146283228,20.5
2024-04-24,v2_statistical,research-v2,"[10, 16, 18, 22, 39, 46]",19,2,2,2,2,"[10, 46]",0.1044712611255175,0.3644179415211779,23.166666666666668
2024-04-27,random,research-v2,"[3, 6, 18, 26, 36, 42]",17,1,1,2,3,[26],0.10745522694254397,0.37177617972842997,18.666666666666668
2024-04-27,ema_gap,research-v2,"[3, 6, 18, 26, 36, 42]",17,0,0,0,1,[],0.1117249506694227,0.39116046628142603,28.5
2024-04-27,v2_statistical,research-v2,"[3, 6, 18, 26, 36, 42]",17,0,0,0,2,[],0.11553572471945507,0.4074164510326348,28.666666666666668
2024-05-01,random,research-v2,"[3, 18, 30, 34, 36, 39]",21,1,1,2,2,[30],0.1074552269673882,0.37177617984403244,22.333333333333332
2024-05-01,ema_gap,research-v2,"[3, 18, 30, 34, 36, 39]",21,2,2,3,3,"[36, 39]",0.10487110510823393,0.3580996128817017,16.833333333333332
2024-05-01,v2_statistical,research-v2,"[3, 18, 30, 34, 36, 39]",21,1,1,1,5,[36],0.10388665413179236,0.34951828301183935,15.0
2024-05-04,random,research-v2,"[2, 16, 21, 27, 38, 45]",43,0,0,1,2,[],0.10745522696864991,0.3717761798499033,23.5
2024-05-04,ema_gap,research-v2,"[2, 16, 21, 27, 38, 45]",43,0,0,0,1,[],0.11110622951334641,0.38536312960407726,28.5
2024-05-04,v2_statistical,research-v2,"[2, 16, 21, 27, 38, 45]",43,1,1,2,2,[45],0.10763483735927093,0.37407307973909104,23.333333333333332
2024-05-08,random,research-v2,"[4, 7, 11, 29, 30, 31]",32,1,1,3,5,[29],0.10745522685832266,0.37177617933653956,12.333333333333334
2024-05-08,ema_gap,research-v2,"[4, 7, 11, 29, 30, 31]",32,1,1,2,2,[7],0.10657333305617077,0.36567164098621463,21.0
2024-05-08,v2_statistical,research-v2,"[4, 7, 11, 29, 30, 31]",32,1,1,2,3,[7],0.10498450906447553,0.35687286340770663,18.5
2024-05-11,random,research-v2,"[2, 10, 17, 18, 22, 28]",36,1,1,1,3,[22],0.10745522698014046,0.37177617990337003,23.5
2024-05-11,ema_gap,research-v2,"[2, 10, 17, 18, 22, 28]",36,1,1,3,4,[18],0.10629408903272008,0.3674190434089752,19.833333333333332
2024-05-11,v2_statistical,research-v2,"[2, 10, 17, 18, 22, 28]",36,0,0,3,4,[],0.11055206796839827,0.385987466846765,22.666666666666668
2024-05-15,random,research-v2,"[13, 17, 23, 24, 40, 48]",29,1,1,2,3,[24],0.10745522697977468,0.3717761799016679,23.833333333333332
2024-05-15,ema_gap,research-v2,"[13, 17, 23, 24, 40, 48]",29,1,1,1,1,[17],0.1133357043677587,0.4028930917147231,34.333333333333336
2024-05-15,v2_statistical,research-v2,"[13, 17, 23, 24, 40, 48]",29,0,0,1,1,[],0.11634968107513863,0.417466317452713,33.0
2024-05-18,random,research-v2,"[27, 29, 32, 33, 35, 39]",18,2,2,4,4,"[27, 29]",0.10745522690003734,0.371776179530642,15.5
2024-05-18,ema_gap,research-v2,"[27, 29, 32, 33, 35, 39]",18,0,0,3,3,[],0.10857362604694709,0.37631251771080015,24.166666666666668
2024-05-18,v2_statistical,research-v2,"[27, 29, 32, 33, 35, 39]",18,0,0,1,1,[],0.11204451629836677,0.38688617315803664,25.666666666666668
2024-05-22,random,research-v2,"[3, 18, 20, 25, 39, 43]",4,0,0,1,2,[],0.10745522701369664,0.3717761800595102,27.666666666666668
2024-05-22,ema_gap,research-v2,"[3, 18, 20, 25, 39, 43]",4,2,2,2,2,"[18, 39]",0.10653108748425476,0.36889148029344027,23.0
2024-05-22,v2_statistical,research-v2,"[3, 18, 20, 25, 39, 43]",4,0,0,1,4,[],0.10829548625982845,0.36936644952602904,22.0
2024-05-25,random,research-v2,"[14, 21, 31, 37, 39, 42]",19,2,2,3,3,"[14, 31]",0.10745522695457584,0.3717761797844152,21.833333333333332
2024-05-25,ema_gap,research-v2,"[14, 21, 31, 37, 39, 42]",19,1,1,1,1,[39],0.10833051406886754,0.37788075457805353,26.333333333333332
2024-05-25,v2_statistical,research-v2,"[14, 21, 31, 37, 39, 42]",19,1,1,2,2,[39],0.11016153495180071,0.38686287540476194,24.5
2024-05-29,random,research-v2,"[4, 26, 27, 32, 38, 40]",10,1,1,3,3,[26],0.10745522689641542,0.371776179513789,15.833333333333334
2024-05-29,ema_gap,research-v2,"[4, 26, 27, 32, 38, 40]",10,1,1,1,1,[27],0.10966240094250478,0.37892707887484905,27.0
2024-05-29,v2_statistical,research-v2,"[4, 26, 27, 32, 38, 40]",10,0,0,1,1,[],0.11038150211603072,0.37966815886864064,23.5
2024-06-01,random,research-v2,"[17, 22, 28, 35, 37, 41]",18,0,0,1,2,[],0.10745522705039824,0.37177618023028663,31.333333333333332
2024-06-01,ema_gap,research-v2,"[17, 22, 28, 35, 37, 41]",18,1,1,1,2,[17],0.109760701077376,0.3826161930411841,28.333333333333332
2024-06-01,v2_statistical,research-v2,"[17, 22, 28, 35, 37, 41]",18,0,0,1,3,[],0.11160011190936239,0.39122061379559286,26.0
2024-06-05,random,research-v2,"[4, 6, 24, 27, 32, 41]",34,2,2,2,3,"[6, 27]",0.10745522693981831,0.3717761797157471,20.833333333333332
2024-06-05,ema_gap,research-v2,"[4, 6, 24, 27, 32, 41]",34,1,1,1,2,[27],0.10968840536564871,0.38333368162372194,27.333333333333332
2024-06-05,v2_statistical,research-v2,"[4, 6, 24, 27, 32, 41]",34,1,1,1,1,[27],0.11335672594414174,0.405312305725542,29.5
2024-06-08,random,research-v2,"[3, 6, 26, 28, 39, 40]",29,1,1,2,2,[3],0.10745522701907215,0.37177618008452307,27.666666666666668
2024-06-08,ema_gap,research-v2,"[3, 6, 26, 28, 39, 40]",29,1,1,1,2,[39],0.10660955106138782,0.3688242565162137,24.666666666666668
2024-06-08,v2_statistical,research-v2,"[3, 6, 26, 28, 39, 40]",29,1,1,1,1,[39],0.10997207858578985,0.3854713623942058,26.0
2024-06-12,random,research-v2,"[7, 8, 10, 17, 43, 48]",26,0,0,0,1,[],0.10745522707076265,0.37177618032504395,33.666666666666664
2024-06-12,ema_gap,research-v2,"[7, 8, 10, 17, 43, 48]",26,1,1,2,3,[17],0.10497408347895688,0.35900640089190117,18.833333333333332
2024-06-12,v2_statistical,research-v2,"[7, 8, 10, 17, 43, 48]",26,3,3,3,4,"[7, 10, 17]",0.10073587765421832,0.3419521068324559,15.166666666666666
2024-06-15,random,research-v2,"[4, 11, 27, 30, 33, 34]",42,2,2,2,2,"[30, 33]",0.1074552270197461,0.3717761800876588,27.666666666666668
2024-06-15,ema_gap,research-v2,"[4, 11, 27, 30, 33, 34]",42,1,1,2,2,[27],0.10730782942494836,0.36991691789609243,23.0
2024-06-15,v2_statistical,research-v2,"[4, 11, 27, 30, 33, 34]",42,1,1,1,2,[27],0.10626088103933022,0.36550218706806387,22.166666666666668
2024-06-19,random,research-v2,"[8, 12, 19, 28, 42, 48]",5,0,0,1,2,[],0.10745522705667342,0.37177618025948556,31.166666666666668
2024-06-19,ema_gap,research-v2,"[8, 12, 19, 28, 42, 48]",5,0,0,0,1,[],0.11244003483534364,0.39307608024115104,30.166666666666668
2024-06-19,v2_statistical,research-v2,"[8, 12, 19, 28, 42, 48]",5,0,0,0,1,[],0.11562207120012212,0.4076767751019356,31.833333333333332
2024-06-22,random,research-v2,"[20, 23, 29, 34, 37, 43]",33,1,1,2,2,[34],0.10745522695371121,0.37177617978039196,21.166666666666668
2024-06-22,ema_gap,research-v2,"[20, 23, 29, 34, 37, 43]",33,0,0,0,2,[],0.1109978515496735,0.3850009094211673,28.666666666666668
2024-06-22,v2_statistical,research-v2,"[20, 23, 29, 34, 37, 43]",33,0,0,1,2,[],0.11213716365416487,0.38529019462570185,24.833333333333332
2024-06-26,random,research-v2,"[2, 7, 10, 23, 25, 29]",40,1,1,2,3,[2],0.10745522699443195,0.3717761799698697,25.0
2024-06-26,ema_gap,research-v2,"[2, 7, 10, 23, 25, 29]",40,1,1,3,3,[7],0.10603742270244426,0.363181399210971,19.333333333333332
2024-06-26,v2_statistical,research-v2,"[2, 7, 10, 23, 25, 29]",40,1,1,2,3,[10],0.10738282013112374,0.3673941717183051,20.666666666666668
2024-06-29,random,research-v2,"[6, 7, 30, 33, 35, 39]",15,1,1,1,2,[6],0.10745522701531066,0.3717761800670205,26.0
2024-06-29,ema_gap,research-v2,"[6, 7, 30, 33, 35, 39]",15,2,2,3,3,"[7, 39]",0.10333856241753614,0.35406220620271583,19.0
2024-06-29,v2_statistical,research-v2,"[6, 7, 30, 33, 35, 39]",15,2,2,2,2,"[7, 39]",0.10503188297787272,0.35975948609062414,20.166666666666668
2024-07-03,random,research-v2,"[2, 3, 7, 22, 28, 31]",20,1,1,2,2,[31],0.10745522688183509,0.37177617944594515,15.5
2024-07-03,ema_gap,research-v2,"[2, 3, 7, 22, 28, 31]",20,1,1,1,2,[7],0.10551482910673328,0.36153745685161104,20.333333333333332
2024-07-03,v2_statistical,research-v2,"[2, 3, 7, 22, 28, 31]",20,1,1,1,4,[7],0.10302595323225533,0.353167330942207,18.333333333333332
2024-07-06,random,research-v2,"[5, 6, 8, 16, 18, 38]",30,0,0,2,3,[],0.10745522696348506,0.3717761798258707,22.333333333333332
2024-07-06,ema_gap,research-v2,"[5, 6, 8, 16, 18, 38]",30,0,0,0,2,[],0.11252920921989695,0.3954099290136359,30.333333333333332
2024-07-06,v2_statistical,research-v2,"[5, 6, 8, 16, 18, 38]",30,0,0,0,2,[],0.11602834343572285,0.4100612515565262,30.5
2024-07-10,random,research-v2,"[7, 11, 18, 37, 38, 45]",31,1,1,1,2,[18],0.10745522699995645,0.3717761799955758,26.666666666666668
2024-07-10,ema_gap,research-v2,"[7, 11, 18, 37, 38, 45]",31,2,2,2,2,"[7, 18]",0.10396306828381763,0.357533228667124,20.166666666666668
2024-07-10,v2_statistical,research-v2,"[7, 11, 18, 37, 38, 45]",31,1,1,2,2,[7],0.1040223476284834,0.35590068109829714,19.5
2024-07-13,random,research-v2,"[5, 18, 27, 31, 32, 35]",23,0,0,1,2,[],0.10745522697553996,0.3717761798819633,23.666666666666668
2024-07-13,ema_gap,research-v2,"[5, 18, 27, 31, 32, 35]",23,2,2,2,2,"[18, 27]",0.10550970991057651,0.3621238421362902,20.0
2024-07-13,v2_statistical,research-v2,"[5, 18, 27, 31, 32, 35]",23,2,2,2,3,"[27, 31]",0.10614297592924693,0.36521314886805367,19.833333333333332
2024-07-17,random,research-v2,"[11, 13, 25, 28, 34, 42]",44,0,0,0,1,[],0.10745522704882601,0.37177618022297076,31.0
2024-07-17,ema_gap,research-v2,"[11, 13, 25, 28, 34, 42]",44,0,0,0,1,[],0.11077922942531106,0.3837096393300937,27.5
2024-07-17,v2_statistical,research-v2,"[11, 13, 25, 28, 34, 42]",44,0,0,1,1,[],0.114666971567912,0.3998837442380361,30.0
2024-07-20,random,research-v2,"[5, 12, 15, 23, 37, 42]",21,0,0,1,1,[],0.1074552269878258,0.3717761799391307,25.333333333333332
2024-07-20,ema_gap,research-v2,"[5, 12, 15, 23, 37, 42]",21,0,0,0,1,[],0.11138655210936203,0.38767049871978454,29.5
2024-07-20,v2_statistical,research-v2,"[5, 12, 15, 23, 37, 42]",21,0,0,0,1,[],0.11524989517519757,0.40484719334383834,30.833333333333332
2024-07-24,random,research-v2,"[1, 6, 34, 36, 40, 48]",27,0,0,0,1,[],0.10745522701089993,0.3717761800464968,26.5
2024-07-24,ema_gap,research-v2,"[1, 6, 34, 36, 40, 48]",27,0,0,0,1,[],0.11315599951857815,0.39873949796497776,32.833333333333336
2024-07-24,v2_statistical,research-v2,"[1, 6, 34, 36, 40, 48]",27,0,0,1,1,[],0.1136914492252231,0.4028334309243354,29.0
2024-07-27,random,research-v2,"[5, 23, 26, 33, 36, 39]",8,2,2,2,2,"[33, 36]",0.10745522690967835,0.3717761795755028,17.0
2024-07-27,ema_gap,research-v2,"[5, 23, 26, 33, 36, 39]",8,1,1,2,2,[39],0.10666898779295415,0.3659139777736968,22.666666666666668
2024-07-27,v2_statistical,research-v2,"[5, 23, 26, 33, 36, 39]",8,1,1,2,2,[39],0.10700748958468893,0.3637984531949948,19.333333333333332
2024-07-31,random,research-v2,"[12, 18, 19, 26, 40, 42]",35,0,0,0,0,[],0.10745522706307635,0.3717761802892791,32.666666666666664
2024-07-31,ema_gap,research-v2,"[12, 18, 19, 26, 40, 42]",35,2,2,2,3,"[18, 42]",0.10633041128029254,0.36653462285840116,21.5
2024-07-31,v2_statistical,research-v2,"[12, 18, 19, 26, 40, 42]",35,0,0,1,4,[],0.10740313265950392,0.36786497126938755,20.666666666666668
2024-08-03,random,research-v2,"[3, 11, 18, 32, 39, 42]",28,1,1,1,1,[32],0.10745522706514454,0.37177618029890247,30.333333333333332
2024-08-03,ema_gap,research-v2,"[3, 11, 18, 32, 39, 42]",28,3,3,4,4,"[18, 39, 42]",0.09900078139482041,0.336558292868655,13.333333333333334
2024-08-03,v2_statistical,research-v2,"[3, 11, 18, 32, 39, 42]",28,2,2,3,3,"[18, 39]",0.10181825189177501,0.3448700324664876,15.333333333333334
2024-08-07,random,research-v2,"[3, 6, 16, 35, 41, 42]",23,1,1,1,2,[16],0.10745522698923039,0.37177617994566625,24.833333333333332
2024-08-07,ema_gap,research-v2,"[3, 6, 16, 35, 41, 42]",23,1,1,2,3,[42],0.10707602428560907,0.36917705725340444,21.0
2024-08-07,v2_statistical,research-v2,"[3, 6, 16, 35, 41, 42]",23,1,1,1,2,[42],0.11084168425684045,0.387200015872127,27.666666666666668
2024-08-10,random,research-v2,"[9, 15, 17, 20, 25, 49]",28,1,1,3,3,[25],0.10745522690633252,0.3717761795599342,16.666666666666668
2024-08-10,ema_gap,research-v2,"[9, 15, 17, 20, 25, 49]",28,0,0,0,1,[],0.11555618691293901,0.4118722018050741,36.666666666666664
2024-08-10,v2_statistical,research-v2,"[9, 15, 17, 20, 25, 49]",28,0,0,0,0,[],0.11920691106127487,0.4271936768719769,37.5
2024-08-14,random,research-v2,"[10, 11, 29, 30, 36, 48]",18,2,2,3,3,"[10, 30]",0.10745522690610479,0.3717761795588747,16.166666666666668
2024-08-14,ema_gap,research-v2,"[10, 11, 29, 30, 36, 48]",18,0,0,1,2,[],0.10795288017875138,0.3696900808392664,20.666666666666668
2024-08-14,v2_statistical,research-v2,"[10, 11, 29, 30, 36, 48]",18,0,0,0,3,[],0.11038125470033054,0.3768917271659478,22.0
2024-08-17,random,research-v2,"[7, 8, 9, 10, 26, 33]",19,2,2,2,2,"[7, 8]",0.10745522701404639,0.37177618006113755,27.0
2024-08-17,ema_gap,research-v2,"[7, 8, 9, 10, 26, 33]",19,1,1,2,3,[7],0.10680359918256574,0.3673002957347751,20.833333333333332
2024-08-17,v2_statistical,research-v2,"[7, 8, 9, 10, 26, 33]",19,1,1,2,3,[7],0.10524400551208485,0.3601224703019514,20.166666666666668
2024-08-21,random,research-v2,"[4, 6, 13, 14, 34, 36]",40,0,0,1,2,[],0.10745522702364114,0.371776180105783,28.666666666666668
2024-08-21,ema_gap,research-v2,"[4, 6, 13, 14, 34, 36]",40,0,0,1,2,[],0.11098850838697066,0.38697922359595305,28.166666666666668
2024-08-21,v2_statistical,research-v2,"[4, 6, 13, 14, 34, 36]",40,1,1,1,2,[34],0.1121659965039323,0.3960448767711337,27.666666666666668
2024-08-24,random,research-v2,"[16, 21, 29, 32, 42, 49]",5,1,1,2,2,[32],0.10745522694721837,0.3717761797501801,19.666666666666668
2024-08-24,ema_gap,research-v2,"[16, 21, 29, 32, 42, 49]",5,1,1,1,2,[42],0.1092847974545374,0.38159026953767705,27.833333333333332
2024-08-24,v2_statistical,research-v2,"[16, 21, 29, 32, 42, 49]",5,1,1,1,2,[42],0.11062053189109525,0.3838400155579964,26.0
2024-08-28,random,research-v2,"[4, 20, 29, 40, 41, 48]",47,0,0,1,3,[],0.1074552269438179,0.37177617973435745,20.0
2024-08-28,ema_gap,research-v2,"[4, 20, 29, 40, 41, 48]",47,1,1,1,1,[29],0.10892325514504289,0.3756003014729593,24.833333333333332
2024-08-28,v2_statistical,research-v2,"[4, 20, 29, 40, 41, 48]",47,1,1,1,3,[29],0.10753723905802227,0.3675131279491,21.0
2024-08-31,random,research-v2,"[7, 24, 25, 34, 43, 44]",13,0,0,1,3,[],0.10745522702846834,0.37177618012824454,28.833333333333332
2024-08-31,ema_gap,research-v2,"[7, 24, 25, 34, 43, 44]",13,1,1,1,2,[7],0.11048183593589399,0.3900167854825792,28.5
2024-08-31,v2_statistical,research-v2,"[7, 24, 25, 34, 43, 44]",13,1,1,2,2,[7],0.1088879308587819,0.39215382554621103,27.333333333333332
2024-09-04,random,research-v2,"[31, 34, 38, 41, 43, 48]",47,0,0,1,1,[],0.10745522703386606,0.37177618015336056,29.0
2024-09-04,ema_gap,research-v2,"[31, 34, 38, 41, 43, 48]",47,1,1,2,2,[34],0.1078696667947786,0.37099995881634157,21.833333333333332
2024-09-04,v2_statistical,research-v2,"[31, 34, 38, 41, 43, 48]",47,1,1,2,3,[34],0.1050181481383947,0.3573237719978412,18.333333333333332
2024-09-07,random,research-v2,"[8, 21, 33, 34, 37, 47]",24,1,1,1,2,[47],0.10745522704522804,0.3717761802062291,31.0
2024-09-07,ema_gap,research-v2,"[8, 21, 33, 34, 37, 47]",24,1,1,1,1,[34],0.11067372248704796,0.3901516815373897,28.833333333333332
2024-09-07,v2_statistical,research-v2,"[8, 21, 33, 34, 37, 47]",24,1,1,1,2,[34],0.11176526150519664,0.3935796813605101,27.333333333333332
2024-09-11,random,research-v2,"[1, 8, 19, 33, 46, 49]",2,2,2,2,3,"[19, 46]",0.10745522691149435,0.3717761795839528,17.333333333333332
2024-09-11,ema_gap,research-v2,"[1, 8, 19, 33, 46, 49]",2,0,0,2,2,[],0.11403307479328455,0.4062050998813035,33.166666666666664
2024-09-11,v2_statistical,research-v2,"[1, 8, 19, 33, 46, 49]",2,0,0,0,1,[],0.11840587428663145,0.42517345955756314,35.333333333333336
2024-09-14,random,research-v2,"[11, 14, 19, 25, 26, 28]",21,0,0,1,1,[],0.10745522699387382,0.3717761799672725,26.166666666666668
2024-09-14,ema_gap,research-v2,"[11, 14, 19, 25, 26, 28]",21,0,0,0,3,[],0.11095747036799644,0.38593950610246036,26.833333333333332
2024-09-14,v2_statistical,research-v2,"[11, 14, 19, 25, 26, 28]",21,0,0,0,0,[],0.11894413192044181,0.42852374872874693,37.166666666666664
2024-09-18,random,research-v2,"[2, 13, 14, 18, 20, 39]",40,1,1,1,3,[14],0.10745522700489206,0.37177618001854146,26.5
2024-09-18,ema_gap,research-v2,"[2, 13, 14, 18, 20, 39]",40,0,0,2,2,[],0.11020490288677258,0.3848347252342151,28.833333333333332
2024-09-18,v2_statistical,research-v2,"[2, 13, 14, 18, 20, 39]",40,1,1,1,2,[39],0.1139188868856157,0.4036006950208587,30.0
2024-09-21,random,research-v2,"[5, 10, 11, 15, 27, 49]",25,0,0,1,3,[],0.10745522698840525,0.37177617994182705,24.666666666666668
2024-09-21,ema_gap,research-v2,"[5, 10, 11, 15, 27, 49]",25,1,1,1,2,[11],0.1108273888092795,0.3861873927187008,28.333333333333332
2024-09-21,v2_statistical,research-v2,"[5, 10, 11, 15, 27, 49]",25,0,0,1,3,[],0.11060238646920163,0.38238633117186543,24.0
2024-09-25,random,research-v2,"[2, 4, 8, 11, 14, 40]",36,0,0,0,4,[],0.1074552269645221,0.3717761798306964,20.0
2024-09-25,ema_gap,research-v2,"[2, 4, 8, 11, 14, 40]",36,1,1,2,2,[11],0.10561868117876867,0.3618231592503398,18.833333333333332
2024-09-25,v2_statistical,research-v2,"[2, 4, 8, 11, 14, 40]",36,0,0,3,4,[],0.10857969580473922,0.3732221354225906,20.166666666666668
2024-09-28,random,research-v2,"[7, 15, 23, 29, 41, 46]",22,1,1,2,2,[41],0.10745522701912322,0.3717761800847607,27.166666666666668
2024-09-28,ema_gap,research-v2,"[7, 15, 23, 29, 41, 46]",22,1,1,1,2,[7],0.10828726410542817,0.37417067800019926,25.5
2024-09-28,v2_statistical,research-v2,"[7, 15, 23, 29, 41, 46]",22,1,1,1,2,[7],0.10549334798893528,0.3619269588499663,20.5
2024-10-02,random,research-v2,"[26, 28, 33, 41, 42, 49]",45,0,0,0,1,[],0.10745522705779992,0.3717761802647272,32.5
2024-10-02,ema_gap,research-v2,"[26, 28, 33, 41, 42, 49]",45,0,0,2,4,[],0.10553558749526767,0.35972301515620014,16.5
2024-10-02,v2_statistical,research-v2,"[26, 28, 33, 41, 42, 49]",45,1,1,1,2,[42],0.10865502782741261,0.3724319295954719,21.666666666666668
2024-10-05,random,research-v2,"[17, 18, 20, 29, 32, 35]",38,0,0,1,2,[],0.10745522701405673,0.3717761800611859,27.666666666666668
2024-10-05,ema_gap,research-v2,"[17, 18, 20, 29, 32, 35]",38,2,2,2,2,"[18, 29]",0.10762283883596038,0.3712938633611612,23.166666666666668
2024-10-05,v2_statistical,research-v2,"[17, 18, 20, 29, 32, 35]",38,0,0,1,2,[],0.1094632095824398,0.37517809653230594,21.5
2024-10-09,random,research-v2,"[20, 22, 23, 36, 46, 47]",42,0,0,0,0,[],0.10745522710231922,0.3717761804718802,39.0
2024-10-09,ema_gap,research-v2,"[20, 22, 23, 36, 46, 47]",42,0,0,0,1,[],0.11303214247375137,0.3975099876705944,32.5
2024-10-09,v2_statistical,research-v2,"[20, 22, 23, 36, 46, 47]",42,0,0,1,3,[],0.11096676109956925,0.3843279969382783,24.833333333333332
2024-10-12,random,research-v2,"[3, 16, 21, 28, 39, 43]",8,0,0,0,2,[],0.10745522700741277,0.37177618003027063,27.333333333333332
2024-10-12,ema_gap,research-v2,"[3, 16, 21, 28, 39, 43]",8,0,0,1,1,[],0.11155318752425772,0.38972841948686116,30.0
2024-10-12,v2_statistical,research-v2,"[3, 16, 21, 28, 39, 43]",8,0,0,0,1,[],0.11354446825215063,0.39802839983691163,30.0
2024-10-16,random,research-v2,"[1, 17, 26, 35, 44, 48]",19,0,0,1,1,[],0.10745522700486856,0.3717761800184323,28.166666666666668
2024-10-16,ema_gap,research-v2,"[1, 17, 26, 35, 44, 48]",19,0,0,1,2,[],0.1113351347993921,0.3905641239680016,28.666666666666668
2024-10-16,v2_statistical,research-v2,"[1, 17, 26, 35, 44, 48]",19,0,0,1,1,[],0.11337555840599413,0.3987238597669118,28.833333333333332
2024-10-19,random,research-v2,"[2, 12, 20, 23, 28, 41]",43,2,2,2,3,"[2, 23]",0.10745522692388233,0.37177617964159526,18.833333333333332
2024-10-19,ema_gap,research-v2,"[2, 12, 20, 23, 28, 41]",43,0,0,0,4,[],0.10817962307981349,0.3737877800038244,23.166666666666668
2024-10-19,v2_statistical,research-v2,"[2, 12, 20, 23, 28, 41]",43,0,0,2,3,[],0.1100640546150031,0.38395855121412903,25.166666666666668
2024-10-23,random,research-v2,"[4, 15, 18, 20, 37, 40]",43,1,1,3,3,[18],0.10745522696024914,0.37177617981081396,21.333333333333332
2024-10-23,ema_gap,research-v2,"[4, 15, 18, 20, 37, 40]",43,1,1,2,2,[18],0.10679318428091467,0.36801171702526225,22.333333333333332
2024-10-23,v2_statistical,research-v2,"[4, 15, 18, 20, 37, 40]",43,1,1,2,3,[20],0.105435133836866,0.36106339305258117,20.0
2024-10-26,random,research-v2,"[7, 16, 19, 25, 28, 29]",15,1,1,2,3,[7],0.10745522692409798,0.37177617964259896,18.166666666666668
2024-10-26,ema_gap,research-v2,"[7, 16, 19, 25, 28, 29]",15,2,2,3,3,"[7, 29]",0.10642803787129004,0.36695009916300564,21.5
2024-10-26,v2_statistical,research-v2,"[7, 16, 19, 25, 28, 29]",15,1,1,2,2,[7],0.10974794499171142,0.3841429693945137,25.333333333333332
2024-10-30,random,research-v2,"[4, 9, 14, 17, 30, 44]",3,1,1,2,2,[44],0.10745522700935203,0.3717761800392944,26.333333333333332
2024-10-30,ema_gap,research-v2,"[4, 9, 14, 17, 30, 44]",3,0,0,1,2,[],0.11307265867423334,0.39913796760955905,32.0
2024-10-30,v2_statistical,research-v2,"[4, 9, 14, 17, 30, 44]",3,0,0,1,2,[],0.11650748319977348,0.4178046330840438,34.0
2024-11-02,random,research-v2,"[7, 13, 37, 42, 46, 47]",48,0,0,0,1,[],0.10745522708210734,0.3717761803778321,35.0
2024-11-02,ema_gap,research-v2,"[7, 13, 37, 42, 46, 47]",48,1,1,2,2,[7],0.1087762928556844,0.3801555581209906,27.166666666666668
2024-11-02,v2_statistical,research-v2,"[7, 13, 37, 42, 46, 47]",48,2,2,2,2,"[7, 42]",0.10439939395893288,0.3669259479683201,24.0
2024-11-06,random,research-v2,"[2, 11, 18, 21, 23, 25]",26,2,2,2,4,"[11, 18]",0.10745522690363536,0.371776179547384,16.833333333333332
2024-11-06,ema_gap,research-v2,"[2, 11, 18, 21, 23, 25]",26,1,1,2,4,[18],0.10534355545238527,0.36068494370822884,18.333333333333332
2024-11-06,v2_statistical,research-v2,"[2, 11, 18, 21, 23, 25]",26,0,0,1,4,[],0.10745153977700013,0.36529642688555647,18.666666666666668
2024-11-09,random,research-v2,"[9, 12, 16, 39, 47, 49]",30,3,3,4,4,"[16, 39, 49]",0.10745522688496678,0.3717761794605174,14.0
2024-11-09,ema_gap,research-v2,"[9, 12, 16, 39, 47, 49]",30,0,0,1,1,[],0.1126324054759784,0.394432811715284,33.0
2024-11-09,v2_statistical,research-v2,"[9, 12, 16, 39, 47, 49]",30,0,0,1,1,[],0.11580719752193679,0.4097110104933082,34.0
2024-11-13,random,research-v2,"[5, 15, 17, 29, 35, 45]",25,1,1,3,3,[15],0.10745522694886402,0.37177617975783755,20.5
2024-11-13,ema_gap,research-v2,"[5, 15, 17, 29, 35, 45]",25,1,1,2,2,[29],0.11049068376691741,0.3887803821089839,27.0
2024-11-13,v2_statistical,research-v2,"[5, 15, 17, 29, 35, 45]",25,1,1,1,2,[29],0.11345041295350403,0.4011466065138579,29.666666666666668
2024-11-16,random,research-v2,"[7, 14, 21, 30, 32, 42]",15,0,0,0,2,[],0.10745522696134435,0.37177617981590977,22.666666666666668
2024-11-16,ema_gap,research-v2,"[7, 14, 21, 30, 32, 42]",15,1,1,2,2,[7],0.10596161702478697,0.3652512183776256,22.0
2024-11-16,v2_statistical,research-v2,"[7, 14, 21, 30, 32, 42]",15,2,2,2,3,"[7, 42]",0.10510699870104455,0.368699069619836,24.333333333333332
2024-11-20,random,research-v2,"[12, 13, 21, 24, 46, 49]",15,0,0,2,4,[],0.10745522691640048,0.3717761796067813,17.5
2024-11-20,ema_gap,research-v2,"[12, 13, 21, 24, 46, 49]",15,0,0,0,1,[],0.1129465582113077,0.39779115103051466,30.833333333333332
2024-11-20,v2_statistical,research-v2,"[12, 13, 21, 24, 46, 49]",15,0,0,0,1,[],0.11616617593525992,0.4114137131776062,30.833333333333332
2024-11-23,random,research-v2,"[3, 4, 6, 11, 27, 39]",1,1,1,1,2,[3],0.10745522698621252,0.371776179931624,24.5
2024-11-23,ema_gap,research-v2,"[3, 4, 6, 11, 27, 39]",1,1,1,2,3,[39],0.10886864521619995,0.37833090116666496,25.0
2024-11-23,v2_statistical,research-v2,"[3, 4, 6, 11, 27, 39]",1,0,0,3,3,[],0.10984057685770944,0.38040557852852674,24.0
2024-11-27,random,research-v2,"[2, 3, 6, 14, 34, 44]",35,0,0,1,2,[],0.10745522703108755,0.37177618014043196,29.166666666666668
2024-11-27,ema_gap,research-v2,"[2, 3, 6, 14, 34, 44]",35,0,0,0,1,[],0.110690890087158,0.3834759948262269,28.0
2024-11-27,v2_statistical,research-v2,"[2, 3, 6, 14, 34, 44]",35,0,0,1,2,[],0.11357982490919932,0.3967788807418558,29.666666666666668
2024-11-30,random,research-v2,"[1, 5, 22, 25, 36, 37]",30,1,1,3,3,[37],0.10745522694902825,0.37177617975860183,20.666666666666668
2024-11-30,ema_gap,research-v2,"[1, 5, 22, 25, 36, 37]",30,0,0,0,0,[],0.11500288640129731,0.40816243140401437,36.5
2024-11-30,v2_statistical,research-v2,"[1, 5, 22, 25, 36, 37]",30,0,0,0,0,[],0.11784453825815523,0.4248455473042642,37.833333333333336
2024-12-04,random,research-v2,"[19, 23, 37, 39, 41, 49]",29,2,2,3,3,"[19, 49]",0.1074552269802748,0.37177617990399514,23.0
2024-12-04,ema_gap,research-v2,"[19, 23, 37, 39, 41, 49]",29,1,1,1,3,[39],0.10646416259762366,0.366508009788169,21.0
2024-12-04,v2_statistical,research-v2,"[19, 23, 37, 39, 41, 49]",29,1,1,2,2,[39],0.10906665071839859,0.37548562009093017,21.833333333333332
2024-12-07,random,research-v2,"[9, 22, 33, 41, 42, 45]",12,1,1,2,2,[45],0.1074552270173701,0.37177618007660335,26.833333333333332
2024-12-07,ema_gap,research-v2,"[9, 22, 33, 41, 42, 45]",12,1,1,1,2,[42],0.11123449186740246,0.3908955604044076,31.333333333333332
2024-12-07,v2_statistical,research-v2,"[9, 22, 33, 41, 42, 45]",12,0,0,1,2,[],0.11169266793118873,0.38901835753912073,27.333333333333332
2024-12-11,random,research-v2,"[26, 35, 39, 40, 41, 46]",3,0,0,2,3,[],0.10745522700849156,0.37177618003529056,27.0
2024-12-11,ema_gap,research-v2,"[26, 35, 39, 40, 41, 46]",3,2,2,2,2,"[39, 41]",0.10481977305864217,0.36050470295275977,19.833333333333332
2024-12-11,v2_statistical,research-v2,"[26, 35, 39, 40, 41, 46]",3,1,1,1,4,[39],0.10659809265729583,0.36262706264807765,17.666666666666668
2024-12-14,random,research-v2,"[3, 4, 13, 16, 27, 43]",38,2,2,3,3,"[3, 43]",0.10745522693173876,0.37177617967815196,20.333333333333332
2024-12-14,ema_gap,research-v2,"[3, 4, 13, 16, 27, 43]",38,0,0,0,1,[],0.11189292991373831,0.39002659165023656,30.833333333333332
2024-12-14,v2_statistical,research-v2,"[3, 4, 13, 16, 27, 43]",38,0,0,1,2,[],0.11311171675369572,0.39732479430411277,30.333333333333332
2024-12-18,random,research-v2,"[7, 9, 17, 39, 41, 45]",47,1,1,1,3,[39],0.10745522699321865,0.371776179964224,25.666666666666668
2024-12-18,ema_gap,research-v2,"[7, 9, 17, 39, 41, 45]",47,3,3,3,4,"[7, 39, 41]",0.10117963302975343,0.34847168354126795,17.666666666666668
2024-12-18,v2_statistical,research-v2,"[7, 9, 17, 39, 41, 45]",47,3,3,3,3,"[7, 39, 41]",0.0972072777723681,0.336189851182318,17.0
2024-12-21,random,research-v2,"[6, 9, 21, 24, 41, 48]",31,2,2,2,2,"[9, 48]",0.10745522697472676,0.3717761798781794,22.166666666666668
2024-12-21,ema_gap,research-v2,"[6, 9, 21, 24, 41, 48]",31,1,1,1,1,[41],0.10932834269594392,0.38267531343061206,28.666666666666668
2024-12-21,v2_statistical,research-v2,"[6, 9, 21, 24, 41, 48]",31,1,1,1,1,[41],0.11362009086437871,0.4031226860722186,29.5
2024-12-25,random,research-v2,"[5, 6, 14, 16, 18, 44]",19,1,1,1,1,[44],0.10745522703246052,0.3717761801468205,30.166666666666668
2024-12-25,ema_gap,research-v2,"[5, 6, 14, 16, 18, 44]",19,0,0,1,2,[],0.10965055941782266,0.37813682936615717,24.666666666666668
2024-12-25,v2_statistical,research-v2,"[5, 6, 14, 16, 18, 44]",19,0,0,0,1,[],0.11772433582024883,0.41393225642599696,34.666666666666664
2024-12-28,random,research-v2,"[8, 16, 18, 23, 34, 36]",12,1,1,2,3,[23],0.10745522694398459,0.3717761797351331,21.333333333333332
2024-12-28,ema_gap,research-v2,"[8, 16, 18, 23, 34, 36]",12,1,1,2,3,[18],0.10778454930219765,0.3713043455602614,22.166666666666668
2024-12-28,v2_statistical,research-v2,"[8, 16, 18, 23, 34, 36]",12,1,1,3,3,[18],0.10692995908022447,0.3641800415847541,18.666666666666668
2025-01-01,random,research-v2,"[2, 10, 13, 26, 35, 46]",8,1,1,2,2,[26],0.10745522699115037,0.3717761799546003,25.333333333333332
2025-01-01,ema_gap,research-v2,"[2, 10, 13, 26, 35, 46]",8,0,0,0,0,[],0.11152434584327989,0.3879657392676653,29.0
2025-01-01,v2_statistical,research-v2,"[2, 10, 13, 26, 35, 46]",8,0,0,1,1,[],0.11470005977882859,0.3998751374295293,29.833333333333332
2025-01-04,random,research-v2,"[2, 5, 9, 19, 24, 44]",10,2,2,3,3,"[5, 19]",0.10745522691106894,0.37177617958197323,17.5
2025-01-04,ema_gap,research-v2,"[2, 5, 9, 19, 24, 44]",10,0,0,0,1,[],0.1120557852920484,0.39144639982522134,31.0
2025-01-04,v2_statistical,research-v2,"[2, 5, 9, 19, 24, 44]",10,0,0,0,1,[],0.11578656089221068,0.41148898298823433,33.5
2025-01-08,random,research-v2,"[9, 10, 12, 22, 32, 34]",47,1,1,1,1,[34],0.10745522701200123,0.3717761800516215,26.333333333333332
2025-01-08,ema_gap,research-v2,"[9, 10, 12, 22, 32, 34]",47,0,0,1,2,[],0.11183885287549006,0.39086237938729856,31.333333333333332
2025-01-08,v2_statistical,research-v2,"[9, 10, 12, 22, 32, 34]",47,1,1,2,2,[34],0.10990719266223063,0.38973395686870776,28.166666666666668
2025-01-11,random,research-v2,"[3, 9, 18, 25, 43, 45]",31,0,0,1,2,[],0.1074552270560839,0.37177618025674236,30.166666666666668
2025-01-11,ema_gap,research-v2,"[3, 9, 18, 25, 43, 45]",31,2,2,2,2,"[9, 18]",0.1067815888784996,0.36919487189550826,24.5
2025-01-11,v2_statistical,research-v2,"[3, 9, 18, 25, 43, 45]",31,1,1,2,2,[18],0.10830226304334833,0.3716774163028824,22.0
2025-01-15,random,research-v2,"[4, 17, 21, 32, 33, 49]",28,1,1,1,1,[49],0.10745522700840937,0.3717761800349081,28.5
2025-01-15,ema_gap,research-v2,"[4, 17, 21, 32, 33, 49]",28,0,0,0,1,[],0.10987395803748684,0.3791839957580343,26.833333333333332
2025-01-15,v2_statistical,research-v2,"[4, 17, 21, 32, 33, 49]",28,0,0,1,2,[],0.11377853146190829,0.3927579977344154,26.666666666666668
2025-01-18,random,research-v2,"[8, 13, 16, 18, 31, 43]",1,0,0,0,1,[],0.10745522702150147,0.3717761800958269,28.0
2025-01-18,ema_gap,research-v2,"[8, 13, 16, 18, 31, 43]",1,1,1,2,2,[18],0.10839636902522198,0.38035777660626374,26.0
2025-01-18,v2_statistical,research-v2,"[8, 13, 16, 18, 31, 43]",1,1,1,1,1,[18],0.1114495020134884,0.3897105089626133,29.166666666666668
2025-01-22,random,research-v2,"[22, 24, 28, 32, 41, 42]",25,1,1,2,2,[41],0.10745522698235035,0.3717761799136528,23.833333333333332
2025-01-22,ema_gap,research-v2,"[22, 24, 28, 32, 41, 42]",25,1,1,1,2,[41],0.10890627436827093,0.37803773917101224,26.833333333333332
2025-01-22,v2_statistical,research-v2,"[22, 24, 28, 32, 41, 42]",25,1,1,1,2,[41],0.10941966587350478,0.38545615160158986,27.666666666666668
2025-01-25,random,research-v2,"[1, 14, 19, 27, 32, 40]",37,0,0,1,3,[],0.1074552269952274,0.37177617997357115,25.5
2025-01-25,ema_gap,research-v2,"[1, 14, 19, 27, 32, 40]",37,0,0,1,1,[],0.11344599774891019,0.4001862922409484,34.333333333333336
2025-01-25,v2_statistical,research-v2,"[1, 14, 19, 27, 32, 40]",37,0,0,0,1,[],0.11656421981978314,0.41752271974615923,33.5
2025-01-29,random,research-v2,"[3, 7, 15, 20, 31, 39]",2,1,1,2,2,[39],0.10745522698673836,0.3717761799340705,26.166666666666668
2025-01-29,ema_gap,research-v2,"[3, 7, 15, 20, 31, 39]",2,1,1,2,3,[39],0.11011472074348967,0.38585398167616874,26.833333333333332
2025-01-29,v2_statistical,research-v2,"[3, 7, 15, 20, 31, 39]",2,2,2,3,3,"[7, 39]",0.10656170851418963,0.372262844551679,22.666666666666668
2025-02-01,random,research-v2,"[2, 28, 29, 30, 36, 49]",35,2,2,2,2,"[2, 49]",0.10745522700112738,0.3717761800010242,24.666666666666668
2025-02-01,ema_gap,research-v2,"[2, 28, 29, 30, 36, 49]",35,0,0,0,2,[],0.11241260751476514,0.3932804582484783,30.0
2025-02-01,v2_statistical,research-v2,"[2, 28, 29, 30, 36, 49]",35,0,0,0,1,[],0.11564906273705261,0.4067344987854187,32.666666666666664
2025-02-05,random,research-v2,"[4, 13, 20, 32, 37, 46]",33,1,1,2,2,[20],0.10745522702185806,0.3717761800974861,27.333333333333332
2025-02-05,ema_gap,research-v2,"[4, 13, 20, 32, 37, 46]",33,1,1,1,2,[32],0.10844323804625482,0.3734342987064172,22.5
2025-02-05,v2_statistical,research-v2,"[4, 13, 20, 32, 37, 46]",33,0,0,1,3,[],0.10831776413962149,0.3711018305663163,21.666666666666668
2025-02-08,random,research-v2,"[7, 17, 22, 26, 27, 32]",46,0,0,0,1,[],0.10745522706771425,0.37177618031085985,33.333333333333336
2025-02-08,ema_gap,research-v2,"[7, 17, 22, 26, 27, 32]",46,2,2,2,2,"[7, 32]",0.10499515261444127,0.35956840164592796,18.666666666666668
2025-02-08,v2_statistical,research-v2,"[7, 17, 22, 26, 27, 32]",46,2,2,2,3,"[7, 32]",0.1050727532084931,0.3586375584601533,18.166666666666668
2025-02-12,random,research-v2,"[19, 24, 39, 40, 42, 45]",41,2,2,4,4,"[19, 24]",0.10745522692967657,0.3717761796685564,19.0
2025-02-12,ema_gap,research-v2,"[19, 24, 39, 40, 42, 45]",41,1,1,2,2,[39],0.10920817802986194,0.3799828656428481,27.833333333333332
2025-02-12,v2_statistical,research-v2,"[19, 24, 39, 40, 42, 45]",41,1,1,2,3,[39],0.10971928323932437,0.3825635315739438,25.0
2025-02-15,random,research-v2,"[8, 10, 31, 37, 43, 49]",34,3,3,4,5,"[8, 10, 31]",0.10745522686406622,0.37177617936326496,12.5
2025-02-15,ema_gap,research-v2,"[8, 10, 31, 37, 43, 49]",34,0,0,1,1,[],0.11215741994709467,0.3912629098505451,31.5
2025-02-15,v2_statistical,research-v2,"[8, 10, 31, 37, 43, 49]",34,0,0,0,1,[],0.11272738046924324,0.3897688534858129,27.666666666666668
2025-02-19,random,research-v2,"[9, 10, 11, 24, 31, 37]",44,0,0,0,1,[],0.10745522695553056,0.3717761797888576,22.166666666666668
2025-02-19,ema_gap,research-v2,"[9, 10, 11, 24, 31, 37]",44,0,0,2,2,[],0.10993699549410019,0.38052467239964377,26.666666666666668
2025-02-19,v2_statistical,research-v2,"[9, 10, 11, 24, 31, 37]",44,0,0,0,1,[],0.11185346145278487,0.3869826205306552,26.666666666666668
2025-02-22,random,research-v2,"[7, 13, 29, 39, 47, 48]",26,1,1,2,3,[47],0.10745522695888042,0.3717761798044449,22.0
2025-02-22,ema_gap,research-v2,"[7, 13, 29, 39, 47, 48]",26,2,2,2,3,"[7, 39]",0.10694933668499372,0.3763304886771724,23.833333333333332
2025-02-22,v2_statistical,research-v2,"[7, 13, 29, 39, 47, 48]",26,2,2,2,2,"[7, 39]",0.10685599237086474,0.381319532297951,26.833333333333332
2025-02-26,random,research-v2,"[7, 19, 20, 26, 31, 35]",40,2,2,2,2,"[31, 35]",0.10745522696526694,0.3717761798341619,22.5
2025-02-26,ema_gap,research-v2,"[7, 19, 20, 26, 31, 35]",40,1,1,1,1,[7],0.10674117760878718,0.3679223163554006,23.666666666666668
2025-02-26,v2_statistical,research-v2,"[7, 19, 20, 26, 31, 35]",40,1,1,1,2,[7],0.10526635908570581,0.3627068881033712,21.5
2025-03-01,random,research-v2,"[15, 19, 25, 33, 40, 42]",13,0,0,0,1,[],0.10745522704664773,0.37177618021283504,30.5
2025-03-01,ema_gap,research-v2,"[15, 19, 25, 33, 40, 42]",13,0,0,1,2,[],0.11111935115158246,0.3868982402020906,29.666666666666668
2025-03-01,v2_statistical,research-v2,"[15, 19, 25, 33, 40, 42]",13,0,0,0,1,[],0.1153254790760341,0.4064439358846854,31.666666666666668
2025-03-05,random,research-v2,"[9, 11, 26, 36, 37, 42]",24,0,0,0,0,[],0.10745522713212868,0.3717761806105865,39.833333333333336
2025-03-05,ema_gap,research-v2,"[9, 11, 26, 36, 37, 42]",24,2,2,4,4,"[9, 42]",0.10432149893838286,0.3558391627702366,15.666666666666666
2025-03-05,v2_statistical,research-v2,"[9, 11, 26, 36, 37, 42]",24,2,2,2,3,"[9, 42]",0.10702800743316694,0.36429795334961124,18.666666666666668
2025-03-08,random,research-v2,"[2, 3, 13, 27, 36, 48]",15,0,0,1,2,[],0.10745522701340034,0.37177618005813173,28.0
2025-03-08,ema_gap,research-v2,"[2, 3, 13, 27, 36, 48]",15,0,0,1,1,[],0.10984515669571518,0.37905782636437174,25.333333333333332
2025-03-08,v2_statistical,research-v2,"[2, 3, 13, 27, 36, 48]",15,0,0,1,1,[],0.11190640125602014,0.38623322592569254,26.333333333333332
2025-03-12,random,research-v2,"[13, 15, 16, 22, 23, 46]",2,0,0,1,3,[],0.10745522698349205,0.3717761799189652,25.166666666666668
2025-03-12,ema_gap,research-v2,"[13, 15, 16, 22, 23, 46]",2,1,1,1,1,[13],0.11034008615261992,0.3828810174693804,29.5
2025-03-12,v2_statistical,research-v2,"[13, 15, 16, 22, 23, 46]",2,0,0,0,1,[],0.11250425983379153,0.38833976397780895,27.833333333333332
2025-03-15,random,research-v2,"[19, 31, 32, 37, 38, 39]",34,0,0,0,1,[],0.1074552270116267,0.3717761800498785,26.5
2025-03-15,ema_gap,research-v2,"[19, 31, 32, 37, 38, 39]",34,2,2,4,4,"[37, 39]",0.1049061282032669,0.3669369422305727,16.0
2025-03-15,v2_statistical,research-v2,"[19, 31, 32, 37, 38, 39]",34,1,1,2,4,[39],0.10703917935482872,0.37081923601661043,19.666666666666668
2025-03-19,random,research-v2,"[6, 7, 28, 32, 44, 48]",18,1,1,2,2,[6],0.10745522703242193,0.37177618014664093,30.166666666666668
2025-03-19,ema_gap,research-v2,"[6, 7, 28, 32, 44, 48]",18,2,2,2,2,"[7, 32]",0.1081076065384959,0.3779229850317972,26.666666666666668
2025-03-19,v2_statistical,research-v2,"[6, 7, 28, 32, 44, 48]",18,1,1,2,2,[7],0.10904926917575414,0.3900218528725505,28.5
2025-03-22,random,research-v2,"[1, 3, 13, 16, 26, 32]",21,2,2,2,2,"[3, 32]",0.1074552269815506,0.3717761799099316,24.0
2025-03-22,ema_gap,research-v2,"[1, 3, 13, 16, 26, 32]",21,2,2,3,5,"[13, 32]",0.1038376960561605,0.3582901204048848,15.666666666666666
2025-03-22,v2_statistical,research-v2,"[1, 3, 13, 16, 26, 32]",21,1,1,2,4,[32],0.10773364239879443,0.3772612939493594,20.5
2025-03-26,random,research-v2,"[9, 13, 25, 30, 45, 49]",8,0,0,1,2,[],0.1074552270052815,0.37177618002035373,27.0
2025-03-26,ema_gap,research-v2,"[9, 13, 25, 30, 45, 49]",8,1,1,2,2,[13],0.10875329913608689,0.3789249437068582,26.666666666666668
2025-03-26,v2_statistical,research-v2,"[9, 13, 25, 30, 45, 49]",8,1,1,2,2,[9],0.1111256434639775,0.38644847665214255,25.5
2025-03-29,random,research-v2,"[14, 23, 24, 27, 34, 42]",43,0,0,0,0,[],0.10745522707718204,0.3717761803549142,34.833333333333336
2025-03-29,ema_gap,research-v2,"[14, 23, 24, 27, 34, 42]",43,0,0,1,1,[],0.11168453341292858,0.3894108298250143,30.5
2025-03-29,v2_statistical,research-v2,"[14, 23, 24, 27, 34, 42]",43,1,1,1,2,[42],0.11223730237366687,0.3911260909158092,26.833333333333332
2025-04-02,random,research-v2,"[18, 26, 35, 40, 43, 47]",24,1,1,1,1,[43],0.10745522700370824,0.3717761800130333,26.0
2025-04-02,ema_gap,research-v2,"[18, 26, 35, 40, 43, 47]",24,0,0,1,1,[],0.11218254648082089,0.39311122797491316,31.333333333333332
2025-04-02,v2_statistical,research-v2,"[18, 26, 35, 40, 43, 47]",24,0,0,0,2,[],0.11321315604341471,0.394849878554872,27.666666666666668
2025-04-05,random,research-v2,"[2, 14, 23, 29, 39, 42]",15,2,2,4,5,"[29, 42]",0.10745522688558573,0.37177617946339725,15.5
2025-04-05,ema_gap,research-v2,"[2, 14, 23, 29, 39, 42]",15,2,2,2,3,"[39, 42]",0.10442704418525958,0.35716036542827284,17.333333333333332
2025-04-05,v2_statistical,research-v2,"[2, 14, 23, 29, 39, 42]",15,2,2,2,2,"[39, 42]",0.10677719625710239,0.36978911717503304,22.666666666666668
2025-04-09,random,research-v2,"[11, 18, 26, 35, 37, 39]",16,0,0,0,0,[],0.10745522704003595,0.3717761801820699,31.0
2025-04-09,ema_gap,research-v2,"[11, 18, 26, 35, 37, 39]",16,2,2,4,4,"[26, 39]",0.10130629309627022,0.34462837404681457,13.0
2025-04-09,v2_statistical,research-v2,"[11, 18, 26, 35, 37, 39]",16,1,1,3,4,[39],0.10280914672078491,0.35092092354995214,16.666666666666668
2025-04-12,random,research-v2,"[17, 20, 23, 36, 40, 42]",34,0,0,3,3,[],0.10745522695171676,0.37177617977111166,20.5
2025-04-12,ema_gap,research-v2,"[17, 20, 23, 36, 40, 42]",34,1,1,2,2,[42],0.10720692082206866,0.36907929549409774,21.666666666666668
2025-04-12,v2_statistical,research-v2,"[17, 20, 23, 36, 40, 42]",34,2,2,2,3,"[23, 42]",0.102900337191133,0.3507615277889258,17.0
2025-04-16,random,research-v2,"[3, 11, 13, 15, 17, 39]",32,0,0,0,2,[],0.10745522703567387,0.37177618016177255,28.833333333333332
2025-04-16,ema_gap,research-v2,"[3, 11, 13, 15, 17, 39]",32,2,2,2,3,"[13, 39]",0.10268180431261888,0.3510712725589495,16.666666666666668
2025-04-16,v2_statistical,research-v2,"[3, 11, 13, 15, 17, 39]",32,1,1,1,3,[39],0.10525874813165345,0.3636360162729098,22.0
2025-04-19,random,research-v2,"[1, 7, 31, 35, 46, 49]",29,0,0,2,2,[],0.10745522696139566,0.3717761798161487,22.666666666666668
2025-04-19,ema_gap,research-v2,"[1, 7, 31, 35, 46, 49]",29,0,0,1,2,[],0.10974555850911417,0.3797649789576222,24.666666666666668
2025-04-19,v2_statistical,research-v2,"[1, 7, 31, 35, 46, 49]",29,1,1,1,3,[7],0.1076992524602602,0.3729080214952364,21.666666666666668
2025-04-23,random,research-v2,"[9, 15, 22, 24, 40, 49]",25,0,0,1,2,[],0.10745522701160104,0.37177618004975915,27.166666666666668
2025-04-23,ema_gap,research-v2,"[9, 15, 22, 24, 40, 49]",25,0,0,1,3,[],0.10838653113157001,0.37205686021557766,21.833333333333332
2025-04-23,v2_statistical,research-v2,"[9, 15, 22, 24, 40, 49]",25,0,0,2,2,[],0.1093455209218244,0.3751741049610255,23.0
2025-04-26,random,research-v2,"[18, 22, 28, 32, 38, 44]",20,2,2,3,4,"[22, 28]",0.10745522687840611,0.3717761794299898,13.666666666666666
2025-04-26,ema_gap,research-v2,"[18, 22, 28, 32, 38, 44]",20,0,0,2,2,[],0.11037523146340972,0.3858187180346283,27.166666666666668
2025-04-26,v2_statistical,research-v2,"[18, 22, 28, 32, 38, 44]",20,0,0,1,2,[],0.11301214170108792,0.3968793009377718,29.0
2025-04-30,random,research-v2,"[1, 9, 12, 15, 34, 35]",31,2,2,4,6,"[15, 34]",0.10745522683546334,0.37177617923017287,10.0
2025-04-30,ema_gap,research-v2,"[1, 9, 12, 15, 34, 35]",31,0,0,1,3,[],0.11062034691416874,0.38692124883020856,27.0
2025-04-30,v2_statistical,research-v2,"[1, 9, 12, 15, 34, 35]",31,0,0,2,3,[],0.11242753505992234,0.3951159592413318,26.166666666666668
2025-05-03,random,research-v2,"[12, 22, 25, 30, 36, 41]",14,3,3,3,4,"[22, 25, 36]",0.1074552268625866,0.3717761793563802,13.0
2025-05-03,ema_gap,research-v2,"[12, 22, 25, 30, 36, 41]",14,0,0,0,1,[],0.11317093157657347,0.3968876241142131,31.666666666666668
2025-05-03,v2_statistical,research-v2,"[12, 22, 25, 30, 36, 41]",14,0,0,0,0,[],0.1174892232213332,0.4175188204527225,34.666666666666664
2025-05-07,random,research-v2,"[1, 4, 8, 13, 16, 26]",14,3,3,3,4,"[13, 16, 26]",0.1074552269110674,0.3717761795819663,16.666666666666668
2025-05-07,ema_gap,research-v2,"[1, 4, 8, 13, 16, 26]",14,1,1,2,2,[13],0.10948114218027616,0.38226452143873957,27.666666666666668
2025-05-07,v2_statistical,research-v2,"[1, 4, 8, 13, 16, 26]",14,0,0,0,2,[],0.1153146572466259,0.40861203372404,32.5
2025-05-10,random,research-v2,"[5, 12, 17, 19, 40, 47]",29,2,2,2,2,"[5, 40]",0.1074552269745131,0.37177617987718536,23.333333333333332
2025-05-10,ema_gap,research-v2,"[5, 12, 17, 19, 40, 47]",29,0,0,0,1,[],0.11378571760791238,0.40271728494342424,33.166666666666664
2025-05-10,v2_statistical,research-v2,"[5, 12, 17, 19, 40, 47]",29,1,1,1,1,[40],0.11459825486472627,0.4093577260505026,32.833333333333336
2025-05-14,random,research-v2,"[1, 8, 17, 18, 41, 48]",42,0,0,0,0,[],0.10745522703988368,0.37177618018136127,30.0
2025-05-14,ema_gap,research-v2,"[1, 8, 17, 18, 41, 48]",42,0,0,2,2,[],0.1088197238030485,0.3758888261832837,24.333333333333332
2025-05-14,v2_statistical,research-v2,"[1, 8, 17, 18, 41, 48]",42,0,0,0,1,[],0.11289014774292196,0.39367994848747573,29.5
2025-05-17,random,research-v2,"[7, 9, 20, 34, 38, 46]",14,0,0,0,1,[],0.10745522713539178,0.37177618062577,37.666666666666664
2025-05-17,ema_gap,research-v2,"[7, 9, 20, 34, 38, 46]",14,0,0,2,2,[],0.10942725148358783,0.38119378781293256,27.666666666666668
2025-05-17,v2_statistical,research-v2,"[7, 9, 20, 34, 38, 46]",14,1,1,2,3,[7],0.10701483019309925,0.3686580550944886,20.833333333333332
2025-05-21,random,research-v2,"[1, 2, 37, 38, 43, 46]",40,1,1,3,3,[1],0.10745522690885054,0.37177617957165077,17.833333333333332
2025-05-21,ema_gap,research-v2,"[1, 2, 37, 38, 43, 46]",40,0,0,0,2,[],0.11131918918590149,0.3873996928326548,28.833333333333332
2025-05-21,v2_statistical,research-v2,"[1, 2, 37, 38, 43, 46]",40,0,0,1,2,[],0.11101347121384776,0.3828066622783578,24.166666666666668
2025-05-24,random,research-v2,"[4, 8, 18, 27, 28, 31]",48,1,1,2,2,[8],0.10745522700489574,0.37177618001855894,26.833333333333332
2025-05-24,ema_gap,research-v2,"[4, 8, 18, 27, 28, 31]",48,1,1,1,1,[18],0.11031286410779284,0.38360015876258413,29.166666666666668
2025-05-24,v2_statistical,research-v2,"[4, 8, 18, 27, 28, 31]",48,1,1,2,2,[18],0.10789388708605127,0.372531154381636,23.5
2025-05-28,random,research-v2,"[6, 13, 28, 31, 34, 48]",42,0,0,2,2,[],0.10745522697061922,0.37177617985906675,23.5
2025-05-28,ema_gap,research-v2,"[6, 13, 28, 31, 34, 48]",42,1,1,1,2,[13],0.10830690655383178,0.37569129881079605,24.5
2025-05-28,v2_statistical,research-v2,"[6, 13, 28, 31, 34, 48]",42,2,2,3,3,"[13, 34]",0.10701041600346617,0.37407561048927435,21.166666666666668
2025-05-31,random,research-v2,"[2, 4, 11, 26, 34, 37]",24,1,1,1,1,[11],0.10745522700226645,0.3717761800063245,26.5
2025-05-31,ema_gap,research-v2,"[2, 4, 11, 26, 34, 37]",24,1,1,2,3,[26],0.10609517633926994,0.3625775006453518,19.166666666666668
2025-05-31,v2_statistical,research-v2,"[2, 4, 11, 26, 34, 37]",24,1,1,3,3,[34],0.10519800349916443,0.3588671370058186,19.166666666666668
2025-06-04,random,research-v2,"[8, 20, 30, 39, 41, 48]",18,0,0,1,2,[],0.10745522695511397,0.371776179786919,21.166666666666668
2025-06-04,ema_gap,research-v2,"[8, 20, 30, 39, 41, 48]",18,1,1,1,1,[39],0.10862825675772024,0.375352645310184,24.833333333333332
2025-06-04,v2_statistical,research-v2,"[8, 20, 30, 39, 41, 48]",18,0,0,2,3,[],0.10892066705203689,0.3741959432307847,21.666666666666668
2025-06-07,random,research-v2,"[2, 10, 12, 21, 36, 41]",33,2,2,3,4,"[36, 41]",0.10745522692517509,0.37177617964761067,17.5
2025-06-07,ema_gap,research-v2,"[2, 10, 12, 21, 36, 41]",33,0,0,1,2,[],0.11303233459504336,0.4008893071917768,31.166666666666668
2025-06-07,v2_statistical,research-v2,"[2, 10, 12, 21, 36, 41]",33,0,0,1,1,[],0.11444466854860344,0.405481342268446,31.0
2025-06-11,random,research-v2,"[4, 9, 23, 28, 32, 39]",26,1,1,2,2,[4],0.10745522696366586,0.3717761798267119,22.0
2025-06-11,ema_gap,research-v2,"[4, 9, 23, 28, 32, 39]",26,1,1,2,4,[39],0.10295263068348566,0.3510568123020316,15.333333333333334
2025-06-11,v2_statistical,research-v2,"[4, 9, 23, 28, 32, 39]",26,1,1,2,4,[39],0.10450313022773687,0.3542670455615067,17.333333333333332
2025-06-14,random,research-v2,"[5, 8, 20, 28, 35, 38]",46,1,1,2,2,[35],0.1074552269742565,0.3717761798759913,23.666666666666668
2025-06-14,ema_gap,research-v2,"[5, 8, 20, 28, 35, 38]",46,0,0,1,2,[],0.11022463568035051,0.3833675733970957,26.833333333333332
2025-06-14,v2_statistical,research-v2,"[5, 8, 20, 28, 35, 38]",46,0,0,0,1,[],0.11251434210223159,0.3915504071225842,26.666666666666668
2025-06-18,random,research-v2,"[8, 14, 20, 25, 30, 38]",46,0,0,0,0,[],0.10745522707762013,0.3717761803569528,34.333333333333336
2025-06-18,ema_gap,research-v2,"[8, 14, 20, 25, 30, 38]",46,0,0,2,2,[],0.11071121573445797,0.3861971756057931,28.5
2025-06-18,v2_statistical,research-v2,"[8, 14, 20, 25, 30, 38]",46,0,0,1,1,[],0.11520698663231405,0.41111628104354897,32.166666666666664
2025-06-21,random,research-v2,"[14, 15, 17, 38, 40, 49]",23,1,1,3,3,[14],0.10745522694180663,0.37177617972499877,19.833333333333332
2025-06-21,ema_gap,research-v2,"[14, 15, 17, 38, 40, 49]",23,0,0,0,0,[],0.1104125634495338,0.38167828622375954,27.5
2025-06-21,v2_statistical,research-v2,"[14, 15, 17, 38, 40, 49]",23,0,0,0,1,[],0.11332390254836751,0.39544100216637523,28.5
2025-06-25,random,research-v2,"[4, 8, 15, 20, 40, 49]",37,0,0,0,1,[],0.10745522711271818,0.3717761805202675,37.833333333333336
2025-06-25,ema_gap,research-v2,"[4, 8, 15, 20, 40, 49]",37,2,2,3,4,"[8, 20]",0.10198767595736515,0.3452384092888214,12.833333333333334
2025-06-25,v2_statistical,research-v2,"[4, 8, 15, 20, 40, 49]",37,2,2,4,4,"[20, 40]",0.09759217672026034,0.32933033629230174,12.166666666666666
2025-06-28,random,research-v2,"[2, 3, 14, 17, 44, 48]",8,2,2,3,3,"[2, 3]",0.1074552269812805,0.3717761799086747,23.666666666666668
2025-06-28,ema_gap,research-v2,"[2, 3, 14, 17, 44, 48]",8,0,0,0,2,[],0.11006440016106217,0.38286813106801737,27.333333333333332
2025-06-28,v2_statistical,research-v2,"[2, 3, 14, 17, 44, 48]",8,0,0,0,0,[],0.11599248620533206,0.40674045661901914,30.5
2025-07-02,random,research-v2,"[6, 25, 27, 34, 38, 49]",2,2,2,2,2,"[6, 49]",0.10745522691448388,0.37177617959786335,18.333333333333332
2025-07-02,ema_gap,research-v2,"[6, 25, 27, 34, 38, 49]",2,0,0,1,1,[],0.1100120199436138,0.38200406120485936,27.833333333333332
2025-07-02,v2_statistical,research-v2,"[6, 25, 27, 34, 38, 49]",2,1,1,2,3,[34],0.10902244452258836,0.38031607286985963,24.0
2025-07-05,random,research-v2,"[3, 6, 15, 33, 39, 42]",18,1,1,1,2,[15],0.10745522696030035,0.37177617981105204,23.0
2025-07-05,ema_gap,research-v2,"[3, 6, 15, 33, 39, 42]",18,1,1,1,2,[39],0.10921649216102737,0.3826044832734163,26.333333333333332
2025-07-05,v2_statistical,research-v2,"[3, 6, 15, 33, 39, 42]",18,1,1,1,1,[39],0.11136566443926289,0.3916437123357345,28.833333333333332
2025-07-09,random,research-v2,"[2, 17, 18, 22, 32, 37]",26,1,1,1,1,[18],0.10745522697746508,0.3717761798909213,23.0
2025-07-09,ema_gap,research-v2,"[2, 17, 18, 22, 32, 37]",26,1,1,2,3,[17],0.10532402437336522,0.359647255372547,18.166666666666668
2025-07-09,v2_statistical,research-v2,"[2, 17, 18, 22, 32, 37]",26,0,0,0,2,[],0.11074287814354515,0.3794148922144908,23.0
2025-07-12,random,research-v2,"[2, 12, 25, 26, 27, 36]",24,1,1,2,2,[26],0.10745522693010401,0.3717761796705452,20.0
2025-07-12,ema_gap,research-v2,"[2, 12, 25, 26, 27, 36]",24,1,1,1,1,[2],0.10826062952666272,0.373401068814807,24.333333333333332
2025-07-12,v2_statistical,research-v2,"[2, 12, 25, 26, 27, 36]",24,0,0,0,1,[],0.10929140004383991,0.375213463391669,25.666666666666668
2025-07-16,random,research-v2,"[2, 4, 9, 17, 20, 46]",31,1,1,2,4,[4],0.10745522693092309,0.3717761796743566,19.333333333333332
2025-07-16,ema_gap,research-v2,"[2, 4, 9, 17, 20, 46]",31,2,2,3,5,"[2, 17]",0.10138217617881602,0.34473463440925434,13.166666666666666
2025-07-16,v2_statistical,research-v2,"[2, 4, 9, 17, 20, 46]",31,2,2,3,4,"[2, 20]",0.09939942513677186,0.3349891770819495,12.333333333333334
2025-07-19,random,research-v2,"[2, 7, 22, 33, 35, 44]",3,1,1,2,3,[44],0.10745522696712378,0.37177617984280215,22.833333333333332
2025-07-19,ema_gap,research-v2,"[2, 7, 22, 33, 35, 44]",3,1,1,1,1,[2],0.10849869606409074,0.37809495209005656,28.0
2025-07-19,v2_statistical,research-v2,"[2, 7, 22, 33, 35, 44]",3,1,1,1,2,[2],0.10764208222273842,0.37079576805228176,23.166666666666668
2025-07-23,random,research-v2,"[4, 12, 19, 34, 40, 42]",5,1,1,2,2,[12],0.10745522703252741,0.3717761801471317,29.333333333333332
2025-07-23,ema_gap,research-v2,"[4, 12, 19, 34, 40, 42]",5,1,1,1,2,[4],0.10802674279579831,0.3715477627785214,22.166666666666668
2025-07-23,v2_statistical,research-v2,"[4, 12, 19, 34, 40, 42]",5,2,2,2,4,"[34, 40]",0.10533964121662567,0.35920911979287595,18.333333333333332
2025-07-26,random,research-v2,"[5, 8, 13, 26, 44, 49]",47,2,2,3,3,"[44, 49]",0.10745522692409502,0.3717761796425849,17.833333333333332
2025-07-26,ema_gap,research-v2,"[5, 8, 13, 26, 44, 49]",47,0,0,2,3,[],0.10820039561526677,0.3734163388122465,22.5
2025-07-26,v2_statistical,research-v2,"[5, 8, 13, 26, 44, 49]",47,0,0,3,3,[],0.1066390529950011,0.36682599447583725,20.5
2025-07-30,random,research-v2,"[11, 13, 15, 16, 38, 48]",25,1,1,1,2,[48],0.10745522697618899,0.37177617988498335,24.166666666666668
2025-07-30,ema_gap,research-v2,"[11, 13, 15, 16, 38, 48]",25,0,0,1,2,[],0.109649566607329,0.38024797329737964,26.5
2025-07-30,v2_statistical,research-v2,"[11, 13, 15, 16, 38, 48]",25,0,0,1,2,[],0.11279460942749828,0.3943411796866883,27.333333333333332
2025-08-02,random,research-v2,"[7, 11, 23, 29, 44, 46]",42,0,0,1,3,[],0.10745522694859913,0.371776179756605,18.833333333333332
2025-08-02,ema_gap,research-v2,"[7, 11, 23, 29, 44, 46]",42,0,0,0,0,[],0.11232472222926564,0.3935284207000646,31.166666666666668
2025-08-02,v2_statistical,research-v2,"[7, 11, 23, 29, 44, 46]",42,0,0,1,1,[],0.11190821077821002,0.39165714129759477,26.666666666666668
2025-08-06,random,research-v2,"[1, 4, 5, 10, 37, 46]",24,1,1,1,1,[37],0.10745522700867464,0.37177618003614243,27.333333333333332
2025-08-06,ema_gap,research-v2,"[1, 4, 5, 10, 37, 46]",24,1,1,1,1,[4],0.11080421749558707,0.38778648969379365,29.0
2025-08-06,v2_statistical,research-v2,"[1, 4, 5, 10, 37, 46]",24,1,1,2,3,[4],0.11004871713652276,0.39078594901581265,26.5
2025-08-09,random,research-v2,"[15, 17, 21, 22, 38, 45]",26,1,1,2,3,[15],0.10745522697228137,0.3717761798668007,23.333333333333332
2025-08-09,ema_gap,research-v2,"[15, 17, 21, 22, 38, 45]",26,1,1,2,3,[17],0.10971020251040564,0.38723971667059237,24.666666666666668
2025-08-09,v2_statistical,research-v2,"[15, 17, 21, 22, 38, 45]",26,0,0,1,2,[],0.11087524366932236,0.3862123492816447,26.833333333333332
2025-08-13,random,research-v2,"[4, 9, 11, 12, 42, 49]",41,0,0,1,1,[],0.10745522703946259,0.3717761801794019,30.833333333333332
2025-08-13,ema_gap,research-v2,"[4, 9, 11, 12, 42, 49]",41,1,1,2,3,[4],0.10413832297706344,0.35460402983243267,16.5
2025-08-13,v2_statistical,research-v2,"[4, 9, 11, 12, 42, 49]",41,1,1,2,4,[4],0.10334641347045215,0.3515942560712217,16.666666666666668
2025-08-16,random,research-v2,"[7, 18, 23, 35, 48, 49]",19,0,0,0,2,[],0.10745522700654764,0.3717761800262453,27.833333333333332
2025-08-16,ema_gap,research-v2,"[7, 18, 23, 35, 48, 49]",19,1,1,1,2,[49],0.10641368017540608,0.36419561825909696,19.833333333333332
2025-08-16,v2_statistical,research-v2,"[7, 18, 23, 35, 48, 49]",19,2,2,2,2,"[7, 49]",0.10399573471315592,0.3540903907353754,18.666666666666668
2025-08-20,random,research-v2,"[24, 29, 31, 33, 36, 37]",21,0,0,0,0,[],0.10745522707116825,0.3717761803269318,33.333333333333336
2025-08-20,ema_gap,research-v2,"[24, 29, 31, 33, 36, 37]",21,0,0,0,0,[],0.11539087103921558,0.4111963971894637,37.5
2025-08-20,v2_statistical,research-v2,"[24, 29, 31, 33, 36, 37]",21,0,0,0,1,[],0.11752991965401248,0.42225089223972034,34.833333333333336
2025-08-23,random,research-v2,"[3, 10, 12, 14, 36, 41]",1,1,1,2,3,[12],0.10745522696042573,0.3717761798116354,22.333333333333332
2025-08-23,ema_gap,research-v2,"[3, 10, 12, 14, 36, 41]",1,0,0,0,0,[],0.11290491996017701,0.3958393491987721,34.333333333333336
2025-08-23,v2_statistical,research-v2,"[3, 10, 12, 14, 36, 41]",1,0,0,0,0,[],0.11598519480601704,0.40913052150003165,34.333333333333336
2025-08-27,random,research-v2,"[5, 16, 17, 21, 41, 47]",6,0,0,0,2,[],0.10745522700405931,0.371776180014667,27.166666666666668
2025-08-27,ema_gap,research-v2,"[5, 16, 17, 21, 41, 47]",6,1,1,1,1,[17],0.11320873454902228,0.40406802690556815,34.0
2025-08-27,v2_statistical,research-v2,"[5, 16, 17, 21, 41, 47]",6,0,0,1,2,[],0.11653297286692114,0.41834429312086835,33.0
2025-08-30,random,research-v2,"[3, 5, 6, 11, 36, 38]",48,0,0,1,2,[],0.10745522697462284,0.371776179877696,23.166666666666668
2025-08-30,ema_gap,research-v2,"[3, 5, 6, 11, 36, 38]",48,0,0,1,2,[],0.10866960779325446,0.37557099963127666,24.833333333333332
2025-08-30,v2_statistical,research-v2,"[3, 5, 6, 11, 36, 38]",48,0,0,1,1,[],0.1119019273053153,0.3914110176377602,28.5
2025-09-03,random,research-v2,"[14, 22, 24, 28, 34, 35]",4,0,0,1,2,[],0.10745522696586012,0.371776179836922,22.333333333333332
2025-09-03,ema_gap,research-v2,"[14, 22, 24, 28, 34, 35]",4,0,0,0,0,[],0.11176880724522574,0.39003471811595397,32.666666666666664
2025-09-03,v2_statistical,research-v2,"[14, 22, 24, 28, 34, 35]",4,0,0,0,1,[],0.11678153622635624,0.4192450272936878,34.5
2025-09-06,random,research-v2,"[12, 25, 26, 38, 39, 41]",16,1,1,3,3,[26],0.1074552269621456,0.371776179819638,21.0
2025-09-06,ema_gap,research-v2,"[12, 25, 26, 38, 39, 41]",16,1,1,1,3,[38],0.10636466084151856,0.3650900312763788,21.666666666666668
2025-09-06,v2_statistical,research-v2,"[12, 25, 26, 38, 39, 41]",16,0,0,2,4,[],0.1072108566551499,0.37090490393975883,20.5
2025-09-10,random,research-v2,"[11, 25, 30, 35, 46, 49]",37,2,2,2,3,"[25, 46]",0.10745522695557175,0.3717761797890493,21.0
2025-09-10,ema_gap,research-v2,"[11, 25, 30, 35, 46, 49]",37,1,1,2,3,[49],0.1073650102736104,0.37211357368342535,22.166666666666668
2025-09-10,v2_statistical,research-v2,"[11, 25, 30, 35, 46, 49]",37,1,1,1,2,[49],0.11048244423631585,0.39069160334056063,26.666666666666668
2025-09-13,random,research-v2,"[13, 21, 23, 33, 35, 45]",1,1,1,1,2,[33],0.10745522696709732,0.37177617984267897,23.0
2025-09-13,ema_gap,research-v2,"[13, 21, 23, 33, 35, 45]",1,1,1,1,1,[35],0.11230919131638828,0.39646451127731713,32.5
2025-09-13,v2_statistical,research-v2,"[13, 21, 23, 33, 35, 45]",1,0,0,0,1,[],0.11215249844512937,0.388477385760901,28.666666666666668
2025-09-17,random,research-v2,"[3, 12, 23, 27, 33, 45]",22,2,2,3,3,"[3, 12]",0.10745522690500642,0.3717761795537638,16.833333333333332
2025-09-17,ema_gap,research-v2,"[3, 12, 23, 27, 33, 45]",22,0,0,1,1,[],0.11081870604609266,0.38695906179872275,29.333333333333332
2025-09-17,v2_statistical,research-v2,"[3, 12, 23, 27, 33, 45]",22,0,0,0,1,[],0.11261415267932466,0.3935753791772404,28.5
2025-09-20,random,research-v2,"[7, 9, 19, 34, 39, 44]",38,1,1,2,3,[39],0.10745522695380103,0.37177617978080996,22.5
2025-09-20,ema_gap,research-v2,"[7, 9, 19, 34, 39, 44]",38,0,0,1,1,[],0.10990098222028101,0.38230478656105965,26.666666666666668
2025-09-20,v2_statistical,research-v2,"[7, 9, 19, 34, 39, 44]",38,0,0,3,3,[],0.10812077040543279,0.3748722097020476,22.0
2025-09-24,random,research-v2,"[9, 10, 12, 17, 46, 49]",30,0,0,0,3,[],0.10745522700412968,0.37177618001499435,25.333333333333332
2025-09-24,ema_gap,research-v2,"[9, 10, 12, 17, 46, 49]",30,3,3,4,4,"[12, 17, 49]",0.10191568509202452,0.3483566426432414,14.166666666666666
2025-09-24,v2_statistical,research-v2,"[9, 10, 12, 17, 46, 49]",30,2,2,5,5,"[9, 49]",0.09754774689916992,0.331682289528463,12.666666666666666
2025-09-27,random,research-v2,"[1, 7, 15, 19, 36, 40]",47,1,1,2,3,[40],0.10745522698098035,0.37177617990727824,23.5
2025-09-27,ema_gap,research-v2,"[1, 7, 15, 19, 36, 40]",47,0,0,1,1,[],0.11061660993623203,0.3847958555913951,28.333333333333332
2025-09-27,v2_statistical,research-v2,"[1, 7, 15, 19, 36, 40]",47,0,0,1,2,[],0.11036990450672099,0.382518255463974,25.5
2025-10-01,random,research-v2,"[26, 27, 30, 38, 47, 48]",43,1,1,1,2,[27],0.10745522700086668,0.3717761799998113,27.833333333333332
2025-10-01,ema_gap,research-v2,"[26, 27, 30, 38, 47, 48]",43,0,0,1,1,[],0.11226942850988345,0.395530946134432,32.166666666666664
2025-10-01,v2_statistical,research-v2,"[26, 27, 30, 38, 47, 48]",43,0,0,1,1,[],0.11560121613970155,0.4117738927689219,32.833333333333336
2025-10-04,random,research-v2,"[24, 31, 37, 41, 45, 46]",16,1,1,2,2,[45],0.1074552269955094,0.3717761799748831,25.0
2025-10-04,ema_gap,research-v2,"[24, 31, 37, 41, 45, 46]",16,0,0,1,1,[],0.112000480861601,0.39262364389364557,31.5
2025-10-04,v2_statistical,research-v2,"[24, 31, 37, 41, 45, 46]",16,1,1,1,1,[46],0.11075739126095946,0.3824991233899416,24.0
2025-10-08,random,research-v2,"[17, 22, 24, 40, 42, 46]",29,0,0,0,1,[],0.10745522704636325,0.37177618021151126,28.833333333333332
2025-10-08,ema_gap,research-v2,"[17, 22, 24, 40, 42, 46]",29,2,2,2,2,"[17, 46]",0.10596962263716617,0.3644924007509698,21.166666666666668
2025-10-08,v2_statistical,research-v2,"[17, 22, 24, 40, 42, 46]",29,2,2,3,3,"[17, 46]",0.10418567894625247,0.35598389881476455,19.0
2025-10-11,random,research-v2,"[5, 23, 25, 40, 41, 43]",34,0,0,1,1,[],0.107455227054516,0.3717761802494468,31.666666666666668
2025-10-11,ema_gap,research-v2,"[5, 23, 25, 40, 41, 43]",34,0,0,1,2,[],0.11067882589032897,0.3894583414057579,26.5
2025-10-11,v2_statistical,research-v2,"[5, 23, 25, 40, 41, 43]",34,1,1,2,2,[40],0.11072914987117663,0.39140354286693746,26.833333333333332
2025-10-15,random,research-v2,"[5, 10, 17, 26, 31, 32]",24,1,1,1,2,[10],0.10745522697559924,0.3717761798822394,22.5
2025-10-15,ema_gap,research-v2,"[5, 10, 17, 26, 31, 32]",24,1,1,1,2,[17],0.1082880207785758,0.37740658783893294,26.0
2025-10-15,v2_statistical,research-v2,"[5, 10, 17, 26, 31, 32]",24,1,1,1,2,[17],0.11106950396554291,0.385731050632622,25.666666666666668
2025-10-18,random,research-v2,"[9, 17, 21, 39, 41, 48]",28,1,1,1,3,[17],0.1074552269468952,0.3717761797486764,20.166666666666668
2025-10-18,ema_gap,research-v2,"[9, 17, 21, 39, 41, 48]",28,2,2,3,4,"[17, 41]",0.10202449950060201,0.3504473241140009,16.666666666666668
2025-10-18,v2_statistical,research-v2,"[9, 17, 21, 39, 41, 48]",28,3,3,3,4,"[9, 17, 41]",0.0998333122602327,0.3416648059626726,15.833333333333334
2025-10-22,random,research-v2,"[2, 4, 7, 41, 45, 46]",13,1,1,3,4,[7],0.1074552268894541,0.37177617948139713,15.333333333333334
2025-10-22,ema_gap,research-v2,"[2, 4, 7, 41, 45, 46]",13,2,2,3,3,"[41, 46]",0.10445144723332729,0.35782184126361893,18.0
2025-10-22,v2_statistical,research-v2,"[2, 4, 7, 41, 45, 46]",13,2,2,3,3,"[41, 46]",0.10002245949630398,0.3389572000765221,14.833333333333334
2025-10-25,random,research-v2,"[6, 8, 19, 39, 43, 49]",46,0,0,2,3,[],0.10745522698325759,0.3717761799178743,24.0
2025-10-25,ema_gap,research-v2,"[6, 8, 19, 39, 43, 49]",46,1,1,2,2,[39],0.11198488527178187,0.39418846263891627,30.666666666666668
2025-10-25,v2_statistical,research-v2,"[6, 8, 19, 39, 43, 49]",46,1,1,2,2,[49],0.11315112423956918,0.400940730253975,29.833333333333332
2025-10-29,random,research-v2,"[2, 10, 27, 28, 35, 45]",14,1,1,2,2,[45],0.10745522698896498,0.3717761799444315,24.333333333333332
2025-10-29,ema_gap,research-v2,"[2, 10, 27, 28, 35, 45]",14,0,0,1,2,[],0.11117608210485186,0.3861099522002997,28.0
2025-10-29,v2_statistical,research-v2,"[2, 10, 27, 28, 35, 45]",14,0,0,0,1,[],0.1149213077411592,0.4014604899942191,28.666666666666668
2025-11-01,random,research-v2,"[21, 22, 27, 33, 34, 44]",13,1,1,1,4,[27],0.10745522694917689,0.37177617975929345,21.0
2025-11-01,ema_gap,research-v2,"[21, 22, 27, 33, 34, 44]",13,0,0,0,0,[],0.11305717424599611,0.39525679679930714,32.0
2025-11-01,v2_statistical,research-v2,"[21, 22, 27, 33, 34, 44]",13,0,0,0,2,[],0.11357393470174061,0.39387992031142977,27.333333333333332
2025-11-05,random,research-v2,"[5, 16, 17, 30, 35, 46]",6,0,0,1,2,[],0.1074552270588415,0.3717761802695739,32.5
2025-11-05,ema_gap,research-v2,"[5, 16, 17, 30, 35, 46]",6,2,2,3,3,"[17, 46]",0.10418719162288001,0.36309811692570587,20.833333333333332
2025-11-05,v2_statistical,research-v2,"[5, 16, 17, 30, 35, 46]",6,2,2,3,3,"[17, 46]",0.10535071823111526,0.36961094555345614,22.0
2025-11-08,random,research-v2,"[12, 15, 16, 21, 29, 47]",35,1,1,2,2,[16],0.1074552269591795,0.37177617980583644,22.833333333333332
2025-11-08,ema_gap,research-v2,"[12, 15, 16, 21, 29, 47]",35,0,0,0,1,[],0.11494400516790208,0.4083925266971735,35.166666666666664
2025-11-08,v2_statistical,research-v2,"[12, 15, 16, 21, 29, 47]",35,0,0,0,0,[],0.1196098365808701,0.43334700898671413,37.5
2025-11-12,random,research-v2,"[2, 6, 7, 38, 39, 41]",49,1,1,3,3,[41],0.10745522695172813,0.37177617977116434,20.666666666666668
2025-11-12,ema_gap,research-v2,"[2, 6, 7, 38, 39, 41]",49,1,1,4,5,[41],0.10300884000863081,0.35096902587082723,14.5
2025-11-12,v2_statistical,research-v2,"[2, 6, 7, 38, 39, 41]",49,1,1,4,5,[41],0.10223414861513813,0.34749766429528467,15.333333333333334
2025-11-15,random,research-v2,"[1, 5, 8, 25, 42, 47]",44,0,0,1,1,[],0.1074552270887594,0.37177618040878496,33.5
2025-11-15,ema_gap,research-v2,"[1, 5, 8, 25, 42, 47]",44,0,0,1,1,[],0.11359265221095255,0.39865381189175153,32.0
2025-11-15,v2_statistical,research-v2,"[1, 5, 8, 25, 42, 47]",44,0,0,0,0,[],0.11797550768121554,0.42135826958092315,34.0
2025-11-19,random,research-v2,"[14, 17, 28, 31, 42, 48]",5,1,1,1,2,[31],0.1074552270118969,0.3717761800511359,28.0
2025-11-19,ema_gap,research-v2,"[14, 17, 28, 31, 42, 48]",5,1,1,1,2,[17],0.1083366494417797,0.37854228834843273,27.333333333333332
2025-11-19,v2_statistical,research-v2,"[14, 17, 28, 31, 42, 48]",5,1,1,1,2,[17],0.10997874265922303,0.38767615809370004,26.333333333333332
2025-11-22,random,research-v2,"[11, 14, 19, 24, 45, 48]",39,0,0,2,3,[],0.10745522691616809,0.37177617960570025,19.166666666666668
2025-11-22,ema_gap,research-v2,"[11, 14, 19, 24, 45, 48]",39,0,0,0,1,[],0.11283505415129493,0.39381304235115955,31.833333333333332
2025-11-22,v2_statistical,research-v2,"[11, 14, 19, 24, 45, 48]",39,0,0,1,1,[],0.1158037718487781,0.4102928191406866,33.166666666666664
2025-11-26,random,research-v2,"[11, 23, 28, 30, 44, 45]",42,0,0,2,2,[],0.10745522701223499,0.371776180052709,26.833333333333332
2025-11-26,ema_gap,research-v2,"[11, 23, 28, 30, 44, 45]",42,0,0,0,2,[],0.11141838019524718,0.3867371091192922,28.833333333333332
2025-11-26,v2_statistical,research-v2,"[11, 23, 28, 30, 44, 45]",42,0,0,0,2,[],0.11542851766928373,0.40643633617484154,32.0
2025-11-29,random,research-v2,"[5, 6, 9, 29, 42, 45]",2,1,1,1,2,[9],0.1074552269885526,0.37177617994251255,25.166666666666668
2025-11-29,ema_gap,research-v2,"[5, 6, 9, 29, 42, 45]",2,1,1,2,4,[45],0.1083738840461751,0.37485396609420835,22.166666666666668
2025-11-29,v2_statistical,research-v2,"[5, 6, 9, 29, 42, 45]",2,1,1,1,3,[45],0.10970005630190917,0.38743952468393306,25.166666666666668
2025-12-03,random,research-v2,"[1, 3, 13, 25, 38, 49]",6,1,1,1,1,[38],0.10745522697886697,0.37177617989744427,24.166666666666668
2025-12-03,ema_gap,research-v2,"[1, 3, 13, 25, 38, 49]",6,0,0,0,2,[],0.11180491558980907,0.39069523309718046,30.0
2025-12-03,v2_statistical,research-v2,"[1, 3, 13, 25, 38, 49]",6,0,0,1,2,[],0.11517832161830609,0.40640507714884655,31.166666666666668
2025-12-06,random,research-v2,"[9, 11, 15, 38, 39, 44]",21,0,0,1,2,[],0.10745522697727233,0.3717761798900243,22.833333333333332
2025-12-06,ema_gap,research-v2,"[9, 11, 15, 38, 39, 44]",21,1,1,3,4,[38],0.10412934368888878,0.354323922014916,14.5
2025-12-06,v2_statistical,research-v2,"[9, 11, 15, 38, 39, 44]",21,1,1,3,4,[9],0.10448314067764915,0.3534125599088948,16.0
2025-12-10,random,research-v2,"[9, 11, 13, 30, 40, 43]",21,0,0,0,2,[],0.10745522704031604,0.37177618018337305,29.833333333333332
2025-12-10,ema_gap,research-v2,"[9, 11, 13, 30, 40, 43]",21,1,1,2,2,[9],0.10905008305442607,0.37995507768656483,25.833333333333332
2025-12-10,v2_statistical,research-v2,"[9, 11, 13, 30, 40, 43]",21,1,1,1,3,[9],0.10983514681354409,0.3842957075608224,25.833333333333332
2025-12-13,random,research-v2,"[13, 14, 21, 23, 26, 49]",41,0,0,1,3,[],0.10745522701527317,0.3717761800668461,26.5
2025-12-13,ema_gap,research-v2,"[13, 14, 21, 23, 26, 49]",41,0,0,1,2,[],0.10872808271078405,0.3744125038952135,22.833333333333332
2025-12-13,v2_statistical,research-v2,"[13, 14, 21, 23, 26, 49]",41,0,0,1,1,[],0.11225923988305857,0.3885864181151649,25.166666666666668
2025-12-17,random,research-v2,"[8, 17, 35, 36, 37, 45]",32,0,0,0,2,[],0.10745522704769128,0.3717761802176907,30.666666666666668
2025-12-17,ema_gap,research-v2,"[8, 17, 35, 36, 37, 45]",32,1,1,2,2,[17],0.10713821398494491,0.3719254292593282,24.166666666666668
2025-12-17,v2_statistical,research-v2,"[8, 17, 35, 36, 37, 45]",32,2,2,2,2,"[17, 45]",0.10707183525198419,0.37157117122952915,23.333333333333332
2025-12-20,random,research-v2,"[13, 22, 24, 28, 29, 46]",16,1,1,2,2,[13],0.10745522693032677,0.371776179671582,20.666666666666668
2025-12-20,ema_gap,research-v2,"[13, 22, 24, 28, 29, 46]",16,0,0,2,2,[],0.11060372868789141,0.38447675072915005,28.166666666666668
2025-12-20,v2_statistical,research-v2,"[13, 22, 24, 28, 29, 46]",16,0,0,0,2,[],0.114059554121017,0.4014341154650225,30.166666666666668
2025-12-24,random,research-v2,"[2, 19, 20, 22, 42, 47]",35,1,1,2,2,[19],0.10745522698286215,0.3717761799160343,24.0
2025-12-24,ema_gap,research-v2,"[2, 19, 20, 22, 42, 47]",35,0,0,0,3,[],0.11308658916598778,0.39934570059679253,30.0
2025-12-24,v2_statistical,research-v2,"[2, 19, 20, 22, 42, 47]",35,0,0,2,3,[],0.112540337845796,0.39204076485006445,26.0
2025-12-27,random,research-v2,"[2, 8, 23, 28, 29, 36]",13,0,0,1,3,[],0.10745522694317348,0.3717761797313592,22.333333333333332
2025-12-27,ema_gap,research-v2,"[2, 8, 23, 28, 29, 36]",13,0,0,1,3,[],0.10777190138562133,0.3700227235359284,21.333333333333332
2025-12-27,v2_statistical,research-v2,"[2, 8, 23, 28, 29, 36]",13,0,0,0,3,[],0.1113382350659426,0.38268191151495534,24.166666666666668
2025-12-31,random,research-v2,"[1, 6, 10, 21, 39, 40]",28,1,1,2,4,[40],0.1074552269320764,0.37177617967972315,19.0
2025-12-31,ema_gap,research-v2,"[1, 6, 10, 21, 39, 40]",28,0,0,0,1,[],0.1119403637154008,0.39167332689285805,31.166666666666668
2025-12-31,v2_statistical,research-v2,"[1, 6, 10, 21, 39, 40]",28,0,0,0,2,[],0.11573757629732928,0.41187886277522234,32.5
