target_draw_date,model_name,model_version,actual,bonus,final_6_hits,top_6_hits,top_12_hits,top_18_hits,matched_final,brier_score,log_loss,mean_actual_rank
2020-01-01,random,v1.0.0,"[11, 23, 30, 35, 39, 43]",34,0,0,1,1,[],0.10745522698875466,0.37177617994345313,30.166666666666668
2020-01-01,ema_gap,v1.0.0,"[11, 23, 30, 35, 39, 43]",34,0,0,0,1,[],0.11370545920021283,0.39834734316977966,32.5
2020-01-01,v2_statistical,v1.0.0,"[11, 23, 30, 35, 39, 43]",34,1,1,1,1,[43],0.1161344499854743,0.4109163172149238,30.833333333333332
2020-01-01,v3_boosting,v1.0.0,"[11, 23, 30, 35, 39, 43]",34,0,0,1,1,[],0.1136560959310345,0.399688418101528,30.666666666666668
2020-01-01,v4_ensemble,v1.0.0,"[11, 23, 30, 35, 39, 43]",34,0,0,0,1,[],0.11385005339606899,0.40131411274988354,32.833333333333336
2020-01-04,random,v1.0.0,"[23, 24, 36, 42, 45, 46]",21,0,0,0,0,[],0.10745522698875466,0.37177617994345313,36.0
2020-01-04,ema_gap,v1.0.0,"[23, 24, 36, 42, 45, 46]",21,1,1,3,3,[45],0.10446845659315052,0.3596166829473072,19.333333333333332
2020-01-04,v2_statistical,v1.0.0,"[23, 24, 36, 42, 45, 46]",21,1,1,3,4,[45],0.10141434240764291,0.35062998732698836,18.0
2020-01-04,v3_boosting,v1.0.0,"[23, 24, 36, 42, 45, 46]",21,1,1,2,2,[36],0.1064462894842214,0.36626540595651624,21.166666666666668
2020-01-04,v4_ensemble,v1.0.0,"[23, 24, 36, 42, 45, 46]",21,2,2,2,4,"[36, 45]",0.10344317976954787,0.3552070760719633,18.166666666666668
2020-01-08,random,v1.0.0,"[2, 5, 19, 44, 48, 49]",24,2,2,2,2,"[2, 5]",0.10745522698875466,0.37177617994345324,27.833333333333332
2020-01-08,ema_gap,v1.0.0,"[2, 5, 19, 44, 48, 49]",24,1,1,2,3,[2],0.10712791033126708,0.3678653378066905,19.166666666666668
2020-01-08,v2_statistical,v1.0.0,"[2, 5, 19, 44, 48, 49]",24,1,1,2,4,[2],0.10773174465072265,0.36888355229763586,19.666666666666668
2020-01-08,v3_boosting,v1.0.0,"[2, 5, 19, 44, 48, 49]",24,1,1,2,3,[49],0.10868946713867396,0.3764256539016602,22.666666666666668
2020-01-08,v4_ensemble,v1.0.0,"[2, 5, 19, 44, 48, 49]",24,0,0,1,3,[],0.10698985067577631,0.36674823460009,19.833333333333332
2020-01-11,random,v1.0.0,"[2, 3, 7, 18, 24, 26]",6,2,2,3,4,"[2, 3]",0.10745522698875465,0.37177617994345336,13.333333333333334
2020-01-11,ema_gap,v1.0.0,"[2, 3, 7, 18, 24, 26]",6,2,2,3,3,"[2, 24]",0.10735110719881645,0.37462897928207345,23.333333333333332
2020-01-11,v2_statistical,v1.0.0,"[2, 3, 7, 18, 24, 26]",6,0,0,1,3,[],0.11270760703901535,0.39140710706948734,25.333333333333332
2020-01-11,v3_boosting,v1.0.0,"[2, 3, 7, 18, 24, 26]",6,1,1,1,1,[24],0.11482704885384946,0.40863246075559084,33.5
2020-01-11,v4_ensemble,v1.0.0,"[2, 3, 7, 18, 24, 26]",6,1,1,2,2,[24],0.1115693909990016,0.39299928641271403,29.833333333333332
2020-01-15,random,v1.0.0,"[1, 17, 23, 25, 26, 34]",24,1,1,1,2,[1],0.10745522698875466,0.3717761799434532,21.0
2020-01-15,ema_gap,v1.0.0,"[1, 17, 23, 25, 26, 34]",24,0,0,0,0,[],0.11341831235141628,0.396384185119939,32.5
2020-01-15,v2_statistical,v1.0.0,"[1, 17, 23, 25, 26, 34]",24,0,0,0,1,[],0.11601216497022962,0.4039835888463548,30.166666666666668
2020-01-15,v3_boosting,v1.0.0,"[1, 17, 23, 25, 26, 34]",24,0,0,1,2,[],0.11285566558499892,0.3960911047326656,31.333333333333332
2020-01-15,v4_ensemble,v1.0.0,"[1, 17, 23, 25, 26, 34]",24,0,0,0,0,[],0.11323463629053852,0.3973361852495307,33.333333333333336
2020-01-18,random,v1.0.0,"[2, 5, 10, 18, 26, 30]",36,2,2,3,4,"[2, 5]",0.10745522698875465,0.37177617994345336,15.166666666666666
2020-01-18,ema_gap,v1.0.0,"[2, 5, 10, 18, 26, 30]",36,2,2,2,2,"[2, 18]",0.10566858950179767,0.36352765798618647,21.333333333333332
2020-01-18,v2_statistical,v1.0.0,"[2, 5, 10, 18, 26, 30]",36,0,0,1,1,[],0.11220033016357131,0.38538661371230626,23.666666666666668
2020-01-18,v3_boosting,v1.0.0,"[2, 5, 10, 18, 26, 30]",36,1,1,2,4,[5],0.10855137156806814,0.377152385245954,22.666666666666668
2020-01-18,v4_ensemble,v1.0.0,"[2, 5, 10, 18, 26, 30]",36,0,0,0,2,[],0.10825997522938088,0.37141102814136845,19.666666666666668
2020-01-22,random,v1.0.0,"[2, 10, 27, 30, 39, 43]",21,1,1,2,2,[2],0.10745522698875466,0.37177617994345313,25.166666666666668
2020-01-22,ema_gap,v1.0.0,"[2, 10, 27, 30, 39, 43]",21,1,1,2,3,[2],0.10523964518147355,0.3640000770142663,20.0
2020-01-22,v2_statistical,v1.0.0,"[2, 10, 27, 30, 39, 43]",21,2,2,2,3,"[2, 43]",0.10580202679564119,0.3657129211428033,20.5
2020-01-22,v3_boosting,v1.0.0,"[2, 10, 27, 30, 39, 43]",21,2,2,2,3,"[27, 43]",0.10889076374515898,0.38103503514288156,25.833333333333332
2020-01-22,v4_ensemble,v1.0.0,"[2, 10, 27, 30, 39, 43]",21,1,1,2,3,[43],0.10587784030384172,0.36369074600030166,20.333333333333332
2020-01-25,random,v1.0.0,"[8, 20, 21, 30, 32, 48]",31,0,0,1,1,[],0.10745522698875466,0.37177617994345324,26.5
2020-01-25,ema_gap,v1.0.0,"[8, 20, 21, 30, 32, 48]",31,0,0,2,2,[],0.11140693653378955,0.38927103827080284,28.333333333333332
2020-01-25,v2_statistical,v1.0.0,"[8, 20, 21, 30, 32, 48]",31,0,0,1,2,[],0.11236732380757151,0.3920186021012292,27.666666666666668
2020-01-25,v3_boosting,v1.0.0,"[8, 20, 21, 30, 32, 48]",31,0,0,1,1,[],0.1122690697283089,0.39260703449940704,29.0
2020-01-25,v4_ensemble,v1.0.0,"[8, 20, 21, 30, 32, 48]",31,0,0,0,1,[],0.11125676079339164,0.38775317223791184,30.0
2020-01-29,random,v1.0.0,"[3, 14, 16, 23, 41, 43]",29,1,1,1,3,[3],0.10745522698875463,0.37177617994345336,23.333333333333332
2020-01-29,ema_gap,v1.0.0,"[3, 14, 16, 23, 41, 43]",29,0,0,1,4,[],0.10825709004904799,0.37325779608861415,21.666666666666668
2020-01-29,v2_statistical,v1.0.0,"[3, 14, 16, 23, 41, 43]",29,2,2,2,2,"[41, 43]",0.1073795426145892,0.375957968816642,21.833333333333332
2020-01-29,v3_boosting,v1.0.0,"[3, 14, 16, 23, 41, 43]",29,2,2,4,4,"[23, 41]",0.10334826367571029,0.3573109509393874,17.333333333333332
2020-01-29,v4_ensemble,v1.0.0,"[3, 14, 16, 23, 41, 43]",29,2,2,3,4,"[23, 41]",0.10495466834259687,0.363973305447239,16.833333333333332
2020-02-01,random,v1.0.0,"[13, 21, 35, 40, 45, 48]",47,0,0,0,1,[],0.10745522698875466,0.3717761799434531,33.666666666666664
2020-02-01,ema_gap,v1.0.0,"[13, 21, 35, 40, 45, 48]",47,2,2,2,3,"[45, 48]",0.10725815209271172,0.3729364038558724,24.333333333333332
2020-02-01,v2_statistical,v1.0.0,"[13, 21, 35, 40, 45, 48]",47,1,1,3,3,[45],0.10445361850393642,0.3668024125344703,22.166666666666668
2020-02-01,v3_boosting,v1.0.0,"[13, 21, 35, 40, 45, 48]",47,0,0,2,3,[],0.10813993498353233,0.3697614104429619,19.666666666666668
2020-02-01,v4_ensemble,v1.0.0,"[13, 21, 35, 40, 45, 48]",47,1,1,3,3,[45],0.10526902830778476,0.3625433004866542,20.166666666666668
2020-02-08,random,v1.0.0,"[8, 28, 30, 39, 41, 43]",45,0,0,1,1,[],0.10745522698875466,0.37177617994345313,31.5
2020-02-08,ema_gap,v1.0.0,"[8, 28, 30, 39, 41, 43]",45,1,1,3,4,[43],0.1053788006092722,0.3599374153008431,17.666666666666668
2020-02-08,v2_statistical,v1.0.0,"[8, 28, 30, 39, 41, 43]",45,2,2,2,3,"[41, 43]",0.1037699416742889,0.35664233266501955,19.666666666666668
2020-02-08,v3_boosting,v1.0.0,"[8, 28, 30, 39, 41, 43]",45,1,1,2,3,[43],0.10553897657544987,0.36346874591592565,19.666666666666668
2020-02-08,v4_ensemble,v1.0.0,"[8, 28, 30, 39, 41, 43]",45,2,2,2,3,"[41, 43]",0.10395476815756868,0.35836915799069086,20.666666666666668
2020-02-12,random,v1.0.0,"[16, 20, 24, 33, 36, 47]",4,0,0,0,1,[],0.10745522698875466,0.37177617994345324,29.333333333333332
2020-02-12,ema_gap,v1.0.0,"[16, 20, 24, 33, 36, 47]",4,0,0,2,3,[],0.10813760708939053,0.37213127477462127,22.0
2020-02-12,v2_statistical,v1.0.0,"[16, 20, 24, 33, 36, 47]",4,0,0,2,4,[],0.10893414320334732,0.3711106554309703,19.333333333333332
2020-02-12,v3_boosting,v1.0.0,"[16, 20, 24, 33, 36, 47]",4,1,1,1,1,[16],0.11343299310401755,0.3985646665148408,28.833333333333332
2020-02-12,v4_ensemble,v1.0.0,"[16, 20, 24, 33, 36, 47]",4,0,0,1,2,[],0.11006240562893255,0.38148915484853535,23.833333333333332
2020-02-15,random,v1.0.0,"[7, 8, 11, 23, 27, 30]",3,0,0,3,3,[],0.10745522698875466,0.37177617994345336,17.666666666666668
2020-02-15,ema_gap,v1.0.0,"[7, 8, 11, 23, 27, 30]",3,0,0,1,2,[],0.1109936548196193,0.38800547947240716,29.333333333333332
2020-02-15,v2_statistical,v1.0.0,"[7, 8, 11, 23, 27, 30]",3,0,0,1,2,[],0.11571087523282385,0.40409767658557105,28.333333333333332
2020-02-15,v3_boosting,v1.0.0,"[7, 8, 11, 23, 27, 30]",3,0,0,1,1,[],0.11285957055762022,0.395864970224346,29.666666666666668
2020-02-15,v4_ensemble,v1.0.0,"[7, 8, 11, 23, 27, 30]",3,0,0,0,0,[],0.11208601948945393,0.3931953546090339,33.0
2020-02-19,random,v1.0.0,"[5, 6, 13, 23, 44, 49]",40,2,2,2,3,"[5, 6]",0.10745522698875466,0.37177617994345336,23.333333333333332
2020-02-19,ema_gap,v1.0.0,"[5, 6, 13, 23, 44, 49]",40,0,0,1,1,[],0.11118643750168124,0.38919003052449946,26.666666666666668
2020-02-19,v2_statistical,v1.0.0,"[5, 6, 13, 23, 44, 49]",40,0,0,0,1,[],0.11641275337055147,0.41318832966146285,30.333333333333332
2020-02-19,v3_boosting,v1.0.0,"[5, 6, 13, 23, 44, 49]",40,1,1,1,2,[44],0.11030322958728078,0.3869159965455151,28.833333333333332
2020-02-19,v4_ensemble,v1.0.0,"[5, 6, 13, 23, 44, 49]",40,0,0,1,2,[],0.11219366259354645,0.39323795660874783,30.333333333333332
2020-02-22,random,v1.0.0,"[2, 7, 26, 33, 46, 48]",25,1,1,2,2,[2],0.10745522698875466,0.37177617994345313,27.0
2020-02-22,ema_gap,v1.0.0,"[2, 7, 26, 33, 46, 48]",25,1,1,2,2,[2],0.10669019394225407,0.36873920797808873,21.833333333333332
2020-02-22,v2_statistical,v1.0.0,"[2, 7, 26, 33, 46, 48]",25,1,1,2,2,[48],0.10948352948242376,0.3742476458037213,22.5
2020-02-22,v3_boosting,v1.0.0,"[2, 7, 26, 33, 46, 48]",25,1,1,2,2,[46],0.10972023033580415,0.3835602598941797,27.0
2020-02-22,v4_ensemble,v1.0.0,"[2, 7, 26, 33, 46, 48]",25,0,0,2,3,[],0.10792345580780217,0.37215567672438227,21.333333333333332
2020-02-26,random,v1.0.0,"[8, 25, 34, 35, 36, 38]",5,0,0,1,1,[],0.10745522698875466,0.3717761799434531,29.333333333333332
2020-02-26,ema_gap,v1.0.0,"[8, 25, 34, 35, 36, 38]",5,0,0,0,1,[],0.11152720005053089,0.3876169776518817,27.666666666666668
2020-02-26,v2_statistical,v1.0.0,"[8, 25, 34, 35, 36, 38]",5,0,0,0,1,[],0.11443606586390308,0.3984370390595008,27.833333333333332
2020-02-26,v3_boosting,v1.0.0,"[8, 25, 34, 35, 36, 38]",5,1,1,2,2,[8],0.10627613107434007,0.3671612776515724,21.666666666666668
2020-02-26,v4_ensemble,v1.0.0,"[8, 25, 34, 35, 36, 38]",5,0,0,2,2,[],0.10932937618531556,0.3794844190197328,26.0
2020-02-29,random,v1.0.0,"[6, 12, 15, 18, 31, 43]",13,1,1,2,4,[6],0.10745522698875465,0.37177617994345336,20.833333333333332
2020-02-29,ema_gap,v1.0.0,"[6, 12, 15, 18, 31, 43]",13,1,1,2,2,[43],0.11264277512372492,0.39854285403872214,32.5
2020-02-29,v2_statistical,v1.0.0,"[6, 12, 15, 18, 31, 43]",13,1,1,1,1,[43],0.11079522061714613,0.394382711081172,28.833333333333332
2020-02-29,v3_boosting,v1.0.0,"[6, 12, 15, 18, 31, 43]",13,2,2,2,4,"[12, 15]",0.10581268476720619,0.3620083330325462,18.166666666666668
2020-02-29,v4_ensemble,v1.0.0,"[6, 12, 15, 18, 31, 43]",13,0,0,1,2,[],0.10763437213539268,0.36957789690429527,21.666666666666668
2020-03-04,random,v1.0.0,"[6, 8, 15, 24, 38, 41]",31,1,1,2,3,[6],0.10745522698875466,0.37177617994345336,22.0
2020-03-04,ema_gap,v1.0.0,"[6, 8, 15, 24, 38, 41]",31,0,0,2,4,[],0.10684081075327273,0.3664555795674872,20.0
2020-03-04,v2_statistical,v1.0.0,"[6, 8, 15, 24, 38, 41]",31,1,1,3,3,[41],0.1084783972354368,0.37316048123810946,21.833333333333332
2020-03-04,v3_boosting,v1.0.0,"[6, 8, 15, 24, 38, 41]",31,2,2,2,3,"[8, 24]",0.10828096099903527,0.37845116875618384,24.5
2020-03-04,v4_ensemble,v1.0.0,"[6, 8, 15, 24, 38, 41]",31,1,1,2,3,[24],0.10706825695964635,0.36891712498350776,21.5
2020-03-07,random,v1.0.0,"[5, 8, 13, 27, 34, 46]",39,1,1,2,3,[5],0.10745522698875466,0.37177617994345336,22.166666666666668
2020-03-07,ema_gap,v1.0.0,"[5, 8, 13, 27, 34, 46]",39,0,0,1,1,[],0.10950399278318187,0.37833681559525467,24.666666666666668
2020-03-07,v2_statistical,v1.0.0,"[5, 8, 13, 27, 34, 46]",39,0,0,1,3,[],0.1103688969518312,0.3784919644542338,23.833333333333332
2020-03-07,v3_boosting,v1.0.0,"[5, 8, 13, 27, 34, 46]",39,1,1,2,3,[27],0.1083878902658976,0.3797534158798613,25.0
2020-03-07,v4_ensemble,v1.0.0,"[5, 8, 13, 27, 34, 46]",39,0,0,1,2,[],0.10820880643617621,0.37316375068008817,23.666666666666668
2020-03-11,random,v1.0.0,"[5, 24, 32, 37, 43, 44]",23,1,1,1,1,[5],0.10745522698875466,0.3717761799434531,30.833333333333332
2020-03-11,ema_gap,v1.0.0,"[5, 24, 32, 37, 43, 44]",23,2,2,2,3,"[24, 43]",0.10704174099639847,0.37410501059883744,22.833333333333332
2020-03-11,v2_statistical,v1.0.0,"[5, 24, 32, 37, 43, 44]",23,1,1,2,2,[43],0.10705235867572055,0.37676244630291084,24.0
2020-03-11,v3_boosting,v1.0.0,"[5, 24, 32, 37, 43, 44]",23,0,0,1,2,[],0.11001907399540246,0.3778625218369887,21.5
2020-03-11,v4_ensemble,v1.0.0,"[5, 24, 32, 37, 43, 44]",23,1,1,1,2,[43],0.10730940225503391,0.37270133473092343,24.666666666666668
2020-03-14,random,v1.0.0,"[1, 2, 23, 27, 31, 32]",43,2,2,2,2,"[1, 2]",0.10745522698875463,0.3717761799434532,19.333333333333332
2020-03-14,ema_gap,v1.0.0,"[1, 2, 23, 27, 31, 32]",43,1,1,2,2,[2],0.10823481015288981,0.375961283487708,26.833333333333332
2020-03-14,v2_statistical,v1.0.0,"[1, 2, 23, 27, 31, 32]",43,1,1,2,3,[2],0.11014778670816819,0.3836340520325649,23.666666666666668
2020-03-14,v3_boosting,v1.0.0,"[1, 2, 23, 27, 31, 32]",43,0,0,0,0,[],0.11838110422753097,0.42140243199231386,37.0
2020-03-14,v4_ensemble,v1.0.0,"[1, 2, 23, 27, 31, 32]",43,0,0,1,2,[],0.11199471542219794,0.3931634072212934,32.0
2020-03-18,random,v1.0.0,"[7, 8, 9, 12, 14, 36]",28,0,0,4,5,[],0.10745522698875463,0.3717761799434534,14.333333333333334
2020-03-18,ema_gap,v1.0.0,"[7, 8, 9, 12, 14, 36]",28,1,1,2,2,[8],0.11196904634195588,0.3951193165263939,31.666666666666668
2020-03-18,v2_statistical,v1.0.0,"[7, 8, 9, 12, 14, 36]",28,0,0,0,2,[],0.11804782334205875,0.42545804363564815,31.833333333333332
2020-03-18,v3_boosting,v1.0.0,"[7, 8, 9, 12, 14, 36]",28,1,1,3,4,[14],0.10796336881502475,0.3682838873590346,19.5
2020-03-18,v4_ensemble,v1.0.0,"[7, 8, 9, 12, 14, 36]",28,0,0,0,1,[],0.11078024469957858,0.38383525112450645,24.5
2020-03-21,random,v1.0.0,"[6, 11, 22, 36, 37, 44]",10,1,1,2,2,[6],0.10745522698875466,0.37177617994345324,26.0
2020-03-21,ema_gap,v1.0.0,"[6, 11, 22, 36, 37, 44]",10,1,1,1,2,[36],0.11221654997044846,0.39534062859681257,31.833333333333332
2020-03-21,v2_statistical,v1.0.0,"[6, 11, 22, 36, 37, 44]",10,0,0,0,2,[],0.11750687081353356,0.4169139728659815,32.333333333333336
2020-03-21,v3_boosting,v1.0.0,"[6, 11, 22, 36, 37, 44]",10,0,0,1,2,[],0.11001152635583088,0.38126991024620294,25.833333333333332
2020-03-21,v4_ensemble,v1.0.0,"[6, 11, 22, 36, 37, 44]",10,0,0,0,1,[],0.11244903049024732,0.392653120196649,30.0
2020-03-25,random,v1.0.0,"[3, 19, 31, 38, 45, 47]",48,1,1,1,1,[3],0.10745522698875466,0.3717761799434531,30.5
2020-03-25,ema_gap,v1.0.0,"[3, 19, 31, 38, 45, 47]",48,0,0,1,2,[],0.11042049991409966,0.38257897642840194,27.333333333333332
2020-03-25,v2_statistical,v1.0.0,"[3, 19, 31, 38, 45, 47]",48,1,1,3,4,[45],0.10433681427026031,0.3528265505974845,15.666666666666666
2020-03-25,v3_boosting,v1.0.0,"[3, 19, 31, 38, 45, 47]",48,0,0,1,2,[],0.11159430452440874,0.387713772867699,26.5
2020-03-25,v4_ensemble,v1.0.0,"[3, 19, 31, 38, 45, 47]",48,0,0,2,2,[],0.10739788263467258,0.37102083694250854,22.833333333333332
2020-03-28,random,v1.0.0,"[2, 7, 21, 30, 33, 46]",27,1,1,2,2,[2],0.10745522698875465,0.37177617994345324,23.166666666666668
2020-03-28,ema_gap,v1.0.0,"[2, 7, 21, 30, 33, 46]",27,1,1,1,3,[2],0.10627850240223759,0.3663309274722095,21.333333333333332
2020-03-28,v2_statistical,v1.0.0,"[2, 7, 21, 30, 33, 46]",27,1,1,1,2,[2],0.10798510225212854,0.3669345473530304,18.5
2020-03-28,v3_boosting,v1.0.0,"[2, 7, 21, 30, 33, 46]",27,1,1,1,2,[46],0.11129785393931842,0.3918740410233941,29.0
2020-03-28,v4_ensemble,v1.0.0,"[2, 7, 21, 30, 33, 46]",27,2,2,2,2,"[2, 46]",0.10839940723617303,0.3757920650796414,23.833333333333332
2020-04-01,random,v1.0.0,"[4, 6, 10, 13, 25, 49]",41,2,2,3,4,"[4, 6]",0.10745522698875465,0.3717761799434534,17.833333333333332
2020-04-01,ema_gap,v1.0.0,"[4, 6, 10, 13, 25, 49]",41,0,0,0,0,[],0.11259272613927873,0.3923331160524966,31.166666666666668
2020-04-01,v2_statistical,v1.0.0,"[4, 6, 10, 13, 25, 49]",41,0,0,0,1,[],0.11598962929251168,0.4066491862643498,29.833333333333332
2020-04-01,v3_boosting,v1.0.0,"[4, 6, 10, 13, 25, 49]",41,0,0,0,0,[],0.11301140194284073,0.39382287652298276,30.0
2020-04-01,v4_ensemble,v1.0.0,"[4, 6, 10, 13, 25, 49]",41,0,0,0,1,[],0.11315414703232679,0.3967152247736361,33.5
2020-04-04,random,v1.0.0,"[19, 29, 34, 35, 44, 45]",10,0,0,0,0,[],0.10745522698875466,0.37177617994345313,34.333333333333336
2020-04-04,ema_gap,v1.0.0,"[19, 29, 34, 35, 44, 45]",10,1,1,1,2,[45],0.10968129533356762,0.382372459641801,26.0
2020-04-04,v2_statistical,v1.0.0,"[19, 29, 34, 35, 44, 45]",10,1,1,1,1,[45],0.10736993649641813,0.38033024206086946,25.666666666666668
2020-04-04,v3_boosting,v1.0.0,"[19, 29, 34, 35, 44, 45]",10,0,0,2,2,[],0.10728283662379569,0.36698643015612,20.666666666666668
2020-04-04,v4_ensemble,v1.0.0,"[19, 29, 34, 35, 44, 45]",10,1,1,1,2,[45],0.10689337239857978,0.36871845865989405,24.166666666666668
2020-04-08,random,v1.0.0,"[9, 13, 21, 23, 30, 32]",15,0,0,1,2,[],0.10745522698875465,0.37177617994345324,21.333333333333332
2020-04-08,ema_gap,v1.0.0,"[9, 13, 21, 23, 30, 32]",15,0,0,2,3,[],0.10779517343164204,0.37255172887952626,22.0
2020-04-08,v2_statistical,v1.0.0,"[9, 13, 21, 23, 30, 32]",15,0,0,0,2,[],0.11422176848151087,0.3984121813002142,29.0
2020-04-08,v3_boosting,v1.0.0,"[9, 13, 21, 23, 30, 32]",15,1,1,1,1,[30],0.11411650758540907,0.40434112819568147,33.0
2020-04-08,v4_ensemble,v1.0.0,"[9, 13, 21, 23, 30, 32]",15,1,1,1,1,[30],0.1122045570629038,0.3937147522337732,30.0
2020-04-11,random,v1.0.0,"[10, 13, 17, 32, 35, 42]",26,0,0,1,3,[],0.10745522698875466,0.37177617994345336,24.833333333333332
2020-04-11,ema_gap,v1.0.0,"[10, 13, 17, 32, 35, 42]",26,0,0,1,1,[],0.11210829995937611,0.39558222124783626,30.833333333333332
2020-04-11,v2_statistical,v1.0.0,"[10, 13, 17, 32, 35, 42]",26,0,0,0,0,[],0.11828618036565144,0.4215549705559381,33.666666666666664
2020-04-11,v3_boosting,v1.0.0,"[10, 13, 17, 32, 35, 42]",26,1,1,1,2,[13],0.1103905556370313,0.38543439322060896,26.666666666666668
2020-04-11,v4_ensemble,v1.0.0,"[10, 13, 17, 32, 35, 42]",26,1,1,1,1,[13],0.11242014399828608,0.3966883405727859,32.666666666666664
2020-04-15,random,v1.0.0,"[1, 3, 7, 13, 22, 47]",30,2,2,3,4,"[1, 3]",0.10745522698875463,0.3717761799434534,15.5
2020-04-15,ema_gap,v1.0.0,"[1, 3, 7, 13, 22, 47]",30,1,1,1,1,[13],0.11017029458662007,0.38428902396632225,28.666666666666668
2020-04-15,v2_statistical,v1.0.0,"[1, 3, 7, 13, 22, 47]",30,0,0,1,1,[],0.11482018574914878,0.40545293185756676,29.166666666666668
2020-04-15,v3_boosting,v1.0.0,"[1, 3, 7, 13, 22, 47]",30,0,0,0,1,[],0.11694097902520782,0.413947782511945,34.166666666666664
2020-04-15,v4_ensemble,v1.0.0,"[1, 3, 7, 13, 22, 47]",30,0,0,0,1,[],0.11352827212037427,0.4021318726054406,35.333333333333336
2020-04-18,random,v1.0.0,"[1, 10, 23, 32, 46, 48]",36,1,1,2,2,[1],0.10745522698875465,0.3717761799434532,26.666666666666668
2020-04-18,ema_gap,v1.0.0,"[1, 10, 23, 32, 46, 48]",36,1,1,1,3,[23],0.10552087598045837,0.3600799201410956,17.833333333333332
2020-04-18,v2_statistical,v1.0.0,"[1, 10, 23, 32, 46, 48]",36,1,1,2,2,[23],0.1083112429686631,0.37012173155161987,21.166666666666668
2020-04-18,v3_boosting,v1.0.0,"[1, 10, 23, 32, 46, 48]",36,2,2,2,2,"[10, 23]",0.1061383035735886,0.36407336789551026,20.166666666666668
2020-04-18,v4_ensemble,v1.0.0,"[1, 10, 23, 32, 46, 48]",36,1,1,2,2,[23],0.10611635985718328,0.3635358433368912,19.666666666666668
2020-04-22,random,v1.0.0,"[9, 10, 11, 14, 15, 28]",36,0,0,3,5,[],0.10745522698875463,0.3717761799434534,14.5
2020-04-22,ema_gap,v1.0.0,"[9, 10, 11, 14, 15, 28]",36,0,0,1,1,[],0.11486696299160945,0.40844477235905174,37.0
2020-04-22,v2_statistical,v1.0.0,"[9, 10, 11, 14, 15, 28]",36,0,0,1,1,[],0.11973526045534828,0.4405705212151321,38.5
2020-04-22,v3_boosting,v1.0.0,"[9, 10, 11, 14, 15, 28]",36,0,0,2,2,[],0.10996643499439919,0.3780994503359565,22.5
2020-04-22,v4_ensemble,v1.0.0,"[9, 10, 11, 14, 15, 28]",36,1,1,1,1,[10],0.11334234247292926,0.4014610723357473,35.666666666666664
2020-04-25,random,v1.0.0,"[6, 10, 11, 22, 32, 48]",17,1,1,3,3,[6],0.10745522698875465,0.37177617994345336,21.5
2020-04-25,ema_gap,v1.0.0,"[6, 10, 11, 22, 32, 48]",17,1,1,3,3,[10],0.1051363793588272,0.36069634721996585,19.5
2020-04-25,v2_statistical,v1.0.0,"[6, 10, 11, 22, 32, 48]",17,1,1,2,2,[48],0.1103789921505849,0.3829195777036131,24.5
2020-04-25,v3_boosting,v1.0.0,"[6, 10, 11, 22, 32, 48]",17,2,2,3,3,"[11, 22]",0.10369974444818945,0.3559410511252328,17.333333333333332
2020-04-25,v4_ensemble,v1.0.0,"[6, 10, 11, 22, 32, 48]",17,1,1,2,3,[48],0.10536538953962571,0.3603475806090186,18.0
2020-04-29,random,v1.0.0,"[6, 17, 21, 30, 40, 41]",27,1,1,1,2,[6],0.10745522698875466,0.37177617994345324,25.833333333333332
2020-04-29,ema_gap,v1.0.0,"[6, 17, 21, 30, 40, 41]",27,0,0,1,3,[],0.1099910915953469,0.3843059694087056,25.833333333333332
2020-04-29,v2_statistical,v1.0.0,"[6, 17, 21, 30, 40, 41]",27,0,0,1,3,[],0.11119718213487265,0.3855773279356581,26.833333333333332
2020-04-29,v3_boosting,v1.0.0,"[6, 17, 21, 30, 40, 41]",27,1,1,2,3,[40],0.10481029805884182,0.3566694077040137,16.166666666666668
2020-04-29,v4_ensemble,v1.0.0,"[6, 17, 21, 30, 40, 41]",27,0,0,2,2,[],0.10710238183581249,0.36839490147520587,21.5
2020-05-02,random,v1.0.0,"[15, 18, 26, 34, 43, 45]",42,0,0,0,2,[],0.10745522698875466,0.3717761799434532,30.166666666666668
2020-05-02,ema_gap,v1.0.0,"[15, 18, 26, 34, 43, 45]",42,0,0,1,2,[],0.11013992055400222,0.3831264387188971,27.0
2020-05-02,v2_statistical,v1.0.0,"[15, 18, 26, 34, 43, 45]",42,2,2,2,2,"[43, 45]",0.10559132600673332,0.3745810389647043,25.666666666666668
2020-05-02,v3_boosting,v1.0.0,"[15, 18, 26, 34, 43, 45]",42,2,2,2,4,"[18, 26]",0.10385945139501172,0.35556744670372803,16.5
2020-05-02,v4_ensemble,v1.0.0,"[15, 18, 26, 34, 43, 45]",42,2,2,2,3,"[43, 45]",0.10486013440850285,0.3609952850140584,19.666666666666668
2020-05-06,random,v1.0.0,"[6, 29, 34, 36, 45, 49]",3,1,1,1,1,[6],0.10745522698875466,0.3717761799434531,33.166666666666664
2020-05-06,ema_gap,v1.0.0,"[6, 29, 34, 36, 45, 49]",3,1,1,2,4,[45],0.10583496652295463,0.36452492311582524,20.0
2020-05-06,v2_statistical,v1.0.0,"[6, 29, 34, 36, 45, 49]",3,2,2,2,2,"[34, 45]",0.10286798077029029,0.3546720153052685,19.333333333333332
2020-05-06,v3_boosting,v1.0.0,"[6, 29, 34, 36, 45, 49]",3,1,1,2,3,[29],0.10859077362127688,0.3699879567082147,19.333333333333332
2020-05-06,v4_ensemble,v1.0.0,"[6, 29, 34, 36, 45, 49]",3,2,2,2,4,"[36, 45]",0.10410996061045072,0.35575070150553195,16.333333333333332
2020-05-09,random,v1.0.0,"[13, 14, 15, 35, 45, 47]",9,0,0,0,3,[],0.10745522698875463,0.37177617994345336,28.166666666666668
2020-05-09,ema_gap,v1.0.0,"[13, 14, 15, 35, 45, 47]",9,2,2,2,2,"[13, 45]",0.10458131965299723,0.35993547879677856,19.166666666666668
2020-05-09,v2_statistical,v1.0.0,"[13, 14, 15, 35, 45, 47]",9,1,1,1,2,[45],0.10362117437650305,0.3682694010819581,24.166666666666668
2020-05-09,v3_boosting,v1.0.0,"[13, 14, 15, 35, 45, 47]",9,1,1,1,4,[47],0.10644008991493828,0.3648371199817071,20.0
2020-05-09,v4_ensemble,v1.0.0,"[13, 14, 15, 35, 45, 47]",9,1,1,2,3,[45],0.10422350649638748,0.3609154292585903,22.0
2020-05-13,random,v1.0.0,"[3, 10, 21, 35, 38, 48]",28,1,1,2,2,[3],0.10745522698875466,0.37177617994345324,25.833333333333332
2020-05-13,ema_gap,v1.0.0,"[3, 10, 21, 35, 38, 48]",28,1,1,2,4,[10],0.10480352990710562,0.3574212392303337,16.333333333333332
2020-05-13,v2_statistical,v1.0.0,"[3, 10, 21, 35, 38, 48]",28,0,0,2,3,[],0.10797993927913135,0.3645875824347674,18.166666666666668
2020-05-13,v3_boosting,v1.0.0,"[3, 10, 21, 35, 38, 48]",28,0,0,2,2,[],0.11047358431352094,0.3812265918618744,24.166666666666668
2020-05-13,v4_ensemble,v1.0.0,"[3, 10, 21, 35, 38, 48]",28,1,1,1,4,[21],0.10717412170014226,0.3681822676926319,20.333333333333332
2020-05-16,random,v1.0.0,"[1, 6, 7, 14, 26, 48]",49,2,2,3,4,"[1, 6]",0.10745522698875465,0.37177617994345336,17.0
2020-05-16,ema_gap,v1.0.0,"[1, 6, 7, 14, 26, 48]",49,1,1,2,2,[48],0.10724008318416609,0.3694399042074037,21.833333333333332
2020-05-16,v2_statistical,v1.0.0,"[1, 6, 7, 14, 26, 48]",49,1,1,1,1,[48],0.11238740139300984,0.3906896204135589,26.833333333333332
2020-05-16,v3_boosting,v1.0.0,"[1, 6, 7, 14, 26, 48]",49,1,1,1,3,[6],0.11015574891519535,0.3820730077852716,24.166666666666668
2020-05-16,v4_ensemble,v1.0.0,"[1, 6, 7, 14, 26, 48]",49,1,1,2,2,[6],0.10956454645511585,0.37987128903474526,24.833333333333332
2020-05-20,random,v1.0.0,"[8, 23, 25, 34, 37, 47]",4,0,0,1,1,[],0.10745522698875466,0.3717761799434532,29.0
2020-05-20,ema_gap,v1.0.0,"[8, 23, 25, 34, 37, 47]",4,0,0,1,3,[],0.11009867974850346,0.38296438531915217,26.0
2020-05-20,v2_statistical,v1.0.0,"[8, 23, 25, 34, 37, 47]",4,1,1,2,3,[34],0.10985559761064993,0.3832498748591405,24.0
2020-05-20,v3_boosting,v1.0.0,"[8, 23, 25, 34, 37, 47]",4,2,2,2,2,"[34, 47]",0.10431643362579095,0.3672003625066502,26.166666666666668
2020-05-20,v4_ensemble,v1.0.0,"[8, 23, 25, 34, 37, 47]",4,2,2,2,3,"[34, 47]",0.106664089651635,0.37353895121650493,26.0
2020-05-23,random,v1.0.0,"[4, 25, 27, 28, 35, 44]",9,1,1,1,1,[4],0.10745522698875465,0.37177617994345313,27.166666666666668
2020-05-23,ema_gap,v1.0.0,"[4, 25, 27, 28, 35, 44]",9,0,0,0,1,[],0.11218429035388533,0.3919639822573453,30.833333333333332
2020-05-23,v2_statistical,v1.0.0,"[4, 25, 27, 28, 35, 44]",9,0,0,0,0,[],0.11534868435999145,0.402203786502532,29.5
2020-05-23,v3_boosting,v1.0.0,"[4, 25, 27, 28, 35, 44]",9,1,1,2,2,[44],0.10844245804799622,0.37457743010885813,23.833333333333332
2020-05-23,v4_ensemble,v1.0.0,"[4, 25, 27, 28, 35, 44]",9,0,0,1,2,[],0.11032521233067999,0.3843018487247794,29.833333333333332
2020-05-27,random,v1.0.0,"[7, 17, 18, 22, 28, 34]",1,0,0,1,3,[],0.10745522698875466,0.37177617994345336,21.0
2020-05-27,ema_gap,v1.0.0,"[7, 17, 18, 22, 28, 34]",1,0,0,1,1,[],0.10982819853992248,0.3800495973052087,26.166666666666668
2020-05-27,v2_statistical,v1.0.0,"[7, 17, 18, 22, 28, 34]",1,1,1,1,1,[34],0.11238883619400829,0.39497836508798,28.666666666666668
2020-05-27,v3_boosting,v1.0.0,"[7, 17, 18, 22, 28, 34]",1,1,1,2,3,[7],0.10910022604103205,0.37516037716503137,21.833333333333332
2020-05-27,v4_ensemble,v1.0.0,"[7, 17, 18, 22, 28, 34]",1,0,0,2,2,[],0.10938618481944454,0.37830246970237674,24.333333333333332
2020-05-30,random,v1.0.0,"[11, 17, 27, 28, 30, 43]",35,0,0,1,2,[],0.10745522698875466,0.3717761799434532,26.0
2020-05-30,ema_gap,v1.0.0,"[11, 17, 27, 28, 30, 43]",35,0,0,1,2,[],0.10879189681632795,0.37479820952513704,24.833333333333332
2020-05-30,v2_statistical,v1.0.0,"[11, 17, 27, 28, 30, 43]",35,1,1,2,2,[43],0.11021236599963581,0.3806636359029533,23.833333333333332
2020-05-30,v3_boosting,v1.0.0,"[11, 17, 27, 28, 30, 43]",35,0,0,2,3,[],0.10956695241337124,0.3807459205443375,24.5
2020-05-30,v4_ensemble,v1.0.0,"[11, 17, 27, 28, 30, 43]",35,0,0,1,2,[],0.1084123635576093,0.3738023255060448,24.666666666666668
2020-06-03,random,v1.0.0,"[2, 15, 20, 22, 29, 39]",13,1,1,1,2,[2],0.10745522698875466,0.37177617994345324,21.166666666666668
2020-06-03,ema_gap,v1.0.0,"[2, 15, 20, 22, 29, 39]",13,0,0,0,1,[],0.11423253946571066,0.40526557794215856,35.0
2020-06-03,v2_statistical,v1.0.0,"[2, 15, 20, 22, 29, 39]",13,0,0,1,1,[],0.11564703738408755,0.40659119504488317,32.666666666666664
2020-06-03,v3_boosting,v1.0.0,"[2, 15, 20, 22, 29, 39]",13,0,0,1,1,[],0.11409886468200112,0.4028966288620137,32.333333333333336
2020-06-03,v4_ensemble,v1.0.0,"[2, 15, 20, 22, 29, 39]",13,0,0,0,1,[],0.1138937714144729,0.4014966500154065,34.166666666666664
2020-06-06,random,v1.0.0,"[6, 22, 38, 45, 48, 49]",2,1,1,1,1,[6],0.10745522698875466,0.3717761799434531,34.666666666666664
2020-06-06,ema_gap,v1.0.0,"[6, 22, 38, 45, 48, 49]",2,2,2,3,3,"[45, 48]",0.10221566225756902,0.3485178595240271,15.5
2020-06-06,v2_statistical,v1.0.0,"[6, 22, 38, 45, 48, 49]",2,2,2,2,3,"[45, 48]",0.09874948642204313,0.3413323751584092,18.166666666666668
2020-06-06,v3_boosting,v1.0.0,"[6, 22, 38, 45, 48, 49]",2,0,0,0,0,[],0.11845293312779141,0.42079602417477646,34.5
2020-06-06,v4_ensemble,v1.0.0,"[6, 22, 38, 45, 48, 49]",2,1,1,2,2,[45],0.1071768598960015,0.3711507520334877,25.833333333333332
2020-06-10,random,v1.0.0,"[3, 13, 25, 33, 34, 45]",14,1,1,1,2,[3],0.10745522698875466,0.3717761799434532,25.5
2020-06-10,ema_gap,v1.0.0,"[3, 13, 25, 33, 34, 45]",14,2,2,3,3,"[34, 45]",0.10466043840799931,0.3618150248290523,20.166666666666668
2020-06-10,v2_statistical,v1.0.0,"[3, 13, 25, 33, 34, 45]",14,2,2,2,2,"[34, 45]",0.10209288191884057,0.35891210070440904,22.0
2020-06-10,v3_boosting,v1.0.0,"[3, 13, 25, 33, 34, 45]",14,1,1,1,1,[3],0.11068374877946838,0.3923643031522274,30.5
2020-06-10,v4_ensemble,v1.0.0,"[3, 13, 25, 33, 34, 45]",14,2,2,3,3,"[3, 45]",0.10529901205428203,0.3640076062323824,20.666666666666668
2020-06-13,random,v1.0.0,"[3, 31, 34, 38, 45, 48]",12,1,1,1,1,[3],0.10745522698875466,0.3717761799434531,33.166666666666664
2020-06-13,ema_gap,v1.0.0,"[3, 31, 34, 38, 45, 48]",12,3,3,3,4,"[34, 45, 48]",0.0990136602874235,0.33996556849590653,14.0
2020-06-13,v2_statistical,v1.0.0,"[3, 31, 34, 38, 45, 48]",12,3,3,4,4,"[34, 45, 48]",0.09098402535740845,0.31136373210637913,11.166666666666666
2020-06-13,v3_boosting,v1.0.0,"[3, 31, 34, 38, 45, 48]",12,2,2,3,3,"[3, 31]",0.10208752913766209,0.35465788540307186,21.166666666666668
2020-06-13,v4_ensemble,v1.0.0,"[3, 31, 34, 38, 45, 48]",12,4,4,6,6,"[3, 31, 34, 45]",0.0962206490307152,0.3249515532133126,4.5
2020-06-17,random,v1.0.0,"[5, 10, 18, 29, 32, 48]",6,1,1,2,3,[5],0.10745522698875466,0.37177617994345324,23.666666666666668
2020-06-17,ema_gap,v1.0.0,"[5, 10, 18, 29, 32, 48]",6,1,1,2,2,[48],0.10673201192743709,0.3691302271494541,23.166666666666668
2020-06-17,v2_statistical,v1.0.0,"[5, 10, 18, 29, 32, 48]",6,2,2,2,2,"[10, 48]",0.1116265928860718,0.3882655844264321,26.166666666666668
2020-06-17,v3_boosting,v1.0.0,"[5, 10, 18, 29, 32, 48]",6,0,0,1,1,[],0.11340658916013927,0.39745309875150786,29.333333333333332
2020-06-17,v4_ensemble,v1.0.0,"[5, 10, 18, 29, 32, 48]",6,1,1,1,3,[48],0.11021889053491751,0.384444381127805,26.333333333333332
2020-06-20,random,v1.0.0,"[14, 22, 29, 36, 48, 49]",19,0,0,0,1,[],0.10745522698875466,0.37177617994345313,33.0
2020-06-20,ema_gap,v1.0.0,"[14, 22, 29, 36, 48, 49]",19,1,1,1,2,[48],0.10492460074791037,0.3606685832644084,21.5
2020-06-20,v2_statistical,v1.0.0,"[14, 22, 29, 36, 48, 49]",19,1,1,1,1,[48],0.10947290880111075,0.380323326487838,26.666666666666668
2020-06-20,v3_boosting,v1.0.0,"[14, 22, 29, 36, 48, 49]",19,1,1,1,2,[14],0.1130480335898056,0.40214277765475975,29.833333333333332
2020-06-20,v4_ensemble,v1.0.0,"[14, 22, 29, 36, 48, 49]",19,1,1,2,2,[48],0.10890201673329547,0.37943066409224846,28.0
2020-06-24,random,v1.0.0,"[6, 16, 23, 39, 47, 48]",33,1,1,1,2,[6],0.10745522698875465,0.3717761799434532,29.833333333333332
2020-06-24,ema_gap,v1.0.0,"[6, 16, 23, 39, 47, 48]",33,2,2,2,3,"[6, 48]",0.10450027382412355,0.36361937617504486,22.666666666666668
2020-06-24,v2_statistical,v1.0.0,"[6, 16, 23, 39, 47, 48]",33,1,1,3,3,[48],0.10602917964820216,0.36720575971166797,20.666666666666668
2020-06-24,v3_boosting,v1.0.0,"[6, 16, 23, 39, 47, 48]",33,0,0,1,1,[],0.11266507234582127,0.39187156420464153,28.0
2020-06-24,v4_ensemble,v1.0.0,"[6, 16, 23, 39, 47, 48]",33,1,1,2,2,[48],0.10752285960174218,0.37378292990943696,24.166666666666668
2020-06-27,random,v1.0.0,"[1, 13, 14, 24, 36, 44]",7,1,1,1,3,[1],0.10745522698875463,0.37177617994345336,22.0
2020-06-27,ema_gap,v1.0.0,"[1, 13, 14, 24, 36, 44]",7,0,0,2,2,[],0.10990316580699286,0.37933191168483665,24.666666666666668
2020-06-27,v2_statistical,v1.0.0,"[1, 13, 14, 24, 36, 44]",7,0,0,1,1,[],0.1153043103917968,0.39978554383094506,29.0
2020-06-27,v3_boosting,v1.0.0,"[1, 13, 14, 24, 36, 44]",7,1,1,2,2,[13],0.10579582322505274,0.3730347807751672,28.0
2020-06-27,v4_ensemble,v1.0.0,"[1, 13, 14, 24, 36, 44]",7,1,1,1,2,[13],0.10902054861159899,0.37950862424124265,27.5
2020-07-01,random,v1.0.0,"[1, 12, 27, 30, 34, 49]",32,1,1,2,2,[1],0.10745522698875466,0.37177617994345313,25.5
2020-07-01,ema_gap,v1.0.0,"[1, 12, 27, 30, 34, 49]",32,1,1,1,2,[34],0.10930876487998605,0.37957876506209026,24.833333333333332
2020-07-01,v2_statistical,v1.0.0,"[1, 12, 27, 30, 34, 49]",32,1,1,1,2,[34],0.11135111860218218,0.3897573233723657,27.333333333333332
2020-07-01,v3_boosting,v1.0.0,"[1, 12, 27, 30, 34, 49]",32,0,0,1,2,[],0.1131464488775406,0.3937222580457763,27.0
2020-07-01,v4_ensemble,v1.0.0,"[1, 12, 27, 30, 34, 49]",32,1,1,1,1,[34],0.11010596846291354,0.38421505802024963,29.0
2020-07-04,random,v1.0.0,"[15, 20, 27, 34, 38, 42]",47,0,0,0,1,[],0.10745522698875466,0.3717761799434532,29.333333333333332
2020-07-04,ema_gap,v1.0.0,"[15, 20, 27, 34, 38, 42]",47,1,1,1,2,[34],0.10980750618085935,0.3850269056375857,27.5
2020-07-04,v2_statistical,v1.0.0,"[15, 20, 27, 34, 38, 42]",47,1,1,2,3,[34],0.11092610136889115,0.3884854534555385,26.0
2020-07-04,v3_boosting,v1.0.0,"[15, 20, 27, 34, 38, 42]",47,0,0,1,1,[],0.11390088302539501,0.39943236664710746,31.333333333333332
2020-07-04,v4_ensemble,v1.0.0,"[15, 20, 27, 34, 38, 42]",47,1,1,1,2,[34],0.11080447440778556,0.38682472449083655,28.833333333333332
2020-07-08,random,v1.0.0,"[11, 26, 28, 35, 37, 47]",8,0,0,1,1,[],0.10745522698875466,0.37177617994345313,30.666666666666668
2020-07-08,ema_gap,v1.0.0,"[11, 26, 28, 35, 37, 47]",8,0,0,0,1,[],0.11333823684828084,0.39725238282690306,32.666666666666664
2020-07-08,v2_statistical,v1.0.0,"[11, 26, 28, 35, 37, 47]",8,0,0,1,1,[],0.1173671298742164,0.41614676982250537,34.0
2020-07-08,v3_boosting,v1.0.0,"[11, 26, 28, 35, 37, 47]",8,1,1,3,5,[35],0.10535257272303829,0.3589692073777366,17.166666666666668
2020-07-08,v4_ensemble,v1.0.0,"[11, 26, 28, 35, 37, 47]",8,1,1,1,2,[47],0.10981259186521619,0.3824018933846269,28.333333333333332
2020-07-11,random,v1.0.0,"[16, 22, 31, 36, 43, 44]",46,0,0,0,1,[],0.10745522698875465,0.37177617994345313,32.0
2020-07-11,ema_gap,v1.0.0,"[16, 22, 31, 36, 43, 44]",46,0,0,1,2,[],0.1097200575301636,0.37881078695337395,25.333333333333332
2020-07-11,v2_statistical,v1.0.0,"[16, 22, 31, 36, 43, 44]",46,1,1,3,4,[36],0.10837348632957335,0.3661345455138282,17.0
2020-07-11,v3_boosting,v1.0.0,"[16, 22, 31, 36, 43, 44]",46,0,0,0,1,[],0.11249040077511646,0.3935902616630534,33.166666666666664
2020-07-11,v4_ensemble,v1.0.0,"[16, 22, 31, 36, 43, 44]",46,0,0,0,2,[],0.10941979357934305,0.3781886776452083,26.5
2020-07-15,random,v1.0.0,"[5, 7, 17, 22, 43, 44]",14,1,1,2,3,[5],0.10745522698875465,0.37177617994345336,23.0
2020-07-15,ema_gap,v1.0.0,"[5, 7, 17, 22, 43, 44]",14,1,1,3,3,[22],0.10819682512764311,0.37285863781725254,22.833333333333332
2020-07-15,v2_statistical,v1.0.0,"[5, 7, 17, 22, 43, 44]",14,1,1,2,3,[43],0.10935174148631956,0.37561260341148206,22.166666666666668
2020-07-15,v3_boosting,v1.0.0,"[5, 7, 17, 22, 43, 44]",14,0,0,0,0,[],0.11673291142129708,0.4130471742513743,34.0
2020-07-15,v4_ensemble,v1.0.0,"[5, 7, 17, 22, 43, 44]",14,0,0,0,2,[],0.11156073489944181,0.3888047716957367,27.5
2020-07-18,random,v1.0.0,"[5, 23, 37, 40, 44, 45]",47,1,1,1,1,[5],0.10745522698875466,0.3717761799434531,32.333333333333336
2020-07-18,ema_gap,v1.0.0,"[5, 23, 37, 40, 44, 45]",47,2,2,2,3,"[44, 45]",0.10769977426052232,0.37553916126027503,24.0
2020-07-18,v2_statistical,v1.0.0,"[5, 23, 37, 40, 44, 45]",47,1,1,2,3,[45],0.10480074224128373,0.3699346616121002,25.5
2020-07-18,v3_boosting,v1.0.0,"[5, 23, 37, 40, 44, 45]",47,1,1,2,3,[5],0.10767587198147882,0.37049748428434437,22.333333333333332
2020-07-18,v4_ensemble,v1.0.0,"[5, 23, 37, 40, 44, 45]",47,2,2,2,3,"[44, 45]",0.10527425863933118,0.3640914329798906,22.0
2020-07-22,random,v1.0.0,"[5, 14, 19, 42, 46, 47]",8,1,1,1,2,[5],0.10745522698875465,0.37177617994345324,28.833333333333332
2020-07-22,ema_gap,v1.0.0,"[5, 14, 19, 42, 46, 47]",8,0,0,1,2,[],0.11353195808995846,0.4009644943293957,32.166666666666664
2020-07-22,v2_statistical,v1.0.0,"[5, 14, 19, 42, 46, 47]",8,0,0,1,1,[],0.11839136748230282,0.42164827578402375,33.5
2020-07-22,v3_boosting,v1.0.0,"[5, 14, 19, 42, 46, 47]",8,1,1,2,3,[46],0.10617906429255718,0.36224972488631313,19.0
2020-07-22,v4_ensemble,v1.0.0,"[5, 14, 19, 42, 46, 47]",8,0,0,1,2,[],0.11071038265842387,0.3847576122724495,28.666666666666668
2020-07-25,random,v1.0.0,"[6, 21, 34, 44, 45, 48]",33,1,1,1,1,[6],0.10745522698875466,0.3717761799434531,33.0
2020-07-25,ema_gap,v1.0.0,"[6, 21, 34, 44, 45, 48]",33,4,4,5,5,"[34, 44, 45, 48]",0.0951292984449691,0.32386771538935344,10.166666666666666
2020-07-25,v2_statistical,v1.0.0,"[6, 21, 34, 44, 45, 48]",33,4,4,4,5,"[34, 44, 45, 48]",0.08705404222125251,0.29912316057257243,8.833333333333334
2020-07-25,v3_boosting,v1.0.0,"[6, 21, 34, 44, 45, 48]",33,1,1,2,2,[6],0.10659035555757697,0.36832448935060963,22.166666666666668
2020-07-25,v4_ensemble,v1.0.0,"[6, 21, 34, 44, 45, 48]",33,4,4,5,5,"[6, 34, 45, 48]",0.09650949427703102,0.3269010176689306,9.333333333333334
2020-07-29,random,v1.0.0,"[1, 11, 17, 19, 22, 45]",14,1,1,2,3,[1],0.10745522698875466,0.37177617994345336,19.166666666666668
2020-07-29,ema_gap,v1.0.0,"[1, 11, 17, 19, 22, 45]",14,2,2,2,2,"[22, 45]",0.1049904919770195,0.36145631061125294,20.833333333333332
2020-07-29,v2_statistical,v1.0.0,"[1, 11, 17, 19, 22, 45]",14,1,1,1,2,[45],0.10939560894258206,0.3810115405229742,26.333333333333332
2020-07-29,v3_boosting,v1.0.0,"[1, 11, 17, 19, 22, 45]",14,1,1,2,4,[22],0.10628772575545065,0.36820445992685646,21.666666666666668
2020-07-29,v4_ensemble,v1.0.0,"[1, 11, 17, 19, 22, 45]",14,2,2,2,2,"[22, 45]",0.1059167486777781,0.3668834134064662,22.333333333333332
2020-08-01,random,v1.0.0,"[12, 13, 17, 22, 39, 40]",25,0,0,1,3,[],0.10745522698875465,0.37177617994345336,23.833333333333332
2020-08-01,ema_gap,v1.0.0,"[12, 13, 17, 22, 39, 40]",25,1,1,2,3,[22],0.11009204085043293,0.38357278970238967,27.333333333333332
2020-08-01,v2_statistical,v1.0.0,"[12, 13, 17, 22, 39, 40]",25,0,0,1,2,[],0.11468191409964969,0.39721307507427644,27.5
2020-08-01,v3_boosting,v1.0.0,"[12, 13, 17, 22, 39, 40]",25,1,1,1,1,[17],0.10978085040034043,0.3824419383419994,28.666666666666668
2020-08-01,v4_ensemble,v1.0.0,"[12, 13, 17, 22, 39, 40]",25,1,1,1,2,[17],0.11040104356487619,0.3850356561492141,30.0
2020-08-05,random,v1.0.0,"[3, 14, 23, 30, 38, 43]",24,1,1,1,2,[3],0.10745522698875466,0.3717761799434532,25.166666666666668
2020-08-05,ema_gap,v1.0.0,"[3, 14, 23, 30, 38, 43]",24,0,0,2,5,[],0.10786364293165061,0.36858518673232726,16.833333333333332
2020-08-05,v2_statistical,v1.0.0,"[3, 14, 23, 30, 38, 43]",24,1,1,3,4,[43],0.10776557919854801,0.36407257832988077,17.333333333333332
2020-08-05,v3_boosting,v1.0.0,"[3, 14, 23, 30, 38, 43]",24,1,1,1,1,[23],0.11186487182481802,0.3905147088251406,27.5
2020-08-05,v4_ensemble,v1.0.0,"[3, 14, 23, 30, 38, 43]",24,1,1,1,2,[23],0.1085137663325123,0.3732145429915615,22.666666666666668
2020-08-08,random,v1.0.0,"[1, 20, 21, 23, 40, 46]",28,1,1,1,1,[1],0.10745522698875466,0.37177617994345324,25.166666666666668
2020-08-08,ema_gap,v1.0.0,"[1, 20, 21, 23, 40, 46]",28,0,0,1,2,[],0.1106593541839639,0.38414853065133936,27.333333333333332
2020-08-08,v2_statistical,v1.0.0,"[1, 20, 21, 23, 40, 46]",28,1,1,1,2,[23],0.11075768925571357,0.3787163062573167,21.166666666666668
2020-08-08,v3_boosting,v1.0.0,"[1, 20, 21, 23, 40, 46]",28,1,1,2,4,[21],0.1084416467295349,0.37404510730010637,21.666666666666668
2020-08-08,v4_ensemble,v1.0.0,"[1, 20, 21, 23, 40, 46]",28,1,1,1,2,[21],0.10797489766652381,0.37231841044582414,22.333333333333332
2020-08-12,random,v1.0.0,"[16, 24, 27, 43, 48, 49]",39,0,0,0,1,[],0.10745522698875466,0.3717761799434532,34.5
2020-08-12,ema_gap,v1.0.0,"[16, 24, 27, 43, 48, 49]",39,1,1,2,2,[48],0.1065823650021563,0.3685003642382363,22.833333333333332
2020-08-12,v2_statistical,v1.0.0,"[16, 24, 27, 43, 48, 49]",39,2,2,2,2,"[43, 48]",0.10803320195143588,0.37270737836364876,23.166666666666668
2020-08-12,v3_boosting,v1.0.0,"[16, 24, 27, 43, 48, 49]",39,2,2,2,2,"[48, 49]",0.10365599985348568,0.3634279541090891,23.166666666666668
2020-08-12,v4_ensemble,v1.0.0,"[16, 24, 27, 43, 48, 49]",39,2,2,3,3,"[48, 49]",0.10435568102192183,0.36178314326465094,22.833333333333332
2020-08-15,random,v1.0.0,"[6, 7, 11, 19, 22, 43]",9,1,1,3,3,[6],0.10745522698875465,0.37177617994345336,18.0
2020-08-15,ema_gap,v1.0.0,"[6, 7, 11, 19, 22, 43]",9,2,2,3,3,"[22, 43]",0.10474606814841547,0.35807085110953657,17.166666666666668
2020-08-15,v2_statistical,v1.0.0,"[6, 7, 11, 19, 22, 43]",9,1,1,2,3,[43],0.10884479930556051,0.37215366244196035,20.833333333333332
2020-08-15,v3_boosting,v1.0.0,"[6, 7, 11, 19, 22, 43]",9,0,0,1,2,[],0.11545436471994636,0.41081116646725085,33.166666666666664
2020-08-15,v4_ensemble,v1.0.0,"[6, 7, 11, 19, 22, 43]",9,1,1,1,3,[43],0.10952231732059481,0.38065233347884775,26.166666666666668
2020-08-19,random,v1.0.0,"[2, 17, 32, 37, 39, 42]",9,1,1,1,2,[2],0.10745522698875466,0.3717761799434531,28.166666666666668
2020-08-19,ema_gap,v1.0.0,"[2, 17, 32, 37, 39, 42]",9,0,0,0,1,[],0.11402490657808137,0.400317399461701,34.0
2020-08-19,v2_statistical,v1.0.0,"[2, 17, 32, 37, 39, 42]",9,0,0,0,1,[],0.11737925695365366,0.41115977603596726,30.833333333333332
2020-08-19,v3_boosting,v1.0.0,"[2, 17, 32, 37, 39, 42]",9,3,3,3,3,"[37, 39, 42]",0.0959990023894103,0.3374047513502611,23.666666666666668
2020-08-19,v4_ensemble,v1.0.0,"[2, 17, 32, 37, 39, 42]",9,2,2,3,3,"[37, 42]",0.10568016253637438,0.36346692312256407,19.666666666666668
2020-08-22,random,v1.0.0,"[19, 25, 34, 36, 40, 43]",32,0,0,0,0,[],0.10745522698875466,0.37177617994345313,32.833333333333336
2020-08-22,ema_gap,v1.0.0,"[19, 25, 34, 36, 40, 43]",32,2,2,2,2,"[34, 43]",0.10633173477646148,0.3666778935678234,22.666666666666668
2020-08-22,v2_statistical,v1.0.0,"[19, 25, 34, 36, 40, 43]",32,2,2,3,3,"[34, 43]",0.10530926357319312,0.3627107989014159,20.0
2020-08-22,v3_boosting,v1.0.0,"[19, 25, 34, 36, 40, 43]",32,1,1,1,2,[43],0.10485189047398662,0.3635508915803531,22.333333333333332
2020-08-22,v4_ensemble,v1.0.0,"[19, 25, 34, 36, 40, 43]",32,2,2,2,2,"[34, 43]",0.10422622588527997,0.361165988172812,22.5
2020-08-26,random,v1.0.0,"[6, 8, 20, 23, 35, 39]",11,1,1,2,2,[6],0.10745522698875465,0.37177617994345324,21.833333333333332
2020-08-26,ema_gap,v1.0.0,"[6, 8, 20, 23, 35, 39]",11,1,1,2,2,[23],0.10941096936303912,0.3794480628253482,26.5
2020-08-26,v2_statistical,v1.0.0,"[6, 8, 20, 23, 35, 39]",11,1,1,2,2,[23],0.11309189343390208,0.3927102903819573,26.0
2020-08-26,v3_boosting,v1.0.0,"[6, 8, 20, 23, 35, 39]",11,2,2,3,4,"[6, 8]",0.10167993094905381,0.3455218939837995,14.333333333333334
2020-08-26,v4_ensemble,v1.0.0,"[6, 8, 20, 23, 35, 39]",11,1,1,3,3,[6],0.10593823880285304,0.36279798235326577,17.833333333333332
2020-08-29,random,v1.0.0,"[3, 13, 21, 24, 29, 40]",35,1,1,1,2,[3],0.10745522698875465,0.37177617994345324,21.666666666666668
2020-08-29,ema_gap,v1.0.0,"[3, 13, 21, 24, 29, 40]",35,0,0,1,1,[],0.11112327148204636,0.38504315879412776,27.5
2020-08-29,v2_statistical,v1.0.0,"[3, 13, 21, 24, 29, 40]",35,0,0,0,2,[],0.11461681566505255,0.3954466448142048,24.666666666666668
2020-08-29,v3_boosting,v1.0.0,"[3, 13, 21, 24, 29, 40]",35,0,0,1,3,[],0.11050305287648125,0.3825067879121996,25.666666666666668
2020-08-29,v4_ensemble,v1.0.0,"[3, 13, 21, 24, 29, 40]",35,0,0,0,1,[],0.11074759588840113,0.384819998938119,29.333333333333332
2020-09-02,random,v1.0.0,"[1, 5, 15, 23, 25, 31]",40,2,2,2,3,"[1, 5]",0.10745522698875465,0.37177617994345336,16.666666666666668
2020-09-02,ema_gap,v1.0.0,"[1, 5, 15, 23, 25, 31]",40,1,1,1,2,[23],0.11000695633438554,0.3826156398436,28.833333333333332
2020-09-02,v2_statistical,v1.0.0,"[1, 5, 15, 23, 25, 31]",40,1,1,1,1,[23],0.11298438730897396,0.3920779480267884,28.833333333333332
2020-09-02,v3_boosting,v1.0.0,"[1, 5, 15, 23, 25, 31]",40,1,1,2,2,[1],0.10883850592938747,0.3794430733433233,26.5
2020-09-02,v4_ensemble,v1.0.0,"[1, 5, 15, 23, 25, 31]",40,0,0,2,2,[],0.10956963986670326,0.38069467474870367,26.5
2020-09-05,random,v1.0.0,"[1, 8, 10, 33, 34, 38]",4,1,1,3,3,[1],0.10745522698875466,0.37177617994345336,20.666666666666668
2020-09-05,ema_gap,v1.0.0,"[1, 8, 10, 33, 34, 38]",4,1,1,2,2,[34],0.10899069094371065,0.37985074953186854,26.166666666666668
2020-09-05,v2_statistical,v1.0.0,"[1, 8, 10, 33, 34, 38]",4,1,1,2,2,[34],0.11139779830912619,0.3849724853864529,26.333333333333332
2020-09-05,v3_boosting,v1.0.0,"[1, 8, 10, 33, 34, 38]",4,0,0,1,2,[],0.11231206926708016,0.3888900521001427,25.666666666666668
2020-09-05,v4_ensemble,v1.0.0,"[1, 8, 10, 33, 34, 38]",4,0,0,0,1,[],0.10992156334969316,0.3811833274816152,27.5
2020-09-09,random,v1.0.0,"[3, 5, 9, 19, 29, 37]",42,2,2,3,3,"[3, 5]",0.10745522698875465,0.37177617994345336,17.0
2020-09-09,ema_gap,v1.0.0,"[3, 5, 9, 19, 29, 37]",42,0,0,0,2,[],0.112614435947934,0.3963127433862368,29.0
2020-09-09,v2_statistical,v1.0.0,"[3, 5, 9, 19, 29, 37]",42,0,0,0,0,[],0.11738475838558272,0.4139870922190132,34.0
2020-09-09,v3_boosting,v1.0.0,"[3, 5, 9, 19, 29, 37]",42,0,0,1,1,[],0.1164357476601923,0.4070498586945865,31.166666666666668
2020-09-09,v4_ensemble,v1.0.0,"[3, 5, 9, 19, 29, 37]",42,0,0,0,0,[],0.11480478575008013,0.4037996203602653,33.833333333333336
2020-09-12,random,v1.0.0,"[5, 13, 19, 37, 42, 45]",40,1,1,1,2,[5],0.10745522698875466,0.37177617994345324,26.833333333333332
2020-09-12,ema_gap,v1.0.0,"[5, 13, 19, 37, 42, 45]",40,1,1,4,4,[45],0.10526669228626127,0.36082364584132953,17.833333333333332
2020-09-12,v2_statistical,v1.0.0,"[5, 13, 19, 37, 42, 45]",40,1,1,1,1,[45],0.10517880162159465,0.37037905374691177,25.833333333333332
2020-09-12,v3_boosting,v1.0.0,"[5, 13, 19, 37, 42, 45]",40,1,1,1,3,[45],0.10937456709768316,0.382932341437563,25.5
2020-09-12,v4_ensemble,v1.0.0,"[5, 13, 19, 37, 42, 45]",40,1,1,1,2,[45],0.10608011511491439,0.3717358162421269,25.0
2020-09-16,random,v1.0.0,"[6, 12, 23, 29, 44, 46]",39,1,1,2,2,[6],0.10745522698875466,0.3717761799434532,26.666666666666668
2020-09-16,ema_gap,v1.0.0,"[6, 12, 23, 29, 44, 46]",39,1,1,2,3,[23],0.10706005485924963,0.37031288914037236,22.0
2020-09-16,v2_statistical,v1.0.0,"[6, 12, 23, 29, 44, 46]",39,1,1,1,3,[23],0.10900906009837459,0.3710065113516404,20.5
2020-09-16,v3_boosting,v1.0.0,"[6, 12, 23, 29, 44, 46]",39,0,0,0,2,[],0.11472257479852781,0.40584096326151237,32.0
2020-09-16,v4_ensemble,v1.0.0,"[6, 12, 23, 29, 44, 46]",39,1,1,1,2,[23],0.11004789752666272,0.38386238194365463,28.166666666666668
2020-09-19,random,v1.0.0,"[5, 15, 31, 35, 42, 46]",17,1,1,1,2,[5],0.10745522698875466,0.3717761799434531,29.0
2020-09-19,ema_gap,v1.0.0,"[5, 15, 31, 35, 42, 46]",17,0,0,1,1,[],0.1103523551627699,0.38237037603019514,27.333333333333332
2020-09-19,v2_statistical,v1.0.0,"[5, 15, 31, 35, 42, 46]",17,0,0,0,2,[],0.1134138010084222,0.38906115463600394,24.333333333333332
2020-09-19,v3_boosting,v1.0.0,"[5, 15, 31, 35, 42, 46]",17,1,1,3,4,[42],0.1046159380635322,0.3557642404178327,15.333333333333334
2020-09-19,v4_ensemble,v1.0.0,"[5, 15, 31, 35, 42, 46]",17,0,0,1,2,[],0.10765806688646132,0.36923943270889203,18.833333333333332
2020-09-23,random,v1.0.0,"[11, 17, 28, 29, 36, 39]",15,0,0,1,2,[],0.10745522698875466,0.37177617994345313,26.666666666666668
2020-09-23,ema_gap,v1.0.0,"[11, 17, 28, 29, 36, 39]",15,0,0,0,1,[],0.11087909935156505,0.3845168572386365,26.5
2020-09-23,v2_statistical,v1.0.0,"[11, 17, 28, 29, 36, 39]",15,0,0,1,1,[],0.11496836836514557,0.4031103570713701,29.0
2020-09-23,v3_boosting,v1.0.0,"[11, 17, 28, 29, 36, 39]",15,0,0,0,0,[],0.11419017913851826,0.3978638890643863,27.333333333333332
2020-09-23,v4_ensemble,v1.0.0,"[11, 17, 28, 29, 36, 39]",15,0,0,1,1,[],0.11272453060206404,0.3947558552130316,32.5
2020-09-26,random,v1.0.0,"[8, 27, 29, 33, 40, 49]",2,0,0,1,1,[],0.10745522698875466,0.37177617994345313,31.0
2020-09-26,ema_gap,v1.0.0,"[8, 27, 29, 33, 40, 49]",2,0,0,1,1,[],0.11191008206529507,0.39100394440594116,31.166666666666668
2020-09-26,v2_statistical,v1.0.0,"[8, 27, 29, 33, 40, 49]",2,0,0,1,1,[],0.11348982230580952,0.3914723841555973,25.833333333333332
2020-09-26,v3_boosting,v1.0.0,"[8, 27, 29, 33, 40, 49]",2,2,2,2,2,"[33, 49]",0.1049017691256862,0.3601771954138994,19.166666666666668
2020-09-26,v4_ensemble,v1.0.0,"[8, 27, 29, 33, 40, 49]",2,0,0,2,3,[],0.10833309644838966,0.3728009562367108,22.166666666666668
2020-09-30,random,v1.0.0,"[13, 16, 20, 21, 27, 48]",15,0,0,0,2,[],0.10745522698875466,0.37177617994345324,24.166666666666668
2020-09-30,ema_gap,v1.0.0,"[13, 16, 20, 21, 27, 48]",15,0,0,2,2,[],0.10867002687372182,0.37667636514934527,26.0
2020-09-30,v2_statistical,v1.0.0,"[13, 16, 20, 21, 27, 48]",15,1,1,2,2,[48],0.1109242051331985,0.3836470462643014,23.5
2020-09-30,v3_boosting,v1.0.0,"[13, 16, 20, 21, 27, 48]",15,2,2,2,2,"[16, 48]",0.10539353310811735,0.3688997115293949,24.0
2020-09-30,v4_ensemble,v1.0.0,"[13, 16, 20, 21, 27, 48]",15,1,1,1,2,[48],0.10688777734752944,0.36936556583919017,23.333333333333332
2020-10-03,random,v1.0.0,"[12, 22, 24, 37, 39, 43]",16,0,0,1,1,[],0.10745522698875466,0.3717761799434532,29.5
2020-10-03,ema_gap,v1.0.0,"[12, 22, 24, 37, 39, 43]",16,0,0,2,2,[],0.10852983739828309,0.37479119926202314,24.166666666666668
2020-10-03,v2_statistical,v1.0.0,"[12, 22, 24, 37, 39, 43]",16,1,1,1,1,[43],0.11143718551285269,0.38548329472429016,26.0
2020-10-03,v3_boosting,v1.0.0,"[12, 22, 24, 37, 39, 43]",16,0,0,1,1,[],0.11257150483768863,0.392123756473036,28.666666666666668
2020-10-03,v4_ensemble,v1.0.0,"[12, 22, 24, 37, 39, 43]",16,0,0,1,2,[],0.11046602774730184,0.3829720132217958,26.333333333333332
2020-10-07,random,v1.0.0,"[4, 5, 12, 13, 18, 19]",34,2,2,3,5,"[4, 5]",0.10745522698875466,0.3717761799434534,11.833333333333334
2020-10-07,ema_gap,v1.0.0,"[4, 5, 12, 13, 18, 19]",34,1,1,2,3,[13],0.1095417509707662,0.3850834529686868,25.833333333333332
2020-10-07,v2_statistical,v1.0.0,"[4, 5, 12, 13, 18, 19]",34,0,0,1,2,[],0.11563819341345358,0.4071109648632439,28.333333333333332
2020-10-07,v3_boosting,v1.0.0,"[4, 5, 12, 13, 18, 19]",34,1,1,1,1,[4],0.11045936749577308,0.3813749891587894,24.833333333333332
2020-10-07,v4_ensemble,v1.0.0,"[4, 5, 12, 13, 18, 19]",34,0,0,1,3,[],0.11067777121489215,0.3858280013667337,26.333333333333332
2020-10-10,random,v1.0.0,"[6, 23, 24, 29, 36, 38]",25,1,1,1,1,[6],0.10745522698875466,0.3717761799434532,26.0
2020-10-10,ema_gap,v1.0.0,"[6, 23, 24, 29, 36, 38]",25,1,1,3,4,[23],0.1035893542387207,0.352396977027863,15.166666666666666
2020-10-10,v2_statistical,v1.0.0,"[6, 23, 24, 29, 36, 38]",25,1,1,2,5,[23],0.10334914328084056,0.3477361860163155,13.666666666666666
2020-10-10,v3_boosting,v1.0.0,"[6, 23, 24, 29, 36, 38]",25,0,0,2,3,[],0.11149188942816379,0.3862090884396509,23.833333333333332
2020-10-10,v4_ensemble,v1.0.0,"[6, 23, 24, 29, 36, 38]",25,1,1,3,3,[23],0.10574978503625432,0.3615264743244208,16.0
2020-10-14,random,v1.0.0,"[10, 18, 20, 38, 39, 44]",40,0,0,1,2,[],0.10745522698875466,0.37177617994345324,28.166666666666668
2020-10-14,ema_gap,v1.0.0,"[10, 18, 20, 38, 39, 44]",40,0,0,0,3,[],0.10963641055423962,0.37857738855993256,23.833333333333332
2020-10-14,v2_statistical,v1.0.0,"[10, 18, 20, 38, 39, 44]",40,0,0,0,2,[],0.1115900055985827,0.3834404152704955,24.166666666666668
2020-10-14,v3_boosting,v1.0.0,"[10, 18, 20, 38, 39, 44]",40,0,0,2,3,[],0.10931932466555036,0.37709333802491785,21.833333333333332
2020-10-14,v4_ensemble,v1.0.0,"[10, 18, 20, 38, 39, 44]",40,0,0,1,2,[],0.10891248451899861,0.3770953895535662,25.833333333333332
2020-10-17,random,v1.0.0,"[7, 8, 9, 24, 25, 34]",14,0,0,3,3,[],0.10745522698875466,0.37177617994345336,17.833333333333332
2020-10-17,ema_gap,v1.0.0,"[7, 8, 9, 24, 25, 34]",14,0,0,0,2,[],0.11209654985530779,0.39377948370822524,31.166666666666668
2020-10-17,v2_statistical,v1.0.0,"[7, 8, 9, 24, 25, 34]",14,0,0,2,2,[],0.11396416719224842,0.4003078575869998,28.833333333333332
2020-10-17,v3_boosting,v1.0.0,"[7, 8, 9, 24, 25, 34]",14,0,0,2,2,[],0.11129645511910724,0.388550892713902,28.833333333333332
2020-10-17,v4_ensemble,v1.0.0,"[7, 8, 9, 24, 25, 34]",14,0,0,0,2,[],0.11133450778908116,0.3904033912507634,29.666666666666668
2020-10-21,random,v1.0.0,"[26, 28, 32, 37, 40, 47]",10,0,0,0,0,[],0.10745522698875466,0.37177617994345313,35.0
2020-10-21,ema_gap,v1.0.0,"[26, 28, 32, 37, 40, 47]",10,0,0,0,0,[],0.11544659962484385,0.41077859956056273,36.5
2020-10-21,v2_statistical,v1.0.0,"[26, 28, 32, 37, 40, 47]",10,0,0,1,2,[],0.11675036209542253,0.4144450041132575,32.333333333333336
2020-10-21,v3_boosting,v1.0.0,"[26, 28, 32, 37, 40, 47]",10,0,0,1,2,[],0.11026737372918421,0.3827767674560053,26.666666666666668
2020-10-21,v4_ensemble,v1.0.0,"[26, 28, 32, 37, 40, 47]",10,0,0,0,1,[],0.11247949512744686,0.39532659494291306,33.5
2020-10-24,random,v1.0.0,"[4, 9, 17, 20, 26, 31]",34,1,1,2,3,[4],0.10745522698875466,0.37177617994345336,17.833333333333332
2020-10-24,ema_gap,v1.0.0,"[4, 9, 17, 20, 26, 31]",34,0,0,0,0,[],0.11522886544743133,0.40886644841059794,37.666666666666664
2020-10-24,v2_statistical,v1.0.0,"[4, 9, 17, 20, 26, 31]",34,0,0,0,2,[],0.11681906841740665,0.41072855080109316,31.5
2020-10-24,v3_boosting,v1.0.0,"[4, 9, 17, 20, 26, 31]",34,1,1,1,1,[26],0.11191558320752623,0.3928888548603236,29.333333333333332
2020-10-24,v4_ensemble,v1.0.0,"[4, 9, 17, 20, 26, 31]",34,0,0,0,1,[],0.11316080000631541,0.3974628789070302,33.5
2020-10-28,random,v1.0.0,"[2, 3, 16, 25, 34, 46]",49,2,2,2,3,"[2, 3]",0.10745522698875465,0.37177617994345336,21.0
2020-10-28,ema_gap,v1.0.0,"[2, 3, 16, 25, 34, 46]",49,1,1,1,1,[34],0.11144109375639118,0.3914110876290236,32.0
2020-10-28,v2_statistical,v1.0.0,"[2, 3, 16, 25, 34, 46]",49,1,1,1,1,[34],0.11079465336856477,0.39321240502971966,29.5
2020-10-28,v3_boosting,v1.0.0,"[2, 3, 16, 25, 34, 46]",49,2,2,3,5,"[2, 46]",0.09838407421915867,0.3343711660581235,13.666666666666666
2020-10-28,v4_ensemble,v1.0.0,"[2, 3, 16, 25, 34, 46]",49,2,2,2,3,"[34, 46]",0.10417185406666445,0.35891515022927006,20.0
2020-10-31,random,v1.0.0,"[5, 8, 18, 22, 41, 48]",23,1,1,2,3,[5],0.10745522698875465,0.37177617994345324,23.666666666666668
2020-10-31,ema_gap,v1.0.0,"[5, 8, 18, 22, 41, 48]",23,2,2,3,3,"[5, 48]",0.10779399802115941,0.3788324400782215,21.333333333333332
2020-10-31,v2_statistical,v1.0.0,"[5, 8, 18, 22, 41, 48]",23,1,1,2,2,[48],0.11031272679923791,0.38498396833608267,22.666666666666668
2020-10-31,v3_boosting,v1.0.0,"[5, 8, 18, 22, 41, 48]",23,0,0,0,2,[],0.115880020080088,0.41000247028300674,31.666666666666668
2020-10-31,v4_ensemble,v1.0.0,"[5, 8, 18, 22, 41, 48]",23,1,1,1,2,[48],0.11126512873133254,0.39211308266709055,27.333333333333332
2020-11-04,random,v1.0.0,"[2, 9, 13, 18, 40, 46]",34,1,1,2,4,[2],0.10745522698875465,0.37177617994345336,21.333333333333332
2020-11-04,ema_gap,v1.0.0,"[2, 9, 13, 18, 40, 46]",34,1,1,1,1,[13],0.10921867481982167,0.3775613861296129,25.833333333333332
2020-11-04,v2_statistical,v1.0.0,"[2, 9, 13, 18, 40, 46]",34,0,0,2,2,[],0.11258291943409295,0.38686903815879253,24.166666666666668
2020-11-04,v3_boosting,v1.0.0,"[2, 9, 13, 18, 40, 46]",34,0,0,1,1,[],0.11811863379484315,0.414784333368426,30.333333333333332
2020-11-04,v4_ensemble,v1.0.0,"[2, 9, 13, 18, 40, 46]",34,0,0,0,2,[],0.11265150258471919,0.3940681182559368,29.5
2020-11-07,random,v1.0.0,"[1, 16, 19, 24, 26, 47]",29,1,1,1,2,[1],0.10745522698875465,0.37177617994345324,22.166666666666668
2020-11-07,ema_gap,v1.0.0,"[1, 16, 19, 24, 26, 47]",29,0,0,0,1,[],0.11142922408596215,0.3874027872577398,28.666666666666668
2020-11-07,v2_statistical,v1.0.0,"[1, 16, 19, 24, 26, 47]",29,0,0,0,1,[],0.11714831355646817,0.41179141787655044,32.5
2020-11-07,v3_boosting,v1.0.0,"[1, 16, 19, 24, 26, 47]",29,1,1,1,2,[26],0.11255614566816084,0.3954947660804947,28.333333333333332
2020-11-07,v4_ensemble,v1.0.0,"[1, 16, 19, 24, 26, 47]",29,0,0,0,1,[],0.11259633793998193,0.3957166181771176,33.333333333333336
2020-11-11,random,v1.0.0,"[6, 14, 18, 23, 31, 47]",44,1,1,1,3,[6],0.10745522698875466,0.37177617994345336,23.166666666666668
2020-11-11,ema_gap,v1.0.0,"[6, 14, 18, 23, 31, 47]",44,1,1,2,3,[23],0.10773537043032573,0.37323087564009705,22.666666666666668
2020-11-11,v2_statistical,v1.0.0,"[6, 14, 18, 23, 31, 47]",44,1,1,1,2,[23],0.10956230364166539,0.38374836649979066,25.0
2020-11-11,v3_boosting,v1.0.0,"[6, 14, 18, 23, 31, 47]",44,2,2,3,3,"[14, 31]",0.10495884639807028,0.3634899159384576,19.833333333333332
2020-11-11,v4_ensemble,v1.0.0,"[6, 14, 18, 23, 31, 47]",44,1,1,1,2,[23],0.10607416979618726,0.3641161552112756,20.0
2020-11-14,random,v1.0.0,"[1, 2, 13, 30, 35, 38]",45,2,2,2,3,"[1, 2]",0.10745522698875465,0.37177617994345336,19.833333333333332
2020-11-14,ema_gap,v1.0.0,"[1, 2, 13, 30, 35, 38]",45,1,1,1,2,[13],0.10931175862855624,0.38137880421623405,26.5
2020-11-14,v2_statistical,v1.0.0,"[1, 2, 13, 30, 35, 38]",45,0,0,1,2,[],0.11338089784378878,0.3957978361337719,28.166666666666668
2020-11-14,v3_boosting,v1.0.0,"[1, 2, 13, 30, 35, 38]",45,0,0,1,1,[],0.1115552271085217,0.3890729540662446,30.0
2020-11-14,v4_ensemble,v1.0.0,"[1, 2, 13, 30, 35, 38]",45,1,1,1,1,[13],0.11075340547000964,0.3880761165774234,31.833333333333332
2020-11-18,random,v1.0.0,"[7, 14, 21, 28, 30, 32]",22,0,0,1,2,[],0.10745522698875466,0.37177617994345324,22.0
2020-11-18,ema_gap,v1.0.0,"[7, 14, 21, 28, 30, 32]",22,0,0,0,0,[],0.11515942655033158,0.40669258359845945,37.333333333333336
2020-11-18,v2_statistical,v1.0.0,"[7, 14, 21, 28, 30, 32]",22,0,0,0,0,[],0.12104114479651391,0.43534681406998177,38.833333333333336
2020-11-18,v3_boosting,v1.0.0,"[7, 14, 21, 28, 30, 32]",22,1,1,1,2,[32],0.10771529695574243,0.37909165278369017,27.666666666666668
2020-11-18,v4_ensemble,v1.0.0,"[7, 14, 21, 28, 30, 32]",22,1,1,1,1,[32],0.11260152342611894,0.3976880166327005,34.333333333333336
2020-11-21,random,v1.0.0,"[16, 19, 21, 34, 37, 47]",25,0,0,0,1,[],0.10745522698875466,0.37177617994345324,29.0
2020-11-21,ema_gap,v1.0.0,"[16, 19, 21, 34, 37, 47]",25,1,1,2,3,[34],0.10530797025420709,0.35959083314682333,17.666666666666668
2020-11-21,v2_statistical,v1.0.0,"[16, 19, 21, 34, 37, 47]",25,1,1,2,3,[34],0.10549715441243274,0.3602174919461686,19.333333333333332
2020-11-21,v3_boosting,v1.0.0,"[16, 19, 21, 34, 37, 47]",25,3,3,5,6,"[19, 37, 47]",0.0968679336562963,0.3237756933333409,8.5
2020-11-21,v4_ensemble,v1.0.0,"[16, 19, 21, 34, 37, 47]",25,2,2,5,6,"[34, 47]",0.10079427711052033,0.34019307362830703,9.833333333333334
2020-11-25,random,v1.0.0,"[13, 14, 31, 33, 37, 46]",40,0,0,0,2,[],0.10745522698875466,0.37177617994345313,29.0
2020-11-25,ema_gap,v1.0.0,"[13, 14, 31, 33, 37, 46]",40,1,1,1,2,[13],0.10744224781680889,0.3738381848385336,23.5
2020-11-25,v2_statistical,v1.0.0,"[13, 14, 31, 33, 37, 46]",40,1,1,1,2,[13],0.11153113814457974,0.38970876162558665,25.5
2020-11-25,v3_boosting,v1.0.0,"[13, 14, 31, 33, 37, 46]",40,1,1,2,3,[33],0.10857006656073344,0.377486875988148,24.0
2020-11-25,v4_ensemble,v1.0.0,"[13, 14, 31, 33, 37, 46]",40,1,1,2,2,[13],0.108132127447169,0.37417752844602253,24.166666666666668
2020-11-28,random,v1.0.0,"[3, 4, 16, 23, 26, 44]",18,2,2,2,3,"[3, 4]",0.10745522698875463,0.37177617994345336,19.333333333333332
2020-11-28,ema_gap,v1.0.0,"[3, 4, 16, 23, 26, 44]",18,1,1,1,1,[23],0.10991787994995482,0.38292574501369303,27.666666666666668
2020-11-28,v2_statistical,v1.0.0,"[3, 4, 16, 23, 26, 44]",18,1,1,1,2,[23],0.10958960614549838,0.38358826198821466,27.166666666666668
2020-11-28,v3_boosting,v1.0.0,"[3, 4, 16, 23, 26, 44]",18,0,0,1,1,[],0.11341097914057556,0.39296215744464486,28.0
2020-11-28,v4_ensemble,v1.0.0,"[3, 4, 16, 23, 26, 44]",18,1,1,1,2,[23],0.11049758825411617,0.38463482512810143,29.166666666666668
2020-12-02,random,v1.0.0,"[22, 24, 28, 41, 47, 49]",21,0,0,0,0,[],0.10745522698875466,0.3717761799434532,35.166666666666664
2020-12-02,ema_gap,v1.0.0,"[22, 24, 28, 41, 47, 49]",21,0,0,1,2,[],0.1109273023904132,0.38895662526206254,27.833333333333332
2020-12-02,v2_statistical,v1.0.0,"[22, 24, 28, 41, 47, 49]",21,1,1,2,2,[47],0.11291874869971369,0.39977268041800584,28.166666666666668
2020-12-02,v3_boosting,v1.0.0,"[22, 24, 28, 41, 47, 49]",21,1,1,2,4,[47],0.10376656419003252,0.36556460746809977,21.833333333333332
2020-12-02,v4_ensemble,v1.0.0,"[22, 24, 28, 41, 47, 49]",21,1,1,2,3,[47],0.10720666038263539,0.37886473632075396,27.0
2020-12-05,random,v1.0.0,"[3, 10, 13, 21, 27, 45]",23,1,1,2,3,[3],0.10745522698875465,0.37177617994345336,19.833333333333332
2020-12-05,ema_gap,v1.0.0,"[3, 10, 13, 21, 27, 45]",23,1,1,1,2,[13],0.10774613504604076,0.37516611314204534,25.666666666666668
2020-12-05,v2_statistical,v1.0.0,"[3, 10, 13, 21, 27, 45]",23,2,2,2,2,"[13, 45]",0.10623353283859849,0.36478320958922617,21.5
2020-12-05,v3_boosting,v1.0.0,"[3, 10, 13, 21, 27, 45]",23,2,2,3,4,"[10, 27]",0.10433976324695635,0.36094215212894265,19.5
2020-12-05,v4_ensemble,v1.0.0,"[3, 10, 13, 21, 27, 45]",23,2,2,4,5,"[13, 45]",0.10460059571012216,0.35805876791935753,15.5
2020-12-09,random,v1.0.0,"[10, 11, 14, 19, 27, 39]",40,0,0,2,3,[],0.10745522698875465,0.37177617994345336,20.0
2020-12-09,ema_gap,v1.0.0,"[10, 11, 14, 19, 27, 39]",40,0,0,1,1,[],0.11106205351058984,0.3866914182190816,27.5
2020-12-09,v2_statistical,v1.0.0,"[10, 11, 14, 19, 27, 39]",40,0,0,1,2,[],0.11487111858487797,0.4032178488615958,30.333333333333332
2020-12-09,v3_boosting,v1.0.0,"[10, 11, 14, 19, 27, 39]",40,1,1,2,2,[11],0.10937834238487697,0.3787358088911755,24.833333333333332
2020-12-09,v4_ensemble,v1.0.0,"[10, 11, 14, 19, 27, 39]",40,0,0,0,1,[],0.11056790709563559,0.3848886140998483,29.166666666666668
2020-12-12,random,v1.0.0,"[27, 28, 29, 36, 46, 48]",49,0,0,0,0,[],0.10745522698875466,0.37177617994345313,35.666666666666664
2020-12-12,ema_gap,v1.0.0,"[27, 28, 29, 36, 46, 48]",49,0,0,0,1,[],0.1089240286119762,0.3748430715182792,24.166666666666668
2020-12-12,v2_statistical,v1.0.0,"[27, 28, 29, 36, 46, 48]",49,1,1,2,3,[27],0.10910717636395005,0.37408512161122187,21.833333333333332
2020-12-12,v3_boosting,v1.0.0,"[27, 28, 29, 36, 46, 48]",49,0,0,1,2,[],0.11024405729435664,0.3808934156673274,24.0
2020-12-12,v4_ensemble,v1.0.0,"[27, 28, 29, 36, 46, 48]",49,0,0,1,3,[],0.10865363343752753,0.375242395714816,24.0
2020-12-16,random,v1.0.0,"[10, 12, 20, 25, 31, 34]",42,0,0,2,2,[],0.10745522698875466,0.37177617994345324,22.0
2020-12-16,ema_gap,v1.0.0,"[10, 12, 20, 25, 31, 34]",42,1,1,1,1,[34],0.11162995965491623,0.3917939134954148,31.0
2020-12-16,v2_statistical,v1.0.0,"[10, 12, 20, 25, 31, 34]",42,1,1,2,3,[34],0.10718583072176296,0.37868399681438,24.0
2020-12-16,v3_boosting,v1.0.0,"[10, 12, 20, 25, 31, 34]",42,1,1,1,2,[34],0.11007526450636433,0.38270992848140895,25.5
2020-12-16,v4_ensemble,v1.0.0,"[10, 12, 20, 25, 31, 34]",42,1,1,1,1,[34],0.10851095631638938,0.3791390098653471,27.0
2020-12-19,random,v1.0.0,"[1, 8, 10, 11, 17, 35]",41,1,1,4,5,[1],0.10745522698875465,0.3717761799434534,13.666666666666666
2020-12-19,ema_gap,v1.0.0,"[1, 8, 10, 11, 17, 35]",41,0,0,1,1,[],0.11216733148160946,0.39207934380867093,31.833333333333332
2020-12-19,v2_statistical,v1.0.0,"[1, 8, 10, 11, 17, 35]",41,0,0,0,1,[],0.1180441294445752,0.4177466150080341,35.5
2020-12-19,v3_boosting,v1.0.0,"[1, 8, 10, 11, 17, 35]",41,0,0,1,3,[],0.11050734698823024,0.3796277652720348,23.0
2020-12-19,v4_ensemble,v1.0.0,"[1, 8, 10, 11, 17, 35]",41,0,0,0,0,[],0.11230042668515391,0.3929220245729875,32.0
2020-12-23,random,v1.0.0,"[7, 15, 24, 31, 33, 34]",3,0,0,1,2,[],0.10745522698875466,0.3717761799434532,24.0
2020-12-23,ema_gap,v1.0.0,"[7, 15, 24, 31, 33, 34]",3,1,1,1,3,[34],0.1100440113307013,0.3892604047536106,27.833333333333332
2020-12-23,v2_statistical,v1.0.0,"[7, 15, 24, 31, 33, 34]",3,1,1,1,3,[34],0.1055595655288144,0.38257329970800547,27.166666666666668
2020-12-23,v3_boosting,v1.0.0,"[7, 15, 24, 31, 33, 34]",3,1,1,2,3,[24],0.10618156808444247,0.3644610450905525,20.333333333333332
2020-12-23,v4_ensemble,v1.0.0,"[7, 15, 24, 31, 33, 34]",3,2,2,3,3,"[24, 34]",0.10546697380271404,0.36960417847780574,22.833333333333332
2020-12-26,random,v1.0.0,"[21, 26, 28, 33, 34, 42]",43,0,0,0,0,[],0.10745522698875466,0.3717761799434532,30.666666666666668
2020-12-26,ema_gap,v1.0.0,"[21, 26, 28, 33, 34, 42]",43,1,1,1,3,[34],0.10816892059046565,0.3820097468881062,27.0
2020-12-26,v2_statistical,v1.0.0,"[21, 26, 28, 33, 34, 42]",43,1,1,1,2,[34],0.10849843952217478,0.3921578645130401,29.0
2020-12-26,v3_boosting,v1.0.0,"[21, 26, 28, 33, 34, 42]",43,0,0,1,2,[],0.11253863794473962,0.38892104642470704,26.0
2020-12-26,v4_ensemble,v1.0.0,"[21, 26, 28, 33, 34, 42]",43,1,1,1,1,[34],0.10895361133960073,0.38218075851306726,29.666666666666668
2020-12-30,random,v1.0.0,"[7, 14, 30, 32, 38, 45]",6,0,0,1,2,[],0.10745522698875465,0.37177617994345313,27.666666666666668
2020-12-30,ema_gap,v1.0.0,"[7, 14, 30, 32, 38, 45]",6,0,0,0,2,[],0.11280470882387057,0.3945355558697684,32.0
2020-12-30,v2_statistical,v1.0.0,"[7, 14, 30, 32, 38, 45]",6,0,0,1,1,[],0.11354742497827139,0.393483548877162,28.0
2020-12-30,v3_boosting,v1.0.0,"[7, 14, 30, 32, 38, 45]",6,1,1,2,3,[32],0.10416047667203276,0.35598176946748916,17.333333333333332
2020-12-30,v4_ensemble,v1.0.0,"[7, 14, 30, 32, 38, 45]",6,1,1,1,3,[32],0.10794384510222732,0.37063523386096564,20.5
2021-01-02,random,v1.0.0,"[16, 17, 20, 42, 47, 49]",40,0,0,0,2,[],0.10745522698875466,0.37177617994345336,31.833333333333332
2021-01-02,ema_gap,v1.0.0,"[16, 17, 20, 42, 47, 49]",40,0,0,0,1,[],0.11261212210801816,0.3939373763073264,32.333333333333336
2021-01-02,v2_statistical,v1.0.0,"[16, 17, 20, 42, 47, 49]",40,0,0,1,1,[],0.11485816372268717,0.40119470002220387,29.833333333333332
2021-01-02,v3_boosting,v1.0.0,"[16, 17, 20, 42, 47, 49]",40,0,0,1,1,[],0.11089454812080037,0.38520826608802383,29.166666666666668
2021-01-02,v4_ensemble,v1.0.0,"[16, 17, 20, 42, 47, 49]",40,0,0,1,2,[],0.11176355372704462,0.3908301447658684,29.666666666666668
2021-01-06,random,v1.0.0,"[15, 23, 30, 31, 32, 42]",48,0,0,0,1,[],0.10745522698875466,0.37177617994345313,28.833333333333332
2021-01-06,ema_gap,v1.0.0,"[15, 23, 30, 31, 32, 42]",48,0,0,2,2,[],0.11029847600972673,0.3831483956256311,28.333333333333332
2021-01-06,v2_statistical,v1.0.0,"[15, 23, 30, 31, 32, 42]",48,0,0,2,2,[],0.11321962946256406,0.39475880949991815,28.0
2021-01-06,v3_boosting,v1.0.0,"[15, 23, 30, 31, 32, 42]",48,1,1,1,2,[15],0.1048641277522544,0.3646016145930787,22.833333333333332
2021-01-06,v4_ensemble,v1.0.0,"[15, 23, 30, 31, 32, 42]",48,1,1,2,2,[15],0.10780494148286573,0.37212547413265273,23.166666666666668
2021-01-09,random,v1.0.0,"[4, 8, 18, 24, 31, 32]",40,1,1,2,3,[4],0.10745522698875465,0.37177617994345324,19.5
2021-01-09,ema_gap,v1.0.0,"[4, 8, 18, 24, 31, 32]",40,1,1,2,2,[31],0.1090377421791421,0.37945946354484367,25.333333333333332
2021-01-09,v2_statistical,v1.0.0,"[4, 8, 18, 24, 31, 32]",40,1,1,1,2,[31],0.11066402035702116,0.3892179181287597,26.666666666666668
2021-01-09,v3_boosting,v1.0.0,"[4, 8, 18, 24, 31, 32]",40,1,1,2,3,[24],0.10806829240529149,0.37484677533934907,23.0
2021-01-09,v4_ensemble,v1.0.0,"[4, 8, 18, 24, 31, 32]",40,2,2,2,2,"[24, 31]",0.10829194474395115,0.37858977400389043,25.0
2021-01-13,random,v1.0.0,"[20, 27, 28, 37, 38, 39]",9,0,0,0,0,[],0.10745522698875466,0.3717761799434532,31.5
2021-01-13,ema_gap,v1.0.0,"[20, 27, 28, 37, 38, 39]",9,0,0,1,1,[],0.10940218629760803,0.3766321738823718,23.666666666666668
2021-01-13,v2_statistical,v1.0.0,"[20, 27, 28, 37, 38, 39]",9,0,0,1,2,[],0.1120224126416661,0.3836886170263049,23.5
2021-01-13,v3_boosting,v1.0.0,"[20, 27, 28, 37, 38, 39]",9,1,1,1,2,[27],0.10656564412970734,0.3698496837009851,23.166666666666668
2021-01-13,v4_ensemble,v1.0.0,"[20, 27, 28, 37, 38, 39]",9,1,1,2,2,[27],0.107845452374946,0.3723848416228213,24.333333333333332
2021-01-16,random,v1.0.0,"[9, 10, 21, 28, 35, 43]",34,0,0,2,2,[],0.10745522698875466,0.37177617994345324,24.333333333333332
2021-01-16,ema_gap,v1.0.0,"[9, 10, 21, 28, 35, 43]",34,1,1,2,3,[28],0.11065208651613706,0.3893165126113494,27.5
2021-01-16,v2_statistical,v1.0.0,"[9, 10, 21, 28, 35, 43]",34,0,0,1,2,[],0.11409479010092659,0.39773384335780193,26.5
2021-01-16,v3_boosting,v1.0.0,"[9, 10, 21, 28, 35, 43]",34,1,1,2,2,[21],0.10989575687109152,0.3827879924595309,26.333333333333332
2021-01-16,v4_ensemble,v1.0.0,"[9, 10, 21, 28, 35, 43]",34,0,0,1,2,[],0.11075564746269945,0.3853451544937683,27.0
2021-01-20,random,v1.0.0,"[2, 5, 18, 23, 29, 47]",45,2,2,2,3,"[2, 5]",0.10745522698875466,0.37177617994345324,20.666666666666668
2021-01-20,ema_gap,v1.0.0,"[2, 5, 18, 23, 29, 47]",45,1,1,2,2,[23],0.10883114384353021,0.3778329445927263,25.333333333333332
2021-01-20,v2_statistical,v1.0.0,"[2, 5, 18, 23, 29, 47]",45,2,2,2,2,"[23, 47]",0.10912062414820253,0.37542776586732857,23.666666666666668
2021-01-20,v3_boosting,v1.0.0,"[2, 5, 18, 23, 29, 47]",45,1,1,3,3,[47],0.10422844030641791,0.36364438281910616,22.166666666666668
2021-01-20,v4_ensemble,v1.0.0,"[2, 5, 18, 23, 29, 47]",45,1,1,2,3,[47],0.10551303040612978,0.365221350015467,22.166666666666668
2021-01-23,random,v1.0.0,"[5, 17, 21, 29, 41, 43]",46,1,1,1,2,[5],0.10745522698875466,0.37177617994345324,26.0
2021-01-23,ema_gap,v1.0.0,"[5, 17, 21, 29, 41, 43]",46,0,0,1,3,[],0.10865526587890381,0.3784356180670177,22.666666666666668
2021-01-23,v2_statistical,v1.0.0,"[5, 17, 21, 29, 41, 43]",46,0,0,2,2,[],0.11213037984335793,0.3899655106427624,24.166666666666668
2021-01-23,v3_boosting,v1.0.0,"[5, 17, 21, 29, 41, 43]",46,0,0,1,3,[],0.11035272055785696,0.3843696565750868,24.333333333333332
2021-01-23,v4_ensemble,v1.0.0,"[5, 17, 21, 29, 41, 43]",46,0,0,0,2,[],0.10932327284898455,0.38031621068234966,25.833333333333332
2021-01-27,random,v1.0.0,"[12, 17, 23, 36, 44, 49]",32,0,0,1,2,[],0.10745522698875466,0.37177617994345324,30.166666666666668
2021-01-27,ema_gap,v1.0.0,"[12, 17, 23, 36, 44, 49]",32,1,1,2,2,[23],0.11052540145288746,0.3893375918421105,30.0
2021-01-27,v2_statistical,v1.0.0,"[12, 17, 23, 36, 44, 49]",32,1,1,1,1,[23],0.11368077054923073,0.4008644948556589,30.0
2021-01-27,v3_boosting,v1.0.0,"[12, 17, 23, 36, 44, 49]",32,1,1,1,2,[44],0.10852579443351305,0.37537961649401475,24.666666666666668
2021-01-27,v4_ensemble,v1.0.0,"[12, 17, 23, 36, 44, 49]",32,0,0,2,2,[],0.10965598996364642,0.3829932722404235,28.166666666666668
2021-01-30,random,v1.0.0,"[3, 23, 26, 35, 42, 44]",32,1,1,1,1,[3],0.10745522698875466,0.3717761799434532,28.833333333333332
2021-01-30,ema_gap,v1.0.0,"[3, 23, 26, 35, 42, 44]",32,1,1,1,1,[23],0.1079938051710523,0.37715094518174874,27.833333333333332
2021-01-30,v2_statistical,v1.0.0,"[3, 23, 26, 35, 42, 44]",32,1,1,2,2,[23],0.10687744499913739,0.3774824347260813,26.333333333333332
2021-01-30,v3_boosting,v1.0.0,"[3, 23, 26, 35, 42, 44]",32,1,1,1,2,[44],0.10725295358613599,0.3711511764379718,22.333333333333332
2021-01-30,v4_ensemble,v1.0.0,"[3, 23, 26, 35, 42, 44]",32,2,2,2,2,"[23, 44]",0.10616606024848063,0.3697001409189921,25.5
2021-02-03,random,v1.0.0,"[20, 21, 26, 30, 35, 41]",47,0,0,0,0,[],0.10745522698875466,0.3717761799434532,28.833333333333332
2021-02-03,ema_gap,v1.0.0,"[20, 21, 26, 30, 35, 41]",47,1,1,1,2,[21],0.10870610218280348,0.3764221972351171,24.166666666666668
2021-02-03,v2_statistical,v1.0.0,"[20, 21, 26, 30, 35, 41]",47,1,1,1,2,[21],0.11346993912868199,0.39654665531475414,28.666666666666668
2021-02-03,v3_boosting,v1.0.0,"[20, 21, 26, 30, 35, 41]",47,0,0,1,3,[],0.11226656269033106,0.3886975362873594,25.333333333333332
2021-02-03,v4_ensemble,v1.0.0,"[20, 21, 26, 30, 35, 41]",47,1,1,2,2,[21],0.11067436433226756,0.385748089271461,28.666666666666668
2021-02-06,random,v1.0.0,"[6, 11, 12, 26, 28, 38]",47,1,1,3,3,[6],0.10745522698875466,0.37177617994345336,20.166666666666668
2021-02-06,ema_gap,v1.0.0,"[6, 11, 12, 26, 28, 38]",47,1,1,1,2,[28],0.11077288524890627,0.38660364551037407,27.833333333333332
2021-02-06,v2_statistical,v1.0.0,"[6, 11, 12, 26, 28, 38]",47,0,0,1,3,[],0.1142455295002553,0.39677795718530784,26.833333333333332
2021-02-06,v3_boosting,v1.0.0,"[6, 11, 12, 26, 28, 38]",47,3,3,4,4,"[6, 11, 28]",0.09820615822719184,0.3405077271963721,17.666666666666668
2021-02-06,v4_ensemble,v1.0.0,"[6, 11, 12, 26, 28, 38]",47,1,1,3,4,[28],0.10470804268999956,0.35734315531427785,17.166666666666668
2021-02-10,random,v1.0.0,"[4, 14, 22, 26, 45, 48]",20,1,1,1,2,[4],0.10745522698875466,0.3717761799434532,26.5
2021-02-10,ema_gap,v1.0.0,"[4, 14, 22, 26, 45, 48]",20,1,1,1,1,[26],0.11189129593805877,0.3914047886940099,30.833333333333332
2021-02-10,v2_statistical,v1.0.0,"[4, 14, 22, 26, 45, 48]",20,0,0,1,2,[],0.11459827012866737,0.3990992552636025,28.166666666666668
2021-02-10,v3_boosting,v1.0.0,"[4, 14, 22, 26, 45, 48]",20,0,0,1,2,[],0.11187425676337963,0.3885514204315392,26.333333333333332
2021-02-10,v4_ensemble,v1.0.0,"[4, 14, 22, 26, 45, 48]",20,0,0,1,1,[],0.11194933424329817,0.38990272732647546,29.333333333333332
2021-02-13,random,v1.0.0,"[16, 17, 27, 40, 41, 45]",38,0,0,0,2,[],0.10745522698875466,0.3717761799434532,31.0
2021-02-13,ema_gap,v1.0.0,"[16, 17, 27, 40, 41, 45]",38,0,0,1,2,[],0.11176923120770409,0.39223628025147717,29.0
2021-02-13,v2_statistical,v1.0.0,"[16, 17, 27, 40, 41, 45]",38,1,1,1,3,[45],0.11091417988132522,0.3836205568554654,24.833333333333332
2021-02-13,v3_boosting,v1.0.0,"[16, 17, 27, 40, 41, 45]",38,1,1,2,3,[16],0.10679263364542584,0.3680133300581877,21.833333333333332
2021-02-13,v4_ensemble,v1.0.0,"[16, 17, 27, 40, 41, 45]",38,0,0,2,3,[],0.10774294065971712,0.3711363052647454,21.333333333333332
2021-02-17,random,v1.0.0,"[7, 16, 18, 43, 45, 48]",14,0,0,1,3,[],0.10745522698875465,0.37177617994345336,29.5
2021-02-17,ema_gap,v1.0.0,"[7, 16, 18, 43, 45, 48]",14,1,1,1,3,[45],0.10779621314440538,0.3711227161133846,22.333333333333332
2021-02-17,v2_statistical,v1.0.0,"[7, 16, 18, 43, 45, 48]",14,1,1,2,3,[45],0.10880266813429379,0.3762657177860267,22.666666666666668
2021-02-17,v3_boosting,v1.0.0,"[7, 16, 18, 43, 45, 48]",14,1,1,1,4,[18],0.10395076280716811,0.34915933745593863,14.666666666666666
2021-02-17,v4_ensemble,v1.0.0,"[7, 16, 18, 43, 45, 48]",14,0,0,1,3,[],0.10532109518618467,0.35910017055857285,18.5
2021-02-20,random,v1.0.0,"[2, 14, 15, 21, 29, 46]",7,1,1,1,3,[2],0.10745522698875465,0.37177617994345336,21.166666666666668
2021-02-20,ema_gap,v1.0.0,"[2, 14, 15, 21, 29, 46]",7,1,1,1,2,[21],0.11016733337770188,0.38583121086032146,28.833333333333332
2021-02-20,v2_statistical,v1.0.0,"[2, 14, 15, 21, 29, 46]",7,1,1,1,1,[21],0.11629362012799604,0.41613961618589274,33.5
2021-02-20,v3_boosting,v1.0.0,"[2, 14, 15, 21, 29, 46]",7,0,0,1,1,[],0.11282119752715658,0.39621229280688564,31.166666666666668
2021-02-20,v4_ensemble,v1.0.0,"[2, 14, 15, 21, 29, 46]",7,0,0,1,1,[],0.11273250332599018,0.3970513279470112,33.333333333333336
2021-02-24,random,v1.0.0,"[11, 36, 37, 38, 39, 45]",10,0,0,1,1,[],0.10745522698875466,0.37177617994345297,34.333333333333336
2021-02-24,ema_gap,v1.0.0,"[11, 36, 37, 38, 39, 45]",10,1,1,1,2,[45],0.10981845857169513,0.382637873746162,28.166666666666668
2021-02-24,v2_statistical,v1.0.0,"[11, 36, 37, 38, 39, 45]",10,1,1,2,2,[45],0.10989669650902485,0.3861470501413642,27.666666666666668
2021-02-24,v3_boosting,v1.0.0,"[11, 36, 37, 38, 39, 45]",10,0,0,2,3,[],0.11103789876980776,0.38649743739096554,26.333333333333332
2021-02-24,v4_ensemble,v1.0.0,"[11, 36, 37, 38, 39, 45]",10,0,0,1,1,[],0.10931902035334354,0.37935743182744036,24.5
2021-02-27,random,v1.0.0,"[11, 15, 16, 20, 46, 49]",17,0,0,1,3,[],0.10745522698875466,0.37177617994345336,26.166666666666668
2021-02-27,ema_gap,v1.0.0,"[11, 15, 16, 20, 46, 49]",17,0,0,1,1,[],0.1103715836716424,0.38240750809766033,27.0
2021-02-27,v2_statistical,v1.0.0,"[11, 15, 16, 20, 46, 49]",17,0,0,0,2,[],0.11385557794856412,0.3948306512525754,27.666666666666668
2021-02-27,v3_boosting,v1.0.0,"[11, 15, 16, 20, 46, 49]",17,2,2,3,3,"[11, 16]",0.10434598321780146,0.35800149445777335,18.666666666666668
2021-02-27,v4_ensemble,v1.0.0,"[11, 15, 16, 20, 46, 49]",17,1,1,1,2,[16],0.10810200958613146,0.37235927465140467,22.666666666666668
2021-03-03,random,v1.0.0,"[3, 11, 33, 34, 36, 43]",42,1,1,2,2,[3],0.10745522698875466,0.3717761799434531,26.666666666666668
2021-03-03,ema_gap,v1.0.0,"[3, 11, 33, 34, 36, 43]",42,0,0,0,3,[],0.1105677053443517,0.3854583351030323,25.833333333333332
2021-03-03,v2_statistical,v1.0.0,"[3, 11, 33, 34, 36, 43]",42,1,1,2,2,[34],0.10949825959454731,0.38362995587197846,24.0
2021-03-03,v3_boosting,v1.0.0,"[3, 11, 33, 34, 36, 43]",42,0,0,2,2,[],0.11269471473772662,0.39666434997449834,32.0
2021-03-03,v4_ensemble,v1.0.0,"[3, 11, 33, 34, 36, 43]",42,0,0,1,1,[],0.11007719467402963,0.381721740772623,26.666666666666668
2021-03-06,random,v1.0.0,"[2, 14, 18, 21, 26, 48]",19,1,1,1,3,[2],0.10745522698875465,0.37177617994345324,21.5
2021-03-06,ema_gap,v1.0.0,"[2, 14, 18, 21, 26, 48]",19,1,1,2,5,[21],0.1031040588976903,0.3511679754090139,15.5
2021-03-06,v2_statistical,v1.0.0,"[2, 14, 18, 21, 26, 48]",19,1,1,3,3,[21],0.10893762290056816,0.37462753347128586,22.333333333333332
2021-03-06,v3_boosting,v1.0.0,"[2, 14, 18, 21, 26, 48]",19,0,0,0,0,[],0.11647935096681178,0.4154105201033018,34.5
2021-03-06,v4_ensemble,v1.0.0,"[2, 14, 18, 21, 26, 48]",19,1,1,1,2,[21],0.11011110740509138,0.3834081102922598,27.666666666666668
2021-03-10,random,v1.0.0,"[30, 31, 35, 36, 43, 48]",28,0,0,0,0,[],0.10745522698875466,0.37177617994345313,37.166666666666664
2021-03-10,ema_gap,v1.0.0,"[30, 31, 35, 36, 43, 48]",28,0,0,2,3,[],0.10663224176006957,0.3650909676279975,19.666666666666668
2021-03-10,v2_statistical,v1.0.0,"[30, 31, 35, 36, 43, 48]",28,1,1,2,4,[43],0.10593344784650788,0.3593711459181411,16.666666666666668
2021-03-10,v3_boosting,v1.0.0,"[30, 31, 35, 36, 43, 48]",28,0,0,2,2,[],0.11117007918653794,0.38818184378648624,27.166666666666668
2021-03-10,v4_ensemble,v1.0.0,"[30, 31, 35, 36, 43, 48]",28,1,1,1,2,[43],0.10714150953330345,0.36844450455198036,21.666666666666668
2021-03-13,random,v1.0.0,"[15, 24, 27, 29, 42, 49]",18,0,0,0,1,[],0.10745522698875466,0.3717761799434532,31.0
2021-03-13,ema_gap,v1.0.0,"[15, 24, 27, 29, 42, 49]",18,0,0,0,0,[],0.11165637585354524,0.3880722805494327,28.666666666666668
2021-03-13,v2_statistical,v1.0.0,"[15, 24, 27, 29, 42, 49]",18,0,0,1,1,[],0.11619305554160471,0.407238863091096,30.833333333333332
2021-03-13,v3_boosting,v1.0.0,"[15, 24, 27, 29, 42, 49]",18,1,1,2,2,[49],0.10860230256758029,0.37602783231288156,25.166666666666668
2021-03-13,v4_ensemble,v1.0.0,"[15, 24, 27, 29, 42, 49]",18,0,0,0,1,[],0.1106433885833577,0.3863615047308565,31.166666666666668
2021-03-17,random,v1.0.0,"[4, 9, 13, 25, 44, 49]",3,1,1,2,3,[4],0.10745522698875466,0.37177617994345336,24.0
2021-03-17,ema_gap,v1.0.0,"[4, 9, 13, 25, 44, 49]",3,0,0,0,0,[],0.11672059327145262,0.4196429762064924,39.333333333333336
2021-03-17,v2_statistical,v1.0.0,"[4, 9, 13, 25, 44, 49]",3,0,0,0,0,[],0.11916629598603747,0.42936300256656396,37.5
2021-03-17,v3_boosting,v1.0.0,"[4, 9, 13, 25, 44, 49]",3,0,0,1,1,[],0.11416340145173205,0.40185527075613675,32.0
2021-03-17,v4_ensemble,v1.0.0,"[4, 9, 13, 25, 44, 49]",3,0,0,0,0,[],0.11547636720741006,0.4121203725062838,40.166666666666664
2021-03-20,random,v1.0.0,"[9, 16, 25, 36, 39, 43]",49,0,0,1,2,[],0.10745522698875466,0.3717761799434532,28.0
2021-03-20,ema_gap,v1.0.0,"[9, 16, 25, 36, 39, 43]",49,1,1,3,3,[43],0.10854913594991432,0.37723149096378095,24.0
2021-03-20,v2_statistical,v1.0.0,"[9, 16, 25, 36, 39, 43]",49,0,0,2,2,[],0.11427755192173568,0.40184633094574235,29.5
2021-03-20,v3_boosting,v1.0.0,"[9, 16, 25, 36, 39, 43]",49,0,0,3,3,[],0.1103612733640335,0.38557995930442357,26.833333333333332
2021-03-20,v4_ensemble,v1.0.0,"[9, 16, 25, 36, 39, 43]",49,0,0,0,1,[],0.1097611117556065,0.38014152294643355,26.666666666666668
2021-03-24,random,v1.0.0,"[3, 4, 27, 43, 45, 48]",44,2,2,2,2,"[3, 4]",0.10745522698875465,0.37177617994345313,28.333333333333332
2021-03-24,ema_gap,v1.0.0,"[3, 4, 27, 43, 45, 48]",44,3,3,3,4,"[43, 45, 48]",0.10233996458302876,0.34994023954654735,15.833333333333334
2021-03-24,v2_statistical,v1.0.0,"[3, 4, 27, 43, 45, 48]",44,3,3,4,4,"[43, 45, 48]",0.09649529835735102,0.33111948162011473,14.5
2021-03-24,v3_boosting,v1.0.0,"[3, 4, 27, 43, 45, 48]",44,1,1,3,3,[3],0.10534438974091416,0.3599852852426952,19.166666666666668
2021-03-24,v4_ensemble,v1.0.0,"[3, 4, 27, 43, 45, 48]",44,2,2,5,5,"[43, 45]",0.10032752532259738,0.3416674931948153,13.666666666666666
2021-03-27,random,v1.0.0,"[15, 16, 17, 30, 36, 40]",34,0,0,0,3,[],0.10745522698875466,0.37177617994345336,25.666666666666668
2021-03-27,ema_gap,v1.0.0,"[15, 16, 17, 30, 36, 40]",34,2,2,2,2,"[16, 36]",0.10724560773339138,0.37002692363787937,22.833333333333332
2021-03-27,v2_statistical,v1.0.0,"[15, 16, 17, 30, 36, 40]",34,1,1,2,2,[36],0.11008646798505084,0.3755036802706016,21.0
2021-03-27,v3_boosting,v1.0.0,"[15, 16, 17, 30, 36, 40]",34,2,2,3,5,"[16, 30]",0.10478203715329298,0.3518449147578193,13.833333333333334
2021-03-27,v4_ensemble,v1.0.0,"[15, 16, 17, 30, 36, 40]",34,0,0,2,3,[],0.1056255173739136,0.3614205539396975,19.333333333333332
2021-03-31,random,v1.0.0,"[3, 7, 8, 12, 37, 40]",41,1,1,4,4,[3],0.10745522698875465,0.3717761799434534,17.833333333333332
2021-03-31,ema_gap,v1.0.0,"[3, 7, 8, 12, 37, 40]",41,0,0,0,0,[],0.11544628901896625,0.4093775952013265,36.833333333333336
2021-03-31,v2_statistical,v1.0.0,"[3, 7, 8, 12, 37, 40]",41,0,0,0,1,[],0.11876261555549211,0.4206531153007885,33.666666666666664
2021-03-31,v3_boosting,v1.0.0,"[3, 7, 8, 12, 37, 40]",41,0,0,0,0,[],0.11865627433955213,0.420057755034613,35.666666666666664
2021-03-31,v4_ensemble,v1.0.0,"[3, 7, 8, 12, 37, 40]",41,0,0,0,0,[],0.11685775981943644,0.41561961568499173,38.0
2021-04-03,random,v1.0.0,"[12, 13, 19, 35, 42, 47]",28,0,0,1,2,[],0.10745522698875466,0.37177617994345336,28.0
2021-04-03,ema_gap,v1.0.0,"[12, 13, 19, 35, 42, 47]",28,0,0,0,0,[],0.11377564200635149,0.40024937787331494,34.0
2021-04-03,v2_statistical,v1.0.0,"[12, 13, 19, 35, 42, 47]",28,0,0,0,0,[],0.12016215588253647,0.42791206184719743,34.333333333333336
2021-04-03,v3_boosting,v1.0.0,"[12, 13, 19, 35, 42, 47]",28,1,1,2,2,[12],0.10559810759066326,0.366130246739487,22.166666666666668
2021-04-03,v4_ensemble,v1.0.0,"[12, 13, 19, 35, 42, 47]",28,1,1,1,1,[12],0.11084684843084698,0.3875824140919199,29.833333333333332
2021-04-07,random,v1.0.0,"[23, 31, 34, 38, 39, 41]",12,0,0,0,0,[],0.10745522698875466,0.37177617994345313,34.333333333333336
2021-04-07,ema_gap,v1.0.0,"[23, 31, 34, 38, 39, 41]",12,0,0,0,2,[],0.11063635811332288,0.38460917732087885,26.5
2021-04-07,v2_statistical,v1.0.0,"[23, 31, 34, 38, 39, 41]",12,1,1,2,3,[34],0.10540659670852517,0.36543554275400514,20.666666666666668
2021-04-07,v3_boosting,v1.0.0,"[23, 31, 34, 38, 39, 41]",12,0,0,1,1,[],0.1099148431027116,0.38022278541239113,25.666666666666668
2021-04-07,v4_ensemble,v1.0.0,"[23, 31, 34, 38, 39, 41]",12,1,1,1,2,[34],0.1074734275030257,0.37012115353057334,23.5
2021-04-10,random,v1.0.0,"[5, 16, 19, 24, 28, 34]",4,1,1,1,2,[5],0.10745522698875465,0.37177617994345324,21.0
2021-04-10,ema_gap,v1.0.0,"[5, 16, 19, 24, 28, 34]",4,1,1,2,2,[16],0.1079029652282479,0.3743564350772242,24.833333333333332
2021-04-10,v2_statistical,v1.0.0,"[5, 16, 19, 24, 28, 34]",4,1,1,2,2,[34],0.10994793324355522,0.3792227085251032,23.5
2021-04-10,v3_boosting,v1.0.0,"[5, 16, 19, 24, 28, 34]",4,0,0,0,1,[],0.11544841704664814,0.41022616059571815,36.833333333333336
2021-04-10,v4_ensemble,v1.0.0,"[5, 16, 19, 24, 28, 34]",4,1,1,2,2,[34],0.11098892935267893,0.39019261160914126,32.166666666666664
2021-04-14,random,v1.0.0,"[4, 6, 12, 23, 36, 47]",18,2,2,3,3,"[4, 6]",0.10745522698875466,0.37177617994345336,21.333333333333332
2021-04-14,ema_gap,v1.0.0,"[4, 6, 12, 23, 36, 47]",18,2,2,2,2,"[23, 36]",0.10784970649945141,0.37420684603371135,24.666666666666668
2021-04-14,v2_statistical,v1.0.0,"[4, 6, 12, 23, 36, 47]",18,1,1,2,3,[23],0.10997489736942126,0.37998556434670644,23.166666666666668
2021-04-14,v3_boosting,v1.0.0,"[4, 6, 12, 23, 36, 47]",18,1,1,3,4,[23],0.1055289536159951,0.36287965164363545,20.0
2021-04-14,v4_ensemble,v1.0.0,"[4, 6, 12, 23, 36, 47]",18,1,1,2,3,[23],0.10639407832532602,0.367210600959095,22.0
2021-04-17,random,v1.0.0,"[7, 13, 32, 38, 39, 48]",23,0,0,1,2,[],0.10745522698875465,0.3717761799434531,29.5
2021-04-17,ema_gap,v1.0.0,"[7, 13, 32, 38, 39, 48]",23,1,1,1,3,[48],0.10887578702304584,0.37835329410457624,23.166666666666668
2021-04-17,v2_statistical,v1.0.0,"[7, 13, 32, 38, 39, 48]",23,0,0,2,2,[],0.11298315649950852,0.39263556777810227,25.5
2021-04-17,v3_boosting,v1.0.0,"[7, 13, 32, 38, 39, 48]",23,0,0,1,1,[],0.1149368437527237,0.39786959199071287,26.833333333333332
2021-04-17,v4_ensemble,v1.0.0,"[7, 13, 32, 38, 39, 48]",23,0,0,1,3,[],0.11173328160219242,0.38923154802953774,26.333333333333332
2021-04-21,random,v1.0.0,"[15, 18, 23, 32, 38, 47]",19,0,0,0,2,[],0.10745522698875466,0.37177617994345324,28.833333333333332
2021-04-21,ema_gap,v1.0.0,"[15, 18, 23, 32, 38, 47]",19,1,1,3,3,[23],0.10532910702090245,0.36130344323329056,19.833333333333332
2021-04-21,v2_statistical,v1.0.0,"[15, 18, 23, 32, 38, 47]",19,1,1,3,3,[23],0.1054746961223652,0.36477569807197513,21.166666666666668
2021-04-21,v3_boosting,v1.0.0,"[15, 18, 23, 32, 38, 47]",19,1,1,1,1,[15],0.11282184726255878,0.39648869463134284,31.166666666666668
2021-04-21,v4_ensemble,v1.0.0,"[15, 18, 23, 32, 38, 47]",19,1,1,2,3,[23],0.10760785813308552,0.3734534817182646,23.166666666666668
2021-04-24,random,v1.0.0,"[14, 18, 27, 33, 34, 39]",49,0,0,0,2,[],0.10745522698875466,0.3717761799434532,27.5
2021-04-24,ema_gap,v1.0.0,"[14, 18, 27, 33, 34, 39]",49,1,1,2,3,[34],0.10777717814338122,0.3728402240527799,21.666666666666668
2021-04-24,v2_statistical,v1.0.0,"[14, 18, 27, 33, 34, 39]",49,1,1,2,3,[34],0.10923758684293795,0.38254404717546553,25.0
2021-04-24,v3_boosting,v1.0.0,"[14, 18, 27, 33, 34, 39]",49,2,2,2,2,"[27, 34]",0.10700167768208703,0.37165887154717386,26.666666666666668
2021-04-24,v4_ensemble,v1.0.0,"[14, 18, 27, 33, 34, 39]",49,1,1,2,3,[34],0.10704176660789702,0.37330630712909263,24.333333333333332
2021-04-28,random,v1.0.0,"[6, 11, 20, 22, 34, 49]",42,1,1,2,2,[6],0.10745522698875466,0.37177617994345324,23.666666666666668
2021-04-28,ema_gap,v1.0.0,"[6, 11, 20, 22, 34, 49]",42,1,1,1,1,[34],0.11114617452012295,0.39075352949275055,32.0
2021-04-28,v2_statistical,v1.0.0,"[6, 11, 20, 22, 34, 49]",42,1,1,1,2,[34],0.10815006635438806,0.38451363780258824,28.333333333333332
2021-04-28,v3_boosting,v1.0.0,"[6, 11, 20, 22, 34, 49]",42,0,0,1,3,[],0.11045921785765478,0.38199532890240584,24.5
2021-04-28,v4_ensemble,v1.0.0,"[6, 11, 20, 22, 34, 49]",42,1,1,1,1,[34],0.10861814639514142,0.3779509833332086,24.5
2021-05-01,random,v1.0.0,"[10, 15, 21, 30, 32, 38]",24,0,0,1,2,[],0.10745522698875465,0.37177617994345324,24.333333333333332
2021-05-01,ema_gap,v1.0.0,"[10, 15, 21, 30, 32, 38]",24,1,1,1,3,[38],0.10898756431698878,0.3781416306051412,25.333333333333332
2021-05-01,v2_statistical,v1.0.0,"[10, 15, 21, 30, 32, 38]",24,0,0,1,2,[],0.11390379718711663,0.3996978863418862,27.5
2021-05-01,v3_boosting,v1.0.0,"[10, 15, 21, 30, 32, 38]",24,1,1,2,3,[21],0.10723523678965964,0.37305844718442766,23.166666666666668
2021-05-01,v4_ensemble,v1.0.0,"[10, 15, 21, 30, 32, 38]",24,1,1,1,2,[21],0.10847153695948142,0.3764795048116185,25.333333333333332
2021-05-05,random,v1.0.0,"[5, 22, 23, 26, 43, 46]",4,1,1,1,1,[5],0.10745522698875466,0.3717761799434532,27.5
2021-05-05,ema_gap,v1.0.0,"[5, 22, 23, 26, 43, 46]",4,1,1,2,2,[23],0.1087954245836969,0.37840963792337823,27.333333333333332
2021-05-05,v2_statistical,v1.0.0,"[5, 22, 23, 26, 43, 46]",4,2,2,2,2,"[23, 43]",0.10811781580346257,0.37151197346352594,23.0
2021-05-05,v3_boosting,v1.0.0,"[5, 22, 23, 26, 43, 46]",4,2,2,3,3,"[23, 26]",0.1004010767732869,0.34543922495229745,17.5
2021-05-05,v4_ensemble,v1.0.0,"[5, 22, 23, 26, 43, 46]",4,1,1,2,4,[23],0.10346277943358471,0.3547938626588231,17.833333333333332
2021-05-08,random,v1.0.0,"[25, 28, 36, 38, 41, 49]",20,0,0,0,0,[],0.10745522698875466,0.37177617994345313,36.166666666666664
2021-05-08,ema_gap,v1.0.0,"[25, 28, 36, 38, 41, 49]",20,1,1,2,2,[38],0.10784061558309059,0.375168357525105,24.333333333333332
2021-05-08,v2_statistical,v1.0.0,"[25, 28, 36, 38, 41, 49]",20,1,1,2,3,[38],0.10901661951946108,0.3830805501322883,25.0
2021-05-08,v3_boosting,v1.0.0,"[25, 28, 36, 38, 41, 49]",20,0,0,0,1,[],0.113827976018028,0.3989789588206671,32.666666666666664
2021-05-08,v4_ensemble,v1.0.0,"[25, 28, 36, 38, 41, 49]",20,1,1,1,3,[38],0.10985894200227436,0.38326022978344504,27.333333333333332
2021-05-12,random,v1.0.0,"[30, 35, 39, 42, 46, 48]",38,0,0,0,0,[],0.10745522698875466,0.3717761799434531,40.0
2021-05-12,ema_gap,v1.0.0,"[30, 35, 39, 42, 46, 48]",38,1,1,2,2,[48],0.10847878066863802,0.37347094327628105,22.5
2021-05-12,v2_statistical,v1.0.0,"[30, 35, 39, 42, 46, 48]",38,0,0,1,2,[],0.11428521595976107,0.3942852322875018,26.166666666666668
2021-05-12,v3_boosting,v1.0.0,"[30, 35, 39, 42, 46, 48]",38,1,1,1,1,[46],0.11265099186800444,0.3998338037364381,30.0
2021-05-12,v4_ensemble,v1.0.0,"[30, 35, 39, 42, 46, 48]",38,1,1,1,3,[46],0.11115846288405297,0.38738126250382354,28.166666666666668
2021-05-15,random,v1.0.0,"[3, 6, 12, 28, 39, 46]",5,2,2,3,3,"[3, 6]",0.10745522698875465,0.37177617994345336,22.333333333333332
2021-05-15,ema_gap,v1.0.0,"[3, 6, 12, 28, 39, 46]",5,1,1,1,3,[39],0.10780637349966286,0.3708411057150786,22.0
2021-05-15,v2_statistical,v1.0.0,"[3, 6, 12, 28, 39, 46]",5,0,0,1,3,[],0.11105187321494134,0.3781388285619665,20.166666666666668
2021-05-15,v3_boosting,v1.0.0,"[3, 6, 12, 28, 39, 46]",5,1,1,2,2,[12],0.11081992039150536,0.38062954593228115,23.166666666666668
2021-05-15,v4_ensemble,v1.0.0,"[3, 6, 12, 28, 39, 46]",5,0,0,1,2,[],0.1090580602958413,0.37544415627365224,23.5
2021-05-19,random,v1.0.0,"[12, 21, 25, 40, 42, 49]",45,0,0,1,1,[],0.10745522698875466,0.3717761799434532,31.5
2021-05-19,ema_gap,v1.0.0,"[12, 21, 25, 40, 42, 49]",45,0,0,1,3,[],0.10947239120612633,0.37868718395581163,24.5
2021-05-19,v2_statistical,v1.0.0,"[12, 21, 25, 40, 42, 49]",45,0,0,1,2,[],0.11366393739089886,0.3918909994589959,24.166666666666668
2021-05-19,v3_boosting,v1.0.0,"[12, 21, 25, 40, 42, 49]",45,1,1,2,2,[12],0.11009929717633649,0.38439973686883944,26.666666666666668
2021-05-19,v4_ensemble,v1.0.0,"[12, 21, 25, 40, 42, 49]",45,0,0,1,2,[],0.10975868253050264,0.3810059599249347,27.5
2021-05-22,random,v1.0.0,"[7, 13, 14, 34, 37, 45]",29,0,0,1,3,[],0.10745522698875466,0.37177617994345336,25.0
2021-05-22,ema_gap,v1.0.0,"[7, 13, 14, 34, 37, 45]",29,1,1,1,1,[34],0.10945046029530106,0.3797028298316214,26.833333333333332
2021-05-22,v2_statistical,v1.0.0,"[7, 13, 14, 34, 37, 45]",29,2,2,2,2,"[34, 45]",0.10743381078990513,0.3767271403519532,24.833333333333332
2021-05-22,v3_boosting,v1.0.0,"[7, 13, 14, 34, 37, 45]",29,0,0,1,2,[],0.11168903252707038,0.3883695875250095,25.5
2021-05-22,v4_ensemble,v1.0.0,"[7, 13, 14, 34, 37, 45]",29,1,1,2,2,[45],0.10863925538377173,0.37753978937533544,25.833333333333332
2021-05-26,random,v1.0.0,"[7, 10, 20, 38, 45, 49]",26,0,0,2,2,[],0.10745522698875466,0.37177617994345324,28.166666666666668
2021-05-26,ema_gap,v1.0.0,"[7, 10, 20, 38, 45, 49]",26,1,1,3,3,[38],0.10560054080730363,0.3628617522874783,20.666666666666668
2021-05-26,v2_statistical,v1.0.0,"[7, 10, 20, 38, 45, 49]",26,2,2,3,4,"[38, 45]",0.10390813236187196,0.35365302059366965,17.333333333333332
2021-05-26,v3_boosting,v1.0.0,"[7, 10, 20, 38, 45, 49]",26,0,0,1,1,[],0.11411790847667065,0.4010396168338512,28.666666666666668
2021-05-26,v4_ensemble,v1.0.0,"[7, 10, 20, 38, 45, 49]",26,1,1,2,3,[38],0.10791612150044949,0.3729105175105563,22.0
2021-05-29,random,v1.0.0,"[11, 18, 19, 27, 34, 46]",42,0,0,1,2,[],0.10745522698875466,0.37177617994345336,25.833333333333332
2021-05-29,ema_gap,v1.0.0,"[11, 18, 19, 27, 34, 46]",42,1,1,1,2,[34],0.10728953393874519,0.3705595112511362,24.0
2021-05-29,v2_statistical,v1.0.0,"[11, 18, 19, 27, 34, 46]",42,1,1,2,3,[34],0.10479052334463171,0.36143407324956583,20.166666666666668
2021-05-29,v3_boosting,v1.0.0,"[11, 18, 19, 27, 34, 46]",42,1,1,2,2,[34],0.11095442022899965,0.38838011953969864,26.333333333333332
2021-05-29,v4_ensemble,v1.0.0,"[11, 18, 19, 27, 34, 46]",42,1,1,2,3,[34],0.10709086647648873,0.37309385042885496,23.5
2021-06-02,random,v1.0.0,"[1, 13, 22, 32, 33, 39]",48,1,1,1,2,[1],0.10745522698875465,0.3717761799434532,23.333333333333332
2021-06-02,ema_gap,v1.0.0,"[1, 13, 22, 32, 33, 39]",48,1,1,1,2,[39],0.11224942549426647,0.3981464711618462,30.833333333333332
2021-06-02,v2_statistical,v1.0.0,"[1, 13, 22, 32, 33, 39]",48,0,0,1,1,[],0.11570185813021754,0.41009139382753995,29.5
2021-06-02,v3_boosting,v1.0.0,"[1, 13, 22, 32, 33, 39]",48,0,0,3,3,[],0.10872100428949136,0.3732296593175107,21.666666666666668
2021-06-02,v4_ensemble,v1.0.0,"[1, 13, 22, 32, 33, 39]",48,0,0,1,3,[],0.11068016499074416,0.3839612364580155,25.666666666666668
2021-06-05,random,v1.0.0,"[13, 15, 22, 42, 45, 46]",14,0,0,0,2,[],0.10745522698875466,0.37177617994345324,30.5
2021-06-05,ema_gap,v1.0.0,"[13, 15, 22, 42, 45, 46]",14,1,1,3,3,[13],0.10445975811541158,0.3552270561527072,15.5
2021-06-05,v2_statistical,v1.0.0,"[13, 15, 22, 42, 45, 46]",14,1,1,2,3,[45],0.10529715870461615,0.3601690807881245,19.0
2021-06-05,v3_boosting,v1.0.0,"[13, 15, 22, 42, 45, 46]",14,2,2,4,4,"[13, 22]",0.09871215185646147,0.3355642533515645,13.5
2021-06-05,v4_ensemble,v1.0.0,"[13, 15, 22, 42, 45, 46]",14,3,3,4,5,"[13, 22, 45]",0.10105701458981559,0.34319667010617544,12.833333333333334
2021-06-09,random,v1.0.0,"[1, 3, 15, 26, 28, 39]",10,2,2,2,3,"[1, 3]",0.10745522698875465,0.37177617994345336,18.666666666666668
2021-06-09,ema_gap,v1.0.0,"[1, 3, 15, 26, 28, 39]",10,1,1,2,3,[39],0.10692643767554598,0.3688952053504679,21.833333333333332
2021-06-09,v2_statistical,v1.0.0,"[1, 3, 15, 26, 28, 39]",10,1,1,1,1,[39],0.1132724838450357,0.39256672822078925,27.5
2021-06-09,v3_boosting,v1.0.0,"[1, 3, 15, 26, 28, 39]",10,0,0,0,1,[],0.1118438752959239,0.38903858282067216,28.333333333333332
2021-06-09,v4_ensemble,v1.0.0,"[1, 3, 15, 26, 28, 39]",10,0,0,1,3,[],0.11044932692399964,0.3834534410288019,26.666666666666668
2021-06-12,random,v1.0.0,"[11, 20, 22, 33, 41, 49]",34,0,0,1,1,[],0.10745522698875466,0.37177617994345324,29.333333333333332
2021-06-12,ema_gap,v1.0.0,"[11, 20, 22, 33, 41, 49]",34,0,0,1,2,[],0.10987904863208613,0.3808264111488445,26.333333333333332
2021-06-12,v2_statistical,v1.0.0,"[11, 20, 22, 33, 41, 49]",34,0,0,0,2,[],0.11435070451891077,0.397567948565685,27.833333333333332
2021-06-12,v3_boosting,v1.0.0,"[11, 20, 22, 33, 41, 49]",34,0,0,0,1,[],0.11450736096693159,0.40276740457239363,33.166666666666664
2021-06-12,v4_ensemble,v1.0.0,"[11, 20, 22, 33, 41, 49]",34,0,0,0,1,[],0.11273165750281514,0.39508347332607646,31.166666666666668
2021-06-16,random,v1.0.0,"[16, 23, 32, 33, 37, 48]",3,0,0,0,1,[],0.10745522698875466,0.37177617994345313,31.5
2021-06-16,ema_gap,v1.0.0,"[16, 23, 32, 33, 37, 48]",3,0,0,1,2,[],0.10894379830715531,0.3751249101321259,23.666666666666668
2021-06-16,v2_statistical,v1.0.0,"[16, 23, 32, 33, 37, 48]",3,1,1,1,2,[23],0.11215115687462578,0.38593258549660936,23.833333333333332
2021-06-16,v3_boosting,v1.0.0,"[16, 23, 32, 33, 37, 48]",3,1,1,1,2,[48],0.10989290607863314,0.3824734173966531,24.333333333333332
2021-06-16,v4_ensemble,v1.0.0,"[16, 23, 32, 33, 37, 48]",3,1,1,1,2,[48],0.10926317596976502,0.37847553710623455,25.5
2021-06-19,random,v1.0.0,"[13, 15, 17, 25, 34, 45]",5,0,0,0,3,[],0.10745522698875466,0.37177617994345336,24.833333333333332
2021-06-19,ema_gap,v1.0.0,"[13, 15, 17, 25, 34, 45]",5,1,1,4,4,[34],0.10358740075243697,0.35578842464279603,17.833333333333332
2021-06-19,v2_statistical,v1.0.0,"[13, 15, 17, 25, 34, 45]",5,2,2,2,4,"[34, 45]",0.10167942503717901,0.3530802668340947,19.333333333333332
2021-06-19,v3_boosting,v1.0.0,"[13, 15, 17, 25, 34, 45]",5,0,0,1,2,[],0.11193205224708329,0.38792908144644755,27.666666666666668
2021-06-19,v4_ensemble,v1.0.0,"[13, 15, 17, 25, 34, 45]",5,2,2,3,3,"[34, 45]",0.10535958996972139,0.3624935462762111,19.5
2021-06-23,random,v1.0.0,"[9, 17, 20, 22, 34, 40]",48,0,0,1,2,[],0.10745522698875466,0.37177617994345324,23.666666666666668
2021-06-23,ema_gap,v1.0.0,"[9, 17, 20, 22, 34, 40]",48,1,1,2,2,[34],0.10778888468930563,0.37681418710537523,25.333333333333332
2021-06-23,v2_statistical,v1.0.0,"[9, 17, 20, 22, 34, 40]",48,1,1,2,3,[34],0.10219301036367431,0.359614590703052,21.166666666666668
2021-06-23,v3_boosting,v1.0.0,"[9, 17, 20, 22, 34, 40]",48,1,1,2,2,[9],0.1105891494690061,0.38713443818695625,26.333333333333332
2021-06-23,v4_ensemble,v1.0.0,"[9, 17, 20, 22, 34, 40]",48,1,1,2,3,[34],0.10550890873839414,0.362785205324816,18.666666666666668
2021-06-26,random,v1.0.0,"[15, 27, 36, 37, 43, 49]",7,0,0,0,1,[],0.10745522698875466,0.37177617994345313,34.5
2021-06-26,ema_gap,v1.0.0,"[15, 27, 36, 37, 43, 49]",7,1,1,2,2,[15],0.1056787896345307,0.36085384516426583,18.666666666666668
2021-06-26,v2_statistical,v1.0.0,"[15, 27, 36, 37, 43, 49]",7,0,0,2,4,[],0.10803141300069884,0.36160559686354526,15.833333333333334
2021-06-26,v3_boosting,v1.0.0,"[15, 27, 36, 37, 43, 49]",7,2,2,2,3,"[15, 49]",0.10420661253102785,0.35987269282860773,20.333333333333332
2021-06-26,v4_ensemble,v1.0.0,"[15, 27, 36, 37, 43, 49]",7,2,2,2,3,"[15, 49]",0.10498677395884556,0.3579322570194482,15.833333333333334
2021-06-30,random,v1.0.0,"[9, 10, 13, 26, 28, 30]",36,0,0,2,3,[],0.10745522698875465,0.37177617994345336,19.333333333333332
2021-06-30,ema_gap,v1.0.0,"[9, 10, 13, 26, 28, 30]",36,1,1,1,2,[13],0.10967022709294502,0.38047101776398146,26.833333333333332
2021-06-30,v2_statistical,v1.0.0,"[9, 10, 13, 26, 28, 30]",36,0,0,1,1,[],0.116747825990163,0.40868776552275043,30.0
2021-06-30,v3_boosting,v1.0.0,"[9, 10, 13, 26, 28, 30]",36,0,0,0,1,[],0.11740049248756528,0.41195328519131913,30.666666666666668
2021-06-30,v4_ensemble,v1.0.0,"[9, 10, 13, 26, 28, 30]",36,0,0,1,1,[],0.11451614699893375,0.4021838756023149,33.666666666666664
2021-07-03,random,v1.0.0,"[4, 7, 10, 31, 33, 38]",23,1,1,3,3,[4],0.10745522698875466,0.37177617994345336,20.5
2021-07-03,ema_gap,v1.0.0,"[4, 7, 10, 31, 33, 38]",23,0,0,1,1,[],0.11228327120242566,0.39307255269465485,31.166666666666668
2021-07-03,v2_statistical,v1.0.0,"[4, 7, 10, 31, 33, 38]",23,1,1,1,2,[38],0.11070132011641522,0.3827561098270751,24.333333333333332
2021-07-03,v3_boosting,v1.0.0,"[4, 7, 10, 31, 33, 38]",23,0,0,1,1,[],0.11271239521494766,0.39368884401588394,28.833333333333332
2021-07-03,v4_ensemble,v1.0.0,"[4, 7, 10, 31, 33, 38]",23,0,0,1,2,[],0.11108277605502152,0.3867949400728605,27.666666666666668
2021-07-07,random,v1.0.0,"[11, 16, 21, 26, 42, 45]",22,0,0,1,2,[],0.10745522698875465,0.37177617994345324,26.833333333333332
2021-07-07,ema_gap,v1.0.0,"[11, 16, 21, 26, 42, 45]",22,0,0,1,2,[],0.10696236260513721,0.3659302085798523,20.666666666666668
2021-07-07,v2_statistical,v1.0.0,"[11, 16, 21, 26, 42, 45]",22,0,0,1,2,[],0.11023914861981644,0.37407115027183674,21.833333333333332
2021-07-07,v3_boosting,v1.0.0,"[11, 16, 21, 26, 42, 45]",22,1,1,2,3,[26],0.10769233321607678,0.3728143052315704,24.5
2021-07-07,v4_ensemble,v1.0.0,"[11, 16, 21, 26, 42, 45]",22,0,0,2,3,[],0.10762241020764939,0.3703903547427834,21.166666666666668
2021-07-10,random,v1.0.0,"[4, 5, 18, 28, 35, 42]",2,2,2,2,3,"[4, 5]",0.10745522698875465,0.37177617994345336,22.0
2021-07-10,ema_gap,v1.0.0,"[4, 5, 18, 28, 35, 42]",2,0,0,1,2,[],0.11123501495613333,0.38780266140959174,29.0
2021-07-10,v2_statistical,v1.0.0,"[4, 5, 18, 28, 35, 42]",2,0,0,0,0,[],0.11961754149642118,0.428884863888226,36.0
2021-07-10,v3_boosting,v1.0.0,"[4, 5, 18, 28, 35, 42]",2,1,1,3,3,[35],0.10590191263586597,0.36013812754449354,17.5
2021-07-10,v4_ensemble,v1.0.0,"[4, 5, 18, 28, 35, 42]",2,0,0,0,1,[],0.1104943560080809,0.38277048815852577,26.166666666666668
2021-07-14,random,v1.0.0,"[2, 9, 19, 23, 26, 30]",10,1,1,2,2,[2],0.10745522698875466,0.37177617994345324,18.166666666666668
2021-07-14,ema_gap,v1.0.0,"[2, 9, 19, 23, 26, 30]",10,0,0,2,2,[],0.11176242563498563,0.39342631591573174,29.666666666666668
2021-07-14,v2_statistical,v1.0.0,"[2, 9, 19, 23, 26, 30]",10,0,0,1,2,[],0.11520531881085344,0.4035991745309678,29.833333333333332
2021-07-14,v3_boosting,v1.0.0,"[2, 9, 19, 23, 26, 30]",10,0,0,0,0,[],0.11496190190284827,0.40255123644919916,29.833333333333332
2021-07-14,v4_ensemble,v1.0.0,"[2, 9, 19, 23, 26, 30]",10,0,0,0,1,[],0.11345073773549925,0.39819610307100367,33.166666666666664
2021-07-17,random,v1.0.0,"[22, 24, 28, 35, 37, 45]",49,0,0,0,0,[],0.10745522698875466,0.3717761799434532,31.833333333333332
2021-07-17,ema_gap,v1.0.0,"[22, 24, 28, 35, 37, 45]",49,1,1,3,3,[45],0.10618354070793252,0.3669226297981661,20.5
2021-07-17,v2_statistical,v1.0.0,"[22, 24, 28, 35, 37, 45]",49,1,1,2,3,[45],0.10665110937957333,0.3714065167147325,21.833333333333332
2021-07-17,v3_boosting,v1.0.0,"[22, 24, 28, 35, 37, 45]",49,0,0,1,2,[],0.11225454015964614,0.39283929298281467,30.166666666666668
2021-07-17,v4_ensemble,v1.0.0,"[22, 24, 28, 35, 37, 45]",49,1,1,2,2,[45],0.107813414963499,0.37447882688664325,26.166666666666668
2021-07-21,random,v1.0.0,"[2, 4, 15, 20, 35, 45]",10,2,2,2,3,"[2, 4]",0.10745522698875466,0.37177617994345336,20.166666666666668
2021-07-21,ema_gap,v1.0.0,"[2, 4, 15, 20, 35, 45]",10,1,1,2,3,[45],0.10522722439407978,0.3624271286721478,20.5
2021-07-21,v2_statistical,v1.0.0,"[2, 4, 15, 20, 35, 45]",10,1,1,2,3,[45],0.1062511983432127,0.3670946067834371,21.5
2021-07-21,v3_boosting,v1.0.0,"[2, 4, 15, 20, 35, 45]",10,1,1,1,1,[2],0.11479350066783058,0.40811009387864255,36.0
2021-07-21,v4_ensemble,v1.0.0,"[2, 4, 15, 20, 35, 45]",10,1,1,1,1,[45],0.10870813558248081,0.37745552538740396,26.666666666666668
2021-07-24,random,v1.0.0,"[1, 5, 7, 19, 37, 45]",35,2,2,3,3,"[1, 5]",0.10745522698875465,0.37177617994345336,19.0
2021-07-24,ema_gap,v1.0.0,"[1, 5, 7, 19, 37, 45]",35,1,1,1,2,[45],0.10762445293998524,0.3753530286809403,26.833333333333332
2021-07-24,v2_statistical,v1.0.0,"[1, 5, 7, 19, 37, 45]",35,1,1,1,1,[45],0.10904992470736966,0.3914375541791742,28.5
2021-07-24,v3_boosting,v1.0.0,"[1, 5, 7, 19, 37, 45]",35,0,0,0,0,[],0.1168834582335929,0.40522065678946195,28.666666666666668
2021-07-24,v4_ensemble,v1.0.0,"[1, 5, 7, 19, 37, 45]",35,1,1,1,1,[45],0.11117060684650212,0.3898538937770343,29.0
2021-07-28,random,v1.0.0,"[1, 4, 10, 14, 32, 39]",19,2,2,3,4,"[1, 4]",0.10745522698875463,0.37177617994345336,16.666666666666668
2021-07-28,ema_gap,v1.0.0,"[1, 4, 10, 14, 32, 39]",19,0,0,0,1,[],0.11125436899676414,0.38627639501650873,29.333333333333332
2021-07-28,v2_statistical,v1.0.0,"[1, 4, 10, 14, 32, 39]",19,0,0,1,2,[],0.11657493301217105,0.4128145042195576,30.833333333333332
2021-07-28,v3_boosting,v1.0.0,"[1, 4, 10, 14, 32, 39]",19,3,3,5,5,"[1, 10, 32]",0.10141681030890942,0.34548912674286963,12.833333333333334
2021-07-28,v4_ensemble,v1.0.0,"[1, 4, 10, 14, 32, 39]",19,1,1,2,2,[39],0.10756300743259632,0.37088913324130096,22.0
2021-07-31,random,v1.0.0,"[7, 30, 37, 43, 47, 49]",20,0,0,1,1,[],0.10745522698875466,0.3717761799434531,35.5
2021-07-31,ema_gap,v1.0.0,"[7, 30, 37, 43, 47, 49]",20,0,0,2,3,[],0.10828045015325967,0.37307363325925047,22.5
2021-07-31,v2_statistical,v1.0.0,"[7, 30, 37, 43, 47, 49]",20,1,1,2,3,[49],0.10947709370720386,0.37285950262129053,21.0
2021-07-31,v3_boosting,v1.0.0,"[7, 30, 37, 43, 47, 49]",20,1,1,2,2,[49],0.10645829101547959,0.3649149605860299,20.166666666666668
2021-07-31,v4_ensemble,v1.0.0,"[7, 30, 37, 43, 47, 49]",20,1,1,2,2,[49],0.10707868840492138,0.3678781899301725,20.0
2021-08-04,random,v1.0.0,"[3, 8, 21, 38, 42, 48]",27,1,1,2,2,[3],0.10745522698875466,0.37177617994345324,26.666666666666668
2021-08-04,ema_gap,v1.0.0,"[3, 8, 21, 38, 42, 48]",27,0,0,0,2,[],0.11146774904948813,0.39106199853538026,28.0
2021-08-04,v2_statistical,v1.0.0,"[3, 8, 21, 38, 42, 48]",27,1,1,1,2,[38],0.11237814371701836,0.39440208599943577,25.166666666666668
2021-08-04,v3_boosting,v1.0.0,"[3, 8, 21, 38, 42, 48]",27,3,3,4,4,"[8, 38, 48]",0.09723757307337112,0.3318410462383092,13.0
2021-08-04,v4_ensemble,v1.0.0,"[3, 8, 21, 38, 42, 48]",27,1,1,3,3,[38],0.1041806411560348,0.3589657599165397,19.166666666666668
2021-08-07,random,v1.0.0,"[10, 13, 15, 22, 29, 46]",3,0,0,1,3,[],0.10745522698875465,0.37177617994345336,22.5
2021-08-07,ema_gap,v1.0.0,"[10, 13, 15, 22, 29, 46]",3,1,1,2,3,[15],0.10769144541517697,0.3738309919105868,21.333333333333332
2021-08-07,v2_statistical,v1.0.0,"[10, 13, 15, 22, 29, 46]",3,0,0,1,2,[],0.11295034410569034,0.39353420945469747,26.333333333333332
2021-08-07,v3_boosting,v1.0.0,"[10, 13, 15, 22, 29, 46]",3,2,2,3,3,"[13, 15]",0.10054438575730536,0.3442628098102726,16.0
2021-08-07,v4_ensemble,v1.0.0,"[10, 13, 15, 22, 29, 46]",3,1,1,2,2,[15],0.10567664887897146,0.3631123097610412,19.666666666666668
2021-08-11,random,v1.0.0,"[12, 15, 25, 40, 44, 45]",31,0,0,1,2,[],0.10745522698875465,0.3717761799434532,30.166666666666668
2021-08-11,ema_gap,v1.0.0,"[12, 15, 25, 40, 44, 45]",31,2,2,2,2,"[15, 45]",0.10879091033976632,0.38895828489871054,30.666666666666668
2021-08-11,v2_statistical,v1.0.0,"[12, 15, 25, 40, 44, 45]",31,2,2,2,2,"[15, 45]",0.1098833436216451,0.3977497201643755,29.166666666666668
2021-08-11,v3_boosting,v1.0.0,"[12, 15, 25, 40, 44, 45]",31,1,1,2,2,[12],0.10843896899713551,0.37881138336186604,25.833333333333332
2021-08-11,v4_ensemble,v1.0.0,"[12, 15, 25, 40, 44, 45]",31,1,1,1,3,[45],0.10781909813054899,0.3754315417119298,25.0
2021-08-18,random,v1.0.0,"[7, 8, 28, 30, 32, 42]",33,0,0,2,2,[],0.10745522698875466,0.37177617994345313,24.5
2021-08-18,ema_gap,v1.0.0,"[7, 8, 28, 30, 32, 42]",33,0,0,2,4,[],0.10753643837647082,0.36970535876546456,20.0
2021-08-18,v2_statistical,v1.0.0,"[7, 8, 28, 30, 32, 42]",33,0,0,0,2,[],0.11308352055038355,0.39257047904600995,25.5
2021-08-18,v3_boosting,v1.0.0,"[7, 8, 28, 30, 32, 42]",33,1,1,2,2,[8],0.11039650360129317,0.38809144686360275,30.5
2021-08-18,v4_ensemble,v1.0.0,"[7, 8, 28, 30, 32, 42]",33,0,0,1,2,[],0.10967393603479715,0.3789893087972069,24.833333333333332
2021-08-21,random,v1.0.0,"[2, 9, 15, 21, 38, 46]",36,1,1,2,3,[2],0.10745522698875465,0.37177617994345336,21.833333333333332
2021-08-21,ema_gap,v1.0.0,"[2, 9, 15, 21, 38, 46]",36,1,1,2,4,[15],0.10586700234494813,0.36571947744390504,22.0
2021-08-21,v2_statistical,v1.0.0,"[2, 9, 15, 21, 38, 46]",36,1,1,3,3,[38],0.10696553781420677,0.3677462539354121,20.333333333333332
2021-08-21,v3_boosting,v1.0.0,"[2, 9, 15, 21, 38, 46]",36,1,1,2,2,[2],0.10845132076233255,0.37391239836976947,23.833333333333332
2021-08-21,v4_ensemble,v1.0.0,"[2, 9, 15, 21, 38, 46]",36,1,1,4,4,[46],0.10568135799510045,0.361949501809781,16.166666666666668
2021-08-28,random,v1.0.0,"[6, 8, 9, 12, 19, 26]",43,1,1,4,4,[6],0.10745522698875463,0.3717761799434534,13.333333333333334
2021-08-28,ema_gap,v1.0.0,"[6, 8, 9, 12, 19, 26]",43,0,0,0,0,[],0.11400054474165439,0.4012461862488372,32.166666666666664
2021-08-28,v2_statistical,v1.0.0,"[6, 8, 9, 12, 19, 26]",43,0,0,0,0,[],0.11819957787706507,0.4207786226017425,33.333333333333336
2021-08-28,v3_boosting,v1.0.0,"[6, 8, 9, 12, 19, 26]",43,2,2,3,3,"[8, 9]",0.10415562705012918,0.3615386443668583,19.833333333333332
2021-08-28,v4_ensemble,v1.0.0,"[6, 8, 9, 12, 19, 26]",43,1,1,1,1,[9],0.11012563726259063,0.3832816052571906,27.333333333333332
2021-09-01,random,v1.0.0,"[3, 4, 14, 18, 19, 42]",43,2,2,2,4,"[3, 4]",0.10745522698875465,0.37177617994345336,16.666666666666668
2021-09-01,ema_gap,v1.0.0,"[3, 4, 14, 18, 19, 42]",43,1,1,1,1,[42],0.11013064738049863,0.3812575340112704,25.833333333333332
2021-09-01,v2_statistical,v1.0.0,"[3, 4, 14, 18, 19, 42]",43,0,0,2,2,[],0.11312399380055099,0.39674580795853354,27.666666666666668
2021-09-01,v3_boosting,v1.0.0,"[3, 4, 14, 18, 19, 42]",43,0,0,1,1,[],0.11055841918483475,0.3806619834949589,23.833333333333332
2021-09-01,v4_ensemble,v1.0.0,"[3, 4, 14, 18, 19, 42]",43,0,0,1,2,[],0.11061271311598961,0.38313988831178614,25.833333333333332
2021-09-04,random,v1.0.0,"[6, 13, 18, 19, 29, 49]",2,1,1,1,3,[6],0.10745522698875466,0.37177617994345336,22.333333333333332
2021-09-04,ema_gap,v1.0.0,"[6, 13, 18, 19, 29, 49]",2,0,0,1,3,[],0.10864468235982763,0.37529042786528843,23.5
2021-09-04,v2_statistical,v1.0.0,"[6, 13, 18, 19, 29, 49]",2,0,0,2,3,[],0.11184288178337468,0.38603657244754164,24.333333333333332
2021-09-04,v3_boosting,v1.0.0,"[6, 13, 18, 19, 29, 49]",2,0,0,1,2,[],0.11097127138542218,0.3871333877972891,26.666666666666668
2021-09-04,v4_ensemble,v1.0.0,"[6, 13, 18, 19, 29, 49]",2,0,0,1,1,[],0.10959634849315987,0.37953940304681305,26.666666666666668
2021-09-08,random,v1.0.0,"[2, 7, 10, 16, 28, 36]",41,1,1,3,4,[2],0.10745522698875465,0.37177617994345336,16.5
2021-09-08,ema_gap,v1.0.0,"[2, 7, 10, 16, 28, 36]",41,0,0,2,2,[],0.10930722971809441,0.3781547988512594,24.166666666666668
2021-09-08,v2_statistical,v1.0.0,"[2, 7, 10, 16, 28, 36]",41,0,0,0,2,[],0.11333630796715546,0.3919866360704569,26.5
2021-09-08,v3_boosting,v1.0.0,"[2, 7, 10, 16, 28, 36]",41,0,0,0,0,[],0.12045958247109183,0.4353379543327637,41.166666666666664
2021-09-08,v4_ensemble,v1.0.0,"[2, 7, 10, 16, 28, 36]",41,0,0,0,0,[],0.11484639503085536,0.404652389135803,35.666666666666664
2021-09-11,random,v1.0.0,"[15, 18, 31, 33, 34, 41]",45,0,0,0,2,[],0.10745522698875466,0.37177617994345313,28.666666666666668
2021-09-11,ema_gap,v1.0.0,"[15, 18, 31, 33, 34, 41]",45,1,1,2,2,[15],0.10995759258702449,0.3888274811604049,29.166666666666668
2021-09-11,v2_statistical,v1.0.0,"[15, 18, 31, 33, 34, 41]",45,1,1,2,3,[15],0.10882680292396084,0.3781504800129156,23.166666666666668
2021-09-11,v3_boosting,v1.0.0,"[15, 18, 31, 33, 34, 41]",45,2,2,3,4,"[33, 41]",0.1020742787100612,0.34618009612055634,14.333333333333334
2021-09-11,v4_ensemble,v1.0.0,"[15, 18, 31, 33, 34, 41]",45,1,1,3,4,[15],0.1048908451749415,0.3580130607100136,14.833333333333334
2021-09-15,random,v1.0.0,"[7, 11, 14, 15, 27, 41]",49,0,0,2,4,[],0.10745522698875466,0.37177617994345336,19.166666666666668
2021-09-15,ema_gap,v1.0.0,"[7, 11, 14, 15, 27, 41]",49,1,1,2,2,[15],0.10662042038332133,0.37362205831780937,27.333333333333332
2021-09-15,v2_statistical,v1.0.0,"[7, 11, 14, 15, 27, 41]",49,1,1,2,2,[15],0.11101769578356759,0.39531615023632777,30.5
2021-09-15,v3_boosting,v1.0.0,"[7, 11, 14, 15, 27, 41]",49,1,1,2,3,[41],0.10729528760192497,0.37015733008000834,22.5
2021-09-15,v4_ensemble,v1.0.0,"[7, 11, 14, 15, 27, 41]",49,1,1,1,3,[15],0.10755271771742721,0.37279241206508645,23.5
2021-09-18,random,v1.0.0,"[9, 26, 29, 36, 40, 41]",27,0,0,1,1,[],0.10745522698875466,0.37177617994345313,30.166666666666668
2021-09-18,ema_gap,v1.0.0,"[9, 26, 29, 36, 40, 41]",27,0,0,0,1,[],0.11229375118010343,0.39093453995781235,30.333333333333332
2021-09-18,v2_statistical,v1.0.0,"[9, 26, 29, 36, 40, 41]",27,0,0,0,1,[],0.11464142147105943,0.3978062047068718,29.0
2021-09-18,v3_boosting,v1.0.0,"[9, 26, 29, 36, 40, 41]",27,0,0,0,0,[],0.11712414563724564,0.4140633393223726,36.666666666666664
2021-09-18,v4_ensemble,v1.0.0,"[9, 26, 29, 36, 40, 41]",27,0,0,0,0,[],0.11425716369020178,0.40236436924842833,36.0
2021-09-22,random,v1.0.0,"[5, 14, 19, 30, 38, 40]",27,1,1,1,2,[5],0.10745522698875466,0.37177617994345324,24.333333333333332
2021-09-22,ema_gap,v1.0.0,"[5, 14, 19, 30, 38, 40]",27,0,0,2,3,[],0.10903357452397663,0.3760230915303078,22.5
2021-09-22,v2_statistical,v1.0.0,"[5, 14, 19, 30, 38, 40]",27,1,1,2,2,[38],0.11018242483842895,0.38221333665974294,24.5
2021-09-22,v3_boosting,v1.0.0,"[5, 14, 19, 30, 38, 40]",27,3,3,4,4,"[19, 30, 38]",0.09971863300254996,0.33994528985812644,14.166666666666666
2021-09-22,v4_ensemble,v1.0.0,"[5, 14, 19, 30, 38, 40]",27,2,2,3,4,"[19, 38]",0.10426160758650212,0.3591891460618487,18.166666666666668
2021-09-25,random,v1.0.0,"[3, 8, 10, 35, 46, 48]",17,1,1,3,3,[3],0.10745522698875465,0.37177617994345336,25.0
2021-09-25,ema_gap,v1.0.0,"[3, 8, 10, 35, 46, 48]",17,0,0,0,1,[],0.11238759821324075,0.3916558662635678,31.5
2021-09-25,v2_statistical,v1.0.0,"[3, 8, 10, 35, 46, 48]",17,0,0,1,2,[],0.11600830428984404,0.40601721993808493,31.333333333333332
2021-09-25,v3_boosting,v1.0.0,"[3, 8, 10, 35, 46, 48]",17,2,2,2,4,"[10, 46]",0.10570541341954898,0.3664490699225699,22.166666666666668
2021-09-25,v4_ensemble,v1.0.0,"[3, 8, 10, 35, 46, 48]",17,0,0,2,2,[],0.10965209923223765,0.3827304947529326,27.166666666666668
2021-09-29,random,v1.0.0,"[3, 5, 38, 39, 41, 48]",28,2,2,2,2,"[3, 5]",0.10745522698875466,0.3717761799434531,29.0
2021-09-29,ema_gap,v1.0.0,"[3, 5, 38, 39, 41, 48]",28,1,1,1,2,[38],0.10751574525951083,0.3690431130516044,21.166666666666668
2021-09-29,v2_statistical,v1.0.0,"[3, 5, 38, 39, 41, 48]",28,1,1,1,2,[38],0.10926947709372131,0.3753361927983874,23.0
2021-09-29,v3_boosting,v1.0.0,"[3, 5, 38, 39, 41, 48]",28,2,2,2,2,"[39, 48]",0.11096377152132166,0.38741993987014617,25.833333333333332
2021-09-29,v4_ensemble,v1.0.0,"[3, 5, 38, 39, 41, 48]",28,0,0,2,3,[],0.10820159315766979,0.373536663798193,22.5
2021-10-02,random,v1.0.0,"[8, 17, 18, 19, 48, 49]",26,0,0,1,3,[],0.10745522698875466,0.37177617994345336,26.5
2021-10-02,ema_gap,v1.0.0,"[8, 17, 18, 19, 48, 49]",26,1,1,2,3,[19],0.10765546939785765,0.3723878181754673,21.5
2021-10-02,v2_statistical,v1.0.0,"[8, 17, 18, 19, 48, 49]",26,1,1,2,2,[49],0.11125211694171304,0.38511555375108747,23.833333333333332
2021-10-02,v3_boosting,v1.0.0,"[8, 17, 18, 19, 48, 49]",26,0,0,2,3,[],0.10787925775483631,0.3659174607434131,19.666666666666668
2021-10-02,v4_ensemble,v1.0.0,"[8, 17, 18, 19, 48, 49]",26,0,0,2,2,[],0.10778011769081797,0.3696867305493023,21.666666666666668
2021-10-06,random,v1.0.0,"[7, 18, 19, 38, 42, 46]",31,0,0,1,2,[],0.10745522698875466,0.37177617994345324,28.333333333333332
2021-10-06,ema_gap,v1.0.0,"[7, 18, 19, 38, 42, 46]",31,2,2,4,6,"[19, 38]",0.09865659993619418,0.3324301614262022,8.5
2021-10-06,v2_statistical,v1.0.0,"[7, 18, 19, 38, 42, 46]",31,1,1,4,6,[38],0.09998330836912624,0.334571306742221,10.333333333333334
2021-10-06,v3_boosting,v1.0.0,"[7, 18, 19, 38, 42, 46]",31,1,1,1,4,[19],0.1053657427523961,0.35886502646237617,17.666666666666668
2021-10-06,v4_ensemble,v1.0.0,"[7, 18, 19, 38, 42, 46]",31,2,2,6,6,"[19, 38]",0.100992017154961,0.3427016540496752,7.5
2021-10-09,random,v1.0.0,"[1, 11, 19, 27, 28, 38]",8,1,1,2,2,[1],0.10745522698875466,0.37177617994345324,20.666666666666668
2021-10-09,ema_gap,v1.0.0,"[1, 11, 19, 27, 28, 38]",8,2,2,3,3,"[19, 38]",0.10461537206010516,0.3628182795969379,21.5
2021-10-09,v2_statistical,v1.0.0,"[1, 11, 19, 27, 28, 38]",8,2,2,2,3,"[19, 38]",0.1057633987220714,0.3713584066893198,22.0
2021-10-09,v3_boosting,v1.0.0,"[1, 11, 19, 27, 28, 38]",8,0,0,1,2,[],0.11162120473568637,0.3906589025229087,28.833333333333332
2021-10-09,v4_ensemble,v1.0.0,"[1, 11, 19, 27, 28, 38]",8,1,1,3,3,[38],0.10728868803079737,0.37263860811127053,23.666666666666668
2021-10-13,random,v1.0.0,"[2, 7, 8, 11, 19, 27]",24,1,1,4,4,[2],0.10745522698875465,0.3717761799434534,12.333333333333334
2021-10-13,ema_gap,v1.0.0,"[2, 7, 8, 11, 19, 27]",24,2,2,2,2,"[7, 19]",0.10383957641044977,0.3562541771055085,18.5
2021-10-13,v2_statistical,v1.0.0,"[2, 7, 8, 11, 19, 27]",24,1,1,2,2,[19],0.10758772300674817,0.37062383944846233,23.0
2021-10-13,v3_boosting,v1.0.0,"[2, 7, 8, 11, 19, 27]",24,1,1,2,2,[2],0.10744244250773717,0.3759615416140998,23.833333333333332
2021-10-13,v4_ensemble,v1.0.0,"[2, 7, 8, 11, 19, 27]",24,1,1,2,3,[2],0.10520119338666002,0.36117550710286755,19.333333333333332
2021-10-16,random,v1.0.0,"[5, 10, 11, 33, 44, 47]",20,1,1,3,3,[5],0.10745522698875465,0.37177617994345336,25.0
2021-10-16,ema_gap,v1.0.0,"[5, 10, 11, 33, 44, 47]",20,0,0,1,2,[],0.11331421078790904,0.39933637453760007,31.333333333333332
2021-10-16,v2_statistical,v1.0.0,"[5, 10, 11, 33, 44, 47]",20,0,0,0,0,[],0.11763996104959264,0.4175832176642402,34.833333333333336
2021-10-16,v3_boosting,v1.0.0,"[5, 10, 11, 33, 44, 47]",20,0,0,2,3,[],0.10947268962699673,0.37809232415108845,23.5
2021-10-16,v4_ensemble,v1.0.0,"[5, 10, 11, 33, 44, 47]",20,0,0,0,2,[],0.11211959098124497,0.39311455762697073,29.833333333333332
2021-10-20,random,v1.0.0,"[6, 9, 34, 35, 48, 49]",41,1,1,2,2,[6],0.10745522698875466,0.3717761799434531,30.166666666666668
2021-10-20,ema_gap,v1.0.0,"[6, 9, 34, 35, 48, 49]",41,0,0,2,2,[],0.10938404918710015,0.3775703628441535,24.333333333333332
2021-10-20,v2_statistical,v1.0.0,"[6, 9, 34, 35, 48, 49]",41,1,1,3,3,[34],0.10824219802604164,0.37607209582673584,22.0
2021-10-20,v3_boosting,v1.0.0,"[6, 9, 34, 35, 48, 49]",41,1,1,2,2,[9],0.10934226567899122,0.3779292344442345,25.666666666666668
2021-10-20,v4_ensemble,v1.0.0,"[6, 9, 34, 35, 48, 49]",41,0,0,3,3,[],0.10782398965814435,0.3727981076926644,22.333333333333332
2021-10-23,random,v1.0.0,"[1, 3, 9, 40, 42, 44]",46,2,2,3,3,"[1, 3]",0.10745522698875466,0.37177617994345336,23.166666666666668
2021-10-23,ema_gap,v1.0.0,"[1, 3, 9, 40, 42, 44]",46,0,0,1,2,[],0.11074930526777665,0.3846823543015845,26.833333333333332
2021-10-23,v2_statistical,v1.0.0,"[1, 3, 9, 40, 42, 44]",46,0,0,0,3,[],0.11431206330873353,0.40049559179098804,27.5
2021-10-23,v3_boosting,v1.0.0,"[1, 3, 9, 40, 42, 44]",46,1,1,2,2,[40],0.10740617285104587,0.36931615761562825,22.0
2021-10-23,v4_ensemble,v1.0.0,"[1, 3, 9, 40, 42, 44]",46,0,0,1,1,[],0.10926039865498427,0.3785776249088331,26.5
2021-10-27,random,v1.0.0,"[3, 9, 14, 36, 40, 46]",41,1,1,2,3,[3],0.10745522698875465,0.37177617994345336,24.666666666666668
2021-10-27,ema_gap,v1.0.0,"[3, 9, 14, 36, 40, 46]",41,0,0,1,3,[],0.10692317934035303,0.3654951986790856,19.5
2021-10-27,v2_statistical,v1.0.0,"[3, 9, 14, 36, 40, 46]",41,0,0,3,4,[],0.10554350017187292,0.35689206763388887,17.0
2021-10-27,v3_boosting,v1.0.0,"[3, 9, 14, 36, 40, 46]",41,1,1,2,3,[14],0.10734030017816316,0.37249643750434247,24.0
2021-10-27,v4_ensemble,v1.0.0,"[3, 9, 14, 36, 40, 46]",41,1,1,2,3,[14],0.105220931076984,0.3600581646480848,17.666666666666668
2021-10-30,random,v1.0.0,"[3, 5, 7, 23, 42, 46]",15,2,2,3,3,"[3, 5]",0.10745522698875466,0.37177617994345336,21.0
2021-10-30,ema_gap,v1.0.0,"[3, 5, 7, 23, 42, 46]",15,2,2,4,4,"[7, 42]",0.10277539647993615,0.35092797895494937,15.166666666666666
2021-10-30,v2_statistical,v1.0.0,"[3, 5, 7, 23, 42, 46]",15,1,1,4,4,[7],0.10388239258966886,0.3541285129604274,17.333333333333332
2021-10-30,v3_boosting,v1.0.0,"[3, 5, 7, 23, 42, 46]",15,0,0,0,1,[],0.11593800698319044,0.4080133992435669,32.833333333333336
2021-10-30,v4_ensemble,v1.0.0,"[3, 5, 7, 23, 42, 46]",15,1,1,2,3,[7],0.10749489947142367,0.37142674914311063,21.666666666666668
2021-11-03,random,v1.0.0,"[9, 20, 27, 35, 37, 43]",3,0,0,1,1,[],0.10745522698875466,0.37177617994345313,28.5
2021-11-03,ema_gap,v1.0.0,"[9, 20, 27, 35, 37, 43]",3,0,0,1,1,[],0.11191964746185021,0.39221602368175473,30.166666666666668
2021-11-03,v2_statistical,v1.0.0,"[9, 20, 27, 35, 37, 43]",3,0,0,1,1,[],0.11409385148059595,0.3960559254280381,27.666666666666668
2021-11-03,v3_boosting,v1.0.0,"[9, 20, 27, 35, 37, 43]",3,0,0,0,1,[],0.11557542707417044,0.40229137726217506,28.833333333333332
2021-11-03,v4_ensemble,v1.0.0,"[9, 20, 27, 35, 37, 43]",3,0,0,0,1,[],0.11283747567744942,0.39543770162379865,32.833333333333336
2021-11-06,random,v1.0.0,"[14, 16, 28, 39, 41, 47]",37,0,0,0,2,[],0.10745522698875465,0.37177617994345313,30.833333333333332
2021-11-06,ema_gap,v1.0.0,"[14, 16, 28, 39, 41, 47]",37,0,0,1,1,[],0.11143896014572265,0.3879857497062713,29.0
2021-11-06,v2_statistical,v1.0.0,"[14, 16, 28, 39, 41, 47]",37,0,0,0,0,[],0.11472780992016751,0.3994038687622206,29.0
2021-11-06,v3_boosting,v1.0.0,"[14, 16, 28, 39, 41, 47]",37,0,0,1,4,[],0.11041416010391442,0.38418943456056154,25.0
2021-11-06,v4_ensemble,v1.0.0,"[14, 16, 28, 39, 41, 47]",37,0,0,0,1,[],0.11124377449826463,0.38844083547040503,31.5
2021-11-10,random,v1.0.0,"[2, 7, 18, 19, 23, 25]",43,1,1,2,3,[2],0.10745522698875466,0.37177617994345324,15.666666666666666
2021-11-10,ema_gap,v1.0.0,"[2, 7, 18, 19, 23, 25]",43,2,2,2,3,"[7, 19]",0.10570866329113504,0.3673875751824129,21.5
2021-11-10,v2_statistical,v1.0.0,"[2, 7, 18, 19, 23, 25]",43,2,2,2,2,"[7, 19]",0.10790405692184359,0.37878215591149417,24.0
2021-11-10,v3_boosting,v1.0.0,"[2, 7, 18, 19, 23, 25]",43,1,1,1,1,[19],0.10882148402372066,0.38397849046510946,29.166666666666668
2021-11-10,v4_ensemble,v1.0.0,"[2, 7, 18, 19, 23, 25]",43,2,2,2,2,"[7, 19]",0.10697342299179362,0.3745363591915952,27.0
2021-11-13,random,v1.0.0,"[5, 6, 7, 18, 25, 37]",24,2,2,3,4,"[5, 6]",0.10745522698875465,0.37177617994345336,16.333333333333332
2021-11-13,ema_gap,v1.0.0,"[5, 6, 7, 18, 25, 37]",24,1,1,2,2,[7],0.10556785024009856,0.3643108788601687,22.166666666666668
2021-11-13,v2_statistical,v1.0.0,"[5, 6, 7, 18, 25, 37]",24,1,1,1,2,[7],0.11006355515413796,0.3862161692953663,27.833333333333332
2021-11-13,v3_boosting,v1.0.0,"[5, 6, 7, 18, 25, 37]",24,1,1,1,1,[5],0.11464052055926334,0.409678556505709,35.166666666666664
2021-11-13,v4_ensemble,v1.0.0,"[5, 6, 7, 18, 25, 37]",24,1,1,2,2,[7],0.11010312831658908,0.3854899022991491,27.5
2021-11-17,random,v1.0.0,"[3, 4, 18, 23, 27, 28]",38,2,2,2,3,"[3, 4]",0.10745522698875466,0.37177617994345324,17.166666666666668
2021-11-17,ema_gap,v1.0.0,"[3, 4, 18, 23, 27, 28]",38,1,1,3,4,[18],0.10427357506951361,0.3564270057940602,16.5
2021-11-17,v2_statistical,v1.0.0,"[3, 4, 18, 23, 27, 28]",38,0,0,1,3,[],0.10655309224293662,0.36091221341813556,18.166666666666668
2021-11-17,v3_boosting,v1.0.0,"[3, 4, 18, 23, 27, 28]",38,0,0,2,3,[],0.1162652837284551,0.4036857239111962,26.333333333333332
2021-11-17,v4_ensemble,v1.0.0,"[3, 4, 18, 23, 27, 28]",38,0,0,0,3,[],0.10874959802436354,0.37332228486744756,22.833333333333332
2021-11-20,random,v1.0.0,"[15, 25, 26, 29, 42, 43]",22,0,0,0,1,[],0.10745522698875466,0.3717761799434532,30.0
2021-11-20,ema_gap,v1.0.0,"[15, 25, 26, 29, 42, 43]",22,0,0,2,2,[],0.11036355001474611,0.38367009152519005,27.333333333333332
2021-11-20,v2_statistical,v1.0.0,"[15, 25, 26, 29, 42, 43]",22,1,1,1,2,[42],0.11103202732079503,0.38638802138470874,24.833333333333332
2021-11-20,v3_boosting,v1.0.0,"[15, 25, 26, 29, 42, 43]",22,2,2,3,4,"[25, 29]",0.09766024343078136,0.33630883952659446,15.166666666666666
2021-11-20,v4_ensemble,v1.0.0,"[15, 25, 26, 29, 42, 43]",22,2,2,3,4,"[25, 29]",0.1033686724795902,0.35251537650430315,13.166666666666666
2021-11-24,random,v1.0.0,"[10, 11, 18, 20, 35, 48]",39,0,0,2,3,[],0.10745522698875466,0.37177617994345336,23.666666666666668
2021-11-24,ema_gap,v1.0.0,"[10, 11, 18, 20, 35, 48]",39,1,1,1,2,[18],0.1064797666289388,0.36558385184569847,20.0
2021-11-24,v2_statistical,v1.0.0,"[10, 11, 18, 20, 35, 48]",39,0,0,1,1,[],0.11063504870418216,0.38020276828708055,24.166666666666668
2021-11-24,v3_boosting,v1.0.0,"[10, 11, 18, 20, 35, 48]",39,0,0,1,1,[],0.11598814395757194,0.4112642068694442,35.5
2021-11-24,v4_ensemble,v1.0.0,"[10, 11, 18, 20, 35, 48]",39,1,1,1,1,[18],0.11142389225867624,0.38881823979460156,30.5
2021-11-27,random,v1.0.0,"[6, 7, 14, 23, 35, 41]",11,1,1,2,3,[6],0.10745522698875466,0.37177617994345336,21.0
2021-11-27,ema_gap,v1.0.0,"[6, 7, 14, 23, 35, 41]",11,1,1,1,4,[7],0.10469921988475961,0.3581476547873763,18.333333333333332
2021-11-27,v2_statistical,v1.0.0,"[6, 7, 14, 23, 35, 41]",11,1,1,2,3,[7],0.10293062087891541,0.35352788299790805,19.666666666666668
2021-11-27,v3_boosting,v1.0.0,"[6, 7, 14, 23, 35, 41]",11,1,1,1,2,[6],0.11043851901443902,0.38537716076677503,27.166666666666668
2021-11-27,v4_ensemble,v1.0.0,"[6, 7, 14, 23, 35, 41]",11,1,1,1,2,[7],0.10592494719683045,0.36449256135003594,21.5
2021-12-01,random,v1.0.0,"[14, 17, 27, 34, 36, 42]",8,0,0,0,2,[],0.10745522698875465,0.3717761799434532,28.333333333333332
2021-12-01,ema_gap,v1.0.0,"[14, 17, 27, 34, 36, 42]",8,1,1,2,3,[42],0.10786931024593514,0.37247863486782057,22.5
2021-12-01,v2_statistical,v1.0.0,"[14, 17, 27, 34, 36, 42]",8,2,2,3,3,"[34, 42]",0.10673879986658667,0.36914890488364044,21.166666666666668
2021-12-01,v3_boosting,v1.0.0,"[14, 17, 27, 34, 36, 42]",8,0,0,1,1,[],0.11505502796174928,0.40906570793261965,33.833333333333336
2021-12-01,v4_ensemble,v1.0.0,"[14, 17, 27, 34, 36, 42]",8,0,0,1,2,[],0.109644885923313,0.38093204255794194,28.5
2021-12-04,random,v1.0.0,"[5, 11, 15, 28, 31, 47]",19,1,1,2,3,[5],0.10745522698875465,0.37177617994345336,22.833333333333332
2021-12-04,ema_gap,v1.0.0,"[5, 11, 15, 28, 31, 47]",19,0,0,2,3,[],0.10819925046925226,0.3750183214261699,23.0
2021-12-04,v2_statistical,v1.0.0,"[5, 11, 15, 28, 31, 47]",19,0,0,0,3,[],0.11118181895783033,0.3831942714640342,25.0
2021-12-04,v3_boosting,v1.0.0,"[5, 11, 15, 28, 31, 47]",19,1,1,1,1,[11],0.11591276038803358,0.40867876632785205,30.333333333333332
2021-12-04,v4_ensemble,v1.0.0,"[5, 11, 15, 28, 31, 47]",19,1,1,1,1,[11],0.11122535816171376,0.38825248747396,30.0
2021-12-08,random,v1.0.0,"[23, 25, 26, 36, 40, 49]",42,0,0,0,0,[],0.10745522698875466,0.3717761799434532,33.166666666666664
2021-12-08,ema_gap,v1.0.0,"[23, 25, 26, 36, 40, 49]",42,0,0,0,1,[],0.10928780561561978,0.37601882816539595,22.666666666666668
2021-12-08,v2_statistical,v1.0.0,"[23, 25, 26, 36, 40, 49]",42,0,0,0,1,[],0.11083968394801916,0.38038644211241746,24.833333333333332
2021-12-08,v3_boosting,v1.0.0,"[23, 25, 26, 36, 40, 49]",42,1,1,1,1,[26],0.10818596916523938,0.37592726829230594,26.0
2021-12-08,v4_ensemble,v1.0.0,"[23, 25, 26, 36, 40, 49]",42,1,1,1,1,[26],0.10825974877791307,0.37479468783804565,25.333333333333332
2021-12-11,random,v1.0.0,"[1, 6, 26, 27, 43, 46]",12,2,2,2,2,"[1, 6]",0.10745522698875465,0.37177617994345313,24.833333333333332
2021-12-11,ema_gap,v1.0.0,"[1, 6, 26, 27, 43, 46]",12,0,0,1,1,[],0.10926220664156555,0.3773278372481614,24.666666666666668
2021-12-11,v2_statistical,v1.0.0,"[1, 6, 26, 27, 43, 46]",12,1,1,1,3,[27],0.10956120956635573,0.3832302581984195,24.0
2021-12-11,v3_boosting,v1.0.0,"[1, 6, 26, 27, 43, 46]",12,1,1,2,3,[27],0.10715048586561049,0.366152652730961,18.666666666666668
2021-12-11,v4_ensemble,v1.0.0,"[1, 6, 26, 27, 43, 46]",12,1,1,1,1,[27],0.10718850729692773,0.37127367227663105,24.833333333333332
2021-12-15,random,v1.0.0,"[1, 9, 12, 18, 35, 48]",19,1,1,3,4,[1],0.10745522698875466,0.37177617994345336,20.5
2021-12-15,ema_gap,v1.0.0,"[1, 9, 12, 18, 35, 48]",19,1,1,1,3,[18],0.10677277288928022,0.3689482777845464,21.666666666666668
2021-12-15,v2_statistical,v1.0.0,"[1, 9, 12, 18, 35, 48]",19,0,0,0,2,[],0.11090803374742193,0.3858584923850162,26.666666666666668
2021-12-15,v3_boosting,v1.0.0,"[1, 9, 12, 18, 35, 48]",19,1,1,1,2,[48],0.10702742015288837,0.37159759221669786,23.166666666666668
2021-12-15,v4_ensemble,v1.0.0,"[1, 9, 12, 18, 35, 48]",19,1,1,1,2,[48],0.107444917463606,0.3720690925959725,24.5
2021-12-22,random,v1.0.0,"[1, 2, 3, 11, 15, 43]",46,3,3,4,5,"[1, 2, 3]",0.10745522698875465,0.3717761799434534,12.5
2021-12-22,ema_gap,v1.0.0,"[1, 2, 3, 11, 15, 43]",46,1,1,1,3,[15],0.10624001682543578,0.3637927657263849,20.5
2021-12-22,v2_statistical,v1.0.0,"[1, 2, 3, 11, 15, 43]",46,0,0,1,3,[],0.10955982913120817,0.375602777654525,22.0
2021-12-22,v3_boosting,v1.0.0,"[1, 2, 3, 11, 15, 43]",46,1,1,1,2,[2],0.11014121346871873,0.38008901563842895,24.333333333333332
2021-12-22,v4_ensemble,v1.0.0,"[1, 2, 3, 11, 15, 43]",46,1,1,1,2,[2],0.10834978453639915,0.37107903160545064,20.666666666666668
2021-12-29,random,v1.0.0,"[18, 32, 42, 44, 45, 48]",38,0,0,0,1,[],0.10745522698875466,0.37177617994345313,38.166666666666664
2021-12-29,ema_gap,v1.0.0,"[18, 32, 42, 44, 45, 48]",38,2,2,3,3,"[18, 42]",0.10714946677135107,0.3748284214039513,24.5
2021-12-29,v2_statistical,v1.0.0,"[18, 32, 42, 44, 45, 48]",38,1,1,2,4,[18],0.1069075783611696,0.3741305405024517,22.5
2021-12-29,v3_boosting,v1.0.0,"[18, 32, 42, 44, 45, 48]",38,1,1,3,3,[32],0.1069782519678845,0.37142684741297033,22.833333333333332
2021-12-29,v4_ensemble,v1.0.0,"[18, 32, 42, 44, 45, 48]",38,2,2,2,4,"[18, 48]",0.1058029786327829,0.3668452941701969,19.666666666666668
2022-01-01,random,v1.0.0,"[7, 8, 15, 17, 19, 33]",6,0,0,2,4,[],0.10745522698875466,0.37177617994345336,16.5
2022-01-01,ema_gap,v1.0.0,"[7, 8, 15, 17, 19, 33]",6,2,2,3,3,"[7, 15]",0.10683474869890416,0.371627413822888,24.166666666666668
2022-01-01,v2_statistical,v1.0.0,"[7, 8, 15, 17, 19, 33]",6,2,2,2,3,"[7, 15]",0.10802609114502398,0.37844592484095707,24.833333333333332
2022-01-01,v3_boosting,v1.0.0,"[7, 8, 15, 17, 19, 33]",6,1,1,1,2,[19],0.11051556580866137,0.38813606529109945,27.666666666666668
2022-01-01,v4_ensemble,v1.0.0,"[7, 8, 15, 17, 19, 33]",6,2,2,2,3,"[15, 19]",0.10802732259617986,0.37793668195681185,26.166666666666668
2022-01-05,random,v1.0.0,"[2, 5, 8, 29, 36, 45]",23,2,2,3,3,"[2, 5]",0.10745522698875465,0.37177617994345336,20.833333333333332
2022-01-05,ema_gap,v1.0.0,"[2, 5, 8, 29, 36, 45]",23,0,0,0,1,[],0.1107867031658304,0.383669720105896,27.0
2022-01-05,v2_statistical,v1.0.0,"[2, 5, 8, 29, 36, 45]",23,0,0,1,1,[],0.11222602413766243,0.3906805456567326,27.5
2022-01-05,v3_boosting,v1.0.0,"[2, 5, 8, 29, 36, 45]",23,0,0,1,1,[],0.11475769435403509,0.4091891730118592,33.833333333333336
2022-01-05,v4_ensemble,v1.0.0,"[2, 5, 8, 29, 36, 45]",23,0,0,0,1,[],0.11227516425997505,0.39340239696783214,33.333333333333336
2022-01-08,random,v1.0.0,"[6, 18, 23, 31, 46, 48]",4,1,1,1,2,[6],0.10745522698875466,0.3717761799434532,28.666666666666668
2022-01-08,ema_gap,v1.0.0,"[6, 18, 23, 31, 46, 48]",4,2,2,2,4,"[18, 48]",0.1040603018628929,0.3574719005112633,18.666666666666668
2022-01-08,v2_statistical,v1.0.0,"[6, 18, 23, 31, 46, 48]",4,1,1,4,4,[18],0.10217997802757602,0.34788380046699297,15.666666666666666
2022-01-08,v3_boosting,v1.0.0,"[6, 18, 23, 31, 46, 48]",4,1,1,2,2,[23],0.10540511276944856,0.36937248721974925,24.333333333333332
2022-01-08,v4_ensemble,v1.0.0,"[6, 18, 23, 31, 46, 48]",4,1,1,2,4,[23],0.1029429654637304,0.352247034371865,16.5
2022-01-12,random,v1.0.0,"[8, 21, 26, 29, 31, 46]",40,0,0,1,1,[],0.10745522698875466,0.3717761799434532,26.833333333333332
2022-01-12,ema_gap,v1.0.0,"[8, 21, 26, 29, 31, 46]",40,0,0,1,1,[],0.11091561555621691,0.3866570631824465,27.333333333333332
2022-01-12,v2_statistical,v1.0.0,"[8, 21, 26, 29, 31, 46]",40,0,0,1,1,[],0.11431508189781768,0.40312655516955326,31.333333333333332
2022-01-12,v3_boosting,v1.0.0,"[8, 21, 26, 29, 31, 46]",40,1,1,1,2,[21],0.11398033642289829,0.4057051110153985,31.0
2022-01-12,v4_ensemble,v1.0.0,"[8, 21, 26, 29, 31, 46]",40,0,0,1,1,[],0.11237725371922687,0.39634481250859943,33.333333333333336
2022-01-15,random,v1.0.0,"[5, 10, 35, 41, 42, 44]",13,1,1,2,2,[5],0.10745522698875465,0.3717761799434531,29.5
2022-01-15,ema_gap,v1.0.0,"[5, 10, 35, 41, 42, 44]",13,1,1,2,3,[42],0.10800472101656815,0.3724171439787345,22.666666666666668
2022-01-15,v2_statistical,v1.0.0,"[5, 10, 35, 41, 42, 44]",13,0,0,1,2,[],0.1088943386709099,0.3724893676441328,22.0
2022-01-15,v3_boosting,v1.0.0,"[5, 10, 35, 41, 42, 44]",13,1,1,1,1,[35],0.11325350272721456,0.39711160684168456,28.333333333333332
2022-01-15,v4_ensemble,v1.0.0,"[5, 10, 35, 41, 42, 44]",13,1,1,1,1,[35],0.10910347612189114,0.3795314983894161,28.833333333333332
2022-01-19,random,v1.0.0,"[3, 12, 19, 37, 39, 45]",47,1,1,2,2,[3],0.10745522698875466,0.37177617994345324,25.833333333333332
2022-01-19,ema_gap,v1.0.0,"[3, 12, 19, 37, 39, 45]",47,0,0,2,2,[],0.10960123844030029,0.3805340002081408,26.333333333333332
2022-01-19,v2_statistical,v1.0.0,"[3, 12, 19, 37, 39, 45]",47,1,1,3,3,[19],0.10836899477669497,0.378523925603325,24.666666666666668
2022-01-19,v3_boosting,v1.0.0,"[3, 12, 19, 37, 39, 45]",47,1,1,1,1,[37],0.11277128656718959,0.3983398767570757,33.0
2022-01-19,v4_ensemble,v1.0.0,"[3, 12, 19, 37, 39, 45]",47,0,0,0,2,[],0.10991827886817263,0.3813046331359386,26.666666666666668
2022-01-22,random,v1.0.0,"[7, 12, 27, 31, 37, 44]",35,0,0,2,2,[],0.10745522698875466,0.37177617994345313,26.333333333333332
2022-01-22,ema_gap,v1.0.0,"[7, 12, 27, 31, 37, 44]",35,1,1,1,2,[7],0.10857266641432349,0.3753040764334768,25.166666666666668
2022-01-22,v2_statistical,v1.0.0,"[7, 12, 27, 31, 37, 44]",35,1,1,2,2,[7],0.10753580393520087,0.37126583442786754,23.0
2022-01-22,v3_boosting,v1.0.0,"[7, 12, 27, 31, 37, 44]",35,1,1,2,4,[44],0.10543280301934015,0.3564696908932186,16.666666666666668
2022-01-22,v4_ensemble,v1.0.0,"[7, 12, 27, 31, 37, 44]",35,1,1,1,2,[7],0.10597119460839438,0.36315326040487295,20.5
2022-01-26,random,v1.0.0,"[5, 22, 25, 30, 32, 46]",45,1,1,1,1,[5],0.10745522698875466,0.3717761799434532,26.666666666666668
2022-01-26,ema_gap,v1.0.0,"[5, 22, 25, 30, 32, 46]",45,0,0,2,2,[],0.11212416072360262,0.39607096825291854,32.333333333333336
2022-01-26,v2_statistical,v1.0.0,"[5, 22, 25, 30, 32, 46]",45,1,1,1,1,[46],0.11495662111168972,0.4121009277709575,33.333333333333336
2022-01-26,v3_boosting,v1.0.0,"[5, 22, 25, 30, 32, 46]",45,2,2,2,2,"[32, 46]",0.10856613162021153,0.38440726117561513,27.666666666666668
2022-01-26,v4_ensemble,v1.0.0,"[5, 22, 25, 30, 32, 46]",45,1,1,1,1,[46],0.1107367945653091,0.3924617215892724,29.666666666666668
2022-01-29,random,v1.0.0,"[10, 14, 25, 29, 33, 44]",40,0,0,1,2,[],0.10745522698875465,0.3717761799434532,25.833333333333332
2022-01-29,ema_gap,v1.0.0,"[10, 14, 25, 29, 33, 44]",40,0,0,0,0,[],0.11145809258784982,0.3870648542908841,28.666666666666668
2022-01-29,v2_statistical,v1.0.0,"[10, 14, 25, 29, 33, 44]",40,0,0,0,0,[],0.11736017962989435,0.4135411960475968,34.666666666666664
2022-01-29,v3_boosting,v1.0.0,"[10, 14, 25, 29, 33, 44]",40,1,1,2,3,[33],0.10977772023079382,0.37715270251662997,21.5
2022-01-29,v4_ensemble,v1.0.0,"[10, 14, 25, 29, 33, 44]",40,0,0,0,1,[],0.11149532589884602,0.38894393508168384,29.666666666666668
2022-02-02,random,v1.0.0,"[3, 7, 9, 23, 26, 32]",42,1,1,3,3,[3],0.10745522698875463,0.37177617994345336,16.666666666666668
2022-02-02,ema_gap,v1.0.0,"[3, 7, 9, 23, 26, 32]",42,1,1,2,4,[7],0.10378911659813575,0.35471346572425366,17.5
2022-02-02,v2_statistical,v1.0.0,"[3, 7, 9, 23, 26, 32]",42,1,1,1,5,[7],0.10325248302739591,0.35366688339752383,18.166666666666668
2022-02-02,v3_boosting,v1.0.0,"[3, 7, 9, 23, 26, 32]",42,0,0,2,2,[],0.10847738912326346,0.3769990303552077,23.5
2022-02-02,v4_ensemble,v1.0.0,"[3, 7, 9, 23, 26, 32]",42,1,1,4,4,[7],0.10474348008392582,0.36144751135312175,17.166666666666668
2022-02-05,random,v1.0.0,"[2, 9, 12, 14, 23, 24]",10,1,1,3,4,[2],0.10745522698875463,0.37177617994345336,14.0
2022-02-05,ema_gap,v1.0.0,"[2, 9, 12, 14, 23, 24]",10,0,0,1,3,[],0.10976223692724676,0.3852887602665544,24.5
2022-02-05,v2_statistical,v1.0.0,"[2, 9, 12, 14, 23, 24]",10,0,0,1,2,[],0.11503246539662709,0.4129006417105531,30.833333333333332
2022-02-05,v3_boosting,v1.0.0,"[2, 9, 12, 14, 23, 24]",10,1,1,2,2,[14],0.10645557404998844,0.361227772262258,18.333333333333332
2022-02-05,v4_ensemble,v1.0.0,"[2, 9, 12, 14, 23, 24]",10,1,1,1,3,[14],0.10855967864582002,0.37758154638588143,23.166666666666668
2022-02-09,random,v1.0.0,"[12, 14, 19, 28, 32, 36]",17,0,0,1,2,[],0.10745522698875465,0.37177617994345336,23.5
2022-02-09,ema_gap,v1.0.0,"[12, 14, 19, 28, 32, 36]",17,0,0,2,2,[],0.10645263881961005,0.36425278756539137,20.0
2022-02-09,v2_statistical,v1.0.0,"[12, 14, 19, 28, 32, 36]",17,1,1,1,2,[19],0.11149297775706764,0.38598119674629666,25.666666666666668
2022-02-09,v3_boosting,v1.0.0,"[12, 14, 19, 28, 32, 36]",17,0,0,1,2,[],0.11139793202463083,0.3883046256075053,28.666666666666668
2022-02-09,v4_ensemble,v1.0.0,"[12, 14, 19, 28, 32, 36]",17,0,0,1,2,[],0.10972514203434822,0.3804091433627051,26.833333333333332
2022-02-12,random,v1.0.0,"[1, 25, 26, 37, 40, 43]",3,1,1,1,1,[1],0.10745522698875466,0.37177617994345313,28.666666666666668
2022-02-12,ema_gap,v1.0.0,"[1, 25, 26, 37, 40, 43]",3,0,0,1,1,[],0.11057089994669023,0.38350543901424533,27.166666666666668
2022-02-12,v2_statistical,v1.0.0,"[1, 25, 26, 37, 40, 43]",3,0,0,0,2,[],0.1128452110384283,0.3940455534254084,28.0
2022-02-12,v3_boosting,v1.0.0,"[1, 25, 26, 37, 40, 43]",3,1,1,3,3,[1],0.1067799023080435,0.3675957334848132,20.5
2022-02-12,v4_ensemble,v1.0.0,"[1, 25, 26, 37, 40, 43]",3,0,0,0,2,[],0.10871197765353369,0.3752149743981884,23.833333333333332
2022-02-16,random,v1.0.0,"[2, 8, 30, 31, 40, 44]",11,1,1,2,2,[2],0.10745522698875466,0.3717761799434531,25.833333333333332
2022-02-16,ema_gap,v1.0.0,"[2, 8, 30, 31, 40, 44]",11,0,0,0,0,[],0.11153307357211845,0.3875058241144465,30.5
2022-02-16,v2_statistical,v1.0.0,"[2, 8, 30, 31, 40, 44]",11,0,0,0,1,[],0.11382116934081149,0.3972474528826742,30.666666666666668
2022-02-16,v3_boosting,v1.0.0,"[2, 8, 30, 31, 40, 44]",11,0,0,0,1,[],0.11762067313667468,0.422171974151515,37.0
2022-02-16,v4_ensemble,v1.0.0,"[2, 8, 30, 31, 40, 44]",11,0,0,0,0,[],0.11400535329508137,0.40295113919562925,38.0
2022-02-19,random,v1.0.0,"[4, 16, 30, 32, 37, 44]",35,1,1,1,2,[4],0.10745522698875466,0.3717761799434531,27.166666666666668
2022-02-19,ema_gap,v1.0.0,"[4, 16, 30, 32, 37, 44]",35,0,0,0,1,[],0.11239302227704497,0.3957565209832929,32.166666666666664
2022-02-19,v2_statistical,v1.0.0,"[4, 16, 30, 32, 37, 44]",35,0,0,0,0,[],0.11565932525518255,0.40729070805944584,34.0
2022-02-19,v3_boosting,v1.0.0,"[4, 16, 30, 32, 37, 44]",35,0,0,3,5,[],0.1059869429928338,0.359217398406616,16.333333333333332
2022-02-19,v4_ensemble,v1.0.0,"[4, 16, 30, 32, 37, 44]",35,0,0,0,2,[],0.10979341105985128,0.37957657248070636,25.0
2022-02-23,random,v1.0.0,"[4, 10, 28, 31, 33, 43]",18,1,1,2,2,[4],0.10745522698875466,0.37177617994345313,24.833333333333332
2022-02-23,ema_gap,v1.0.0,"[4, 10, 28, 31, 33, 43]",18,0,0,0,1,[],0.11061967604859693,0.38396861474046307,29.833333333333332
2022-02-23,v2_statistical,v1.0.0,"[4, 10, 28, 31, 33, 43]",18,1,1,1,1,[43],0.11074841933928556,0.3846257971930789,26.5
2022-02-23,v3_boosting,v1.0.0,"[4, 10, 28, 31, 33, 43]",18,1,1,2,2,[10],0.10968436303533438,0.3847669127807185,28.166666666666668
2022-02-23,v4_ensemble,v1.0.0,"[4, 10, 28, 31, 33, 43]",18,1,1,1,1,[10],0.10952868477767379,0.38014632575247304,26.5
2022-02-26,random,v1.0.0,"[6, 8, 12, 16, 24, 35]",25,1,1,3,4,[6],0.10745522698875466,0.37177617994345336,16.833333333333332
2022-02-26,ema_gap,v1.0.0,"[6, 8, 12, 16, 24, 35]",25,0,0,0,0,[],0.11234468408302707,0.39492625242433466,33.166666666666664
2022-02-26,v2_statistical,v1.0.0,"[6, 8, 12, 16, 24, 35]",25,0,0,0,0,[],0.11704159146671819,0.4183158379847474,34.833333333333336
2022-02-26,v3_boosting,v1.0.0,"[6, 8, 12, 16, 24, 35]",25,0,0,0,2,[],0.11155570102429047,0.3891090327641123,28.5
2022-02-26,v4_ensemble,v1.0.0,"[6, 8, 12, 16, 24, 35]",25,0,0,0,1,[],0.11294190148352522,0.3970200145430259,34.833333333333336
2022-03-02,random,v1.0.0,"[11, 12, 39, 41, 42, 49]",14,0,0,2,2,[],0.10745522698875466,0.3717761799434531,32.333333333333336
2022-03-02,ema_gap,v1.0.0,"[11, 12, 39, 41, 42, 49]",14,0,0,1,2,[],0.11092674598074836,0.3874871950589061,29.5
2022-03-02,v2_statistical,v1.0.0,"[11, 12, 39, 41, 42, 49]",14,0,0,0,1,[],0.1149594143471493,0.4074624668182906,32.5
2022-03-02,v3_boosting,v1.0.0,"[11, 12, 39, 41, 42, 49]",14,1,1,2,4,[39],0.10585530892552876,0.3595029687516835,17.833333333333332
2022-03-02,v4_ensemble,v1.0.0,"[11, 12, 39, 41, 42, 49]",14,0,0,0,2,[],0.1091713002773999,0.37526655791570773,21.333333333333332
2022-03-05,random,v1.0.0,"[5, 9, 10, 32, 38, 40]",44,1,1,3,3,[5],0.10745522698875465,0.37177617994345336,22.333333333333332
2022-03-05,ema_gap,v1.0.0,"[5, 9, 10, 32, 38, 40]",44,0,0,0,3,[],0.10822790584178399,0.37353063624495686,24.333333333333332
2022-03-05,v2_statistical,v1.0.0,"[5, 9, 10, 32, 38, 40]",44,0,0,2,2,[],0.10900320408290673,0.3735321502386302,23.166666666666668
2022-03-05,v3_boosting,v1.0.0,"[5, 9, 10, 32, 38, 40]",44,0,0,1,2,[],0.10976205546417894,0.3769941875227074,23.833333333333332
2022-03-05,v4_ensemble,v1.0.0,"[5, 9, 10, 32, 38, 40]",44,0,0,1,2,[],0.10812637828997498,0.3718384754983102,23.666666666666668
2022-03-09,random,v1.0.0,"[16, 25, 31, 34, 40, 42]",15,0,0,0,1,[],0.10745522698875465,0.37177617994345313,31.333333333333332
2022-03-09,ema_gap,v1.0.0,"[16, 25, 31, 34, 40, 42]",15,1,1,1,1,[42],0.10821702722757806,0.37522061579254196,25.0
2022-03-09,v2_statistical,v1.0.0,"[16, 25, 31, 34, 40, 42]",15,1,1,2,3,[40],0.10736050702583354,0.3690503661426862,21.333333333333332
2022-03-09,v3_boosting,v1.0.0,"[16, 25, 31, 34, 40, 42]",15,0,0,1,1,[],0.11539724362470838,0.40725442630031305,32.666666666666664
2022-03-09,v4_ensemble,v1.0.0,"[16, 25, 31, 34, 40, 42]",15,0,0,0,2,[],0.10990033339303448,0.3816785980774344,27.166666666666668
2022-03-12,random,v1.0.0,"[3, 8, 20, 24, 37, 47]",31,1,1,2,2,[3],0.10745522698875466,0.37177617994345324,23.166666666666668
2022-03-12,ema_gap,v1.0.0,"[3, 8, 20, 24, 37, 47]",31,0,0,0,1,[],0.11312331062575283,0.4031197956275387,32.666666666666664
2022-03-12,v2_statistical,v1.0.0,"[3, 8, 20, 24, 37, 47]",31,0,0,0,0,[],0.11678224578762235,0.4193678395704489,34.666666666666664
2022-03-12,v3_boosting,v1.0.0,"[3, 8, 20, 24, 37, 47]",31,1,1,1,2,[24],0.10648707068419967,0.3746265409101262,27.0
2022-03-12,v4_ensemble,v1.0.0,"[3, 8, 20, 24, 37, 47]",31,1,1,1,1,[24],0.11032953646428806,0.38732898883043254,29.333333333333332
2022-03-16,random,v1.0.0,"[1, 3, 8, 14, 15, 16]",33,2,2,3,6,"[1, 3]",0.10745522698875465,0.37177617994345336,9.5
2022-03-16,ema_gap,v1.0.0,"[1, 3, 8, 14, 15, 16]",33,2,2,2,3,"[3, 8]",0.10532028350712991,0.3609414333360511,18.833333333333332
2022-03-16,v2_statistical,v1.0.0,"[1, 3, 8, 14, 15, 16]",33,1,1,1,2,[3],0.11075192481008879,0.38538913145571096,27.666666666666668
2022-03-16,v3_boosting,v1.0.0,"[1, 3, 8, 14, 15, 16]",33,1,1,3,4,[3],0.10672439849564064,0.3689521918603691,20.833333333333332
2022-03-16,v4_ensemble,v1.0.0,"[1, 3, 8, 14, 15, 16]",33,2,2,2,2,"[3, 8]",0.10687755776846658,0.370171099984565,24.333333333333332
2022-03-19,random,v1.0.0,"[4, 7, 26, 36, 42, 47]",32,1,1,2,2,[4],0.10745522698875466,0.3717761799434532,27.0
2022-03-19,ema_gap,v1.0.0,"[4, 7, 26, 36, 42, 47]",32,2,2,2,2,"[7, 42]",0.10706198971497814,0.37073176952389814,23.666666666666668
2022-03-19,v2_statistical,v1.0.0,"[4, 7, 26, 36, 42, 47]",32,2,2,2,2,"[7, 42]",0.10703544831871997,0.37076031735958964,24.333333333333332
2022-03-19,v3_boosting,v1.0.0,"[4, 7, 26, 36, 42, 47]",32,0,0,0,0,[],0.12140215865822258,0.4335864970411648,36.666666666666664
2022-03-19,v4_ensemble,v1.0.0,"[4, 7, 26, 36, 42, 47]",32,0,0,0,2,[],0.11236953091111566,0.39301846348619573,30.5
2022-03-23,random,v1.0.0,"[8, 11, 12, 23, 29, 36]",49,0,0,3,3,[],0.10745522698875463,0.37177617994345336,19.833333333333332
2022-03-23,ema_gap,v1.0.0,"[8, 11, 12, 23, 29, 36]",49,1,1,2,2,[8],0.10616531186171284,0.36450121767342575,20.333333333333332
2022-03-23,v2_statistical,v1.0.0,"[8, 11, 12, 23, 29, 36]",49,0,0,2,3,[],0.1090967587390382,0.3756148626237182,23.0
2022-03-23,v3_boosting,v1.0.0,"[8, 11, 12, 23, 29, 36]",49,1,1,1,2,[11],0.10474917483546874,0.3588253458604327,19.333333333333332
2022-03-23,v4_ensemble,v1.0.0,"[8, 11, 12, 23, 29, 36]",49,1,1,3,4,[11],0.1058237506925496,0.3626273337493601,16.5
2022-03-26,random,v1.0.0,"[5, 11, 21, 22, 38, 45]",44,1,1,2,2,[5],0.10745522698875465,0.37177617994345324,23.666666666666668
2022-03-26,ema_gap,v1.0.0,"[5, 11, 21, 22, 38, 45]",44,0,0,1,2,[],0.1133192496315559,0.40136969480991036,32.5
2022-03-26,v2_statistical,v1.0.0,"[5, 11, 21, 22, 38, 45]",44,0,0,0,1,[],0.11384313979190654,0.40011635779423177,30.333333333333332
2022-03-26,v3_boosting,v1.0.0,"[5, 11, 21, 22, 38, 45]",44,0,0,0,1,[],0.11373962094361467,0.39634447686468965,27.5
2022-03-26,v4_ensemble,v1.0.0,"[5, 11, 21, 22, 38, 45]",44,0,0,0,0,[],0.11249222579768606,0.39700185941483385,31.666666666666668
2022-03-30,random,v1.0.0,"[3, 7, 15, 21, 35, 40]",37,1,1,2,3,[3],0.10745522698875466,0.37177617994345336,20.166666666666668
2022-03-30,ema_gap,v1.0.0,"[3, 7, 15, 21, 35, 40]",37,2,2,3,4,"[3, 7]",0.1039590070153163,0.3562793605449473,17.166666666666668
2022-03-30,v2_statistical,v1.0.0,"[3, 7, 15, 21, 35, 40]",37,2,2,3,4,"[3, 7]",0.10227772164941062,0.3545781021684129,18.166666666666668
2022-03-30,v3_boosting,v1.0.0,"[3, 7, 15, 21, 35, 40]",37,1,1,1,1,[15],0.11101492262585697,0.38893592888785355,31.833333333333332
2022-03-30,v4_ensemble,v1.0.0,"[3, 7, 15, 21, 35, 40]",37,2,2,2,4,"[7, 15]",0.10574053246567566,0.3642907841344993,20.333333333333332
2022-04-02,random,v1.0.0,"[5, 12, 15, 29, 42, 44]",38,1,1,2,3,[5],0.10745522698875465,0.37177617994345336,24.5
2022-04-02,ema_gap,v1.0.0,"[5, 12, 15, 29, 42, 44]",38,3,3,4,4,"[12, 15, 42]",0.10213243329180176,0.34738319007673574,13.5
2022-04-02,v2_statistical,v1.0.0,"[5, 12, 15, 29, 42, 44]",38,1,1,1,3,[42],0.10564165601475269,0.3615027667473439,19.666666666666668
2022-04-02,v3_boosting,v1.0.0,"[5, 12, 15, 29, 42, 44]",38,0,0,1,2,[],0.1098146812065348,0.37845769959522785,24.333333333333332
2022-04-02,v4_ensemble,v1.0.0,"[5, 12, 15, 29, 42, 44]",38,1,1,1,3,[42],0.10608953909564567,0.36384409599590267,19.833333333333332
2022-04-06,random,v1.0.0,"[2, 8, 9, 16, 39, 49]",21,1,1,3,4,[2],0.10745522698875466,0.37177617994345336,20.5
2022-04-06,ema_gap,v1.0.0,"[2, 8, 9, 16, 39, 49]",21,0,0,1,2,[],0.10966173036127305,0.38078302738403635,27.833333333333332
2022-04-06,v2_statistical,v1.0.0,"[2, 8, 9, 16, 39, 49]",21,0,0,1,2,[],0.11217998462830187,0.3895989278998219,27.5
2022-04-06,v3_boosting,v1.0.0,"[2, 8, 9, 16, 39, 49]",21,2,2,3,3,"[39, 49]",0.1033545144753753,0.3526721154131302,17.0
2022-04-06,v4_ensemble,v1.0.0,"[2, 8, 9, 16, 39, 49]",21,1,1,2,4,[8],0.10627908316780807,0.36661671093000264,20.833333333333332
2022-04-09,random,v1.0.0,"[12, 28, 34, 41, 46, 49]",2,0,0,1,1,[],0.10745522698875466,0.3717761799434531,35.0
2022-04-09,ema_gap,v1.0.0,"[12, 28, 34, 41, 46, 49]",2,1,1,1,1,[12],0.11007682477452363,0.382640501132515,29.666666666666668
2022-04-09,v2_statistical,v1.0.0,"[12, 28, 34, 41, 46, 49]",2,1,1,1,3,[12],0.10840037418308045,0.37163353075600886,21.5
2022-04-09,v3_boosting,v1.0.0,"[12, 28, 34, 41, 46, 49]",2,0,0,0,0,[],0.11844900489619199,0.42096360215413026,34.166666666666664
2022-04-09,v4_ensemble,v1.0.0,"[12, 28, 34, 41, 46, 49]",2,0,0,0,1,[],0.11187565353129407,0.3912867523988996,32.666666666666664
2022-04-13,random,v1.0.0,"[9, 27, 31, 33, 45, 49]",20,0,0,1,1,[],0.10745522698875466,0.3717761799434531,32.333333333333336
2022-04-13,ema_gap,v1.0.0,"[9, 27, 31, 33, 45, 49]",20,0,0,1,1,[],0.11060106330632612,0.3843498878765143,28.5
2022-04-13,v2_statistical,v1.0.0,"[9, 27, 31, 33, 45, 49]",20,1,1,1,3,[9],0.10836853422630004,0.37246456220885965,22.166666666666668
2022-04-13,v3_boosting,v1.0.0,"[9, 27, 31, 33, 45, 49]",20,0,0,0,0,[],0.11708959177004383,0.4124060754226238,33.666666666666664
2022-04-13,v4_ensemble,v1.0.0,"[9, 27, 31, 33, 45, 49]",20,0,0,0,1,[],0.11187508505477793,0.3897521317617749,30.0
2022-04-16,random,v1.0.0,"[7, 13, 26, 35, 36, 38]",40,0,0,1,2,[],0.10745522698875466,0.3717761799434532,25.833333333333332
2022-04-16,ema_gap,v1.0.0,"[7, 13, 26, 35, 36, 38]",40,1,1,1,2,[7],0.10873797087258204,0.38106249680660487,24.0
2022-04-16,v2_statistical,v1.0.0,"[7, 13, 26, 35, 36, 38]",40,1,1,1,4,[7],0.10598412479109165,0.37319191661478185,20.0
2022-04-16,v3_boosting,v1.0.0,"[7, 13, 26, 35, 36, 38]",40,2,2,2,4,"[35, 36]",0.1028662891097577,0.3494961704570756,15.333333333333334
2022-04-16,v4_ensemble,v1.0.0,"[7, 13, 26, 35, 36, 38]",40,3,3,3,4,"[7, 35, 36]",0.10424310708919653,0.36017045088549937,16.333333333333332
2022-04-20,random,v1.0.0,"[6, 10, 13, 17, 21, 37]",34,1,1,2,4,[6],0.10745522698875465,0.37177617994345336,17.333333333333332
2022-04-20,ema_gap,v1.0.0,"[6, 10, 13, 17, 21, 37]",34,0,0,0,0,[],0.11602097345353565,0.41469510230943785,37.833333333333336
2022-04-20,v2_statistical,v1.0.0,"[6, 10, 13, 17, 21, 37]",34,0,0,0,1,[],0.11960650831152914,0.4390223945019907,38.333333333333336
2022-04-20,v3_boosting,v1.0.0,"[6, 10, 13, 17, 21, 37]",34,2,2,3,4,"[6, 37]",0.1009797599010459,0.34545491844221293,17.5
2022-04-20,v4_ensemble,v1.0.0,"[6, 10, 13, 17, 21, 37]",34,1,1,2,3,[37],0.10900692079838047,0.38249491746445163,27.833333333333332
2022-04-23,random,v1.0.0,"[17, 19, 27, 39, 44, 49]",2,0,0,0,1,[],0.10745522698875466,0.3717761799434532,32.5
2022-04-23,ema_gap,v1.0.0,"[17, 19, 27, 39, 44, 49]",2,0,0,0,1,[],0.11145251514868787,0.38845981205009916,29.5
2022-04-23,v2_statistical,v1.0.0,"[17, 19, 27, 39, 44, 49]",2,0,0,1,2,[],0.11329482103822168,0.398331262745638,28.666666666666668
2022-04-23,v3_boosting,v1.0.0,"[17, 19, 27, 39, 44, 49]",2,0,0,1,3,[],0.11045301249156429,0.3717418218777405,18.666666666666668
2022-04-23,v4_ensemble,v1.0.0,"[17, 19, 27, 39, 44, 49]",2,0,0,1,2,[],0.11010274248117757,0.38124171998187495,25.5
2022-04-27,random,v1.0.0,"[6, 26, 29, 32, 33, 41]",2,1,1,1,1,[6],0.10745522698875463,0.37177617994345313,27.833333333333332
2022-04-27,ema_gap,v1.0.0,"[6, 26, 29, 32, 33, 41]",2,0,0,1,1,[],0.1113980760275216,0.3878571967234151,29.666666666666668
2022-04-27,v2_statistical,v1.0.0,"[6, 26, 29, 32, 33, 41]",2,0,0,0,0,[],0.11783175869389796,0.4174416693619047,33.833333333333336
2022-04-27,v3_boosting,v1.0.0,"[6, 26, 29, 32, 33, 41]",2,0,0,0,1,[],0.11198693372676492,0.3893883313107468,28.333333333333332
2022-04-27,v4_ensemble,v1.0.0,"[6, 26, 29, 32, 33, 41]",2,0,0,0,0,[],0.11321413780289992,0.39714813087101597,34.833333333333336
2022-04-30,random,v1.0.0,"[9, 11, 14, 16, 20, 43]",32,0,0,2,4,[],0.10745522698875465,0.37177617994345336,18.833333333333332
2022-04-30,ema_gap,v1.0.0,"[9, 11, 14, 16, 20, 43]",32,0,0,1,1,[],0.11127272570042819,0.3903534034960819,30.5
2022-04-30,v2_statistical,v1.0.0,"[9, 11, 14, 16, 20, 43]",32,1,1,1,1,[9],0.11344140241652499,0.4006575468570039,30.333333333333332
2022-04-30,v3_boosting,v1.0.0,"[9, 11, 14, 16, 20, 43]",32,0,0,0,1,[],0.11524710781623702,0.4028548112391708,30.0
2022-04-30,v4_ensemble,v1.0.0,"[9, 11, 14, 16, 20, 43]",32,0,0,1,1,[],0.11255695970074768,0.39584389465816827,33.333333333333336
2022-05-04,random,v1.0.0,"[4, 21, 22, 36, 41, 43]",31,1,1,1,1,[4],0.10745522698875466,0.37177617994345324,27.833333333333332
2022-05-04,ema_gap,v1.0.0,"[4, 21, 22, 36, 41, 43]",31,0,0,0,1,[],0.11316434363503845,0.39892011207190525,34.0
2022-05-04,v2_statistical,v1.0.0,"[4, 21, 22, 36, 41, 43]",31,0,0,1,2,[],0.11269441776117135,0.39470110024660865,28.166666666666668
2022-05-04,v3_boosting,v1.0.0,"[4, 21, 22, 36, 41, 43]",31,0,0,1,2,[],0.11356103987159757,0.40002389426540813,30.5
2022-05-04,v4_ensemble,v1.0.0,"[4, 21, 22, 36, 41, 43]",31,0,0,0,0,[],0.11203744895580454,0.3923320751287963,34.0
2022-05-07,random,v1.0.0,"[7, 12, 21, 28, 40, 46]",34,0,0,2,2,[],0.10745522698875466,0.37177617994345324,25.666666666666668
2022-05-07,ema_gap,v1.0.0,"[7, 12, 21, 28, 40, 46]",34,2,2,2,2,"[7, 12]",0.1041778345115153,0.356500821896112,19.166666666666668
2022-05-07,v2_statistical,v1.0.0,"[7, 12, 21, 28, 40, 46]",34,1,1,2,3,[7],0.1013550157228898,0.3448818913616339,16.833333333333332
2022-05-07,v3_boosting,v1.0.0,"[7, 12, 21, 28, 40, 46]",34,2,2,2,2,"[12, 46]",0.10464720220203703,0.3664273396937327,24.833333333333332
2022-05-07,v4_ensemble,v1.0.0,"[7, 12, 21, 28, 40, 46]",34,3,3,3,3,"[7, 12, 46]",0.10240727148235759,0.35256665586968167,17.666666666666668
2022-05-11,random,v1.0.0,"[5, 10, 12, 34, 36, 48]",27,1,1,3,3,[5],0.10745522698875466,0.37177617994345336,24.166666666666668
2022-05-11,ema_gap,v1.0.0,"[5, 10, 12, 34, 36, 48]",27,1,1,2,3,[12],0.10653736573933083,0.3701538344141218,22.666666666666668
2022-05-11,v2_statistical,v1.0.0,"[5, 10, 12, 34, 36, 48]",27,1,1,2,4,[12],0.10577937784493427,0.36178982162272194,18.5
2022-05-11,v3_boosting,v1.0.0,"[5, 10, 12, 34, 36, 48]",27,1,1,2,2,[5],0.10627800977442786,0.3700166207596491,24.166666666666668
2022-05-11,v4_ensemble,v1.0.0,"[5, 10, 12, 34, 36, 48]",27,2,2,2,2,"[5, 12]",0.10551331477162505,0.3647962293809168,22.166666666666668
2022-05-14,random,v1.0.0,"[2, 14, 21, 27, 34, 49]",5,1,1,1,2,[2],0.10745522698875466,0.37177617994345324,24.5
2022-05-14,ema_gap,v1.0.0,"[2, 14, 21, 27, 34, 49]",5,0,0,1,3,[],0.1087334117734951,0.3743436398623783,23.5
2022-05-14,v2_statistical,v1.0.0,"[2, 14, 21, 27, 34, 49]",5,0,0,2,4,[],0.10677156144398652,0.36638197222670243,20.0
2022-05-14,v3_boosting,v1.0.0,"[2, 14, 21, 27, 34, 49]",5,1,1,2,2,[34],0.1049398629745763,0.3634463893700113,20.333333333333332
2022-05-14,v4_ensemble,v1.0.0,"[2, 14, 21, 27, 34, 49]",5,1,1,1,4,[34],0.10484491099482263,0.36079467643044605,18.333333333333332
2022-05-18,random,v1.0.0,"[14, 22, 24, 28, 42, 48]",23,0,0,0,1,[],0.10745522698875466,0.37177617994345324,29.666666666666668
2022-05-18,ema_gap,v1.0.0,"[14, 22, 24, 28, 42, 48]",23,1,1,2,3,[14],0.11008401166889385,0.38603700460448265,26.5
2022-05-18,v2_statistical,v1.0.0,"[14, 22, 24, 28, 42, 48]",23,1,1,1,1,[42],0.11505233774316168,0.4121243239873607,31.666666666666668
2022-05-18,v3_boosting,v1.0.0,"[14, 22, 24, 28, 42, 48]",23,1,1,3,4,[14],0.1031480053444346,0.35262723011688213,16.333333333333332
2022-05-18,v4_ensemble,v1.0.0,"[14, 22, 24, 28, 42, 48]",23,0,0,1,2,[],0.1079155765282515,0.3729164315437845,23.5
2022-05-21,random,v1.0.0,"[4, 5, 26, 33, 35, 44]",30,2,2,2,2,"[4, 5]",0.10745522698875465,0.3717761799434532,24.5
2022-05-21,ema_gap,v1.0.0,"[4, 5, 26, 33, 35, 44]",30,0,0,2,2,[],0.10854954684067555,0.3743611842451683,24.5
2022-05-21,v2_statistical,v1.0.0,"[4, 5, 26, 33, 35, 44]",30,0,0,0,1,[],0.11147911747304018,0.38393197471900936,25.833333333333332
2022-05-21,v3_boosting,v1.0.0,"[4, 5, 26, 33, 35, 44]",30,0,0,1,2,[],0.10847881552415688,0.3719924162506445,21.666666666666668
2022-05-21,v4_ensemble,v1.0.0,"[4, 5, 26, 33, 35, 44]",30,0,0,1,1,[],0.10860951190745217,0.37512655995045013,25.5
2022-05-25,random,v1.0.0,"[14, 15, 22, 35, 36, 47]",19,0,0,0,2,[],0.10745522698875466,0.37177617994345324,28.166666666666668
2022-05-25,ema_gap,v1.0.0,"[14, 15, 22, 35, 36, 47]",19,1,1,3,3,[14],0.10666814773440882,0.3698297752682905,21.833333333333332
2022-05-25,v2_statistical,v1.0.0,"[14, 15, 22, 35, 36, 47]",19,0,0,1,1,[],0.111499654267206,0.38677445391201987,26.833333333333332
2022-05-25,v3_boosting,v1.0.0,"[14, 15, 22, 35, 36, 47]",19,1,1,1,1,[22],0.11284892077530598,0.39680123152542207,32.333333333333336
2022-05-25,v4_ensemble,v1.0.0,"[14, 15, 22, 35, 36, 47]",19,0,0,0,2,[],0.11003293373650824,0.38325849573522897,29.333333333333332
2022-05-28,random,v1.0.0,"[6, 13, 15, 29, 45, 48]",1,1,1,1,3,[6],0.10745522698875465,0.37177617994345336,26.0
2022-05-28,ema_gap,v1.0.0,"[6, 13, 15, 29, 45, 48]",1,0,0,1,1,[],0.11182824398418,0.3911640882710915,31.0
2022-05-28,v2_statistical,v1.0.0,"[6, 13, 15, 29, 45, 48]",1,1,1,1,1,[45],0.11241006813718078,0.3973750749452198,29.333333333333332
2022-05-28,v3_boosting,v1.0.0,"[6, 13, 15, 29, 45, 48]",1,1,1,2,2,[13],0.10823906635618172,0.3722517989692158,22.0
2022-05-28,v4_ensemble,v1.0.0,"[6, 13, 15, 29, 45, 48]",1,0,0,0,1,[],0.10943999862621608,0.37940604474963296,27.333333333333332
2022-06-01,random,v1.0.0,"[1, 15, 16, 19, 44, 48]",5,1,1,1,3,[1],0.10745522698875463,0.37177617994345336,23.833333333333332
2022-06-01,ema_gap,v1.0.0,"[1, 15, 16, 19, 44, 48]",5,1,1,1,3,[15],0.10779043330628117,0.37328632243270965,24.0
2022-06-01,v2_statistical,v1.0.0,"[1, 15, 16, 19, 44, 48]",5,1,1,1,2,[15],0.10683503759598756,0.37224817982885877,24.0
2022-06-01,v3_boosting,v1.0.0,"[1, 15, 16, 19, 44, 48]",5,2,2,2,2,"[1, 19]",0.10699786153682239,0.3743643487945091,25.666666666666668
2022-06-01,v4_ensemble,v1.0.0,"[1, 15, 16, 19, 44, 48]",5,2,2,2,2,"[15, 19]",0.10623629935325114,0.36676726077299554,22.166666666666668
2022-06-04,random,v1.0.0,"[14, 24, 32, 36, 37, 48]",17,0,0,0,1,[],0.10745522698875466,0.37177617994345313,31.833333333333332
2022-06-04,ema_gap,v1.0.0,"[14, 24, 32, 36, 37, 48]",17,2,2,3,3,"[14, 36]",0.10513145096131941,0.36407074787090105,21.666666666666668
2022-06-04,v2_statistical,v1.0.0,"[14, 24, 32, 36, 37, 48]",17,2,2,3,3,"[36, 48]",0.10699673896425849,0.3727411801190356,22.5
2022-06-04,v3_boosting,v1.0.0,"[14, 24, 32, 36, 37, 48]",17,2,2,3,3,"[24, 36]",0.1043375469189264,0.3600438205917221,20.666666666666668
2022-06-04,v4_ensemble,v1.0.0,"[14, 24, 32, 36, 37, 48]",17,2,2,2,3,"[36, 48]",0.10453464241652051,0.3607131338272974,20.5
2022-06-08,random,v1.0.0,"[6, 22, 32, 39, 40, 46]",26,1,1,1,1,[6],0.10745522698875466,0.3717761799434531,30.833333333333332
2022-06-08,ema_gap,v1.0.0,"[6, 22, 32, 39, 40, 46]",26,0,0,0,0,[],0.11121094122963243,0.38564880693227244,28.333333333333332
2022-06-08,v2_statistical,v1.0.0,"[6, 22, 32, 39, 40, 46]",26,1,1,1,1,[40],0.11222813421216125,0.39334387019727424,28.833333333333332
2022-06-08,v3_boosting,v1.0.0,"[6, 22, 32, 39, 40, 46]",26,1,1,2,2,[39],0.10772188986676608,0.3766986198697732,24.666666666666668
2022-06-08,v4_ensemble,v1.0.0,"[6, 22, 32, 39, 40, 46]",26,1,1,1,2,[39],0.10855194369279166,0.37712801973908694,26.5
2022-06-11,random,v1.0.0,"[14, 15, 22, 25, 32, 44]",45,0,0,0,2,[],0.10745522698875465,0.37177617994345324,25.333333333333332
2022-06-11,ema_gap,v1.0.0,"[14, 15, 22, 25, 32, 44]",45,2,2,3,4,"[14, 15]",0.10156066033958677,0.3484503170039197,15.666666666666666
2022-06-11,v2_statistical,v1.0.0,"[14, 15, 22, 25, 32, 44]",45,1,1,4,4,[15],0.10526383764495537,0.36428734854108097,19.0
2022-06-11,v3_boosting,v1.0.0,"[14, 15, 22, 25, 32, 44]",45,1,1,3,3,[44],0.10637677306703455,0.36657767161630217,21.5
2022-06-11,v4_ensemble,v1.0.0,"[14, 15, 22, 25, 32, 44]",45,2,2,2,4,"[15, 44]",0.10409257542337529,0.35649368302371304,18.166666666666668
2022-06-15,random,v1.0.0,"[3, 5, 9, 12, 16, 29]",32,2,2,4,5,"[3, 5]",0.10745522698875463,0.3717761799434534,12.333333333333334
2022-06-15,ema_gap,v1.0.0,"[3, 5, 9, 12, 16, 29]",32,0,0,2,2,[],0.10665571312308149,0.364668384933893,18.833333333333332
2022-06-15,v2_statistical,v1.0.0,"[3, 5, 9, 12, 16, 29]",32,0,0,2,3,[],0.10815688496949724,0.3700073648235838,21.0
2022-06-15,v3_boosting,v1.0.0,"[3, 5, 9, 12, 16, 29]",32,2,2,2,3,"[5, 12]",0.10497639121992959,0.3677957298727934,23.833333333333332
2022-06-15,v4_ensemble,v1.0.0,"[3, 5, 9, 12, 16, 29]",32,2,2,2,3,"[5, 12]",0.10540056938363536,0.36504802879885334,23.333333333333332
2022-06-18,random,v1.0.0,"[4, 6, 20, 21, 24, 44]",5,2,2,2,2,"[4, 6]",0.10745522698875463,0.37177617994345324,19.833333333333332
2022-06-18,ema_gap,v1.0.0,"[4, 6, 20, 21, 24, 44]",5,1,1,1,1,[44],0.1111106408892393,0.38871378783201355,29.166666666666668
2022-06-18,v2_statistical,v1.0.0,"[4, 6, 20, 21, 24, 44]",5,0,0,0,1,[],0.11426861512510463,0.4046344169700218,31.5
2022-06-18,v3_boosting,v1.0.0,"[4, 6, 20, 21, 24, 44]",5,2,2,2,3,"[20, 24]",0.10661489486585483,0.370592452869168,22.666666666666668
2022-06-18,v4_ensemble,v1.0.0,"[4, 6, 20, 21, 24, 44]",5,0,0,1,2,[],0.1092735696588859,0.37914301668187494,27.333333333333332
2022-06-22,random,v1.0.0,"[7, 10, 11, 18, 27, 42]",25,0,0,3,4,[],0.10745522698875465,0.37177617994345336,19.166666666666668
2022-06-22,ema_gap,v1.0.0,"[7, 10, 11, 18, 27, 42]",25,0,0,1,2,[],0.11119234953799094,0.38763460787358095,26.833333333333332
2022-06-22,v2_statistical,v1.0.0,"[7, 10, 11, 18, 27, 42]",25,1,1,1,2,[7],0.11131365352118261,0.39254543573527845,27.166666666666668
2022-06-22,v3_boosting,v1.0.0,"[7, 10, 11, 18, 27, 42]",25,0,0,0,1,[],0.11716696568924548,0.41839646791121604,38.0
2022-06-22,v4_ensemble,v1.0.0,"[7, 10, 11, 18, 27, 42]",25,0,0,0,1,[],0.11291825239046538,0.3988861122092038,35.666666666666664
2022-06-25,random,v1.0.0,"[9, 14, 23, 36, 38, 44]",19,0,0,1,2,[],0.10745522698875466,0.3717761799434532,27.333333333333332
2022-06-25,ema_gap,v1.0.0,"[9, 14, 23, 36, 38, 44]",19,3,3,4,4,"[14, 36, 44]",0.10288223382405046,0.3557670216773967,18.833333333333332
2022-06-25,v2_statistical,v1.0.0,"[9, 14, 23, 36, 38, 44]",19,2,2,4,4,"[36, 44]",0.1021643250326857,0.351035783150124,17.0
2022-06-25,v3_boosting,v1.0.0,"[9, 14, 23, 36, 38, 44]",19,1,1,4,5,[23],0.1022162381827569,0.3427700114476531,11.833333333333334
2022-06-25,v4_ensemble,v1.0.0,"[9, 14, 23, 36, 38, 44]",19,3,3,4,5,"[14, 36, 44]",0.10160077911459986,0.3454569016770772,13.0
2022-06-29,random,v1.0.0,"[6, 7, 16, 26, 31, 35]",13,1,1,2,3,[6],0.10745522698875465,0.37177617994345336,20.166666666666668
2022-06-29,ema_gap,v1.0.0,"[6, 7, 16, 26, 31, 35]",13,1,1,2,3,[7],0.1070671558359163,0.3675608549931556,19.666666666666668
2022-06-29,v2_statistical,v1.0.0,"[6, 7, 16, 26, 31, 35]",13,1,1,1,1,[7],0.10683863751789212,0.36766884817054135,23.833333333333332
2022-06-29,v3_boosting,v1.0.0,"[6, 7, 16, 26, 31, 35]",13,1,1,1,2,[7],0.11120642902064654,0.39178472437384315,30.166666666666668
2022-06-29,v4_ensemble,v1.0.0,"[6, 7, 16, 26, 31, 35]",13,1,1,1,1,[7],0.10840725216602833,0.37688605320044705,25.833333333333332
2022-07-02,random,v1.0.0,"[1, 4, 7, 33, 36, 47]",2,2,2,3,3,"[1, 4]",0.10745522698875466,0.37177617994345336,21.333333333333332
2022-07-02,ema_gap,v1.0.0,"[1, 4, 7, 33, 36, 47]",2,2,2,2,2,"[7, 36]",0.10825803023284895,0.3783804548805362,27.333333333333332
2022-07-02,v2_statistical,v1.0.0,"[1, 4, 7, 33, 36, 47]",2,2,2,2,2,"[7, 36]",0.10633616158832067,0.3757489628416857,25.666666666666668
2022-07-02,v3_boosting,v1.0.0,"[1, 4, 7, 33, 36, 47]",2,0,0,1,1,[],0.11660708087769217,0.40768464289955636,30.666666666666668
2022-07-02,v4_ensemble,v1.0.0,"[1, 4, 7, 33, 36, 47]",2,1,1,2,2,[7],0.10987472393587339,0.38343097701843265,29.166666666666668
2022-07-06,random,v1.0.0,"[25, 33, 34, 35, 37, 46]",30,0,0,0,0,[],0.10745522698875466,0.3717761799434531,35.0
2022-07-06,ema_gap,v1.0.0,"[25, 33, 34, 35, 37, 46]",30,0,0,1,1,[],0.11144265365521303,0.3873712337568477,29.5
2022-07-06,v2_statistical,v1.0.0,"[25, 33, 34, 35, 37, 46]",30,0,0,1,2,[],0.11057523408418882,0.38141339898299903,27.333333333333332
2022-07-06,v3_boosting,v1.0.0,"[25, 33, 34, 35, 37, 46]",30,1,1,1,1,[35],0.10852919366708445,0.37626517248614083,26.0
2022-07-06,v4_ensemble,v1.0.0,"[25, 33, 34, 35, 37, 46]",30,1,1,1,2,[35],0.10920544902580151,0.3794986396484227,27.5
2022-07-09,random,v1.0.0,"[8, 12, 21, 33, 34, 45]",23,0,0,2,2,[],0.10745522698875465,0.37177617994345324,25.5
2022-07-09,ema_gap,v1.0.0,"[8, 12, 21, 33, 34, 45]",23,0,0,1,2,[],0.10931877084754583,0.3776079301245086,24.833333333333332
2022-07-09,v2_statistical,v1.0.0,"[8, 12, 21, 33, 34, 45]",23,0,0,0,3,[],0.10747032888963363,0.3651227954739076,20.0
2022-07-09,v3_boosting,v1.0.0,"[8, 12, 21, 33, 34, 45]",23,1,1,1,1,[45],0.11042993119831046,0.38955291680770526,29.666666666666668
2022-07-09,v4_ensemble,v1.0.0,"[8, 12, 21, 33, 34, 45]",23,1,1,1,2,[45],0.10822095089347772,0.37474779938671354,25.833333333333332
2022-07-13,random,v1.0.0,"[13, 18, 19, 21, 35, 40]",29,0,0,0,2,[],0.10745522698875466,0.37177617994345336,24.333333333333332
2022-07-13,ema_gap,v1.0.0,"[13, 18, 19, 21, 35, 40]",29,1,1,2,2,[35],0.11010865067054737,0.38358397447124143,28.0
2022-07-13,v2_statistical,v1.0.0,"[13, 18, 19, 21, 35, 40]",29,0,0,1,2,[],0.1125282316782018,0.3984175055097485,28.833333333333332
2022-07-13,v3_boosting,v1.0.0,"[13, 18, 19, 21, 35, 40]",29,2,2,3,3,"[18, 35]",0.1040698064590103,0.3579897442662367,19.5
2022-07-13,v4_ensemble,v1.0.0,"[13, 18, 19, 21, 35, 40]",29,1,1,2,3,[35],0.10751213553289696,0.3719598638185147,22.333333333333332
2022-07-16,random,v1.0.0,"[8, 19, 23, 34, 37, 44]",21,0,0,1,1,[],0.10745522698875466,0.3717761799434532,27.5
2022-07-16,ema_gap,v1.0.0,"[8, 19, 23, 34, 37, 44]",21,1,1,1,1,[44],0.10685081873070754,0.3662845988974259,21.0
2022-07-16,v2_statistical,v1.0.0,"[8, 19, 23, 34, 37, 44]",21,1,1,1,2,[44],0.10626231560668524,0.3631546302453448,21.0
2022-07-16,v3_boosting,v1.0.0,"[8, 19, 23, 34, 37, 44]",21,0,0,3,3,[],0.11035364262202173,0.3799165448823659,23.0
2022-07-16,v4_ensemble,v1.0.0,"[8, 19, 23, 34, 37, 44]",21,1,1,2,3,[44],0.10695104280613976,0.36870959684004057,21.666666666666668
2022-07-20,random,v1.0.0,"[1, 15, 17, 25, 26, 40]",39,1,1,1,3,[1],0.10745522698875465,0.37177617994345336,20.666666666666668
2022-07-20,ema_gap,v1.0.0,"[1, 15, 17, 25, 26, 40]",39,0,0,1,1,[],0.1106856618674902,0.3871087797534526,27.833333333333332
2022-07-20,v2_statistical,v1.0.0,"[1, 15, 17, 25, 26, 40]",39,1,1,1,1,[40],0.11344053972973855,0.40282874451170886,31.666666666666668
2022-07-20,v3_boosting,v1.0.0,"[1, 15, 17, 25, 26, 40]",39,1,1,1,1,[1],0.11272697959020554,0.3992177738744003,32.666666666666664
2022-07-20,v4_ensemble,v1.0.0,"[1, 15, 17, 25, 26, 40]",39,0,0,0,1,[],0.11177165168159822,0.39145235659144295,32.0
2022-07-23,random,v1.0.0,"[6, 23, 24, 26, 39, 42]",21,1,1,1,1,[6],0.10745522698875465,0.3717761799434532,26.666666666666668
2022-07-23,ema_gap,v1.0.0,"[6, 23, 24, 26, 39, 42]",21,0,0,1,2,[],0.10942809896965659,0.3794793474523045,25.333333333333332
2022-07-23,v2_statistical,v1.0.0,"[6, 23, 24, 26, 39, 42]",21,0,0,1,1,[],0.11393104345516834,0.4018089322665626,30.5
2022-07-23,v3_boosting,v1.0.0,"[6, 23, 24, 26, 39, 42]",21,0,0,1,1,[],0.11395480844622531,0.3982871650948991,29.666666666666668
2022-07-23,v4_ensemble,v1.0.0,"[6, 23, 24, 26, 39, 42]",21,0,0,0,1,[],0.1122002685255653,0.3912922486279806,31.833333333333332
2022-07-27,random,v1.0.0,"[6, 19, 29, 42, 45, 49]",21,1,1,1,1,[6],0.10745522698875466,0.37177617994345313,31.666666666666668
2022-07-27,ema_gap,v1.0.0,"[6, 19, 29, 42, 45, 49]",21,0,0,2,3,[],0.10753738777603815,0.37044190512556996,23.333333333333332
2022-07-27,v2_statistical,v1.0.0,"[6, 19, 29, 42, 45, 49]",21,0,0,1,2,[],0.10735983827149129,0.36596863892327586,20.833333333333332
2022-07-27,v3_boosting,v1.0.0,"[6, 19, 29, 42, 45, 49]",21,1,1,2,2,[42],0.11277182801809565,0.3932209431128273,28.833333333333332
2022-07-27,v4_ensemble,v1.0.0,"[6, 19, 29, 42, 45, 49]",21,1,1,1,2,[42],0.10827410095083087,0.37482286686339483,24.5
2022-07-30,random,v1.0.0,"[9, 21, 22, 27, 35, 47]",31,0,0,1,1,[],0.10745522698875465,0.37177617994345324,26.833333333333332
2022-07-30,ema_gap,v1.0.0,"[9, 21, 22, 27, 35, 47]",31,0,0,2,2,[],0.10860756750426248,0.3760940023970997,25.666666666666668
2022-07-30,v2_statistical,v1.0.0,"[9, 21, 22, 27, 35, 47]",31,0,0,2,2,[],0.10836137686222665,0.37270939483821486,23.0
2022-07-30,v3_boosting,v1.0.0,"[9, 21, 22, 27, 35, 47]",31,2,2,3,3,"[21, 22]",0.10595397845335827,0.36551619014025866,22.166666666666668
2022-07-30,v4_ensemble,v1.0.0,"[9, 21, 22, 27, 35, 47]",31,1,1,2,3,[21],0.10652875770629452,0.3674398634225919,21.333333333333332
2022-08-03,random,v1.0.0,"[10, 15, 24, 27, 42, 46]",36,0,0,1,2,[],0.10745522698875465,0.3717761799434532,27.333333333333332
2022-08-03,ema_gap,v1.0.0,"[10, 15, 24, 27, 42, 46]",36,1,1,2,2,[42],0.10676266025130002,0.36727425300742994,22.333333333333332
2022-08-03,v2_statistical,v1.0.0,"[10, 15, 24, 27, 42, 46]",36,1,1,2,3,[42],0.10712582817858966,0.37005040320466964,22.0
2022-08-03,v3_boosting,v1.0.0,"[10, 15, 24, 27, 42, 46]",36,1,1,2,3,[15],0.10824728772900175,0.3767156898068189,25.5
2022-08-03,v4_ensemble,v1.0.0,"[10, 15, 24, 27, 42, 46]",36,2,2,2,2,"[15, 42]",0.10682250456434506,0.3692684053103653,22.166666666666668
2022-08-06,random,v1.0.0,"[10, 18, 21, 31, 34, 48]",9,0,0,1,2,[],0.10745522698875466,0.37177617994345324,27.0
2022-08-06,ema_gap,v1.0.0,"[10, 18, 21, 31, 34, 48]",9,1,1,1,2,[21],0.10900451639532191,0.3769380394950391,25.333333333333332
2022-08-06,v2_statistical,v1.0.0,"[10, 18, 21, 31, 34, 48]",9,1,1,1,2,[21],0.10724796451869532,0.36803434796718165,21.333333333333332
2022-08-06,v3_boosting,v1.0.0,"[10, 18, 21, 31, 34, 48]",9,0,0,1,2,[],0.11452582165060188,0.398376307731777,27.666666666666668
2022-08-06,v4_ensemble,v1.0.0,"[10, 18, 21, 31, 34, 48]",9,1,1,2,2,[21],0.1094132119168013,0.3804697597173086,26.5
2022-08-10,random,v1.0.0,"[8, 9, 36, 38, 44, 45]",29,0,0,2,2,[],0.10745522698875465,0.3717761799434531,30.0
2022-08-10,ema_gap,v1.0.0,"[8, 9, 36, 38, 44, 45]",29,1,1,2,3,[44],0.10606275828229438,0.364268256111992,19.833333333333332
2022-08-10,v2_statistical,v1.0.0,"[8, 9, 36, 38, 44, 45]",29,1,1,3,3,[44],0.10425226020028605,0.3555416415875711,17.666666666666668
2022-08-10,v3_boosting,v1.0.0,"[8, 9, 36, 38, 44, 45]",29,1,1,2,2,[45],0.11064398818108238,0.3893173481198362,28.166666666666668
2022-08-10,v4_ensemble,v1.0.0,"[8, 9, 36, 38, 44, 45]",29,0,0,2,2,[],0.10640025699382351,0.36588621413446837,21.333333333333332
2022-08-13,random,v1.0.0,"[5, 8, 13, 35, 37, 40]",3,1,1,2,3,[5],0.10745522698875466,0.37177617994345336,23.0
2022-08-13,ema_gap,v1.0.0,"[5, 8, 13, 35, 37, 40]",3,1,1,2,2,[35],0.10746237172870472,0.3704670188157117,22.333333333333332
2022-08-13,v2_statistical,v1.0.0,"[5, 8, 13, 35, 37, 40]",3,1,1,2,3,[40],0.1073582733023345,0.3738918670403388,23.0
2022-08-13,v3_boosting,v1.0.0,"[5, 8, 13, 35, 37, 40]",3,2,2,2,2,"[8, 37]",0.10530574501362151,0.36961888697260864,23.666666666666668
2022-08-13,v4_ensemble,v1.0.0,"[5, 8, 13, 35, 37, 40]",3,1,1,1,4,[8],0.10563561154567884,0.36662698423662343,22.166666666666668
2022-08-17,random,v1.0.0,"[6, 7, 13, 30, 31, 43]",20,1,1,2,3,[6],0.10745522698875466,0.37177617994345336,21.666666666666668
2022-08-17,ema_gap,v1.0.0,"[6, 7, 13, 30, 31, 43]",20,0,0,2,2,[],0.11256008145993175,0.4001869810420577,30.833333333333332
2022-08-17,v2_statistical,v1.0.0,"[6, 7, 13, 30, 31, 43]",20,1,1,1,2,[7],0.11172656792569888,0.39745436056778927,28.166666666666668
2022-08-17,v3_boosting,v1.0.0,"[6, 7, 13, 30, 31, 43]",20,0,0,2,2,[],0.11141915963159418,0.39201441091852485,29.0
2022-08-17,v4_ensemble,v1.0.0,"[6, 7, 13, 30, 31, 43]",20,1,1,2,2,[7],0.11124891565899868,0.3935358284279773,30.166666666666668
2022-08-20,random,v1.0.0,"[1, 5, 11, 29, 40, 49]",22,2,2,3,3,"[1, 5]",0.10745522698875466,0.37177617994345336,22.5
2022-08-20,ema_gap,v1.0.0,"[1, 5, 11, 29, 40, 49]",22,0,0,1,2,[],0.11058494124264033,0.3841810520283853,28.166666666666668
2022-08-20,v2_statistical,v1.0.0,"[1, 5, 11, 29, 40, 49]",22,0,0,1,1,[],0.11431810113328637,0.4028979672395546,31.0
2022-08-20,v3_boosting,v1.0.0,"[1, 5, 11, 29, 40, 49]",22,1,1,2,2,[5],0.11003996356110211,0.38265073005299755,25.333333333333332
2022-08-20,v4_ensemble,v1.0.0,"[1, 5, 11, 29, 40, 49]",22,0,0,1,1,[],0.11046788897512948,0.3849668745959014,29.0
2022-08-24,random,v1.0.0,"[9, 15, 22, 24, 26, 41]",16,0,0,1,2,[],0.10745522698875463,0.37177617994345324,22.833333333333332
2022-08-24,ema_gap,v1.0.0,"[9, 15, 22, 24, 26, 41]",16,0,0,2,3,[],0.1082673409416432,0.3760597512725404,24.333333333333332
2022-08-24,v2_statistical,v1.0.0,"[9, 15, 22, 24, 26, 41]",16,1,1,1,2,[9],0.11134713804903908,0.39153912134420427,27.666666666666668
2022-08-24,v3_boosting,v1.0.0,"[9, 15, 22, 24, 26, 41]",16,1,1,2,4,[22],0.10641237213874741,0.361239487878043,16.333333333333332
2022-08-24,v4_ensemble,v1.0.0,"[9, 15, 22, 24, 26, 41]",16,0,0,1,3,[],0.10769758131246258,0.37097273008653847,22.166666666666668
2022-08-27,random,v1.0.0,"[9, 12, 19, 20, 23, 28]",31,0,0,2,2,[],0.10745522698875466,0.37177617994345324,18.5
2022-08-27,ema_gap,v1.0.0,"[9, 12, 19, 20, 23, 28]",31,1,1,1,1,[9],0.1109244356000275,0.39057719296349597,28.5
2022-08-27,v2_statistical,v1.0.0,"[9, 12, 19, 20, 23, 28]",31,1,1,1,2,[9],0.11154382036807745,0.39328389406327796,27.166666666666668
2022-08-27,v3_boosting,v1.0.0,"[9, 12, 19, 20, 23, 28]",31,0,0,1,1,[],0.11015482513306785,0.3798706994185705,23.833333333333332
2022-08-27,v4_ensemble,v1.0.0,"[9, 12, 19, 20, 23, 28]",31,1,1,1,1,[9],0.11016877734217541,0.3846466531269636,28.166666666666668
2022-08-31,random,v1.0.0,"[9, 18, 25, 33, 35, 41]",19,0,0,1,2,[],0.10745522698875465,0.3717761799434532,26.833333333333332
2022-08-31,ema_gap,v1.0.0,"[9, 18, 25, 33, 35, 41]",19,2,2,2,2,"[9, 35]",0.10688610280695365,0.37118367433495086,24.666666666666668
2022-08-31,v2_statistical,v1.0.0,"[9, 18, 25, 33, 35, 41]",19,1,1,2,2,[9],0.11050681306035043,0.38959772115705005,29.166666666666668
2022-08-31,v3_boosting,v1.0.0,"[9, 18, 25, 33, 35, 41]",19,2,2,2,3,"[18, 35]",0.10547667979321097,0.3645032756943745,20.833333333333332
2022-08-31,v4_ensemble,v1.0.0,"[9, 18, 25, 33, 35, 41]",19,1,1,2,3,[35],0.10654223748862196,0.3691747924494909,23.833333333333332
2022-09-03,random,v1.0.0,"[5, 8, 13, 21, 22, 46]",9,1,1,2,3,[5],0.10745522698875466,0.37177617994345336,19.166666666666668
2022-09-03,ema_gap,v1.0.0,"[5, 8, 13, 21, 22, 46]",9,0,0,1,3,[],0.10678999747727064,0.36563432247861466,21.333333333333332
2022-09-03,v2_statistical,v1.0.0,"[5, 8, 13, 21, 22, 46]",9,1,1,1,3,[21],0.10707776748558821,0.36695567681863395,21.166666666666668
2022-09-03,v3_boosting,v1.0.0,"[5, 8, 13, 21, 22, 46]",9,0,0,1,1,[],0.1123123831256997,0.3909313686923773,28.0
2022-09-03,v4_ensemble,v1.0.0,"[5, 8, 13, 21, 22, 46]",9,0,0,1,2,[],0.10836516051643214,0.3736589799447437,25.333333333333332
2022-09-07,random,v1.0.0,"[11, 12, 13, 16, 29, 35]",7,0,0,2,4,[],0.10745522698875465,0.37177617994345336,19.333333333333332
2022-09-07,ema_gap,v1.0.0,"[11, 12, 13, 16, 29, 35]",7,1,1,1,2,[35],0.10679593562807678,0.36809908700653365,22.5
2022-09-07,v2_statistical,v1.0.0,"[11, 12, 13, 16, 29, 35]",7,0,0,2,2,[],0.1113352108263477,0.3904863386232804,28.0
2022-09-07,v3_boosting,v1.0.0,"[11, 12, 13, 16, 29, 35]",7,0,0,0,1,[],0.11341172392252154,0.3966643505932566,31.0
2022-09-07,v4_ensemble,v1.0.0,"[11, 12, 13, 16, 29, 35]",7,0,0,0,2,[],0.1103652689880379,0.38496138946718456,31.0
2022-09-10,random,v1.0.0,"[11, 15, 19, 29, 41, 49]",38,0,0,1,2,[],0.10745522698875466,0.37177617994345336,27.333333333333332
2022-09-10,ema_gap,v1.0.0,"[11, 15, 19, 29, 41, 49]",38,1,1,1,3,[15],0.10672187157215128,0.36540435924630904,21.0
2022-09-10,v2_statistical,v1.0.0,"[11, 15, 19, 29, 41, 49]",38,0,0,0,1,[],0.10952913732638675,0.3742864816400864,23.166666666666668
2022-09-10,v3_boosting,v1.0.0,"[11, 15, 19, 29, 41, 49]",38,0,0,0,1,[],0.11373596559903038,0.39847846673168374,31.0
2022-09-10,v4_ensemble,v1.0.0,"[11, 15, 19, 29, 41, 49]",38,0,0,0,0,[],0.10996036593098825,0.38110514847728155,27.666666666666668
2022-09-14,random,v1.0.0,"[7, 8, 14, 22, 23, 39]",11,0,0,2,3,[],0.10745522698875465,0.37177617994345336,18.833333333333332
2022-09-14,ema_gap,v1.0.0,"[7, 8, 14, 22, 23, 39]",11,1,1,2,3,[8],0.10774229215661166,0.37119772180721067,21.666666666666668
2022-09-14,v2_statistical,v1.0.0,"[7, 8, 14, 22, 23, 39]",11,0,0,1,2,[],0.10968640573440254,0.37881373717107386,24.0
2022-09-14,v3_boosting,v1.0.0,"[7, 8, 14, 22, 23, 39]",11,1,1,2,4,[39],0.10363483847925294,0.3518239921938217,15.333333333333334
2022-09-14,v4_ensemble,v1.0.0,"[7, 8, 14, 22, 23, 39]",11,0,0,2,3,[],0.10561217208777521,0.3603996036162599,17.5
2022-09-17,random,v1.0.0,"[3, 9, 15, 21, 33, 49]",13,1,1,2,3,[3],0.10745522698875466,0.37177617994345336,21.666666666666668
2022-09-17,ema_gap,v1.0.0,"[3, 9, 15, 21, 33, 49]",13,3,3,3,3,"[9, 15, 21]",0.1032663593486836,0.3548378302313689,17.333333333333332
2022-09-17,v2_statistical,v1.0.0,"[3, 9, 15, 21, 33, 49]",13,2,2,3,4,"[9, 21]",0.10028888502772139,0.34150830062655135,15.333333333333334
2022-09-17,v3_boosting,v1.0.0,"[3, 9, 15, 21, 33, 49]",13,1,1,3,3,[21],0.1083648734883108,0.3766927447823872,23.166666666666668
2022-09-17,v4_ensemble,v1.0.0,"[3, 9, 15, 21, 33, 49]",13,2,2,4,4,"[15, 21]",0.10342688520730571,0.35573147794379484,17.5
2022-09-21,random,v1.0.0,"[1, 26, 33, 37, 44, 49]",31,1,1,1,1,[1],0.10745522698875466,0.3717761799434531,31.666666666666668
2022-09-21,ema_gap,v1.0.0,"[1, 26, 33, 37, 44, 49]",31,0,0,1,4,[],0.10755102411131037,0.3687952363407194,20.833333333333332
2022-09-21,v2_statistical,v1.0.0,"[1, 26, 33, 37, 44, 49]",31,0,0,0,2,[],0.1117137670355578,0.3836559487777691,24.333333333333332
2022-09-21,v3_boosting,v1.0.0,"[1, 26, 33, 37, 44, 49]",31,0,0,0,1,[],0.11368556521221304,0.39834611243712914,30.833333333333332
2022-09-21,v4_ensemble,v1.0.0,"[1, 26, 33, 37, 44, 49]",31,0,0,1,2,[],0.11063310335696286,0.3857313307292444,30.5
2022-09-24,random,v1.0.0,"[10, 13, 21, 37, 40, 41]",48,0,0,1,2,[],0.10745522698875466,0.37177617994345324,27.0
2022-09-24,ema_gap,v1.0.0,"[10, 13, 21, 37, 40, 41]",48,1,1,1,2,[21],0.10672234353126309,0.3657506776008297,21.166666666666668
2022-09-24,v2_statistical,v1.0.0,"[10, 13, 21, 37, 40, 41]",48,1,1,2,2,[21],0.10824326516039953,0.3731988864654573,24.0
2022-09-24,v3_boosting,v1.0.0,"[10, 13, 21, 37, 40, 41]",48,0,0,2,2,[],0.11309417922931782,0.3926275851594829,28.0
2022-09-24,v4_ensemble,v1.0.0,"[10, 13, 21, 37, 40, 41]",48,1,1,2,2,[21],0.10887062865751364,0.37688515939330436,25.833333333333332
2022-09-28,random,v1.0.0,"[7, 10, 11, 24, 32, 40]",25,0,0,3,3,[],0.10745522698875465,0.37177617994345336,20.666666666666668
2022-09-28,ema_gap,v1.0.0,"[7, 10, 11, 24, 32, 40]",25,0,0,2,2,[],0.10842690721522208,0.374716988615535,23.5
2022-09-28,v2_statistical,v1.0.0,"[7, 10, 11, 24, 32, 40]",25,2,2,2,3,"[7, 40]",0.10688467698068818,0.36839058939151675,21.5
2022-09-28,v3_boosting,v1.0.0,"[7, 10, 11, 24, 32, 40]",25,0,0,1,4,[],0.10474587338572222,0.3529870242779635,16.166666666666668
2022-09-28,v4_ensemble,v1.0.0,"[7, 10, 11, 24, 32, 40]",25,2,2,3,3,"[7, 40]",0.10511490131034934,0.360453801598339,17.666666666666668
2022-10-01,random,v1.0.0,"[4, 19, 21, 24, 25, 36]",9,1,1,1,1,[4],0.10745522698875466,0.37177617994345324,21.5
2022-10-01,ema_gap,v1.0.0,"[4, 19, 21, 24, 25, 36]",9,1,1,1,1,[21],0.1079397462596413,0.3742331240662264,25.166666666666668
2022-10-01,v2_statistical,v1.0.0,"[4, 19, 21, 24, 25, 36]",9,1,1,1,1,[21],0.10991481191824752,0.38178221513335914,26.166666666666668
2022-10-01,v3_boosting,v1.0.0,"[4, 19, 21, 24, 25, 36]",9,0,0,0,1,[],0.11407890807334267,0.39928525600031284,30.333333333333332
2022-10-01,v4_ensemble,v1.0.0,"[4, 19, 21, 24, 25, 36]",9,0,0,1,1,[],0.11052606577385363,0.38480637295499737,31.333333333333332
2022-10-05,random,v1.0.0,"[3, 6, 10, 19, 28, 31]",2,2,2,3,3,"[3, 6]",0.10745522698875465,0.37177617994345336,16.166666666666668
2022-10-05,ema_gap,v1.0.0,"[3, 6, 10, 19, 28, 31]",2,0,0,1,2,[],0.10990793279026341,0.38156740086846186,27.833333333333332
2022-10-05,v2_statistical,v1.0.0,"[3, 6, 10, 19, 28, 31]",2,0,0,1,2,[],0.11045403367035286,0.38388057728274183,25.333333333333332
2022-10-05,v3_boosting,v1.0.0,"[3, 6, 10, 19, 28, 31]",2,2,2,4,5,"[3, 31]",0.10206520010968545,0.34450564108403325,13.833333333333334
2022-10-05,v4_ensemble,v1.0.0,"[3, 6, 10, 19, 28, 31]",2,0,0,2,5,[],0.10575862075860343,0.36277781811258875,19.5
2022-10-08,random,v1.0.0,"[1, 5, 21, 35, 37, 41]",6,2,2,2,2,"[1, 5]",0.10745522698875465,0.37177617994345324,23.333333333333332
2022-10-08,ema_gap,v1.0.0,"[1, 5, 21, 35, 37, 41]",6,2,2,2,3,"[21, 35]",0.10314957441175866,0.3520986782952138,17.5
2022-10-08,v2_statistical,v1.0.0,"[1, 5, 21, 35, 37, 41]",6,1,1,2,2,[21],0.1066770985446678,0.36748625588873546,23.0
2022-10-08,v3_boosting,v1.0.0,"[1, 5, 21, 35, 37, 41]",6,1,1,1,2,[1],0.11140529548732195,0.3945294091491782,28.166666666666668
2022-10-08,v4_ensemble,v1.0.0,"[1, 5, 21, 35, 37, 41]",6,1,1,2,2,[1],0.10651870484279737,0.36706551310333574,21.666666666666668
2022-10-12,random,v1.0.0,"[8, 10, 25, 36, 38, 41]",42,0,0,2,2,[],0.10745522698875466,0.3717761799434532,26.333333333333332
2022-10-12,ema_gap,v1.0.0,"[8, 10, 25, 36, 38, 41]",42,0,0,2,4,[],0.10715041802736593,0.36863034981416526,20.5
2022-10-12,v2_statistical,v1.0.0,"[8, 10, 25, 36, 38, 41]",42,0,0,0,1,[],0.11094146817714787,0.38436459750112245,26.333333333333332
2022-10-12,v3_boosting,v1.0.0,"[8, 10, 25, 36, 38, 41]",42,0,0,2,3,[],0.11298309996954689,0.39674610547889194,28.333333333333332
2022-10-12,v4_ensemble,v1.0.0,"[8, 10, 25, 36, 38, 41]",42,0,0,1,2,[],0.11040212375582374,0.38466183782798,28.5
2022-10-15,random,v1.0.0,"[7, 9, 12, 33, 35, 36]",6,0,0,3,3,[],0.10745522698875465,0.37177617994345336,22.0
2022-10-15,ema_gap,v1.0.0,"[7, 9, 12, 33, 35, 36]",6,2,2,4,5,"[9, 35]",0.10095698258635906,0.34142753578353074,10.833333333333334
2022-10-15,v2_statistical,v1.0.0,"[7, 9, 12, 33, 35, 36]",6,2,2,4,4,"[7, 9]",0.10081819650218346,0.3388224681463955,11.666666666666666
2022-10-15,v3_boosting,v1.0.0,"[7, 9, 12, 33, 35, 36]",6,0,0,0,1,[],0.11427309025333414,0.4005925292722602,30.666666666666668
2022-10-15,v4_ensemble,v1.0.0,"[7, 9, 12, 33, 35, 36]",6,1,1,2,3,[9],0.10595358306876487,0.3626275473095238,17.833333333333332
2022-10-19,random,v1.0.0,"[4, 15, 30, 35, 42, 43]",24,1,1,1,2,[4],0.10745522698875466,0.37177617994345313,28.166666666666668
2022-10-19,ema_gap,v1.0.0,"[4, 15, 30, 35, 42, 43]",24,1,1,2,2,[35],0.10972573238969272,0.38608030202946964,28.333333333333332
2022-10-19,v2_statistical,v1.0.0,"[4, 15, 30, 35, 42, 43]",24,1,1,1,1,[35],0.112928496718312,0.39939937818578947,29.333333333333332
2022-10-19,v3_boosting,v1.0.0,"[4, 15, 30, 35, 42, 43]",24,1,1,2,2,[35],0.10782612347070716,0.37128428186400836,20.333333333333332
2022-10-19,v4_ensemble,v1.0.0,"[4, 15, 30, 35, 42, 43]",24,1,1,1,2,[35],0.10846060764266655,0.3790832047442254,28.5
2022-10-22,random,v1.0.0,"[2, 17, 24, 36, 40, 49]",30,1,1,1,2,[2],0.10745522698875466,0.3717761799434532,28.0
2022-10-22,ema_gap,v1.0.0,"[2, 17, 24, 36, 40, 49]",30,1,1,1,3,[36],0.11043971501092394,0.389896612828062,26.166666666666668
2022-10-22,v2_statistical,v1.0.0,"[2, 17, 24, 36, 40, 49]",30,2,2,2,3,"[36, 40]",0.10814826477445968,0.38836343228147663,24.0
2022-10-22,v3_boosting,v1.0.0,"[2, 17, 24, 36, 40, 49]",30,0,0,1,1,[],0.11304316018719211,0.39067187039873613,25.166666666666668
2022-10-22,v4_ensemble,v1.0.0,"[2, 17, 24, 36, 40, 49]",30,2,2,2,2,"[36, 40]",0.10961417817792041,0.3856272287001213,26.833333333333332
2022-10-26,random,v1.0.0,"[10, 15, 23, 38, 39, 45]",37,0,0,1,2,[],0.10745522698875465,0.3717761799434532,28.333333333333332
2022-10-26,ema_gap,v1.0.0,"[10, 15, 23, 38, 39, 45]",37,1,1,2,2,[15],0.10989946582980932,0.3835880415358946,27.5
2022-10-26,v2_statistical,v1.0.0,"[10, 15, 23, 38, 39, 45]",37,0,0,2,2,[],0.11015588113656741,0.3823320476071272,25.333333333333332
2022-10-26,v3_boosting,v1.0.0,"[10, 15, 23, 38, 39, 45]",37,1,1,3,3,[15],0.10529380364731929,0.3626156863701428,19.5
2022-10-26,v4_ensemble,v1.0.0,"[10, 15, 23, 38, 39, 45]",37,1,1,2,2,[15],0.1071888128839495,0.3711398605920193,24.666666666666668
2022-10-29,random,v1.0.0,"[9, 13, 20, 26, 28, 40]",44,0,0,1,2,[],0.10745522698875465,0.37177617994345324,22.666666666666668
2022-10-29,ema_gap,v1.0.0,"[9, 13, 20, 26, 28, 40]",44,1,1,2,2,[9],0.10835673871636876,0.376955373158778,23.833333333333332
2022-10-29,v2_statistical,v1.0.0,"[9, 13, 20, 26, 28, 40]",44,2,2,2,3,"[9, 40]",0.10764180132959456,0.37598352285988784,24.833333333333332
2022-10-29,v3_boosting,v1.0.0,"[9, 13, 20, 26, 28, 40]",44,1,1,3,3,[26],0.10420496628258587,0.3553102717411341,17.833333333333332
2022-10-29,v4_ensemble,v1.0.0,"[9, 13, 20, 26, 28, 40]",44,1,1,3,4,[9],0.10548949117822913,0.36359688806393037,21.0
2022-11-02,random,v1.0.0,"[19, 25, 38, 40, 47, 48]",20,0,0,0,0,[],0.10745522698875466,0.37177617994345313,36.166666666666664
2022-11-02,ema_gap,v1.0.0,"[19, 25, 38, 40, 47, 48]",20,1,1,2,2,[40],0.11022897690501676,0.3865507945795254,28.0
2022-11-02,v2_statistical,v1.0.0,"[19, 25, 38, 40, 47, 48]",20,1,1,2,2,[40],0.10830561606109203,0.38040988984024443,26.166666666666668
2022-11-02,v3_boosting,v1.0.0,"[19, 25, 38, 40, 47, 48]",20,0,0,2,2,[],0.11267970499036752,0.39225503604913947,25.833333333333332
2022-11-02,v4_ensemble,v1.0.0,"[19, 25, 38, 40, 47, 48]",20,2,2,2,2,"[19, 40]",0.10908982637951545,0.3808288244266964,26.166666666666668
2022-11-05,random,v1.0.0,"[2, 20, 31, 40, 48, 49]",44,1,1,1,1,[2],0.10745522698875466,0.3717761799434531,31.666666666666668
2022-11-05,ema_gap,v1.0.0,"[2, 20, 31, 40, 48, 49]",44,1,1,2,2,[40],0.10907038901636733,0.3810838751318234,27.333333333333332
2022-11-05,v2_statistical,v1.0.0,"[2, 20, 31, 40, 48, 49]",44,1,1,2,3,[40],0.10710736669102416,0.3761281135671016,23.166666666666668
2022-11-05,v3_boosting,v1.0.0,"[2, 20, 31, 40, 48, 49]",44,0,0,2,2,[],0.11305745340242263,0.3968876956737493,30.333333333333332
2022-11-05,v4_ensemble,v1.0.0,"[2, 20, 31, 40, 48, 49]",44,1,1,2,3,[49],0.10916450746117919,0.3813837952168872,26.333333333333332
2022-11-09,random,v1.0.0,"[21, 23, 30, 34, 41, 49]",13,0,0,0,0,[],0.10745522698875466,0.37177617994345313,33.0
2022-11-09,ema_gap,v1.0.0,"[21, 23, 30, 34, 41, 49]",13,1,1,2,3,[21],0.1079733961703003,0.3753666499825585,24.166666666666668
2022-11-09,v2_statistical,v1.0.0,"[21, 23, 30, 34, 41, 49]",13,0,0,2,4,[],0.10878985985678041,0.3734221604442666,20.5
2022-11-09,v3_boosting,v1.0.0,"[21, 23, 30, 34, 41, 49]",13,0,0,0,0,[],0.11637135524410235,0.40747011552415513,31.666666666666668
2022-11-09,v4_ensemble,v1.0.0,"[21, 23, 30, 34, 41, 49]",13,0,0,0,2,[],0.11086718296633039,0.38475072754182216,26.666666666666668
2022-11-12,random,v1.0.0,"[1, 20, 24, 32, 36, 37]",5,1,1,1,1,[1],0.10745522698875466,0.3717761799434532,25.0
2022-11-12,ema_gap,v1.0.0,"[1, 20, 24, 32, 36, 37]",5,0,0,1,1,[],0.11010830114124748,0.3822337700886623,26.666666666666668
2022-11-12,v2_statistical,v1.0.0,"[1, 20, 24, 32, 36, 37]",5,1,1,1,1,[36],0.11294138418133054,0.3948977516748348,28.5
2022-11-12,v3_boosting,v1.0.0,"[1, 20, 24, 32, 36, 37]",5,1,1,2,3,[20],0.10836190448167593,0.3763753539773323,23.166666666666668
2022-11-12,v4_ensemble,v1.0.0,"[1, 20, 24, 32, 36, 37]",5,0,0,2,3,[],0.10910512822015025,0.3796836908920525,25.5
2022-11-16,random,v1.0.0,"[4, 6, 12, 20, 41, 44]",31,2,2,3,3,"[4, 6]",0.10745522698875465,0.37177617994345336,21.166666666666668
2022-11-16,ema_gap,v1.0.0,"[4, 6, 12, 20, 41, 44]",31,0,0,1,1,[],0.10995013961802914,0.3797762944840113,25.0
2022-11-16,v2_statistical,v1.0.0,"[4, 6, 12, 20, 41, 44]",31,0,0,0,3,[],0.11167710294130427,0.383405405843471,24.666666666666668
2022-11-16,v3_boosting,v1.0.0,"[4, 6, 12, 20, 41, 44]",31,1,1,3,3,[4],0.11024342638031802,0.38091848839630627,25.0
2022-11-16,v4_ensemble,v1.0.0,"[4, 6, 12, 20, 41, 44]",31,1,1,2,3,[41],0.10914067467183011,0.3785816238496548,24.833333333333332
2022-11-19,random,v1.0.0,"[12, 16, 21, 32, 38, 45]",15,0,0,1,2,[],0.10745522698875465,0.37177617994345324,27.333333333333332
2022-11-19,ema_gap,v1.0.0,"[12, 16, 21, 32, 38, 45]",15,1,1,2,2,[21],0.10851800585154976,0.377477087386963,26.0
2022-11-19,v2_statistical,v1.0.0,"[12, 16, 21, 32, 38, 45]",15,1,1,1,3,[21],0.1083853428761835,0.37483996849601703,23.166666666666668
2022-11-19,v3_boosting,v1.0.0,"[12, 16, 21, 32, 38, 45]",15,0,0,2,2,[],0.11153485484760046,0.38587297351764416,25.333333333333332
2022-11-19,v4_ensemble,v1.0.0,"[12, 16, 21, 32, 38, 45]",15,1,1,2,3,[21],0.10868935110284071,0.37699083471113515,25.0
2022-11-23,random,v1.0.0,"[3, 14, 19, 20, 28, 47]",37,1,1,1,2,[3],0.10745522698875466,0.37177617994345324,21.833333333333332
2022-11-23,ema_gap,v1.0.0,"[3, 14, 19, 20, 28, 47]",37,0,0,1,1,[],0.11280840575049508,0.395744229031478,31.833333333333332
2022-11-23,v2_statistical,v1.0.0,"[3, 14, 19, 20, 28, 47]",37,0,0,1,1,[],0.11537668471874744,0.40870105253518757,32.333333333333336
2022-11-23,v3_boosting,v1.0.0,"[3, 14, 19, 20, 28, 47]",37,0,0,2,3,[],0.11144390380830485,0.38460504175680676,24.5
2022-11-23,v4_ensemble,v1.0.0,"[3, 14, 19, 20, 28, 47]",37,0,0,0,1,[],0.11211669666221973,0.3918424776678194,29.5
2022-11-26,random,v1.0.0,"[18, 26, 32, 37, 42, 43]",10,0,0,0,1,[],0.10745522698875466,0.37177617994345313,33.0
2022-11-26,ema_gap,v1.0.0,"[18, 26, 32, 37, 42, 43]",10,0,0,1,1,[],0.11262644224511985,0.3954419351860668,31.166666666666668
2022-11-26,v2_statistical,v1.0.0,"[18, 26, 32, 37, 42, 43]",10,0,0,0,1,[],0.11467385780146727,0.4012054807072331,28.833333333333332
2022-11-26,v3_boosting,v1.0.0,"[18, 26, 32, 37, 42, 43]",10,0,0,1,1,[],0.11587880988181128,0.4091067348075415,31.666666666666668
2022-11-26,v4_ensemble,v1.0.0,"[18, 26, 32, 37, 42, 43]",10,0,0,0,0,[],0.11304023452743724,0.39680876819411015,35.333333333333336
2022-11-30,random,v1.0.0,"[4, 11, 16, 19, 27, 35]",25,1,1,2,3,[4],0.10745522698875465,0.37177617994345336,18.666666666666668
2022-11-30,ema_gap,v1.0.0,"[4, 11, 16, 19, 27, 35]",25,2,2,2,2,"[19, 35]",0.10973308738051221,0.3844156390174275,27.833333333333332
2022-11-30,v2_statistical,v1.0.0,"[4, 11, 16, 19, 27, 35]",25,1,1,2,2,[19],0.11185130013181298,0.3967176193950832,28.833333333333332
2022-11-30,v3_boosting,v1.0.0,"[4, 11, 16, 19, 27, 35]",25,1,1,1,1,[35],0.1109598189309675,0.3872670609897438,29.666666666666668
2022-11-30,v4_ensemble,v1.0.0,"[4, 11, 16, 19, 27, 35]",25,1,1,2,2,[35],0.11030150183553755,0.3878872714979285,29.333333333333332
2022-12-03,random,v1.0.0,"[4, 18, 26, 36, 41, 42]",32,1,1,1,2,[4],0.10745522698875466,0.3717761799434532,27.833333333333332
2022-12-03,ema_gap,v1.0.0,"[4, 18, 26, 36, 41, 42]",32,1,1,3,4,[36],0.10511509239549197,0.3589906333155558,16.5
2022-12-03,v2_statistical,v1.0.0,"[4, 18, 26, 36, 41, 42]",32,1,1,3,3,[36],0.10620420746699673,0.3653078403317532,20.833333333333332
2022-12-03,v3_boosting,v1.0.0,"[4, 18, 26, 36, 41, 42]",32,0,0,1,2,[],0.1117033824591337,0.38760739852987763,27.166666666666668
2022-12-03,v4_ensemble,v1.0.0,"[4, 18, 26, 36, 41, 42]",32,1,1,1,3,[36],0.10747447611928827,0.37061408422895725,23.0
2022-12-07,random,v1.0.0,"[22, 23, 38, 41, 44, 48]",8,0,0,0,0,[],0.10745522698875466,0.37177617994345313,36.0
2022-12-07,ema_gap,v1.0.0,"[22, 23, 38, 41, 44, 48]",8,1,1,1,1,[41],0.10912567644034898,0.37805856207345506,25.166666666666668
2022-12-07,v2_statistical,v1.0.0,"[22, 23, 38, 41, 44, 48]",8,0,0,0,2,[],0.11199487130738792,0.38544074422636454,25.0
2022-12-07,v3_boosting,v1.0.0,"[22, 23, 38, 41, 44, 48]",8,2,2,3,3,"[41, 48]",0.10149315278501174,0.34785891031690586,16.833333333333332
2022-12-07,v4_ensemble,v1.0.0,"[22, 23, 38, 41, 44, 48]",8,1,1,3,3,[41],0.10540655800509519,0.36229199925767586,18.666666666666668
2022-12-10,random,v1.0.0,"[10, 14, 20, 35, 37, 40]",48,0,0,1,2,[],0.10745522698875465,0.37177617994345324,26.0
2022-12-10,ema_gap,v1.0.0,"[10, 14, 20, 35, 37, 40]",48,2,2,3,4,"[35, 40]",0.10278680926566709,0.3496888744318655,14.0
2022-12-10,v2_statistical,v1.0.0,"[10, 14, 20, 35, 37, 40]",48,2,2,2,3,"[35, 40]",0.103248816830709,0.3515658165833951,17.5
2022-12-10,v3_boosting,v1.0.0,"[10, 14, 20, 35, 37, 40]",48,2,2,3,4,"[37, 40]",0.1011955410637815,0.3480423846649039,17.5
2022-12-10,v4_ensemble,v1.0.0,"[10, 14, 20, 35, 37, 40]",48,2,2,3,4,"[37, 40]",0.10089861293910751,0.3441762386202288,13.833333333333334
2022-12-14,random,v1.0.0,"[9, 21, 34, 37, 41, 44]",24,0,0,1,1,[],0.10745522698875466,0.3717761799434531,31.0
2022-12-14,ema_gap,v1.0.0,"[9, 21, 34, 37, 41, 44]",24,2,2,4,5,"[21, 41]",0.10126526969049654,0.3446422713459233,13.166666666666666
2022-12-14,v2_statistical,v1.0.0,"[9, 21, 34, 37, 41, 44]",24,2,2,4,6,"[21, 41]",0.1003882718500051,0.33583987609612065,10.666666666666666
2022-12-14,v3_boosting,v1.0.0,"[9, 21, 34, 37, 41, 44]",24,0,0,1,1,[],0.11276560182964086,0.3945391571381145,31.0
2022-12-14,v4_ensemble,v1.0.0,"[9, 21, 34, 37, 41, 44]",24,0,0,2,4,[],0.10507676282391068,0.3594763008607066,17.666666666666668
2022-12-17,random,v1.0.0,"[11, 18, 20, 23, 29, 42]",6,0,0,1,2,[],0.10745522698875465,0.37177617994345324,23.833333333333332
2022-12-17,ema_gap,v1.0.0,"[11, 18, 20, 23, 29, 42]",6,0,0,1,3,[],0.11002210632331257,0.3806347178249733,24.0
2022-12-17,v2_statistical,v1.0.0,"[11, 18, 20, 23, 29, 42]",6,0,0,0,1,[],0.11390116353574076,0.39676311754770494,28.0
2022-12-17,v3_boosting,v1.0.0,"[11, 18, 20, 23, 29, 42]",6,2,2,4,4,"[11, 18]",0.10180910096929936,0.35252718870932487,18.5
2022-12-17,v4_ensemble,v1.0.0,"[11, 18, 20, 23, 29, 42]",6,1,1,1,4,[11],0.1066407831710496,0.36858368952410986,21.166666666666668
2022-12-21,random,v1.0.0,"[29, 34, 37, 38, 42, 49]",41,0,0,0,0,[],0.10745522698875469,0.3717761799434531,38.166666666666664
2022-12-21,ema_gap,v1.0.0,"[29, 34, 37, 38, 42, 49]",41,1,1,2,3,[37],0.10552299632049753,0.3603790680550278,17.666666666666668
2022-12-21,v2_statistical,v1.0.0,"[29, 34, 37, 38, 42, 49]",41,0,0,3,4,[],0.10351638089550963,0.3480569972308265,15.166666666666666
2022-12-21,v3_boosting,v1.0.0,"[29, 34, 37, 38, 42, 49]",41,1,1,3,3,[49],0.10619551754172425,0.36324146424348075,19.666666666666668
2022-12-21,v4_ensemble,v1.0.0,"[29, 34, 37, 38, 42, 49]",41,2,2,3,4,"[42, 49]",0.10372022736088178,0.3545086088694352,14.0
2022-12-24,random,v1.0.0,"[10, 11, 21, 22, 24, 30]",32,0,0,2,2,[],0.10745522698875465,0.37177617994345324,19.666666666666668
2022-12-24,ema_gap,v1.0.0,"[10, 11, 21, 22, 24, 30]",32,1,1,1,3,[21],0.10756925718472322,0.3725431190126654,22.666666666666668
2022-12-24,v2_statistical,v1.0.0,"[10, 11, 21, 22, 24, 30]",32,1,1,1,2,[21],0.1103306170295819,0.38596092643911656,25.5
2022-12-24,v3_boosting,v1.0.0,"[10, 11, 21, 22, 24, 30]",32,1,1,2,2,[30],0.1085967132855366,0.37652342002170297,23.0
2022-12-24,v4_ensemble,v1.0.0,"[10, 11, 21, 22, 24, 30]",32,1,1,1,2,[21],0.10752502798469385,0.3712382383585808,22.833333333333332
2023-01-04,random,v1.0.0,"[4, 17, 21, 22, 31, 38]",46,1,1,1,2,[4],0.10745522698875466,0.37177617994345324,22.166666666666668
2023-01-04,ema_gap,v1.0.0,"[4, 17, 21, 22, 31, 38]",46,1,1,1,2,[21],0.10765934341093597,0.3764098513659768,25.333333333333332
2023-01-04,v2_statistical,v1.0.0,"[4, 17, 21, 22, 31, 38]",46,1,1,1,2,[21],0.10894386373636215,0.38402438425207924,23.333333333333332
2023-01-04,v3_boosting,v1.0.0,"[4, 17, 21, 22, 31, 38]",46,0,0,2,3,[],0.10614846306411092,0.363637819861101,20.333333333333332
2023-01-04,v4_ensemble,v1.0.0,"[4, 17, 21, 22, 31, 38]",46,1,1,1,1,[21],0.10623160096833839,0.36554474269112025,22.0
2023-01-07,random,v1.0.0,"[5, 6, 14, 16, 45, 48]",18,2,2,2,4,"[5, 6]",0.10745522698875465,0.37177617994345336,22.333333333333332
2023-01-07,ema_gap,v1.0.0,"[5, 6, 14, 16, 45, 48]",18,0,0,0,0,[],0.11366041859375137,0.39803179033209996,32.666666666666664
2023-01-07,v2_statistical,v1.0.0,"[5, 6, 14, 16, 45, 48]",18,0,0,0,0,[],0.11798604388382669,0.4170174814224372,34.166666666666664
2023-01-07,v3_boosting,v1.0.0,"[5, 6, 14, 16, 45, 48]",18,0,0,0,0,[],0.1182171088697409,0.4132396838781661,34.666666666666664
2023-01-07,v4_ensemble,v1.0.0,"[5, 6, 14, 16, 45, 48]",18,0,0,0,0,[],0.11552625860097648,0.4096382149829832,40.166666666666664
2023-01-11,random,v1.0.0,"[13, 17, 22, 30, 31, 47]",7,0,0,0,2,[],0.10745522698875466,0.37177617994345324,26.666666666666668
2023-01-11,ema_gap,v1.0.0,"[13, 17, 22, 30, 31, 47]",7,0,0,0,1,[],0.11469120386973004,0.4058684005670905,36.166666666666664
2023-01-11,v2_statistical,v1.0.0,"[13, 17, 22, 30, 31, 47]",7,0,0,0,0,[],0.1200188661311538,0.43062240600346346,36.666666666666664
2023-01-11,v3_boosting,v1.0.0,"[13, 17, 22, 30, 31, 47]",7,0,0,1,3,[],0.11091438870110057,0.38500927193025913,26.666666666666668
2023-01-11,v4_ensemble,v1.0.0,"[13, 17, 22, 30, 31, 47]",7,0,0,0,0,[],0.11374978666563096,0.4012984293039384,36.333333333333336
2023-01-14,random,v1.0.0,"[1, 10, 11, 13, 29, 37]",47,1,1,3,4,[1],0.10745522698875463,0.3717761799434534,16.833333333333332
2023-01-14,ema_gap,v1.0.0,"[1, 10, 11, 13, 29, 37]",47,1,1,2,3,[37],0.10630717944740156,0.3653531473782088,20.666666666666668
2023-01-14,v2_statistical,v1.0.0,"[1, 10, 11, 13, 29, 37]",47,1,1,1,2,[37],0.11207544740346288,0.39092373114888135,26.833333333333332
2023-01-14,v3_boosting,v1.0.0,"[1, 10, 11, 13, 29, 37]",47,0,0,1,1,[],0.11060439443275555,0.3804495644153959,23.333333333333332
2023-01-14,v4_ensemble,v1.0.0,"[1, 10, 11, 13, 29, 37]",47,1,1,1,3,[37],0.10920116399850574,0.3790547597273369,24.5
2023-01-18,random,v1.0.0,"[6, 13, 25, 31, 41, 47]",46,1,1,1,2,[6],0.10745522698875465,0.3717761799434532,27.166666666666668
2023-01-18,ema_gap,v1.0.0,"[6, 13, 25, 31, 41, 47]",46,1,1,1,2,[41],0.10879660415083911,0.3763320629445228,25.0
2023-01-18,v2_statistical,v1.0.0,"[6, 13, 25, 31, 41, 47]",46,1,1,1,2,[41],0.11154788286581438,0.38853573177951994,27.166666666666668
2023-01-18,v3_boosting,v1.0.0,"[6, 13, 25, 31, 41, 47]",46,1,1,1,1,[47],0.10942361559860968,0.3818530250730583,26.666666666666668
2023-01-18,v4_ensemble,v1.0.0,"[6, 13, 25, 31, 41, 47]",46,0,0,2,2,[],0.10915093809534139,0.37753982743286724,24.333333333333332
2023-01-21,random,v1.0.0,"[8, 11, 27, 35, 38, 45]",48,0,0,2,2,[],0.10745522698875465,0.37177617994345313,27.333333333333332
2023-01-21,ema_gap,v1.0.0,"[8, 11, 27, 35, 38, 45]",48,1,1,3,3,[35],0.10885045366735865,0.3777994557627793,24.166666666666668
2023-01-21,v2_statistical,v1.0.0,"[8, 11, 27, 35, 38, 45]",48,0,0,1,4,[],0.10779045992859472,0.3658531751871789,18.833333333333332
2023-01-21,v3_boosting,v1.0.0,"[8, 11, 27, 35, 38, 45]",48,0,0,1,1,[],0.11551072255576429,0.40626058786973523,31.5
2023-01-21,v4_ensemble,v1.0.0,"[8, 11, 27, 35, 38, 45]",48,0,0,1,2,[],0.11006387382236113,0.38193092803032164,26.0
2023-01-25,random,v1.0.0,"[5, 13, 24, 33, 35, 41]",43,1,1,1,2,[5],0.10745522698875466,0.3717761799434532,25.166666666666668
2023-01-25,ema_gap,v1.0.0,"[5, 13, 24, 33, 35, 41]",43,2,2,3,3,"[35, 41]",0.1042538674350272,0.3589524535470258,19.833333333333332
2023-01-25,v2_statistical,v1.0.0,"[5, 13, 24, 33, 35, 41]",43,2,2,2,2,"[35, 41]",0.10901588784668999,0.37845058011447896,23.833333333333332
2023-01-25,v3_boosting,v1.0.0,"[5, 13, 24, 33, 35, 41]",43,0,0,0,1,[],0.11215179973396805,0.3927404731848481,30.166666666666668
2023-01-25,v4_ensemble,v1.0.0,"[5, 13, 24, 33, 35, 41]",43,1,1,2,2,[35],0.10858106826995718,0.37689276587042575,25.666666666666668
2023-01-28,random,v1.0.0,"[5, 12, 15, 26, 46, 48]",17,1,1,2,3,[5],0.10745522698875465,0.37177617994345336,25.333333333333332
2023-01-28,ema_gap,v1.0.0,"[5, 12, 15, 26, 46, 48]",17,0,0,0,0,[],0.11297382350230625,0.39667736733556325,31.833333333333332
2023-01-28,v2_statistical,v1.0.0,"[5, 12, 15, 26, 46, 48]",17,0,0,0,0,[],0.11604809225661922,0.40459044998831106,30.833333333333332
2023-01-28,v3_boosting,v1.0.0,"[5, 12, 15, 26, 46, 48]",17,1,1,2,2,[26],0.10592345581825822,0.3696584631077351,24.666666666666668
2023-01-28,v4_ensemble,v1.0.0,"[5, 12, 15, 26, 46, 48]",17,1,1,1,2,[26],0.11014801580518649,0.38424594389454425,28.166666666666668
2023-02-01,random,v1.0.0,"[8, 22, 23, 24, 34, 38]",41,0,0,1,1,[],0.10745522698875466,0.3717761799434532,24.833333333333332
2023-02-01,ema_gap,v1.0.0,"[8, 22, 23, 24, 34, 38]",41,0,0,1,3,[],0.1076790513169173,0.3695893833295694,22.5
2023-02-01,v2_statistical,v1.0.0,"[8, 22, 23, 24, 34, 38]",41,1,1,1,3,[38],0.10609903331069045,0.3612482162959247,20.833333333333332
2023-02-01,v3_boosting,v1.0.0,"[8, 22, 23, 24, 34, 38]",41,1,1,2,3,[23],0.11205493941110244,0.38714852913939046,24.0
2023-02-01,v4_ensemble,v1.0.0,"[8, 22, 23, 24, 34, 38]",41,0,0,2,4,[],0.10798720703692599,0.3698263280468424,18.833333333333332
2023-02-04,random,v1.0.0,"[11, 13, 29, 31, 42, 47]",17,0,0,1,2,[],0.10745522698875466,0.37177617994345313,28.833333333333332
2023-02-04,ema_gap,v1.0.0,"[11, 13, 29, 31, 42, 47]",17,0,0,2,3,[],0.10662028512709215,0.3651570641416652,20.166666666666668
2023-02-04,v2_statistical,v1.0.0,"[11, 13, 29, 31, 42, 47]",17,0,0,1,2,[],0.10921915297377477,0.3729160530191002,22.833333333333332
2023-02-04,v3_boosting,v1.0.0,"[11, 13, 29, 31, 42, 47]",17,1,1,2,2,[47],0.10958959695799743,0.3826559538106973,26.0
2023-02-04,v4_ensemble,v1.0.0,"[11, 13, 29, 31, 42, 47]",17,0,0,1,3,[],0.10809473638658862,0.37237148205704096,22.5
2023-02-08,random,v1.0.0,"[6, 12, 19, 24, 38, 47]",27,1,1,2,2,[6],0.10745522698875465,0.37177617994345324,24.333333333333332
2023-02-08,ema_gap,v1.0.0,"[6, 12, 19, 24, 38, 47]",27,1,1,2,2,[38],0.10569977045932664,0.3609252890950714,18.833333333333332
2023-02-08,v2_statistical,v1.0.0,"[6, 12, 19, 24, 38, 47]",27,1,1,1,3,[38],0.10613589624391036,0.36034185896726045,19.666666666666668
2023-02-08,v3_boosting,v1.0.0,"[6, 12, 19, 24, 38, 47]",27,0,0,1,1,[],0.11134572893879753,0.39048290709383815,31.166666666666668
2023-02-08,v4_ensemble,v1.0.0,"[6, 12, 19, 24, 38, 47]",27,1,1,1,1,[38],0.10759779934551285,0.37229249844053036,24.666666666666668
2023-02-11,random,v1.0.0,"[4, 17, 21, 27, 32, 42]",30,1,1,1,2,[4],0.10745522698875465,0.37177617994345324,23.833333333333332
2023-02-11,ema_gap,v1.0.0,"[4, 17, 21, 27, 32, 42]",30,1,1,2,2,[21],0.10991745623487643,0.38438164159090044,28.0
2023-02-11,v2_statistical,v1.0.0,"[4, 17, 21, 27, 32, 42]",30,1,1,1,1,[21],0.10998097678540103,0.3855791919363914,27.0
2023-02-11,v3_boosting,v1.0.0,"[4, 17, 21, 27, 32, 42]",30,0,0,1,1,[],0.11423295499295706,0.4013999525328255,28.666666666666668
2023-02-11,v4_ensemble,v1.0.0,"[4, 17, 21, 27, 32, 42]",30,1,1,1,1,[21],0.11068552765499938,0.3863415735790276,29.5
2023-02-15,random,v1.0.0,"[1, 3, 8, 37, 41, 43]",16,2,2,3,3,"[1, 3]",0.10745522698875465,0.37177617994345336,22.166666666666668
2023-02-15,ema_gap,v1.0.0,"[1, 3, 8, 37, 41, 43]",16,1,1,2,2,[41],0.10975417724052688,0.3861323052326613,28.166666666666668
2023-02-15,v2_statistical,v1.0.0,"[1, 3, 8, 37, 41, 43]",16,1,1,1,2,[41],0.1127697634116715,0.39824106453719216,28.0
2023-02-15,v3_boosting,v1.0.0,"[1, 3, 8, 37, 41, 43]",16,0,0,0,0,[],0.11908554738396634,0.42445733619597165,35.666666666666664
2023-02-15,v4_ensemble,v1.0.0,"[1, 3, 8, 37, 41, 43]",16,0,0,1,1,[],0.1138714934208796,0.4040091188415097,34.5
2023-02-18,random,v1.0.0,"[3, 5, 7, 10, 26, 39]",22,2,2,4,4,"[3, 5]",0.10745522698875465,0.37177617994345347,15.0
2023-02-18,ema_gap,v1.0.0,"[3, 5, 7, 10, 26, 39]",22,0,0,0,1,[],0.11326799200282138,0.40007672460511584,32.166666666666664
2023-02-18,v2_statistical,v1.0.0,"[3, 5, 7, 10, 26, 39]",22,0,0,0,0,[],0.11753884242426917,0.4175916393447157,35.5
2023-02-18,v3_boosting,v1.0.0,"[3, 5, 7, 10, 26, 39]",22,0,0,3,3,[],0.10818821364196514,0.36782489061089935,17.666666666666668
2023-02-18,v4_ensemble,v1.0.0,"[3, 5, 7, 10, 26, 39]",22,0,0,1,3,[],0.11106082011148176,0.38895711185764775,28.666666666666668
2023-02-22,random,v1.0.0,"[3, 19, 24, 25, 27, 43]",34,1,1,1,1,[3],0.10745522698875466,0.3717761799434532,23.5
2023-02-22,ema_gap,v1.0.0,"[3, 19, 24, 25, 27, 43]",34,0,0,1,2,[],0.11089570436551142,0.3862806265305614,29.5
2023-02-22,v2_statistical,v1.0.0,"[3, 19, 24, 25, 27, 43]",34,0,0,0,1,[],0.11419385553043052,0.39738260760828187,30.0
2023-02-22,v3_boosting,v1.0.0,"[3, 19, 24, 25, 27, 43]",34,1,1,1,2,[25],0.10620662723399917,0.367860817999252,21.333333333333332
2023-02-22,v4_ensemble,v1.0.0,"[3, 19, 24, 25, 27, 43]",34,1,1,2,2,[25],0.10847916391942118,0.37696912069779387,28.833333333333332
2023-02-25,random,v1.0.0,"[2, 23, 24, 25, 39, 40]",21,1,1,1,1,[2],0.10745522698875465,0.3717761799434532,25.5
2023-02-25,ema_gap,v1.0.0,"[2, 23, 24, 25, 39, 40]",21,1,1,1,1,[24],0.11121896203561925,0.39271363102040463,28.666666666666668
2023-02-25,v2_statistical,v1.0.0,"[2, 23, 24, 25, 39, 40]",21,0,0,1,2,[],0.11474510738602653,0.40993931127558325,28.833333333333332
2023-02-25,v3_boosting,v1.0.0,"[2, 23, 24, 25, 39, 40]",21,2,2,2,3,"[25, 39]",0.10735000366143826,0.37223846186800597,23.166666666666668
2023-02-25,v4_ensemble,v1.0.0,"[2, 23, 24, 25, 39, 40]",21,0,0,0,2,[],0.10962309773618026,0.3813017112630556,27.333333333333332
2023-03-01,random,v1.0.0,"[3, 8, 10, 14, 34, 35]",44,1,1,3,4,[3],0.10745522698875465,0.37177617994345336,17.333333333333332
2023-03-01,ema_gap,v1.0.0,"[3, 8, 10, 14, 34, 35]",44,1,1,2,3,[35],0.10716576640166807,0.36836192613651086,21.333333333333332
2023-03-01,v2_statistical,v1.0.0,"[3, 8, 10, 14, 34, 35]",44,0,0,2,4,[],0.10760926096088948,0.3697805531599212,19.333333333333332
2023-03-01,v3_boosting,v1.0.0,"[3, 8, 10, 14, 34, 35]",44,2,2,4,4,"[3, 8]",0.10562868821720801,0.3610808936992924,17.0
2023-03-01,v4_ensemble,v1.0.0,"[3, 8, 10, 14, 34, 35]",44,1,1,1,3,[3],0.10554571056728643,0.3612194104363892,17.666666666666668
2023-03-04,random,v1.0.0,"[3, 9, 19, 22, 37, 43]",27,1,1,2,2,[3],0.10745522698875465,0.37177617994345324,22.166666666666668
2023-03-04,ema_gap,v1.0.0,"[3, 9, 19, 22, 37, 43]",27,1,1,2,4,[37],0.10646472345100935,0.36543807932812217,20.0
2023-03-04,v2_statistical,v1.0.0,"[3, 9, 19, 22, 37, 43]",27,0,0,1,2,[],0.1085351906859957,0.36970169780004036,22.0
2023-03-04,v3_boosting,v1.0.0,"[3, 9, 19, 22, 37, 43]",27,1,1,1,1,[37],0.11069464252161114,0.391323897986685,29.333333333333332
2023-03-04,v4_ensemble,v1.0.0,"[3, 9, 19, 22, 37, 43]",27,1,1,1,1,[37],0.108380804757965,0.375654636546168,26.5
2023-03-08,random,v1.0.0,"[6, 9, 25, 34, 36, 43]",38,1,1,2,2,[6],0.10745522698875465,0.3717761799434532,25.5
2023-03-08,ema_gap,v1.0.0,"[6, 9, 25, 34, 36, 43]",38,0,0,0,1,[],0.10967187406859072,0.37805616822458293,24.166666666666668
2023-03-08,v2_statistical,v1.0.0,"[6, 9, 25, 34, 36, 43]",38,0,0,1,2,[],0.10883478349546961,0.3719151391647102,22.0
2023-03-08,v3_boosting,v1.0.0,"[6, 9, 25, 34, 36, 43]",38,2,2,2,3,"[34, 36]",0.10293722516574187,0.35058020861060046,17.0
2023-03-08,v4_ensemble,v1.0.0,"[6, 9, 25, 34, 36, 43]",38,1,1,2,3,[34],0.10547132346147253,0.3609947236940704,19.333333333333332
2023-03-11,random,v1.0.0,"[6, 13, 21, 29, 33, 49]",22,1,1,1,2,[6],0.10745522698875466,0.37177617994345324,25.166666666666668
2023-03-11,ema_gap,v1.0.0,"[6, 13, 21, 29, 33, 49]",22,1,1,2,3,[21],0.10789849795782522,0.37297977125896786,23.666666666666668
2023-03-11,v2_statistical,v1.0.0,"[6, 13, 21, 29, 33, 49]",22,1,1,1,2,[21],0.10744391181565013,0.3717075786274979,23.5
2023-03-11,v3_boosting,v1.0.0,"[6, 13, 21, 29, 33, 49]",22,1,1,2,3,[13],0.1057945720962491,0.3619615195369571,18.5
2023-03-11,v4_ensemble,v1.0.0,"[6, 13, 21, 29, 33, 49]",22,2,2,3,3,"[6, 21]",0.10579573316542293,0.36410772646227696,19.166666666666668
2023-03-15,random,v1.0.0,"[4, 9, 26, 27, 28, 33]",30,1,1,2,2,[4],0.10745522698875465,0.3717761799434532,21.166666666666668
2023-03-15,ema_gap,v1.0.0,"[4, 9, 26, 27, 28, 33]",30,0,0,1,1,[],0.11174157675420138,0.39148396723139567,30.0
2023-03-15,v2_statistical,v1.0.0,"[4, 9, 26, 27, 28, 33]",30,1,1,1,1,[9],0.11198422805135368,0.3931651143372048,28.166666666666668
2023-03-15,v3_boosting,v1.0.0,"[4, 9, 26, 27, 28, 33]",30,1,1,2,2,[26],0.10859216865688771,0.3766737122468879,24.0
2023-03-15,v4_ensemble,v1.0.0,"[4, 9, 26, 27, 28, 33]",30,1,1,2,2,[9],0.10946389667866438,0.3812351063498952,27.833333333333332
2023-03-18,random,v1.0.0,"[4, 7, 8, 15, 34, 45]",1,1,1,3,4,[4],0.10745522698875466,0.37177617994345336,18.833333333333332
2023-03-18,ema_gap,v1.0.0,"[4, 7, 8, 15, 34, 45]",1,0,0,0,1,[],0.11073537136676018,0.3850622916502525,27.833333333333332
2023-03-18,v2_statistical,v1.0.0,"[4, 7, 8, 15, 34, 45]",1,0,0,1,1,[],0.10939189804739274,0.37294400664309324,23.333333333333332
2023-03-18,v3_boosting,v1.0.0,"[4, 7, 8, 15, 34, 45]",1,1,1,1,1,[45],0.1125756910886487,0.39668958232050405,30.166666666666668
2023-03-18,v4_ensemble,v1.0.0,"[4, 7, 8, 15, 34, 45]",1,0,0,0,1,[],0.11041205386173646,0.3827463312535677,29.5
2023-03-22,random,v1.0.0,"[2, 7, 9, 11, 39, 41]",48,1,1,4,4,[2],0.10745522698875465,0.3717761799434534,18.166666666666668
2023-03-22,ema_gap,v1.0.0,"[2, 7, 9, 11, 39, 41]",48,2,2,2,2,"[9, 41]",0.10870786555145914,0.3792435727732129,25.5
2023-03-22,v2_statistical,v1.0.0,"[2, 7, 9, 11, 39, 41]",48,1,1,2,2,[9],0.11117057476927111,0.39612882078204004,26.833333333333332
2023-03-22,v3_boosting,v1.0.0,"[2, 7, 9, 11, 39, 41]",48,0,0,0,1,[],0.11452180361915229,0.40097901370307015,29.0
2023-03-22,v4_ensemble,v1.0.0,"[2, 7, 9, 11, 39, 41]",48,0,0,2,2,[],0.11096784941514118,0.3899550365925557,28.0
2023-03-25,random,v1.0.0,"[11, 12, 13, 16, 22, 28]",27,0,0,2,4,[],0.10745522698875463,0.37177617994345336,17.0
2023-03-25,ema_gap,v1.0.0,"[11, 12, 13, 16, 22, 28]",27,0,0,2,3,[],0.10937641040124949,0.3810858170243345,25.333333333333332
2023-03-25,v2_statistical,v1.0.0,"[11, 12, 13, 16, 22, 28]",27,0,0,0,1,[],0.11421599560489919,0.40090271721727383,29.5
2023-03-25,v3_boosting,v1.0.0,"[11, 12, 13, 16, 22, 28]",27,0,0,1,3,[],0.10620905294612452,0.36285438130495484,18.5
2023-03-25,v4_ensemble,v1.0.0,"[11, 12, 13, 16, 22, 28]",27,0,0,0,2,[],0.1088927018167657,0.37675930546328784,24.666666666666668
2023-03-29,random,v1.0.0,"[9, 10, 12, 17, 30, 45]",44,0,0,3,4,[],0.10745522698875465,0.37177617994345336,20.5
2023-03-29,ema_gap,v1.0.0,"[9, 10, 12, 17, 30, 45]",44,1,1,2,3,[9],0.10958819387962196,0.3852662419536753,26.5
2023-03-29,v2_statistical,v1.0.0,"[9, 10, 12, 17, 30, 45]",44,1,1,1,2,[9],0.11126083111940523,0.3952942877218518,26.833333333333332
2023-03-29,v3_boosting,v1.0.0,"[9, 10, 12, 17, 30, 45]",44,2,2,4,4,"[12, 45]",0.10047232348520806,0.34214309232440004,14.666666666666666
2023-03-29,v4_ensemble,v1.0.0,"[9, 10, 12, 17, 30, 45]",44,2,2,4,4,"[9, 12]",0.10540166589005509,0.3652493390846447,20.0
2023-04-01,random,v1.0.0,"[5, 11, 23, 31, 45, 49]",6,1,1,2,2,[5],0.10745522698875466,0.3717761799434532,27.333333333333332
2023-04-01,ema_gap,v1.0.0,"[5, 11, 23, 31, 45, 49]",6,1,1,1,1,[11],0.10887408510197145,0.3761692727599754,25.0
2023-04-01,v2_statistical,v1.0.0,"[5, 11, 23, 31, 45, 49]",6,0,0,2,2,[],0.10864491107620441,0.3743682555821794,23.166666666666668
2023-04-01,v3_boosting,v1.0.0,"[5, 11, 23, 31, 45, 49]",6,2,2,3,3,"[23, 49]",0.10689299713560133,0.37220417116279997,23.666666666666668
2023-04-01,v4_ensemble,v1.0.0,"[5, 11, 23, 31, 45, 49]",6,0,0,3,4,[],0.10709414656065926,0.36951038957311394,21.833333333333332
2023-04-05,random,v1.0.0,"[10, 17, 21, 22, 41, 42]",3,0,0,1,2,[],0.10745522698875466,0.37177617994345324,25.5
2023-04-05,ema_gap,v1.0.0,"[10, 17, 21, 22, 41, 42]",3,3,3,4,4,"[10, 21, 41]",0.10245757540889358,0.34973275180268226,14.333333333333334
2023-04-05,v2_statistical,v1.0.0,"[10, 17, 21, 22, 41, 42]",3,3,3,3,4,"[10, 21, 41]",0.10069647235823118,0.34345692248381765,15.166666666666666
2023-04-05,v3_boosting,v1.0.0,"[10, 17, 21, 22, 41, 42]",3,0,0,1,1,[],0.11103145315702086,0.38413490498120356,25.0
2023-04-05,v4_ensemble,v1.0.0,"[10, 17, 21, 22, 41, 42]",3,2,2,3,4,"[21, 41]",0.10455023370680526,0.3588518229478992,17.0
2023-04-08,random,v1.0.0,"[8, 13, 16, 27, 31, 46]",41,0,0,1,3,[],0.10745522698875466,0.37177617994345336,23.5
2023-04-08,ema_gap,v1.0.0,"[8, 13, 16, 27, 31, 46]",41,0,0,1,2,[],0.11074244941851874,0.3874665998733354,27.833333333333332
2023-04-08,v2_statistical,v1.0.0,"[8, 13, 16, 27, 31, 46]",41,0,0,2,3,[],0.10984860596767745,0.37948138904987117,22.5
2023-04-08,v3_boosting,v1.0.0,"[8, 13, 16, 27, 31, 46]",41,1,1,2,4,[8],0.10658340585117526,0.36244295740636917,18.333333333333332
2023-04-08,v4_ensemble,v1.0.0,"[8, 13, 16, 27, 31, 46]",41,1,1,1,3,[8],0.10728056693120197,0.36851234919585335,21.166666666666668
2023-04-12,random,v1.0.0,"[9, 10, 19, 23, 32, 37]",46,0,0,2,2,[],0.10745522698875463,0.37177617994345324,21.666666666666668
2023-04-12,ema_gap,v1.0.0,"[9, 10, 19, 23, 32, 37]",46,2,2,3,5,"[9, 10]",0.10359360521314828,0.35530720466415594,16.166666666666668
2023-04-12,v2_statistical,v1.0.0,"[9, 10, 19, 23, 32, 37]",46,2,2,2,3,"[9, 10]",0.1025532405219621,0.35187855244913,18.0
2023-04-12,v3_boosting,v1.0.0,"[9, 10, 19, 23, 32, 37]",46,1,1,1,2,[37],0.11094377998880015,0.38904060994694944,27.333333333333332
2023-04-12,v4_ensemble,v1.0.0,"[9, 10, 19, 23, 32, 37]",46,1,1,3,3,[37],0.10542854462688525,0.3616712811333905,19.333333333333332
2023-04-15,random,v1.0.0,"[1, 20, 30, 35, 36, 44]",48,1,1,1,1,[1],0.10745522698875466,0.3717761799434531,27.666666666666668
2023-04-15,ema_gap,v1.0.0,"[1, 20, 30, 35, 36, 44]",48,0,0,0,1,[],0.115880883783214,0.41296490193849594,38.5
2023-04-15,v2_statistical,v1.0.0,"[1, 20, 30, 35, 36, 44]",48,0,0,0,1,[],0.11784961022176249,0.4237871592893789,35.0
2023-04-15,v3_boosting,v1.0.0,"[1, 20, 30, 35, 36, 44]",48,1,1,1,2,[30],0.1116516797728518,0.38915879016704147,27.0
2023-04-15,v4_ensemble,v1.0.0,"[1, 20, 30, 35, 36, 44]",48,0,0,0,0,[],0.11358517971028467,0.40020092588718204,36.5
2023-04-19,random,v1.0.0,"[1, 6, 13, 17, 43, 44]",28,2,2,2,4,"[1, 6]",0.10745522698875465,0.37177617994345336,20.666666666666668
2023-04-19,ema_gap,v1.0.0,"[1, 6, 13, 17, 43, 44]",28,1,1,1,1,[13],0.11008357070772654,0.3823124708090497,28.166666666666668
2023-04-19,v2_statistical,v1.0.0,"[1, 6, 13, 17, 43, 44]",28,0,0,0,0,[],0.11627944849169147,0.4115034163471527,34.0
2023-04-19,v3_boosting,v1.0.0,"[1, 6, 13, 17, 43, 44]",28,0,0,0,1,[],0.10858619924417968,0.3730131120939904,25.0
2023-04-19,v4_ensemble,v1.0.0,"[1, 6, 13, 17, 43, 44]",28,0,0,0,1,[],0.11069882318267339,0.3855184776782558,30.5
2023-04-22,random,v1.0.0,"[4, 8, 21, 38, 46, 49]",36,1,1,2,2,[4],0.10745522698875466,0.37177617994345324,27.666666666666668
2023-04-22,ema_gap,v1.0.0,"[4, 8, 21, 38, 46, 49]",36,1,1,2,2,[21],0.10804032499274978,0.3736717412300647,24.0
2023-04-22,v2_statistical,v1.0.0,"[4, 8, 21, 38, 46, 49]",36,1,1,2,3,[21],0.10644784295167553,0.3634123395795764,20.166666666666668
2023-04-22,v3_boosting,v1.0.0,"[4, 8, 21, 38, 46, 49]",36,1,1,2,2,[4],0.1094124811743052,0.37975925908706076,24.666666666666668
2023-04-22,v4_ensemble,v1.0.0,"[4, 8, 21, 38, 46, 49]",36,1,1,2,3,[8],0.10728057554484202,0.36908477677209317,22.0
2023-04-26,random,v1.0.0,"[5, 9, 25, 29, 39, 48]",22,1,1,2,2,[5],0.10745522698875466,0.3717761799434532,25.833333333333332
2023-04-26,ema_gap,v1.0.0,"[5, 9, 25, 29, 39, 48]",22,1,1,1,1,[9],0.11133393129052505,0.39196597336798816,31.666666666666668
2023-04-26,v2_statistical,v1.0.0,"[5, 9, 25, 29, 39, 48]",22,1,1,1,1,[9],0.11372821097710104,0.40629657824115334,32.166666666666664
2023-04-26,v3_boosting,v1.0.0,"[5, 9, 25, 29, 39, 48]",22,0,0,1,2,[],0.1119211190096024,0.39168992962059074,27.833333333333332
2023-04-26,v4_ensemble,v1.0.0,"[5, 9, 25, 29, 39, 48]",22,1,1,1,1,[9],0.11144939649541226,0.3951403282059893,33.666666666666664
2023-04-29,random,v1.0.0,"[6, 11, 28, 29, 39, 43]",34,1,1,2,2,[6],0.10745522698875465,0.37177617994345313,26.0
2023-04-29,ema_gap,v1.0.0,"[6, 11, 28, 29, 39, 43]",34,0,0,2,2,[],0.10920006780446306,0.37779125580550427,24.166666666666668
2023-04-29,v2_statistical,v1.0.0,"[6, 11, 28, 29, 39, 43]",34,0,0,0,1,[],0.11578589261019104,0.40559959066365686,31.0
2023-04-29,v3_boosting,v1.0.0,"[6, 11, 28, 29, 39, 43]",34,2,2,2,3,"[6, 29]",0.10805784718733225,0.37660867568326273,24.0
2023-04-29,v4_ensemble,v1.0.0,"[6, 11, 28, 29, 39, 43]",34,0,0,2,2,[],0.10958206795152958,0.3814505039094252,28.5
2023-05-03,random,v1.0.0,"[7, 15, 21, 34, 46, 48]",16,0,0,1,2,[],0.10745522698875466,0.37177617994345324,28.5
2023-05-03,ema_gap,v1.0.0,"[7, 15, 21, 34, 46, 48]",16,1,1,1,1,[21],0.11066738190404325,0.3870956571821184,31.5
2023-05-03,v2_statistical,v1.0.0,"[7, 15, 21, 34, 46, 48]",16,2,2,2,2,"[21, 34]",0.1073130911804345,0.3767592880084223,26.666666666666668
2023-05-03,v3_boosting,v1.0.0,"[7, 15, 21, 34, 46, 48]",16,0,0,1,3,[],0.11068524721701377,0.38332211624601337,26.0
2023-05-03,v4_ensemble,v1.0.0,"[7, 15, 21, 34, 46, 48]",16,1,1,2,3,[21],0.10808491880120212,0.37593402625119127,24.666666666666668
2023-05-06,random,v1.0.0,"[3, 19, 23, 30, 37, 42]",1,1,1,1,1,[3],0.10745522698875466,0.3717761799434532,25.666666666666668
2023-05-06,ema_gap,v1.0.0,"[3, 19, 23, 30, 37, 42]",1,0,0,1,2,[],0.10960955512911098,0.37902764056925264,25.166666666666668
2023-05-06,v2_statistical,v1.0.0,"[3, 19, 23, 30, 37, 42]",1,1,1,1,2,[37],0.11224254822694836,0.3905397126215495,26.666666666666668
2023-05-06,v3_boosting,v1.0.0,"[3, 19, 23, 30, 37, 42]",1,0,0,0,1,[],0.11540268117609381,0.4067117359277534,32.666666666666664
2023-05-06,v4_ensemble,v1.0.0,"[3, 19, 23, 30, 37, 42]",1,0,0,0,1,[],0.11223626462182688,0.39283282225475874,31.0
2023-05-10,random,v1.0.0,"[27, 34, 36, 41, 44, 47]",38,0,0,0,0,[],0.10745522698875466,0.3717761799434531,38.166666666666664
2023-05-10,ema_gap,v1.0.0,"[27, 34, 36, 41, 44, 47]",38,0,0,1,2,[],0.1108961561934894,0.3867508098526124,28.333333333333332
2023-05-10,v2_statistical,v1.0.0,"[27, 34, 36, 41, 44, 47]",38,1,1,1,2,[34],0.10801462299857365,0.37147112791490294,23.666666666666668
2023-05-10,v3_boosting,v1.0.0,"[27, 34, 36, 41, 44, 47]",38,2,2,2,2,"[36, 41]",0.10654212661260126,0.3690913155628386,21.166666666666668
2023-05-10,v4_ensemble,v1.0.0,"[27, 34, 36, 41, 44, 47]",38,1,1,2,3,[36],0.10685760071498407,0.3688097610621109,22.0
2023-05-13,random,v1.0.0,"[13, 14, 27, 29, 31, 42]",45,0,0,0,2,[],0.10745522698875466,0.3717761799434532,26.0
2023-05-13,ema_gap,v1.0.0,"[13, 14, 27, 29, 31, 42]",45,1,1,1,3,[13],0.10807244630407738,0.37363421250798845,22.333333333333332
2023-05-13,v2_statistical,v1.0.0,"[13, 14, 27, 29, 31, 42]",45,0,0,2,3,[],0.11091664911302437,0.38525939222196637,22.833333333333332
2023-05-13,v3_boosting,v1.0.0,"[13, 14, 27, 29, 31, 42]",45,0,0,0,2,[],0.11306952532991943,0.3939153174194624,28.166666666666668
2023-05-13,v4_ensemble,v1.0.0,"[13, 14, 27, 29, 31, 42]",45,0,0,1,1,[],0.11026703725557656,0.3827743896438452,27.166666666666668
2023-05-17,random,v1.0.0,"[16, 25, 28, 40, 47, 49]",7,0,0,0,1,[],0.10745522698875466,0.3717761799434532,34.166666666666664
2023-05-17,ema_gap,v1.0.0,"[16, 25, 28, 40, 47, 49]",7,0,0,0,0,[],0.11439384367674159,0.4030660715280512,37.0
2023-05-17,v2_statistical,v1.0.0,"[16, 25, 28, 40, 47, 49]",7,0,0,0,0,[],0.11694668385406543,0.4138951045705136,34.666666666666664
2023-05-17,v3_boosting,v1.0.0,"[16, 25, 28, 40, 47, 49]",7,0,0,0,1,[],0.11493614534151735,0.40558580623588614,34.833333333333336
2023-05-17,v4_ensemble,v1.0.0,"[16, 25, 28, 40, 47, 49]",7,0,0,0,0,[],0.11458945330211588,0.4053680947477849,40.333333333333336
2023-05-20,random,v1.0.0,"[4, 6, 23, 27, 41, 48]",28,2,2,2,2,"[4, 6]",0.10745522698875465,0.3717761799434532,24.833333333333332
2023-05-20,ema_gap,v1.0.0,"[4, 6, 23, 27, 41, 48]",28,1,1,2,4,[41],0.10474799691918986,0.35759228006551,17.666666666666668
2023-05-20,v2_statistical,v1.0.0,"[4, 6, 23, 27, 41, 48]",28,2,2,3,3,"[27, 41]",0.10381659407151715,0.3513527018811379,16.5
2023-05-20,v3_boosting,v1.0.0,"[4, 6, 23, 27, 41, 48]",28,2,2,2,2,"[23, 48]",0.1039386181563641,0.35470109399789307,17.666666666666668
2023-05-20,v4_ensemble,v1.0.0,"[4, 6, 23, 27, 41, 48]",28,1,1,3,4,[23],0.10302820165739349,0.34985692076174224,12.666666666666666
2023-05-24,random,v1.0.0,"[3, 7, 37, 43, 45, 46]",31,1,1,2,2,[3],0.10745522698875466,0.3717761799434531,30.166666666666668
2023-05-24,ema_gap,v1.0.0,"[3, 7, 37, 43, 45, 46]",31,0,0,1,1,[],0.11072362760043591,0.3847581724904424,29.666666666666668
2023-05-24,v2_statistical,v1.0.0,"[3, 7, 37, 43, 45, 46]",31,1,1,1,2,[37],0.10853436256462168,0.3705954070590675,22.833333333333332
2023-05-24,v3_boosting,v1.0.0,"[3, 7, 37, 43, 45, 46]",31,2,2,2,3,"[37, 45]",0.1049770238502792,0.360030244736834,19.333333333333332
2023-05-24,v4_ensemble,v1.0.0,"[3, 7, 37, 43, 45, 46]",31,1,1,2,3,[37],0.10650737236809575,0.3667473104534813,22.5
2023-05-27,random,v1.0.0,"[11, 20, 26, 38, 44, 45]",41,0,0,1,1,[],0.10745522698875466,0.3717761799434532,30.666666666666668
2023-05-27,ema_gap,v1.0.0,"[11, 20, 26, 38, 44, 45]",41,0,0,1,1,[],0.11107712152473481,0.3874677377991995,29.666666666666668
2023-05-27,v2_statistical,v1.0.0,"[11, 20, 26, 38, 44, 45]",41,1,1,1,2,[45],0.10992640861141845,0.37859631293897283,22.666666666666668
2023-05-27,v3_boosting,v1.0.0,"[11, 20, 26, 38, 44, 45]",41,0,0,0,1,[],0.11539023819536313,0.4045518063261211,30.166666666666668
2023-05-27,v4_ensemble,v1.0.0,"[11, 20, 26, 38, 44, 45]",41,0,0,0,2,[],0.11149004082893589,0.3885808328013794,29.666666666666668
2023-05-31,random,v1.0.0,"[9, 22, 23, 25, 30, 37]",48,0,0,1,1,[],0.10745522698875466,0.3717761799434532,24.333333333333332
2023-05-31,ema_gap,v1.0.0,"[9, 22, 23, 25, 30, 37]",48,2,2,3,3,"[9, 37]",0.1046334821069399,0.35900984411439557,19.0
2023-05-31,v2_statistical,v1.0.0,"[9, 22, 23, 25, 30, 37]",48,2,2,3,3,"[9, 37]",0.10356493415294318,0.35679508015171585,19.666666666666668
2023-05-31,v3_boosting,v1.0.0,"[9, 22, 23, 25, 30, 37]",48,1,1,2,3,[30],0.10684361490865156,0.36614517991885226,18.5
2023-05-31,v4_ensemble,v1.0.0,"[9, 22, 23, 25, 30, 37]",48,1,1,3,4,[9],0.10437798650387287,0.3568474240288348,16.333333333333332
2023-06-03,random,v1.0.0,"[22, 31, 33, 34, 43, 49]",21,0,0,0,0,[],0.10745522698875466,0.37177617994345313,35.333333333333336
2023-06-03,ema_gap,v1.0.0,"[22, 31, 33, 34, 43, 49]",21,0,0,1,1,[],0.10934542724141827,0.37857758182780304,25.0
2023-06-03,v2_statistical,v1.0.0,"[22, 31, 33, 34, 43, 49]",21,0,0,1,2,[],0.10886285324451814,0.3714319249604242,22.166666666666668
2023-06-03,v3_boosting,v1.0.0,"[22, 31, 33, 34, 43, 49]",21,0,0,0,1,[],0.11553620099926167,0.40542656620992634,32.5
2023-06-03,v4_ensemble,v1.0.0,"[22, 31, 33, 34, 43, 49]",21,0,0,1,1,[],0.11056659594257025,0.3850673546751333,28.166666666666668
2023-06-07,random,v1.0.0,"[1, 15, 19, 24, 32, 44]",31,1,1,1,2,[1],0.10745522698875465,0.37177617994345324,22.5
2023-06-07,ema_gap,v1.0.0,"[1, 15, 19, 24, 32, 44]",31,0,0,0,0,[],0.11401460315509827,0.4027270250377666,36.666666666666664
2023-06-07,v2_statistical,v1.0.0,"[1, 15, 19, 24, 32, 44]",31,0,0,1,1,[],0.11625765778466701,0.4117653201042784,32.333333333333336
2023-06-07,v3_boosting,v1.0.0,"[1, 15, 19, 24, 32, 44]",31,0,0,1,3,[],0.11009232749746516,0.38353818299656695,26.833333333333332
2023-06-07,v4_ensemble,v1.0.0,"[1, 15, 19, 24, 32, 44]",31,0,0,0,2,[],0.11213062581308067,0.39435947255499715,33.5
2023-06-10,random,v1.0.0,"[14, 23, 26, 31, 32, 42]",25,0,0,0,1,[],0.10745522698875465,0.3717761799434532,28.0
2023-06-10,ema_gap,v1.0.0,"[14, 23, 26, 31, 32, 42]",25,1,1,1,3,[23],0.10903822206625052,0.3784579492051909,26.5
2023-06-10,v2_statistical,v1.0.0,"[14, 23, 26, 31, 32, 42]",25,0,0,2,2,[],0.11105245642184254,0.3899137788481638,27.833333333333332
2023-06-10,v3_boosting,v1.0.0,"[14, 23, 26, 31, 32, 42]",25,0,0,0,0,[],0.11560689682714476,0.4086942491106763,35.0
2023-06-10,v4_ensemble,v1.0.0,"[14, 23, 26, 31, 32, 42]",25,0,0,1,2,[],0.1118404721721406,0.39155259821139216,32.666666666666664
2023-06-14,random,v1.0.0,"[12, 18, 22, 24, 25, 47]",21,0,0,1,2,[],0.10745522698875466,0.37177617994345324,24.666666666666668
2023-06-14,ema_gap,v1.0.0,"[12, 18, 22, 24, 25, 47]",21,0,0,1,2,[],0.11225041632840538,0.39896319154250814,30.666666666666668
2023-06-14,v2_statistical,v1.0.0,"[12, 18, 22, 24, 25, 47]",21,0,0,1,1,[],0.11473282916126074,0.4119108466558385,29.5
2023-06-14,v3_boosting,v1.0.0,"[12, 18, 22, 24, 25, 47]",21,1,1,1,3,[24],0.11277174862582195,0.39149393112582903,26.666666666666668
2023-06-14,v4_ensemble,v1.0.0,"[12, 18, 22, 24, 25, 47]",21,0,0,1,1,[],0.11196111994156521,0.3923660960530966,29.666666666666668
2023-06-17,random,v1.0.0,"[16, 31, 42, 44, 45, 48]",15,0,0,0,1,[],0.10745522698875466,0.37177617994345313,37.666666666666664
2023-06-17,ema_gap,v1.0.0,"[16, 31, 42, 44, 45, 48]",15,0,0,2,3,[],0.10707664522415189,0.36892684493643224,21.833333333333332
2023-06-17,v2_statistical,v1.0.0,"[16, 31, 42, 44, 45, 48]",15,2,2,3,4,"[31, 45]",0.10401599913094685,0.3590361909964163,19.166666666666668
2023-06-17,v3_boosting,v1.0.0,"[16, 31, 42, 44, 45, 48]",15,0,0,2,3,[],0.11013589924997198,0.38095617404550114,23.333333333333332
2023-06-17,v4_ensemble,v1.0.0,"[16, 31, 42, 44, 45, 48]",15,2,2,2,2,"[31, 45]",0.10575676488261365,0.36376102278385763,21.666666666666668
2023-06-21,random,v1.0.0,"[4, 5, 13, 14, 33, 35]",8,2,2,2,4,"[4, 5]",0.10745522698875466,0.3717761799434534,17.333333333333332
2023-06-21,ema_gap,v1.0.0,"[4, 5, 13, 14, 33, 35]",8,0,0,0,1,[],0.1125012855133355,0.3940188744094122,33.166666666666664
2023-06-21,v2_statistical,v1.0.0,"[4, 5, 13, 14, 33, 35]",8,0,0,0,0,[],0.11850899853533155,0.42531956626341577,36.0
2023-06-21,v3_boosting,v1.0.0,"[4, 5, 13, 14, 33, 35]",8,2,2,2,3,"[4, 33]",0.10520059922726328,0.35650973582119083,16.666666666666668
2023-06-21,v4_ensemble,v1.0.0,"[4, 5, 13, 14, 33, 35]",8,0,0,1,2,[],0.10991949265779333,0.38203232773154516,26.833333333333332
2023-06-24,random,v1.0.0,"[5, 7, 15, 18, 21, 29]",17,1,1,2,4,[5],0.10745522698875466,0.37177617994345336,15.833333333333334
2023-06-24,ema_gap,v1.0.0,"[5, 7, 15, 18, 21, 29]",17,0,0,0,1,[],0.11195145050209793,0.39203369778641156,31.333333333333332
2023-06-24,v2_statistical,v1.0.0,"[5, 7, 15, 18, 21, 29]",17,1,1,1,1,[21],0.11466974820804184,0.4087115888573395,32.833333333333336
2023-06-24,v3_boosting,v1.0.0,"[5, 7, 15, 18, 21, 29]",17,2,2,4,4,"[7, 15]",0.09874812427629057,0.3376627392532777,13.666666666666666
2023-06-24,v4_ensemble,v1.0.0,"[5, 7, 15, 18, 21, 29]",17,2,2,3,3,"[15, 21]",0.10602909282673115,0.3669459751844553,21.0
2023-06-28,random,v1.0.0,"[8, 13, 16, 40, 42, 47]",22,0,0,1,3,[],0.10745522698875466,0.37177617994345336,27.666666666666668
2023-06-28,ema_gap,v1.0.0,"[8, 13, 16, 40, 42, 47]",22,2,2,2,2,"[13, 42]",0.1079223019611923,0.37485333653906094,25.5
2023-06-28,v2_statistical,v1.0.0,"[8, 13, 16, 40, 42, 47]",22,0,0,1,2,[],0.11053943679262607,0.38207916108307083,26.0
2023-06-28,v3_boosting,v1.0.0,"[8, 13, 16, 40, 42, 47]",22,1,1,4,5,[40],0.10269138406643585,0.346751410449166,12.166666666666666
2023-06-28,v4_ensemble,v1.0.0,"[8, 13, 16, 40, 42, 47]",22,1,1,3,4,[42],0.10533259855729109,0.36127689089513504,18.0
2023-07-01,random,v1.0.0,"[10, 21, 30, 32, 35, 49]",41,0,0,1,1,[],0.10745522698875466,0.37177617994345313,29.5
2023-07-01,ema_gap,v1.0.0,"[10, 21, 30, 32, 35, 49]",41,1,1,1,1,[21],0.10939450240785091,0.3800227525235148,28.0
2023-07-01,v2_statistical,v1.0.0,"[10, 21, 30, 32, 35, 49]",41,1,1,1,3,[21],0.10744002019940205,0.37200781870127464,24.0
2023-07-01,v3_boosting,v1.0.0,"[10, 21, 30, 32, 35, 49]",41,0,0,0,1,[],0.1142366409942305,0.3975872015868304,29.0
2023-07-01,v4_ensemble,v1.0.0,"[10, 21, 30, 32, 35, 49]",41,0,0,1,2,[],0.10960182432708651,0.3808158064463211,27.166666666666668
2023-07-05,random,v1.0.0,"[3, 4, 10, 12, 30, 34]",14,2,2,4,4,"[3, 4]",0.10745522698875466,0.3717761799434534,15.5
2023-07-05,ema_gap,v1.0.0,"[3, 4, 10, 12, 30, 34]",14,0,0,1,1,[],0.10952061645074912,0.37841898325096496,27.666666666666668
2023-07-05,v2_statistical,v1.0.0,"[3, 4, 10, 12, 30, 34]",14,1,1,2,2,[34],0.10915905917282641,0.3777678641488398,25.0
2023-07-05,v3_boosting,v1.0.0,"[3, 4, 10, 12, 30, 34]",14,0,0,1,3,[],0.11027383328813786,0.38145237749354094,24.5
2023-07-05,v4_ensemble,v1.0.0,"[3, 4, 10, 12, 30, 34]",14,1,1,2,3,[4],0.10867847221205842,0.3770149649545219,24.666666666666668
2023-07-08,random,v1.0.0,"[10, 11, 23, 30, 44, 49]",6,0,0,2,2,[],0.10745522698875466,0.3717761799434532,27.833333333333332
2023-07-08,ema_gap,v1.0.0,"[10, 11, 23, 30, 44, 49]",6,2,2,3,6,"[10, 23]",0.102707670446418,0.3482205699964903,11.666666666666666
2023-07-08,v2_statistical,v1.0.0,"[10, 11, 23, 30, 44, 49]",6,1,1,4,4,[23],0.10364926934798735,0.3492793204665034,15.333333333333334
2023-07-08,v3_boosting,v1.0.0,"[10, 11, 23, 30, 44, 49]",6,2,2,3,4,"[44, 49]",0.10229634015001289,0.35727069373596165,20.666666666666668
2023-07-08,v4_ensemble,v1.0.0,"[10, 11, 23, 30, 44, 49]",6,3,3,3,3,"[23, 44, 49]",0.10189070100285832,0.34835997879891994,15.5
2023-07-12,random,v1.0.0,"[9, 18, 22, 23, 28, 46]",11,0,0,1,2,[],0.10745522698875465,0.37177617994345324,24.333333333333332
2023-07-12,ema_gap,v1.0.0,"[9, 18, 22, 23, 28, 46]",11,1,1,1,3,[23],0.10943860209901264,0.383914848035013,27.0
2023-07-12,v2_statistical,v1.0.0,"[9, 18, 22, 23, 28, 46]",11,1,1,3,3,[23],0.10944938576497125,0.3908945481958519,25.666666666666668
2023-07-12,v3_boosting,v1.0.0,"[9, 18, 22, 23, 28, 46]",11,1,1,1,3,[9],0.10739382210008787,0.3713962293944626,24.0
2023-07-12,v4_ensemble,v1.0.0,"[9, 18, 22, 23, 28, 46]",11,2,2,3,3,"[9, 23]",0.10797045235122908,0.37829100352795747,25.166666666666668
2023-07-15,random,v1.0.0,"[17, 24, 31, 32, 35, 47]",20,0,0,0,1,[],0.10745522698875466,0.37177617994345313,31.0
2023-07-15,ema_gap,v1.0.0,"[17, 24, 31, 32, 35, 47]",20,0,0,0,2,[],0.11085793680482717,0.3866922508558645,26.833333333333332
2023-07-15,v2_statistical,v1.0.0,"[17, 24, 31, 32, 35, 47]",20,1,1,1,1,[31],0.11197761351971713,0.39612669583089866,28.833333333333332
2023-07-15,v3_boosting,v1.0.0,"[17, 24, 31, 32, 35, 47]",20,1,1,2,2,[32],0.10654275144442817,0.36428073672178957,19.5
2023-07-15,v4_ensemble,v1.0.0,"[17, 24, 31, 32, 35, 47]",20,1,1,1,2,[31],0.10823912840899089,0.3737231208223551,26.0
2023-07-19,random,v1.0.0,"[15, 25, 30, 31, 40, 48]",22,0,0,0,1,[],0.10745522698875466,0.37177617994345313,31.5
2023-07-19,ema_gap,v1.0.0,"[15, 25, 30, 31, 40, 48]",22,1,1,1,2,[31],0.10838558571436156,0.3742666341296157,23.833333333333332
2023-07-19,v2_statistical,v1.0.0,"[15, 25, 30, 31, 40, 48]",22,1,1,1,1,[31],0.10964350209963301,0.3834197322389848,27.333333333333332
2023-07-19,v3_boosting,v1.0.0,"[15, 25, 30, 31, 40, 48]",22,1,1,1,2,[30],0.1119242852125195,0.38625385426789943,24.833333333333332
2023-07-19,v4_ensemble,v1.0.0,"[15, 25, 30, 31, 40, 48]",22,1,1,2,2,[31],0.10962407767024233,0.3793281007515764,25.5
2023-07-22,random,v1.0.0,"[3, 7, 8, 25, 35, 48]",32,1,1,3,3,[3],0.10745522698875465,0.37177617994345336,21.0
2023-07-22,ema_gap,v1.0.0,"[3, 7, 8, 25, 35, 48]",32,0,0,1,2,[],0.10746066188686794,0.3687056405782449,21.166666666666668
2023-07-22,v2_statistical,v1.0.0,"[3, 7, 8, 25, 35, 48]",32,0,0,1,1,[],0.11126044441329296,0.37936699464070284,23.833333333333332
2023-07-22,v3_boosting,v1.0.0,"[3, 7, 8, 25, 35, 48]",32,1,1,2,2,[48],0.10987272572455223,0.3779891676694152,23.333333333333332
2023-07-22,v4_ensemble,v1.0.0,"[3, 7, 8, 25, 35, 48]",32,0,0,1,2,[],0.10850618565371666,0.3730935354788561,21.166666666666668
2023-07-26,random,v1.0.0,"[10, 19, 20, 30, 38, 45]",7,0,0,1,1,[],0.10745522698875466,0.37177617994345324,27.0
2023-07-26,ema_gap,v1.0.0,"[10, 19, 20, 30, 38, 45]",7,1,1,2,2,[10],0.10957375399767864,0.3825731519550737,27.166666666666668
2023-07-26,v2_statistical,v1.0.0,"[10, 19, 20, 30, 38, 45]",7,1,1,1,2,[10],0.10785958265907249,0.3692413832206876,22.166666666666668
2023-07-26,v3_boosting,v1.0.0,"[10, 19, 20, 30, 38, 45]",7,0,0,1,1,[],0.11410777876393584,0.3960932124915268,28.0
2023-07-26,v4_ensemble,v1.0.0,"[10, 19, 20, 30, 38, 45]",7,0,0,1,2,[],0.10934321192451638,0.37865650303354026,26.5
2023-07-29,random,v1.0.0,"[2, 7, 8, 18, 33, 36]",14,1,1,3,4,[2],0.10745522698875466,0.37177617994345336,17.333333333333332
2023-07-29,ema_gap,v1.0.0,"[2, 7, 8, 18, 33, 36]",14,0,0,0,1,[],0.11565096645418313,0.41652042761079694,37.333333333333336
2023-07-29,v2_statistical,v1.0.0,"[2, 7, 8, 18, 33, 36]",14,0,0,0,0,[],0.11936073704041003,0.43413409939099873,36.166666666666664
2023-07-29,v3_boosting,v1.0.0,"[2, 7, 8, 18, 33, 36]",14,1,1,2,3,[36],0.10718434449136202,0.36904018212156026,22.166666666666668
2023-07-29,v4_ensemble,v1.0.0,"[2, 7, 8, 18, 33, 36]",14,0,0,1,1,[],0.11237428340805855,0.39524754710802107,32.833333333333336
2023-08-02,random,v1.0.0,"[4, 7, 9, 25, 34, 48]",42,1,1,3,3,[4],0.10745522698875466,0.37177617994345336,21.166666666666668
2023-08-02,ema_gap,v1.0.0,"[4, 7, 9, 25, 34, 48]",42,1,1,3,4,[25],0.10383290087688427,0.35280849750313853,14.833333333333334
2023-08-02,v2_statistical,v1.0.0,"[4, 7, 9, 25, 34, 48]",42,2,2,4,4,"[9, 34]",0.10085476702100907,0.33804547349124814,13.0
2023-08-02,v3_boosting,v1.0.0,"[4, 7, 9, 25, 34, 48]",42,2,2,3,4,"[4, 7]",0.09901811758178936,0.3381148750696556,15.166666666666666
2023-08-02,v4_ensemble,v1.0.0,"[4, 7, 9, 25, 34, 48]",42,3,3,4,5,"[4, 7, 9]",0.09971297062188854,0.3377367439598629,10.666666666666666
2023-08-05,random,v1.0.0,"[1, 5, 10, 20, 28, 39]",26,2,2,3,3,"[1, 5]",0.10745522698875465,0.37177617994345336,17.166666666666668
2023-08-05,ema_gap,v1.0.0,"[1, 5, 10, 20, 28, 39]",26,1,1,1,1,[10],0.11379544946391024,0.4067443200783865,35.833333333333336
2023-08-05,v2_statistical,v1.0.0,"[1, 5, 10, 20, 28, 39]",26,0,0,1,1,[],0.11962012047942064,0.43817952920694364,37.0
2023-08-05,v3_boosting,v1.0.0,"[1, 5, 10, 20, 28, 39]",26,2,2,2,4,"[28, 39]",0.10460178653025852,0.36568398585000406,21.666666666666668
2023-08-05,v4_ensemble,v1.0.0,"[1, 5, 10, 20, 28, 39]",26,0,0,0,1,[],0.11048348728552278,0.3857661247342494,30.166666666666668
2023-08-09,random,v1.0.0,"[17, 35, 37, 40, 45, 47]",44,0,0,0,1,[],0.10745522698875466,0.3717761799434531,36.833333333333336
2023-08-09,ema_gap,v1.0.0,"[17, 35, 37, 40, 45, 47]",44,0,0,1,1,[],0.11022286270998204,0.3830345946970185,26.833333333333332
2023-08-09,v2_statistical,v1.0.0,"[17, 35, 37, 40, 45, 47]",44,0,0,2,3,[],0.11052503829939166,0.38000690461846537,22.333333333333332
2023-08-09,v3_boosting,v1.0.0,"[17, 35, 37, 40, 45, 47]",44,2,2,2,3,"[35, 37]",0.10801977948012254,0.37748459345306606,24.5
2023-08-09,v4_ensemble,v1.0.0,"[17, 35, 37, 40, 45, 47]",44,1,1,1,2,[35],0.10846027191215418,0.3746727846883422,24.333333333333332
2023-08-12,random,v1.0.0,"[2, 5, 7, 12, 31, 44]",29,2,2,4,4,"[2, 5]",0.10745522698875465,0.3717761799434534,16.833333333333332
2023-08-12,ema_gap,v1.0.0,"[2, 5, 7, 12, 31, 44]",29,0,0,2,2,[],0.10846185869236788,0.37816001938788063,24.5
2023-08-12,v2_statistical,v1.0.0,"[2, 5, 7, 12, 31, 44]",29,1,1,2,2,[31],0.11019376184475858,0.3970157676851179,27.166666666666668
2023-08-12,v3_boosting,v1.0.0,"[2, 5, 7, 12, 31, 44]",29,1,1,2,2,[44],0.1091877381527558,0.37791401949068537,23.666666666666668
2023-08-12,v4_ensemble,v1.0.0,"[2, 5, 7, 12, 31, 44]",29,1,1,2,3,[31],0.10834074311362249,0.37954160252126856,23.666666666666668
2023-08-16,random,v1.0.0,"[2, 3, 6, 7, 17, 27]",24,3,3,4,5,"[2, 3, 6]",0.10745522698875465,0.37177617994345347,10.333333333333334
2023-08-16,ema_gap,v1.0.0,"[2, 3, 6, 7, 17, 27]",24,1,1,1,1,[7],0.11222052998437798,0.39691511059296103,34.0
2023-08-16,v2_statistical,v1.0.0,"[2, 3, 6, 7, 17, 27]",24,1,1,1,1,[7],0.11643835525570885,0.41808181729200194,33.666666666666664
2023-08-16,v3_boosting,v1.0.0,"[2, 3, 6, 7, 17, 27]",24,1,1,1,3,[27],0.10449754238025263,0.35838904774018365,19.0
2023-08-16,v4_ensemble,v1.0.0,"[2, 3, 6, 7, 17, 27]",24,2,2,2,2,"[7, 27]",0.10879411306392493,0.38018907449503203,29.0
2023-08-19,random,v1.0.0,"[22, 23, 25, 35, 36, 41]",21,0,0,0,0,[],0.10745522698875466,0.3717761799434532,30.333333333333332
2023-08-19,ema_gap,v1.0.0,"[22, 23, 25, 35, 36, 41]",21,2,2,3,3,"[25, 35]",0.10559667797214375,0.3633725270159803,19.666666666666668
2023-08-19,v2_statistical,v1.0.0,"[22, 23, 25, 35, 36, 41]",21,1,1,2,3,[23],0.10644165736679674,0.3622583329248627,20.0
2023-08-19,v3_boosting,v1.0.0,"[22, 23, 25, 35, 36, 41]",21,0,0,0,1,[],0.11469178095189135,0.4030228640680207,31.666666666666668
2023-08-19,v4_ensemble,v1.0.0,"[22, 23, 25, 35, 36, 41]",21,0,0,1,3,[],0.10898062152320848,0.37677632245601606,25.5
2023-08-23,random,v1.0.0,"[3, 13, 14, 19, 26, 36]",25,1,1,1,3,[3],0.10745522698875465,0.37177617994345336,18.5
2023-08-23,ema_gap,v1.0.0,"[3, 13, 14, 19, 26, 36]",25,0,0,0,1,[],0.11316698244189109,0.397932973866993,32.333333333333336
2023-08-23,v2_statistical,v1.0.0,"[3, 13, 14, 19, 26, 36]",25,0,0,1,1,[],0.11506064112064761,0.40731434826242385,30.5
2023-08-23,v3_boosting,v1.0.0,"[3, 13, 14, 19, 26, 36]",25,1,1,2,3,[14],0.10670147137045936,0.3686932085858982,22.0
2023-08-23,v4_ensemble,v1.0.0,"[3, 13, 14, 19, 26, 36]",25,0,0,1,2,[],0.10993610623049353,0.38296935746499233,26.0
2023-08-26,random,v1.0.0,"[6, 10, 11, 22, 32, 43]",27,1,1,3,3,[6],0.10745522698875466,0.37177617994345336,20.666666666666668
2023-08-26,ema_gap,v1.0.0,"[6, 10, 11, 22, 32, 43]",27,1,1,2,2,[10],0.10898374644650097,0.37972333075725584,26.666666666666668
2023-08-26,v2_statistical,v1.0.0,"[6, 10, 11, 22, 32, 43]",27,0,0,2,2,[],0.11178729269116941,0.38563731199678386,24.166666666666668
2023-08-26,v3_boosting,v1.0.0,"[6, 10, 11, 22, 32, 43]",27,1,1,1,1,[6],0.11441159302514146,0.40486104140185736,33.5
2023-08-26,v4_ensemble,v1.0.0,"[6, 10, 11, 22, 32, 43]",27,0,0,1,2,[],0.11129517018102306,0.38844186271415715,27.833333333333332
2023-08-30,random,v1.0.0,"[3, 16, 22, 25, 27, 46]",19,1,1,1,2,[3],0.10745522698875466,0.3717761799434532,23.166666666666668
2023-08-30,ema_gap,v1.0.0,"[3, 16, 22, 25, 27, 46]",19,2,2,3,3,"[22, 25]",0.1069199842190097,0.3733753287952759,24.5
2023-08-30,v2_statistical,v1.0.0,"[3, 16, 22, 25, 27, 46]",19,1,1,3,3,[25],0.10833518054375915,0.37998506631935736,22.833333333333332
2023-08-30,v3_boosting,v1.0.0,"[3, 16, 22, 25, 27, 46]",19,1,1,3,6,[22],0.09873089375941711,0.33300458281429435,10.666666666666666
2023-08-30,v4_ensemble,v1.0.0,"[3, 16, 22, 25, 27, 46]",19,2,2,3,4,"[3, 22]",0.10288896305002453,0.35294364386802474,17.166666666666668
2023-09-02,random,v1.0.0,"[12, 13, 30, 33, 35, 43]",17,0,0,1,2,[],0.10745522698875465,0.37177617994345313,27.666666666666668
2023-09-02,ema_gap,v1.0.0,"[12, 13, 30, 33, 35, 43]",17,1,1,2,3,[35],0.10771952760381268,0.37198708467353453,22.166666666666668
2023-09-02,v2_statistical,v1.0.0,"[12, 13, 30, 33, 35, 43]",17,0,0,1,2,[],0.1102926567018964,0.380681757173934,24.5
2023-09-02,v3_boosting,v1.0.0,"[12, 13, 30, 33, 35, 43]",17,1,1,2,4,[12],0.10755670552245905,0.3675411248115802,19.666666666666668
2023-09-02,v4_ensemble,v1.0.0,"[12, 13, 30, 33, 35, 43]",17,1,1,1,2,[35],0.10733705451000575,0.3698003030221846,21.5
2023-09-06,random,v1.0.0,"[3, 10, 31, 38, 39, 41]",34,1,1,2,2,[3],0.10745522698875466,0.3717761799434531,27.0
2023-09-06,ema_gap,v1.0.0,"[3, 10, 31, 38, 39, 41]",34,1,1,3,3,[10],0.10556922162902628,0.36606770372242947,22.666666666666668
2023-09-06,v2_statistical,v1.0.0,"[3, 10, 31, 38, 39, 41]",34,3,3,3,4,"[3, 10, 31]",0.10135389054027673,0.34916938475622084,17.333333333333332
2023-09-06,v3_boosting,v1.0.0,"[3, 10, 31, 38, 39, 41]",34,1,1,2,3,[10],0.103696459444584,0.35975813180244454,21.0
2023-09-06,v4_ensemble,v1.0.0,"[3, 10, 31, 38, 39, 41]",34,2,2,3,3,"[3, 10]",0.10273691692136548,0.354032859082718,19.0
2023-09-09,random,v1.0.0,"[8, 17, 20, 26, 42, 44]",3,0,0,1,2,[],0.10745522698875465,0.37177617994345324,26.166666666666668
2023-09-09,ema_gap,v1.0.0,"[8, 17, 20, 26, 42, 44]",3,0,0,0,1,[],0.11373025994270133,0.3983007543307257,32.833333333333336
2023-09-09,v2_statistical,v1.0.0,"[8, 17, 20, 26, 42, 44]",3,0,0,0,1,[],0.11655562822066391,0.40801325380200953,31.666666666666668
2023-09-09,v3_boosting,v1.0.0,"[8, 17, 20, 26, 42, 44]",3,1,1,2,3,[44],0.10759354109933562,0.3689211393520724,20.333333333333332
2023-09-09,v4_ensemble,v1.0.0,"[8, 17, 20, 26, 42, 44]",3,0,0,1,1,[],0.11083044560982634,0.38519143223677593,28.5
2023-09-13,random,v1.0.0,"[8, 10, 18, 32, 33, 42]",40,0,0,2,3,[],0.10745522698875466,0.37177617994345336,23.833333333333332
2023-09-13,ema_gap,v1.0.0,"[8, 10, 18, 32, 33, 42]",40,1,1,2,3,[10],0.10620357972323681,0.36827931842516026,23.333333333333332
2023-09-13,v2_statistical,v1.0.0,"[8, 10, 18, 32, 33, 42]",40,1,1,1,1,[10],0.10984861550373175,0.3883199359763755,27.666666666666668
2023-09-13,v3_boosting,v1.0.0,"[8, 10, 18, 32, 33, 42]",40,1,1,1,1,[8],0.11009833590795579,0.3861349320089805,29.333333333333332
2023-09-13,v4_ensemble,v1.0.0,"[8, 10, 18, 32, 33, 42]",40,2,2,2,2,"[8, 10]",0.10829039461285998,0.3797507288602815,28.166666666666668
2023-09-16,random,v1.0.0,"[5, 9, 14, 29, 37, 38]",18,1,1,2,3,[5],0.10745522698875465,0.37177617994345336,22.0
2023-09-16,ema_gap,v1.0.0,"[5, 9, 14, 29, 37, 38]",18,0,0,0,1,[],0.1138457961928396,0.39960388875728364,32.5
2023-09-16,v2_statistical,v1.0.0,"[5, 9, 14, 29, 37, 38]",18,0,0,0,1,[],0.117469128720636,0.418880877703123,34.0
2023-09-16,v3_boosting,v1.0.0,"[5, 9, 14, 29, 37, 38]",18,1,1,1,2,[38],0.1095023543642935,0.37751363962847123,22.5
2023-09-16,v4_ensemble,v1.0.0,"[5, 9, 14, 29, 37, 38]",18,0,0,1,1,[],0.11210506161884559,0.39293104647011695,31.666666666666668
2023-09-20,random,v1.0.0,"[10, 14, 17, 22, 25, 38]",24,0,0,1,3,[],0.10745522698875465,0.37177617994345336,21.0
2023-09-20,ema_gap,v1.0.0,"[10, 14, 17, 22, 25, 38]",24,3,3,3,4,"[10, 22, 25]",0.09973477318347848,0.3407999022543158,13.0
2023-09-20,v2_statistical,v1.0.0,"[10, 14, 17, 22, 25, 38]",24,1,1,4,4,[10],0.09925436653785495,0.34648253463038836,17.833333333333332
2023-09-20,v3_boosting,v1.0.0,"[10, 14, 17, 22, 25, 38]",24,1,1,1,2,[22],0.11124033540886324,0.39194417454351704,27.666666666666668
2023-09-20,v4_ensemble,v1.0.0,"[10, 14, 17, 22, 25, 38]",24,2,2,2,2,"[10, 22]",0.10352135848806443,0.35805987203327383,21.833333333333332
2023-09-23,random,v1.0.0,"[5, 18, 22, 26, 28, 45]",14,1,1,1,2,[5],0.10745522698875466,0.37177617994345324,24.0
2023-09-23,ema_gap,v1.0.0,"[5, 18, 22, 26, 28, 45]",14,1,1,1,2,[22],0.10936042341456312,0.380494939066489,27.166666666666668
2023-09-23,v2_statistical,v1.0.0,"[5, 18, 22, 26, 28, 45]",14,2,2,2,2,"[22, 45]",0.11168010576124554,0.39057237956251917,25.666666666666668
2023-09-23,v3_boosting,v1.0.0,"[5, 18, 22, 26, 28, 45]",14,2,2,2,3,"[18, 28]",0.10365858254118579,0.35990002571036644,20.666666666666668
2023-09-23,v4_ensemble,v1.0.0,"[5, 18, 22, 26, 28, 45]",14,2,2,2,3,"[18, 28]",0.10530776352455376,0.360177032315688,17.833333333333332
2023-09-27,random,v1.0.0,"[9, 17, 25, 30, 38, 48]",35,0,0,1,2,[],0.10745522698875466,0.3717761799434532,27.833333333333332
2023-09-27,ema_gap,v1.0.0,"[9, 17, 25, 30, 38, 48]",35,1,1,3,5,[25],0.10404273153812031,0.3539250480882151,15.0
2023-09-27,v2_statistical,v1.0.0,"[9, 17, 25, 30, 38, 48]",35,1,1,3,4,[38],0.1039823554496986,0.3502004923674801,15.666666666666666
2023-09-27,v3_boosting,v1.0.0,"[9, 17, 25, 30, 38, 48]",35,0,0,1,1,[],0.11587595820745561,0.4116301195053646,35.833333333333336
2023-09-27,v4_ensemble,v1.0.0,"[9, 17, 25, 30, 38, 48]",35,0,0,1,2,[],0.10810098246266414,0.37227929596698334,21.333333333333332
2023-09-30,random,v1.0.0,"[30, 31, 34, 43, 45, 47]",14,0,0,0,0,[],0.10745522698875466,0.37177617994345313,38.333333333333336
2023-09-30,ema_gap,v1.0.0,"[30, 31, 34, 43, 45, 47]",14,1,1,2,3,[30],0.10868466898325148,0.3746682241970822,23.0
2023-09-30,v2_statistical,v1.0.0,"[30, 31, 34, 43, 45, 47]",14,2,2,2,4,"[31, 45]",0.10117061973191048,0.3440501495128898,15.333333333333334
2023-09-30,v3_boosting,v1.0.0,"[30, 31, 34, 43, 45, 47]",14,1,1,1,1,[45],0.11177506514370565,0.3857319241516173,26.333333333333332
2023-09-30,v4_ensemble,v1.0.0,"[30, 31, 34, 43, 45, 47]",14,2,2,2,2,"[31, 45]",0.10654202824354159,0.3660164578554914,21.5
2023-10-04,random,v1.0.0,"[18, 19, 26, 27, 29, 30]",34,0,0,0,1,[],0.10745522698875466,0.3717761799434532,24.833333333333332
2023-10-04,ema_gap,v1.0.0,"[18, 19, 26, 27, 29, 30]",34,1,1,1,1,[30],0.10968462454829457,0.3801163670307363,26.5
2023-10-04,v2_statistical,v1.0.0,"[18, 19, 26, 27, 29, 30]",34,0,0,1,1,[],0.11377006180569785,0.39681319537103554,28.333333333333332
2023-10-04,v3_boosting,v1.0.0,"[18, 19, 26, 27, 29, 30]",34,0,0,0,1,[],0.11177149801675071,0.3872894611555193,27.0
2023-10-04,v4_ensemble,v1.0.0,"[18, 19, 26, 27, 29, 30]",34,1,1,1,1,[30],0.11091509099547679,0.3875924980905049,32.0
2023-10-07,random,v1.0.0,"[4, 6, 20, 40, 45, 46]",33,2,2,2,2,"[4, 6]",0.10745522698875466,0.37177617994345324,26.833333333333332
2023-10-07,ema_gap,v1.0.0,"[4, 6, 20, 40, 45, 46]",33,0,0,1,1,[],0.11436593818373464,0.40352323039539595,34.833333333333336
2023-10-07,v2_statistical,v1.0.0,"[4, 6, 20, 40, 45, 46]",33,1,1,1,1,[45],0.11128286479800722,0.3880833728465047,28.666666666666668
2023-10-07,v3_boosting,v1.0.0,"[4, 6, 20, 40, 45, 46]",33,1,1,1,1,[45],0.11287838895198636,0.399257278299391,34.833333333333336
2023-10-07,v4_ensemble,v1.0.0,"[4, 6, 20, 40, 45, 46]",33,1,1,1,1,[45],0.1116794061313195,0.3948659611822794,35.0
2023-10-11,random,v1.0.0,"[9, 17, 22, 28, 37, 43]",25,0,0,1,2,[],0.10745522698875466,0.37177617994345324,26.0
2023-10-11,ema_gap,v1.0.0,"[9, 17, 22, 28, 37, 43]",25,1,1,3,3,[22],0.1052483432054328,0.3606827430704041,19.0
2023-10-11,v2_statistical,v1.0.0,"[9, 17, 22, 28, 37, 43]",25,1,1,3,4,[22],0.10664885674690303,0.3665760563623089,19.0
2023-10-11,v3_boosting,v1.0.0,"[9, 17, 22, 28, 37, 43]",25,0,0,2,4,[],0.10809248127443437,0.37125290782134146,21.0
2023-10-11,v4_ensemble,v1.0.0,"[9, 17, 22, 28, 37, 43]",25,1,1,2,3,[9],0.10576162967693448,0.3622299520689107,18.166666666666668
2023-10-14,random,v1.0.0,"[15, 17, 23, 32, 37, 47]",49,0,0,0,2,[],0.10745522698875466,0.37177617994345324,28.5
2023-10-14,ema_gap,v1.0.0,"[15, 17, 23, 32, 37, 47]",49,0,0,1,2,[],0.1098073642298091,0.3811660925705307,26.5
2023-10-14,v2_statistical,v1.0.0,"[15, 17, 23, 32, 37, 47]",49,0,0,2,2,[],0.1115153565446379,0.3867222555874671,23.833333333333332
2023-10-14,v3_boosting,v1.0.0,"[15, 17, 23, 32, 37, 47]",49,1,1,1,1,[32],0.1112694110325861,0.38804525358880493,28.166666666666668
2023-10-14,v4_ensemble,v1.0.0,"[15, 17, 23, 32, 37, 47]",49,0,0,1,2,[],0.10987794991856975,0.38258885526000064,26.833333333333332
2023-10-18,random,v1.0.0,"[3, 4, 9, 27, 30, 37]",48,2,2,3,3,"[3, 4]",0.10745522698875465,0.37177617994345336,18.333333333333332
2023-10-18,ema_gap,v1.0.0,"[3, 4, 9, 27, 30, 37]",48,2,2,3,4,"[9, 30]",0.10246115583430435,0.3482668736100119,14.333333333333334
2023-10-18,v2_statistical,v1.0.0,"[3, 4, 9, 27, 30, 37]",48,0,0,4,4,[],0.10253989607276333,0.3440070786100447,14.833333333333334
2023-10-18,v3_boosting,v1.0.0,"[3, 4, 9, 27, 30, 37]",48,1,1,3,3,[37],0.10473573623616192,0.36585119146546247,21.666666666666668
2023-10-18,v4_ensemble,v1.0.0,"[3, 4, 9, 27, 30, 37]",48,2,2,2,4,"[9, 37]",0.10209797633988742,0.348755726615254,14.833333333333334
2023-10-21,random,v1.0.0,"[1, 12, 17, 19, 23, 39]",37,1,1,2,3,[1],0.10745522698875465,0.37177617994345336,18.5
2023-10-21,ema_gap,v1.0.0,"[1, 12, 17, 19, 23, 39]",37,0,0,2,2,[],0.11142301526198625,0.3922747709320128,30.333333333333332
2023-10-21,v2_statistical,v1.0.0,"[1, 12, 17, 19, 23, 39]",37,0,0,1,2,[],0.11631803798382907,0.4188632433602453,32.166666666666664
2023-10-21,v3_boosting,v1.0.0,"[1, 12, 17, 19, 23, 39]",37,0,0,1,2,[],0.11009149801382716,0.3767189326355797,22.0
2023-10-21,v4_ensemble,v1.0.0,"[1, 12, 17, 19, 23, 39]",37,0,0,1,2,[],0.11141404467355523,0.3901853523161079,29.5
2023-10-25,random,v1.0.0,"[1, 4, 16, 22, 29, 47]",43,2,2,2,3,"[1, 4]",0.10745522698875465,0.37177617994345336,19.833333333333332
2023-10-25,ema_gap,v1.0.0,"[1, 4, 16, 22, 29, 47]",43,1,1,1,3,[22],0.10897237877978203,0.3797904360985614,26.666666666666668
2023-10-25,v2_statistical,v1.0.0,"[1, 4, 16, 22, 29, 47]",43,1,1,1,3,[22],0.10971798604226055,0.38765732184705587,26.166666666666668
2023-10-25,v3_boosting,v1.0.0,"[1, 4, 16, 22, 29, 47]",43,1,1,2,3,[29],0.10807183976128099,0.37264188369701445,21.5
2023-10-25,v4_ensemble,v1.0.0,"[1, 4, 16, 22, 29, 47]",43,1,1,1,3,[22],0.10811808401160666,0.37398554810688717,22.0
2023-10-28,random,v1.0.0,"[4, 9, 17, 30, 36, 43]",37,1,1,2,3,[4],0.10745522698875466,0.37177617994345336,23.166666666666668
2023-10-28,ema_gap,v1.0.0,"[4, 9, 17, 30, 36, 43]",37,3,3,4,5,"[9, 17, 30]",0.10013546508141004,0.34184290269056355,13.833333333333334
2023-10-28,v2_statistical,v1.0.0,"[4, 9, 17, 30, 36, 43]",37,0,0,3,5,[],0.10320061320600171,0.3494965982460776,17.333333333333332
2023-10-28,v3_boosting,v1.0.0,"[4, 9, 17, 30, 36, 43]",37,0,0,2,2,[],0.11125324779462781,0.38469628843613585,24.0
2023-10-28,v4_ensemble,v1.0.0,"[4, 9, 17, 30, 36, 43]",37,1,1,3,3,[9],0.1049869570600268,0.35940557011157825,16.833333333333332
2023-11-01,random,v1.0.0,"[7, 12, 31, 34, 41, 48]",25,0,0,2,2,[],0.10745522698875466,0.3717761799434531,28.833333333333332
2023-11-01,ema_gap,v1.0.0,"[7, 12, 31, 34, 41, 48]",25,0,0,0,1,[],0.1116668958818771,0.3873788809723597,28.0
2023-11-01,v2_statistical,v1.0.0,"[7, 12, 31, 34, 41, 48]",25,0,0,1,2,[],0.10893259316542062,0.3713262869687839,20.833333333333332
2023-11-01,v3_boosting,v1.0.0,"[7, 12, 31, 34, 41, 48]",25,0,0,2,2,[],0.11309237853823172,0.3995166878090136,29.833333333333332
2023-11-01,v4_ensemble,v1.0.0,"[7, 12, 31, 34, 41, 48]",25,0,0,0,2,[],0.11027171625814935,0.3819946722377336,26.666666666666668
2023-11-04,random,v1.0.0,"[1, 10, 15, 17, 35, 45]",34,1,1,2,4,[1],0.10745522698875466,0.37177617994345336,20.5
2023-11-04,ema_gap,v1.0.0,"[1, 10, 15, 17, 35, 45]",34,2,2,2,3,"[10, 17]",0.105092992279726,0.3615625331559333,20.333333333333332
2023-11-04,v2_statistical,v1.0.0,"[1, 10, 15, 17, 35, 45]",34,1,1,2,4,[45],0.10905877442507177,0.38082980815649087,22.5
2023-11-04,v3_boosting,v1.0.0,"[1, 10, 15, 17, 35, 45]",34,0,0,0,1,[],0.11375951944040168,0.39491203397567937,28.333333333333332
2023-11-04,v4_ensemble,v1.0.0,"[1, 10, 15, 17, 35, 45]",34,0,0,1,3,[],0.109064984257793,0.3795092895424429,26.333333333333332
2023-11-08,random,v1.0.0,"[25, 29, 37, 43, 46, 48]",15,0,0,0,0,[],0.10745522698875466,0.37177617994345313,38.0
2023-11-08,ema_gap,v1.0.0,"[25, 29, 37, 43, 46, 48]",15,0,0,2,4,[],0.10754418712795051,0.368988135098202,20.0
2023-11-08,v2_statistical,v1.0.0,"[25, 29, 37, 43, 46, 48]",15,0,0,1,3,[],0.10764452037340759,0.3655792260167696,19.333333333333332
2023-11-08,v3_boosting,v1.0.0,"[25, 29, 37, 43, 46, 48]",15,2,2,2,2,"[46, 48]",0.10717090714871476,0.3692926104759421,21.666666666666668
2023-11-08,v4_ensemble,v1.0.0,"[25, 29, 37, 43, 46, 48]",15,0,0,1,3,[],0.10645947459961387,0.36385796404356946,19.5
2023-11-11,random,v1.0.0,"[3, 17, 25, 26, 41, 42]",18,1,1,1,2,[3],0.10745522698875465,0.3717761799434532,25.666666666666668
2023-11-11,ema_gap,v1.0.0,"[3, 17, 25, 26, 41, 42]",18,2,2,2,3,"[17, 25]",0.10343778303626722,0.35449092102559965,17.5
2023-11-11,v2_statistical,v1.0.0,"[3, 17, 25, 26, 41, 42]",18,1,1,1,3,[17],0.10749246318052345,0.3638538551189488,17.5
2023-11-11,v3_boosting,v1.0.0,"[3, 17, 25, 26, 41, 42]",18,1,1,1,1,[42],0.11224783596959631,0.39312305867287906,27.166666666666668
2023-11-11,v4_ensemble,v1.0.0,"[3, 17, 25, 26, 41, 42]",18,0,0,2,2,[],0.10715563232449146,0.36846178739380564,21.833333333333332
2023-11-15,random,v1.0.0,"[16, 20, 23, 32, 37, 39]",13,0,0,0,1,[],0.10745522698875466,0.37177617994345324,27.833333333333332
2023-11-15,ema_gap,v1.0.0,"[16, 20, 23, 32, 37, 39]",13,0,0,1,2,[],0.11089017265157355,0.3862170916818181,28.833333333333332
2023-11-15,v2_statistical,v1.0.0,"[16, 20, 23, 32, 37, 39]",13,0,0,1,2,[],0.11395382909957222,0.4025306222989026,29.666666666666668
2023-11-15,v3_boosting,v1.0.0,"[16, 20, 23, 32, 37, 39]",13,0,0,3,3,[],0.10834055221088867,0.3759990789346312,24.0
2023-11-15,v4_ensemble,v1.0.0,"[16, 20, 23, 32, 37, 39]",13,1,1,1,1,[37],0.11012514257107119,0.38300815981138026,27.666666666666668
2023-11-18,random,v1.0.0,"[6, 22, 26, 30, 35, 36]",25,1,1,1,1,[6],0.10745522698875466,0.3717761799434532,25.833333333333332
2023-11-18,ema_gap,v1.0.0,"[6, 22, 26, 30, 35, 36]",25,2,2,2,4,"[22, 30]",0.1050543028399763,0.36007413155268775,19.5
2023-11-18,v2_statistical,v1.0.0,"[6, 22, 26, 30, 35, 36]",25,0,0,2,2,[],0.10853571210658047,0.3696866439412491,20.333333333333332
2023-11-18,v3_boosting,v1.0.0,"[6, 22, 26, 30, 35, 36]",25,0,0,2,3,[],0.10902439176485006,0.3745393301586933,22.5
2023-11-18,v4_ensemble,v1.0.0,"[6, 22, 26, 30, 35, 36]",25,1,1,1,1,[22],0.10685001142280431,0.36696872283310844,21.166666666666668
2023-11-22,random,v1.0.0,"[7, 12, 13, 17, 20, 36]",11,0,0,2,4,[],0.10745522698875465,0.37177617994345336,17.5
2023-11-22,ema_gap,v1.0.0,"[7, 12, 13, 17, 20, 36]",11,1,1,1,2,[17],0.10667144708485576,0.36828341587586,22.666666666666668
2023-11-22,v2_statistical,v1.0.0,"[7, 12, 13, 17, 20, 36]",11,1,1,1,2,[17],0.10937731558857622,0.3760549744064063,22.5
2023-11-22,v3_boosting,v1.0.0,"[7, 12, 13, 17, 20, 36]",11,2,2,3,4,"[20, 36]",0.10314538018692454,0.3507117768239383,16.833333333333332
2023-11-22,v4_ensemble,v1.0.0,"[7, 12, 13, 17, 20, 36]",11,1,1,3,3,[17],0.10448700288487611,0.3590493881970016,18.833333333333332
2023-11-25,random,v1.0.0,"[5, 9, 18, 29, 39, 42]",48,1,1,2,3,[5],0.10745522698875466,0.37177617994345336,23.666666666666668
2023-11-25,ema_gap,v1.0.0,"[5, 9, 18, 29, 39, 42]",48,0,0,1,1,[],0.11039819611480459,0.3821566674377251,27.166666666666668
2023-11-25,v2_statistical,v1.0.0,"[5, 9, 18, 29, 39, 42]",48,0,0,1,1,[],0.11577166451426517,0.40780132902893157,32.166666666666664
2023-11-25,v3_boosting,v1.0.0,"[5, 9, 18, 29, 39, 42]",48,0,0,2,4,[],0.10646930205708004,0.3644853317404556,18.833333333333332
2023-11-25,v4_ensemble,v1.0.0,"[5, 9, 18, 29, 39, 42]",48,0,0,1,2,[],0.10976678310857663,0.38026495004392047,25.833333333333332
2023-11-29,random,v1.0.0,"[11, 13, 16, 18, 21, 43]",37,0,0,1,4,[],0.10745522698875465,0.37177617994345336,20.333333333333332
2023-11-29,ema_gap,v1.0.0,"[11, 13, 16, 18, 21, 43]",37,0,0,1,1,[],0.11308281041891526,0.3970190220729248,32.0
2023-11-29,v2_statistical,v1.0.0,"[11, 13, 16, 18, 21, 43]",37,0,0,1,1,[],0.11666704811811912,0.41758999182478673,32.5
2023-11-29,v3_boosting,v1.0.0,"[11, 13, 16, 18, 21, 43]",37,1,1,1,1,[18],0.11714984091728908,0.41616832821142086,34.5
2023-11-29,v4_ensemble,v1.0.0,"[11, 13, 16, 18, 21, 43]",37,0,0,0,1,[],0.1145635680173755,0.4077986547860653,35.833333333333336
2023-12-02,random,v1.0.0,"[1, 2, 20, 26, 39, 49]",18,2,2,2,2,"[1, 2]",0.10745522698875466,0.37177617994345324,22.833333333333332
2023-12-02,ema_gap,v1.0.0,"[1, 2, 20, 26, 39, 49]",18,0,0,0,1,[],0.1145215183447334,0.40700149608733505,34.166666666666664
2023-12-02,v2_statistical,v1.0.0,"[1, 2, 20, 26, 39, 49]",18,0,0,0,0,[],0.12047963112476837,0.4392314814651821,36.833333333333336
2023-12-02,v3_boosting,v1.0.0,"[1, 2, 20, 26, 39, 49]",18,1,1,1,1,[26],0.11454297496725094,0.40427354797875575,30.166666666666668
2023-12-02,v4_ensemble,v1.0.0,"[1, 2, 20, 26, 39, 49]",18,0,0,1,1,[],0.11540446288028589,0.4134697334814286,35.833333333333336
2023-12-06,random,v1.0.0,"[1, 11, 31, 36, 38, 45]",46,1,1,2,2,[1],0.10745522698875466,0.3717761799434531,27.0
2023-12-06,ema_gap,v1.0.0,"[1, 11, 31, 36, 38, 45]",46,0,0,0,0,[],0.11034079514253231,0.38121763269862846,27.0
2023-12-06,v2_statistical,v1.0.0,"[1, 11, 31, 36, 38, 45]",46,0,0,2,2,[],0.10973951651568371,0.37652554974285957,22.666666666666668
2023-12-06,v3_boosting,v1.0.0,"[1, 11, 31, 36, 38, 45]",46,1,1,1,2,[38],0.11030965445486716,0.38273759232513543,26.333333333333332
2023-12-06,v4_ensemble,v1.0.0,"[1, 11, 31, 36, 38, 45]",46,0,0,1,2,[],0.10944386871087879,0.3771529792548926,23.166666666666668
2023-12-09,random,v1.0.0,"[4, 5, 14, 21, 27, 30]",41,2,2,2,3,"[4, 5]",0.10745522698875465,0.37177617994345336,16.833333333333332
2023-12-09,ema_gap,v1.0.0,"[4, 5, 14, 21, 27, 30]",41,1,1,1,1,[30],0.11018020298512875,0.384783357190329,29.166666666666668
2023-12-09,v2_statistical,v1.0.0,"[4, 5, 14, 21, 27, 30]",41,1,1,1,2,[30],0.11298611428513036,0.3983039346086783,28.0
2023-12-09,v3_boosting,v1.0.0,"[4, 5, 14, 21, 27, 30]",41,2,2,2,3,"[27, 30]",0.10435791608618289,0.3636846262971401,22.333333333333332
2023-12-09,v4_ensemble,v1.0.0,"[4, 5, 14, 21, 27, 30]",41,1,1,2,2,[30],0.10767360215749627,0.37566484163610425,27.666666666666668
2023-12-13,random,v1.0.0,"[7, 16, 20, 33, 46, 47]",5,0,0,1,2,[],0.10745522698875465,0.37177617994345324,28.166666666666668
2023-12-13,ema_gap,v1.0.0,"[7, 16, 20, 33, 46, 47]",5,0,0,0,1,[],0.11294860423143877,0.39659555645694405,32.5
2023-12-13,v2_statistical,v1.0.0,"[7, 16, 20, 33, 46, 47]",5,0,0,0,3,[],0.11208992695243253,0.3893269692839991,26.333333333333332
2023-12-13,v3_boosting,v1.0.0,"[7, 16, 20, 33, 46, 47]",5,1,1,1,1,[46],0.11503069835400856,0.4088863474310557,33.666666666666664
2023-12-13,v4_ensemble,v1.0.0,"[7, 16, 20, 33, 46, 47]",5,0,0,0,1,[],0.11287046436693318,0.39501542998153827,31.0
2023-12-16,random,v1.0.0,"[7, 8, 13, 20, 43, 44]",2,0,0,2,3,[],0.10745522698875465,0.37177617994345336,22.5
2023-12-16,ema_gap,v1.0.0,"[7, 8, 13, 20, 43, 44]",2,0,0,3,3,[],0.1086750561824413,0.3775280338066391,23.0
2023-12-16,v2_statistical,v1.0.0,"[7, 8, 13, 20, 43, 44]",2,1,1,2,3,[43],0.10940755298034109,0.3786216119539079,24.0
2023-12-16,v3_boosting,v1.0.0,"[7, 8, 13, 20, 43, 44]",2,1,1,2,2,[43],0.11181421060651492,0.39472740496125264,30.666666666666668
2023-12-16,v4_ensemble,v1.0.0,"[7, 8, 13, 20, 43, 44]",2,1,1,2,3,[43],0.10924134464793789,0.38347759456181246,27.833333333333332
2023-12-20,random,v1.0.0,"[10, 12, 13, 17, 35, 44]",47,0,0,2,4,[],0.10745522698875465,0.37177617994345336,21.833333333333332
2023-12-20,ema_gap,v1.0.0,"[10, 12, 13, 17, 35, 44]",47,1,1,2,4,[17],0.10391692459144494,0.3556946936326454,18.0
2023-12-20,v2_statistical,v1.0.0,"[10, 12, 13, 17, 35, 44]",47,1,1,2,2,[17],0.10625671432383345,0.3634893746244308,20.0
2023-12-20,v3_boosting,v1.0.0,"[10, 12, 13, 17, 35, 44]",47,1,1,2,3,[10],0.10813837519765887,0.37687405619756076,23.666666666666668
2023-12-20,v4_ensemble,v1.0.0,"[10, 12, 13, 17, 35, 44]",47,1,1,2,2,[10],0.10568472415877206,0.36210611093765266,19.5
2023-12-23,random,v1.0.0,"[7, 10, 15, 21, 29, 31]",17,0,0,2,3,[],0.10745522698875465,0.37177617994345336,18.833333333333332
2023-12-23,ema_gap,v1.0.0,"[7, 10, 15, 21, 29, 31]",17,2,2,2,3,"[7, 10]",0.10696679532637303,0.3687781801961244,21.333333333333332
2023-12-23,v2_statistical,v1.0.0,"[7, 10, 15, 21, 29, 31]",17,2,2,3,3,"[7, 31]",0.1045705015881474,0.36609772888426595,21.5
2023-12-23,v3_boosting,v1.0.0,"[7, 10, 15, 21, 29, 31]",17,1,1,2,3,[10],0.11019830125307742,0.38012424274877565,22.666666666666668
2023-12-23,v4_ensemble,v1.0.0,"[7, 10, 15, 21, 29, 31]",17,1,1,2,3,[10],0.10611094343499818,0.3649680462033419,20.666666666666668
2023-12-27,random,v1.0.0,"[3, 11, 21, 40, 46, 48]",36,1,1,2,2,[3],0.10745522698875466,0.37177617994345324,28.166666666666668
2023-12-27,ema_gap,v1.0.0,"[3, 11, 21, 40, 46, 48]",36,0,0,0,0,[],0.11347959282645917,0.3985088805982708,33.666666666666664
2023-12-27,v2_statistical,v1.0.0,"[3, 11, 21, 40, 46, 48]",36,0,0,0,0,[],0.11674406146044396,0.4080034330538347,32.166666666666664
2023-12-27,v3_boosting,v1.0.0,"[3, 11, 21, 40, 46, 48]",36,1,1,2,3,[46],0.10548707971496794,0.35704908700035476,17.333333333333332
2023-12-27,v4_ensemble,v1.0.0,"[3, 11, 21, 40, 46, 48]",36,0,0,1,1,[],0.1097200132117759,0.37939893976949807,25.833333333333332
2023-12-28,random,v1.0.0,"[2, 10, 16, 17, 24, 26]",18,1,1,2,4,[2],0.10745522698875466,0.37177617994345336,15.833333333333334
2023-12-28,ema_gap,v1.0.0,"[2, 10, 16, 17, 24, 26]",18,2,2,2,2,"[10, 17]",0.10626178539723875,0.3772594256678329,24.833333333333332
2023-12-28,v2_statistical,v1.0.0,"[2, 10, 16, 17, 24, 26]",18,2,2,2,3,"[10, 17]",0.10760695583528268,0.3873501820284874,25.5
2023-12-28,v3_boosting,v1.0.0,"[2, 10, 16, 17, 24, 26]",18,0,0,0,1,[],0.11578047907808131,0.4092142014094757,35.0
2023-12-28,v4_ensemble,v1.0.0,"[2, 10, 16, 17, 24, 26]",18,2,2,2,2,"[10, 17]",0.10989849694320747,0.388154047449705,29.5
2023-12-31,random,v1.0.0,"[2, 5, 7, 11, 15, 21]",25,2,2,4,5,"[2, 5]",0.10745522698875465,0.3717761799434534,10.166666666666666
2023-12-31,ema_gap,v1.0.0,"[2, 5, 7, 11, 15, 21]",25,1,1,1,2,[7],0.10862388920142926,0.3751877292572001,24.166666666666668
2023-12-31,v2_statistical,v1.0.0,"[2, 5, 7, 11, 15, 21]",25,1,1,1,1,[7],0.11195573018131287,0.3923313827206842,28.0
2023-12-31,v3_boosting,v1.0.0,"[2, 5, 7, 11, 15, 21]",25,0,0,2,3,[],0.10971199715347334,0.3790734841969356,23.666666666666668
2023-12-31,v4_ensemble,v1.0.0,"[2, 5, 7, 11, 15, 21]",25,0,0,1,1,[],0.10947713945042235,0.37859697338455056,24.833333333333332
2024-01-03,random,v1.0.0,"[2, 12, 23, 30, 32, 35]",47,1,1,2,2,[2],0.10745522698875465,0.3717761799434532,22.333333333333332
2024-01-03,ema_gap,v1.0.0,"[2, 12, 23, 30, 32, 35]",47,1,1,1,2,[30],0.10900119226828943,0.3766308494877966,25.0
2024-01-03,v2_statistical,v1.0.0,"[2, 12, 23, 30, 32, 35]",47,1,1,1,1,[30],0.11175000542221719,0.3903225739694953,27.833333333333332
2024-01-03,v3_boosting,v1.0.0,"[2, 12, 23, 30, 32, 35]",47,2,2,3,4,"[2, 30]",0.10391824823056552,0.35642276189570427,18.333333333333332
2024-01-03,v4_ensemble,v1.0.0,"[2, 12, 23, 30, 32, 35]",47,1,1,1,1,[30],0.10704329609084513,0.3685083228155826,23.0
2024-01-06,random,v1.0.0,"[18, 19, 33, 38, 48, 49]",27,0,0,0,1,[],0.10745522698875469,0.37177617994345313,34.166666666666664
2024-01-06,ema_gap,v1.0.0,"[18, 19, 33, 38, 48, 49]",27,0,0,0,0,[],0.11600438292257098,0.4121391619844448,39.166666666666664
2024-01-06,v2_statistical,v1.0.0,"[18, 19, 33, 38, 48, 49]",27,0,0,0,0,[],0.11774015028583303,0.4189962822924074,36.166666666666664
2024-01-06,v3_boosting,v1.0.0,"[18, 19, 33, 38, 48, 49]",27,1,1,2,4,[48],0.10358128222392365,0.35040428745852764,15.833333333333334
2024-01-06,v4_ensemble,v1.0.0,"[18, 19, 33, 38, 48, 49]",27,0,0,1,3,[],0.1098692146423367,0.3814986547477459,27.666666666666668
2024-01-10,random,v1.0.0,"[3, 18, 25, 31, 35, 39]",1,1,1,1,2,[3],0.10745522698875466,0.3717761799434532,25.166666666666668
2024-01-10,ema_gap,v1.0.0,"[3, 18, 25, 31, 35, 39]",1,1,1,2,3,[35],0.10716868831214747,0.3670443263442972,19.333333333333332
2024-01-10,v2_statistical,v1.0.0,"[3, 18, 25, 31, 35, 39]",1,0,0,2,3,[],0.1092920539329168,0.3754094529709253,22.666666666666668
2024-01-10,v3_boosting,v1.0.0,"[3, 18, 25, 31, 35, 39]",1,1,1,2,2,[18],0.10950028356317894,0.38228807972540824,26.5
2024-01-10,v4_ensemble,v1.0.0,"[3, 18, 25, 31, 35, 39]",1,0,0,2,3,[],0.10804452162887301,0.3726928636062119,23.166666666666668
2024-01-13,random,v1.0.0,"[24, 28, 31, 40, 42, 48]",43,0,0,0,0,[],0.10745522698875465,0.37177617994345313,35.5
2024-01-13,ema_gap,v1.0.0,"[24, 28, 31, 40, 42, 48]",43,1,1,2,2,[31],0.11327282699425252,0.40274368356390755,32.833333333333336
2024-01-13,v2_statistical,v1.0.0,"[24, 28, 31, 40, 42, 48]",43,1,1,1,2,[31],0.11332317444349875,0.41052024383540764,31.833333333333332
2024-01-13,v3_boosting,v1.0.0,"[24, 28, 31, 40, 42, 48]",43,2,2,3,5,"[28, 40]",0.10125815109473205,0.345089260487162,14.166666666666666
2024-01-13,v4_ensemble,v1.0.0,"[24, 28, 31, 40, 42, 48]",43,1,1,2,3,[31],0.10661921709661333,0.368763641096763,22.333333333333332
2024-01-17,random,v1.0.0,"[8, 10, 11, 25, 29, 37]",45,0,0,3,3,[],0.10745522698875463,0.37177617994345336,20.0
2024-01-17,ema_gap,v1.0.0,"[8, 10, 11, 25, 29, 37]",45,1,1,2,2,[10],0.10656678526908378,0.36668895399877816,21.666666666666668
2024-01-17,v2_statistical,v1.0.0,"[8, 10, 11, 25, 29, 37]",45,1,1,2,2,[10],0.1072809868622815,0.37142066374675226,24.666666666666668
2024-01-17,v3_boosting,v1.0.0,"[8, 10, 11, 25, 29, 37]",45,1,1,1,2,[25],0.1096925345986924,0.38329454590654594,26.333333333333332
2024-01-17,v4_ensemble,v1.0.0,"[8, 10, 11, 25, 29, 37]",45,2,2,2,2,"[10, 25]",0.10713122652745168,0.3727809300111927,24.666666666666668
2024-01-20,random,v1.0.0,"[1, 6, 12, 27, 45, 49]",47,2,2,3,3,"[1, 6]",0.10745522698875466,0.37177617994345336,23.333333333333332
2024-01-20,ema_gap,v1.0.0,"[1, 6, 12, 27, 45, 49]",47,0,0,0,1,[],0.11502645657353441,0.4068415662511948,37.0
2024-01-20,v2_statistical,v1.0.0,"[1, 6, 12, 27, 45, 49]",47,1,1,1,1,[45],0.11477894825270425,0.40633466730159806,30.833333333333332
2024-01-20,v3_boosting,v1.0.0,"[1, 6, 12, 27, 45, 49]",47,1,1,2,3,[49],0.10585864934225744,0.3639774677275568,20.166666666666668
2024-01-20,v4_ensemble,v1.0.0,"[1, 6, 12, 27, 45, 49]",47,0,0,2,2,[],0.10954323105475958,0.38178639169032724,26.333333333333332
2024-01-24,random,v1.0.0,"[1, 8, 20, 30, 31, 34]",41,1,1,2,2,[1],0.10745522698875463,0.37177617994345324,20.666666666666668
2024-01-24,ema_gap,v1.0.0,"[1, 8, 20, 30, 31, 34]",41,2,2,2,3,"[30, 31]",0.10653574422257522,0.36967759162009106,20.833333333333332
2024-01-24,v2_statistical,v1.0.0,"[1, 8, 20, 30, 31, 34]",41,2,2,2,3,"[30, 31]",0.10525575016775027,0.3603258012460466,19.333333333333332
2024-01-24,v3_boosting,v1.0.0,"[1, 8, 20, 30, 31, 34]",41,1,1,2,3,[30],0.10682899003144664,0.3663057402774927,20.833333333333332
2024-01-24,v4_ensemble,v1.0.0,"[1, 8, 20, 30, 31, 34]",41,1,1,2,3,[30],0.10518272008263882,0.36120846836236326,18.0
2024-01-27,random,v1.0.0,"[8, 11, 13, 23, 24, 36]",12,0,0,2,3,[],0.10745522698875465,0.37177617994345336,19.166666666666668
2024-01-27,ema_gap,v1.0.0,"[8, 11, 13, 23, 24, 36]",12,0,0,0,1,[],0.11093680189074505,0.38518489486617963,26.833333333333332
2024-01-27,v2_statistical,v1.0.0,"[8, 11, 13, 23, 24, 36]",12,0,0,1,2,[],0.11426248738993192,0.3979366295984948,27.833333333333332
2024-01-27,v3_boosting,v1.0.0,"[8, 11, 13, 23, 24, 36]",12,1,1,1,2,[36],0.10794256580602143,0.3704592245134338,19.833333333333332
2024-01-27,v4_ensemble,v1.0.0,"[8, 11, 13, 23, 24, 36]",12,0,0,0,2,[],0.10970899020398168,0.3783372795392637,24.166666666666668
2024-01-31,random,v1.0.0,"[8, 9, 28, 29, 34, 43]",40,0,0,2,2,[],0.10745522698875466,0.37177617994345313,25.166666666666668
2024-01-31,ema_gap,v1.0.0,"[8, 9, 28, 29, 34, 43]",40,0,0,1,2,[],0.11114614989890559,0.38704746597236683,27.833333333333332
2024-01-31,v2_statistical,v1.0.0,"[8, 9, 28, 29, 34, 43]",40,0,0,0,4,[],0.11199920892768704,0.38546149666524315,23.5
2024-01-31,v3_boosting,v1.0.0,"[8, 9, 28, 29, 34, 43]",40,2,2,3,3,"[28, 43]",0.10188165539455514,0.3506082602867197,19.333333333333332
2024-01-31,v4_ensemble,v1.0.0,"[8, 9, 28, 29, 34, 43]",40,1,1,3,3,[43],0.10612136521279084,0.3637556021097458,18.5
2024-02-03,random,v1.0.0,"[5, 10, 15, 27, 40, 47]",7,1,1,2,3,[5],0.10745522698875465,0.37177617994345336,24.0
2024-02-03,ema_gap,v1.0.0,"[5, 10, 15, 27, 40, 47]",7,1,1,1,1,[10],0.11124213452083823,0.39076492611768743,31.666666666666668
2024-02-03,v2_statistical,v1.0.0,"[5, 10, 15, 27, 40, 47]",7,1,1,1,1,[10],0.11452279796768251,0.4027222182013963,30.5
2024-02-03,v3_boosting,v1.0.0,"[5, 10, 15, 27, 40, 47]",7,0,0,2,2,[],0.11085620100100915,0.38802029081415407,29.333333333333332
2024-02-03,v4_ensemble,v1.0.0,"[5, 10, 15, 27, 40, 47]",7,1,1,1,1,[10],0.11129563258660838,0.3915336204987528,33.166666666666664
2024-02-07,random,v1.0.0,"[7, 19, 21, 33, 36, 45]",4,0,0,1,1,[],0.10745522698875466,0.37177617994345324,26.833333333333332
2024-02-07,ema_gap,v1.0.0,"[7, 19, 21, 33, 36, 45]",4,0,0,1,1,[],0.11120912718503764,0.38772111939695664,28.5
2024-02-07,v2_statistical,v1.0.0,"[7, 19, 21, 33, 36, 45]",4,0,0,1,2,[],0.11322564237540901,0.39581390683487333,27.833333333333332
2024-02-07,v3_boosting,v1.0.0,"[7, 19, 21, 33, 36, 45]",4,1,1,1,2,[7],0.10950873186519222,0.3807713124261698,26.0
2024-02-07,v4_ensemble,v1.0.0,"[7, 19, 21, 33, 36, 45]",4,1,1,1,1,[7],0.11010914113310408,0.38406929876928786,29.666666666666668
2024-02-10,random,v1.0.0,"[1, 5, 15, 18, 22, 44]",6,2,2,2,4,"[1, 5]",0.10745522698875463,0.37177617994345336,17.5
2024-02-10,ema_gap,v1.0.0,"[1, 5, 15, 18, 22, 44]",6,0,0,0,1,[],0.11155106801335238,0.388185820643444,29.333333333333332
2024-02-10,v2_statistical,v1.0.0,"[1, 5, 15, 18, 22, 44]",6,0,0,0,0,[],0.11825540998723932,0.4155543892053878,34.166666666666664
2024-02-10,v3_boosting,v1.0.0,"[1, 5, 15, 18, 22, 44]",6,1,1,2,3,[22],0.11096762395833863,0.3853343320508656,25.5
2024-02-10,v4_ensemble,v1.0.0,"[1, 5, 15, 18, 22, 44]",6,0,0,1,1,[],0.11219443599341221,0.3930138324075626,34.0
2024-02-14,random,v1.0.0,"[7, 15, 37, 41, 42, 47]",12,0,0,1,2,[],0.10745522698875466,0.3717761799434531,31.5
2024-02-14,ema_gap,v1.0.0,"[7, 15, 37, 41, 42, 47]",12,1,1,1,1,[7],0.1096249109704985,0.38350458648824287,27.333333333333332
2024-02-14,v2_statistical,v1.0.0,"[7, 15, 37, 41, 42, 47]",12,1,1,1,1,[7],0.11117633715264902,0.38785948436032225,26.666666666666668
2024-02-14,v3_boosting,v1.0.0,"[7, 15, 37, 41, 42, 47]",12,1,1,1,3,[15],0.1111197575593231,0.3906200963715202,28.166666666666668
2024-02-14,v4_ensemble,v1.0.0,"[7, 15, 37, 41, 42, 47]",12,0,0,2,2,[],0.10994752563872846,0.3833666586248611,27.833333333333332
2024-02-17,random,v1.0.0,"[3, 17, 25, 29, 36, 46]",2,1,1,1,2,[3],0.10745522698875466,0.3717761799434532,26.0
2024-02-17,ema_gap,v1.0.0,"[3, 17, 25, 29, 36, 46]",2,1,1,1,3,[17],0.10753443920301212,0.3710073332481152,22.5
2024-02-17,v2_statistical,v1.0.0,"[3, 17, 25, 29, 36, 46]",2,0,0,1,2,[],0.11103362276506139,0.38062441457301954,23.166666666666668
2024-02-17,v3_boosting,v1.0.0,"[3, 17, 25, 29, 36, 46]",2,0,0,2,2,[],0.10873502720665497,0.3766717564351181,25.5
2024-02-17,v4_ensemble,v1.0.0,"[3, 17, 25, 29, 36, 46]",2,0,0,2,2,[],0.10831127166585225,0.37529391230408465,23.833333333333332
2024-02-21,random,v1.0.0,"[31, 32, 45, 46, 47, 49]",12,0,0,0,0,[],0.10745522698875466,0.37177617994345313,41.666666666666664
2024-02-21,ema_gap,v1.0.0,"[31, 32, 45, 46, 47, 49]",12,1,1,1,1,[31],0.1104553863276191,0.38513086112332934,28.5
2024-02-21,v2_statistical,v1.0.0,"[31, 32, 45, 46, 47, 49]",12,2,2,3,3,"[31, 45]",0.10545588678814463,0.3672597313465171,21.666666666666668
2024-02-21,v3_boosting,v1.0.0,"[31, 32, 45, 46, 47, 49]",12,0,0,0,2,[],0.11412700449545489,0.39755259830995315,28.0
2024-02-21,v4_ensemble,v1.0.0,"[31, 32, 45, 46, 47, 49]",12,1,1,2,2,[31],0.10945558993005336,0.3805308767353449,26.666666666666668
2024-02-24,random,v1.0.0,"[2, 14, 15, 28, 42, 44]",25,1,1,1,3,[2],0.10745522698875465,0.37177617994345336,24.166666666666668
2024-02-24,ema_gap,v1.0.0,"[2, 14, 15, 28, 42, 44]",25,0,0,1,1,[],0.11493173310340658,0.40976103928620944,35.666666666666664
2024-02-24,v2_statistical,v1.0.0,"[2, 14, 15, 28, 42, 44]",25,0,0,0,0,[],0.12132841030935712,0.44366128333495575,36.333333333333336
2024-02-24,v3_boosting,v1.0.0,"[2, 14, 15, 28, 42, 44]",25,0,0,2,2,[],0.11363095878463607,0.3945742023638521,27.333333333333332
2024-02-24,v4_ensemble,v1.0.0,"[2, 14, 15, 28, 42, 44]",25,0,0,2,2,[],0.11461099518790825,0.40838101311653713,33.5
2024-02-28,random,v1.0.0,"[7, 24, 34, 42, 46, 49]",1,0,0,1,1,[],0.10745522698875466,0.3717761799434531,33.666666666666664
2024-02-28,ema_gap,v1.0.0,"[7, 24, 34, 42, 46, 49]",1,1,1,2,2,[7],0.1088519001454759,0.3794364242067774,26.666666666666668
2024-02-28,v2_statistical,v1.0.0,"[7, 24, 34, 42, 46, 49]",1,1,1,1,2,[7],0.10990889794883951,0.3850566228438555,25.166666666666668
2024-02-28,v3_boosting,v1.0.0,"[7, 24, 34, 42, 46, 49]",1,0,0,0,2,[],0.11251645916435091,0.393560688303043,29.833333333333332
2024-02-28,v4_ensemble,v1.0.0,"[7, 24, 34, 42, 46, 49]",1,1,1,1,2,[7],0.1097041408479546,0.3821729204982124,27.5
2024-03-02,random,v1.0.0,"[4, 13, 26, 34, 35, 42]",1,1,1,1,2,[4],0.10745522698875465,0.3717761799434532,25.666666666666668
2024-03-02,ema_gap,v1.0.0,"[4, 13, 26, 34, 35, 42]",1,1,1,1,1,[42],0.11112717074111446,0.38824353816548257,29.333333333333332
2024-03-02,v2_statistical,v1.0.0,"[4, 13, 26, 34, 35, 42]",1,1,1,2,2,[42],0.11244009619517707,0.3898983088220357,26.5
2024-03-02,v3_boosting,v1.0.0,"[4, 13, 26, 34, 35, 42]",1,2,2,2,3,"[34, 42]",0.10230956900751773,0.3498898373238821,17.0
2024-03-02,v4_ensemble,v1.0.0,"[4, 13, 26, 34, 35, 42]",1,2,2,2,2,"[34, 42]",0.10657753540146406,0.3693585573803037,23.5
2024-03-06,random,v1.0.0,"[20, 33, 39, 44, 48, 49]",6,0,0,0,0,[],0.10745522698875469,0.3717761799434531,38.833333333333336
2024-03-06,ema_gap,v1.0.0,"[20, 33, 39, 44, 48, 49]",6,0,0,0,0,[],0.11398598452795933,0.4012213345098276,34.5
2024-03-06,v2_statistical,v1.0.0,"[20, 33, 39, 44, 48, 49]",6,0,0,0,0,[],0.11781973744803188,0.4192427582343075,33.166666666666664
2024-03-06,v3_boosting,v1.0.0,"[20, 33, 39, 44, 48, 49]",6,0,0,1,3,[],0.10944215778129869,0.3772956716102861,23.166666666666668
2024-03-06,v4_ensemble,v1.0.0,"[20, 33, 39, 44, 48, 49]",6,0,0,0,0,[],0.11234175845374861,0.3929166342598089,32.166666666666664
2024-03-09,random,v1.0.0,"[6, 15, 19, 34, 45, 47]",27,1,1,1,2,[6],0.10745522698875465,0.37177617994345324,27.666666666666668
2024-03-09,ema_gap,v1.0.0,"[6, 15, 19, 34, 45, 47]",27,1,1,1,2,[15],0.10954672137713652,0.38233117087114477,25.0
2024-03-09,v2_statistical,v1.0.0,"[6, 15, 19, 34, 45, 47]",27,1,1,3,4,[45],0.10746628253178266,0.37776930715973434,22.166666666666668
2024-03-09,v3_boosting,v1.0.0,"[6, 15, 19, 34, 45, 47]",27,1,1,1,3,[34],0.10884282473193227,0.3748598986143177,22.5
2024-03-09,v4_ensemble,v1.0.0,"[6, 15, 19, 34, 45, 47]",27,2,2,3,3,"[34, 45]",0.10741973648280502,0.3722313839751934,22.333333333333332
2024-03-13,random,v1.0.0,"[4, 8, 15, 32, 40, 44]",7,1,1,2,3,[4],0.10745522698875465,0.37177617994345336,23.833333333333332
2024-03-13,ema_gap,v1.0.0,"[4, 8, 15, 32, 40, 44]",7,1,1,1,2,[15],0.109300783316784,0.3812320294304009,27.5
2024-03-13,v2_statistical,v1.0.0,"[4, 8, 15, 32, 40, 44]",7,0,0,2,2,[],0.11092313030205489,0.3810421934076842,23.666666666666668
2024-03-13,v3_boosting,v1.0.0,"[4, 8, 15, 32, 40, 44]",7,2,2,3,3,"[8, 32]",0.1067321299646834,0.3686470853233603,21.666666666666668
2024-03-13,v4_ensemble,v1.0.0,"[4, 8, 15, 32, 40, 44]",7,0,0,0,2,[],0.10780017699721911,0.37063687984633914,23.0
2024-03-16,random,v1.0.0,"[12, 27, 32, 38, 39, 41]",42,0,0,1,1,[],0.10745522698875466,0.3717761799434531,31.5
2024-03-16,ema_gap,v1.0.0,"[12, 27, 32, 38, 39, 41]",42,0,0,0,0,[],0.11648929922032564,0.41591266605341615,40.166666666666664
2024-03-16,v2_statistical,v1.0.0,"[12, 27, 32, 38, 39, 41]",42,0,0,0,0,[],0.12009495109377274,0.42877757776222264,38.5
2024-03-16,v3_boosting,v1.0.0,"[12, 27, 32, 38, 39, 41]",42,1,1,3,3,[39],0.1083731687162233,0.37287533194791733,22.0
2024-03-16,v4_ensemble,v1.0.0,"[12, 27, 32, 38, 39, 41]",42,0,0,0,2,[],0.1123874662137144,0.3947397422694173,31.0
2024-03-20,random,v1.0.0,"[8, 19, 33, 44, 46, 48]",21,0,0,1,1,[],0.10745522698875466,0.3717761799434531,33.0
2024-03-20,ema_gap,v1.0.0,"[8, 19, 33, 44, 46, 48]",21,0,0,2,2,[],0.10783742538652358,0.3715572014459483,23.5
2024-03-20,v2_statistical,v1.0.0,"[8, 19, 33, 44, 46, 48]",21,0,0,2,3,[],0.10981361935923079,0.3761216324524823,21.0
2024-03-20,v3_boosting,v1.0.0,"[8, 19, 33, 44, 46, 48]",21,1,1,1,2,[8],0.10745371795509395,0.37007312639600165,23.166666666666668
2024-03-20,v4_ensemble,v1.0.0,"[8, 19, 33, 44, 46, 48]",21,1,1,2,2,[8],0.10748210185434162,0.37084026365576617,24.166666666666668
2024-03-23,random,v1.0.0,"[2, 14, 26, 27, 33, 49]",8,1,1,1,2,[2],0.10745522698875466,0.37177617994345313,25.166666666666668
2024-03-23,ema_gap,v1.0.0,"[2, 14, 26, 27, 33, 49]",8,0,0,0,0,[],0.11356169310229229,0.4004358001971615,33.166666666666664
2024-03-23,v2_statistical,v1.0.0,"[2, 14, 26, 27, 33, 49]",8,0,0,0,1,[],0.11756320023886713,0.4220606294985889,32.333333333333336
2024-03-23,v3_boosting,v1.0.0,"[2, 14, 26, 27, 33, 49]",8,0,0,1,2,[],0.11243321080359556,0.39423482501432194,29.166666666666668
2024-03-23,v4_ensemble,v1.0.0,"[2, 14, 26, 27, 33, 49]",8,0,0,0,1,[],0.11314706938675291,0.39921269520831376,37.166666666666664
2024-03-27,random,v1.0.0,"[14, 22, 27, 39, 40, 45]",6,0,0,0,1,[],0.10745522698875466,0.3717761799434532,31.166666666666668
2024-03-27,ema_gap,v1.0.0,"[14, 22, 27, 39, 40, 45]",6,0,0,1,2,[],0.11070083881326978,0.3856652285778177,28.666666666666668
2024-03-27,v2_statistical,v1.0.0,"[14, 22, 27, 39, 40, 45]",6,1,1,1,2,[45],0.11260823744884496,0.40178140483042873,28.5
2024-03-27,v3_boosting,v1.0.0,"[14, 22, 27, 39, 40, 45]",6,1,1,1,1,[14],0.10849147686608167,0.3780728369403631,25.833333333333332
2024-03-27,v4_ensemble,v1.0.0,"[14, 22, 27, 39, 40, 45]",6,2,2,2,2,"[14, 45]",0.10881542035091998,0.378274613133073,26.5
2024-03-30,random,v1.0.0,"[7, 12, 25, 29, 39, 43]",23,0,0,2,2,[],0.10745522698875466,0.3717761799434532,25.833333333333332
2024-03-30,ema_gap,v1.0.0,"[7, 12, 25, 29, 39, 43]",23,1,1,1,2,[7],0.1070927567140828,0.36894503282490415,22.5
2024-03-30,v2_statistical,v1.0.0,"[7, 12, 25, 29, 39, 43]",23,1,1,1,1,[7],0.10886741147261782,0.3749482746890838,24.0
2024-03-30,v3_boosting,v1.0.0,"[7, 12, 25, 29, 39, 43]",23,2,2,2,2,"[7, 29]",0.10646819246988021,0.3671704491984482,21.666666666666668
2024-03-30,v4_ensemble,v1.0.0,"[7, 12, 25, 29, 39, 43]",23,1,1,1,2,[7],0.10636308465643088,0.3677045326232007,24.166666666666668
2024-04-03,random,v1.0.0,"[2, 10, 35, 36, 38, 46]",20,1,1,2,2,[2],0.10745522698875466,0.3717761799434531,27.833333333333332
2024-04-03,ema_gap,v1.0.0,"[2, 10, 35, 36, 38, 46]",20,0,0,0,2,[],0.1106673278558489,0.3839414523536426,27.5
2024-04-03,v2_statistical,v1.0.0,"[2, 10, 35, 36, 38, 46]",20,1,1,1,2,[10],0.11097701519603098,0.3828593359955204,25.166666666666668
2024-04-03,v3_boosting,v1.0.0,"[2, 10, 35, 36, 38, 46]",20,0,0,1,2,[],0.11216892255597778,0.3910853092000252,28.0
2024-04-03,v4_ensemble,v1.0.0,"[2, 10, 35, 36, 38, 46]",20,0,0,1,2,[],0.11027317706950601,0.3835540754611548,29.0
2024-04-06,random,v1.0.0,"[16, 18, 22, 29, 36, 43]",44,0,0,0,2,[],0.10745522698875466,0.37177617994345324,27.333333333333332
2024-04-06,ema_gap,v1.0.0,"[16, 18, 22, 29, 36, 43]",44,0,0,1,2,[],0.1110012893905713,0.38919611607954724,27.666666666666668
2024-04-06,v2_statistical,v1.0.0,"[16, 18, 22, 29, 36, 43]",44,0,0,0,2,[],0.11434148065759887,0.4014240877880651,27.166666666666668
2024-04-06,v3_boosting,v1.0.0,"[16, 18, 22, 29, 36, 43]",44,1,1,1,1,[29],0.11117328114833375,0.3880748986738782,27.333333333333332
2024-04-06,v4_ensemble,v1.0.0,"[16, 18, 22, 29, 36, 43]",44,1,1,1,2,[29],0.11100672544037316,0.3901158441186287,30.5
2024-04-10,random,v1.0.0,"[11, 12, 17, 23, 38, 46]",40,0,0,2,3,[],0.10745522698875465,0.37177617994345336,24.5
2024-04-10,ema_gap,v1.0.0,"[11, 12, 17, 23, 38, 46]",40,0,0,1,2,[],0.1099590081985897,0.38328845222897534,27.0
2024-04-10,v2_statistical,v1.0.0,"[11, 12, 17, 23, 38, 46]",40,1,1,1,1,[46],0.11132457767387037,0.38677867791149917,25.833333333333332
2024-04-10,v3_boosting,v1.0.0,"[11, 12, 17, 23, 38, 46]",40,0,0,0,1,[],0.11604022693965586,0.4084892284966941,31.166666666666668
2024-04-10,v4_ensemble,v1.0.0,"[11, 12, 17, 23, 38, 46]",40,0,0,0,1,[],0.11183403460716611,0.39187322887807374,31.333333333333332
2024-04-13,random,v1.0.0,"[11, 17, 21, 27, 41, 44]",7,0,0,1,2,[],0.10745522698875466,0.37177617994345324,26.833333333333332
2024-04-13,ema_gap,v1.0.0,"[11, 17, 21, 27, 41, 44]",7,1,1,2,3,[17],0.10764787710443358,0.3736316607395279,23.5
2024-04-13,v2_statistical,v1.0.0,"[11, 17, 21, 27, 41, 44]",7,1,1,2,3,[27],0.10837967979533947,0.37282228965121317,21.833333333333332
2024-04-13,v3_boosting,v1.0.0,"[11, 17, 21, 27, 41, 44]",7,2,2,3,3,"[21, 41]",0.10397049797983991,0.35587689808917156,18.166666666666668
2024-04-13,v4_ensemble,v1.0.0,"[11, 17, 21, 27, 41, 44]",7,1,1,2,5,[17],0.10492679542536358,0.3587868828133672,16.333333333333332
2024-04-17,random,v1.0.0,"[4, 7, 8, 14, 41, 46]",6,1,1,3,4,[4],0.10745522698875463,0.3717761799434534,20.0
2024-04-17,ema_gap,v1.0.0,"[4, 7, 8, 14, 41, 46]",6,2,2,2,3,"[7, 46]",0.1058320936740144,0.3656781307393921,22.0
2024-04-17,v2_statistical,v1.0.0,"[4, 7, 8, 14, 41, 46]",6,2,2,2,2,"[7, 46]",0.10558190394648127,0.373739080703003,24.333333333333332
2024-04-17,v3_boosting,v1.0.0,"[4, 7, 8, 14, 41, 46]",6,1,1,2,3,[41],0.10799601714762877,0.37479941022991686,23.666666666666668
2024-04-17,v4_ensemble,v1.0.0,"[4, 7, 8, 14, 41, 46]",6,2,2,2,3,"[7, 46]",0.10583723493501285,0.3653622448730132,20.833333333333332
2024-04-20,random,v1.0.0,"[9, 14, 23, 26, 30, 43]",35,0,0,1,2,[],0.10745522698875466,0.3717761799434532,24.166666666666668
2024-04-20,ema_gap,v1.0.0,"[9, 14, 23, 26, 30, 43]",35,0,0,0,1,[],0.11313242148330398,0.39619779538928773,32.5
2024-04-20,v2_statistical,v1.0.0,"[9, 14, 23, 26, 30, 43]",35,0,0,0,1,[],0.11600985556629956,0.4064418602875998,31.5
2024-04-20,v3_boosting,v1.0.0,"[9, 14, 23, 26, 30, 43]",35,0,0,1,2,[],0.10969956199093131,0.3729843480444795,20.166666666666668
2024-04-20,v4_ensemble,v1.0.0,"[9, 14, 23, 26, 30, 43]",35,0,0,0,0,[],0.11097492833535062,0.3855538139514399,28.666666666666668
2024-04-24,random,v1.0.0,"[10, 16, 18, 22, 39, 46]",19,0,0,1,3,[],0.10745522698875466,0.37177617994345336,25.166666666666668
2024-04-24,ema_gap,v1.0.0,"[10, 16, 18, 22, 39, 46]",19,1,1,2,3,[46],0.10547054548504312,0.3634030146283228,20.5
2024-04-24,v2_statistical,v1.0.0,"[10, 16, 18, 22, 39, 46]",19,2,2,2,2,"[10, 46]",0.1044712611255175,0.3644179415211779,23.166666666666668
2024-04-24,v3_boosting,v1.0.0,"[10, 16, 18, 22, 39, 46]",19,1,1,1,2,[39],0.11128373760587049,0.3890154343529254,27.666666666666668
2024-04-24,v4_ensemble,v1.0.0,"[10, 16, 18, 22, 39, 46]",19,1,1,2,3,[46],0.10664873303346624,0.3669862438440405,22.833333333333332
2024-04-27,random,v1.0.0,"[3, 6, 18, 26, 36, 42]",17,2,2,2,3,"[3, 6]",0.10745522698875465,0.37177617994345324,21.833333333333332
2024-04-27,ema_gap,v1.0.0,"[3, 6, 18, 26, 36, 42]",17,0,0,0,1,[],0.1117249506694227,0.39116046628142603,28.5
2024-04-27,v2_statistical,v1.0.0,"[3, 6, 18, 26, 36, 42]",17,0,0,0,2,[],0.11553572471945507,0.4074164510326348,28.666666666666668
2024-04-27,v3_boosting,v1.0.0,"[3, 6, 18, 26, 36, 42]",17,1,1,3,4,[3],0.10501986715024951,0.36465078591284006,20.333333333333332
2024-04-27,v4_ensemble,v1.0.0,"[3, 6, 18, 26, 36, 42]",17,0,0,0,2,[],0.10901699158815856,0.3763279294428907,24.666666666666668
2024-05-01,random,v1.0.0,"[3, 18, 30, 34, 36, 39]",21,1,1,1,2,[3],0.10745522698875466,0.37177617994345313,26.666666666666668
2024-05-01,ema_gap,v1.0.0,"[3, 18, 30, 34, 36, 39]",21,2,2,3,3,"[36, 39]",0.10487110510823393,0.3580996128817017,16.833333333333332
2024-05-01,v2_statistical,v1.0.0,"[3, 18, 30, 34, 36, 39]",21,1,1,1,5,[36],0.10388665413179236,0.34951828301183935,15.0
2024-05-01,v3_boosting,v1.0.0,"[3, 18, 30, 34, 36, 39]",21,1,1,2,2,[34],0.10876743288088697,0.3774340719453426,25.333333333333332
2024-05-01,v4_ensemble,v1.0.0,"[3, 18, 30, 34, 36, 39]",21,1,1,2,3,[34],0.10527115756752908,0.36023342485078635,18.5
2024-05-04,random,v1.0.0,"[2, 16, 21, 27, 38, 45]",43,1,1,1,2,[2],0.10745522698875466,0.37177617994345324,24.833333333333332
2024-05-04,ema_gap,v1.0.0,"[2, 16, 21, 27, 38, 45]",43,0,0,0,1,[],0.11110622951334641,0.38536312960407726,28.5
2024-05-04,v2_statistical,v1.0.0,"[2, 16, 21, 27, 38, 45]",43,1,1,2,2,[45],0.10763483735927093,0.37407307973909104,23.333333333333332
2024-05-04,v3_boosting,v1.0.0,"[2, 16, 21, 27, 38, 45]",43,0,0,0,1,[],0.11270755164928799,0.3924627404178345,29.166666666666668
2024-05-04,v4_ensemble,v1.0.0,"[2, 16, 21, 27, 38, 45]",43,0,0,1,2,[],0.10994323392726633,0.3818210590612057,26.5
2024-05-08,random,v1.0.0,"[4, 7, 11, 29, 30, 31]",32,1,1,3,3,[4],0.10745522698875465,0.37177617994345336,18.666666666666668
2024-05-08,ema_gap,v1.0.0,"[4, 7, 11, 29, 30, 31]",32,1,1,2,2,[7],0.10657333305617077,0.36567164098621463,21.0
2024-05-08,v2_statistical,v1.0.0,"[4, 7, 11, 29, 30, 31]",32,1,1,2,3,[7],0.10498450906447553,0.35687286340770663,18.5
2024-05-08,v3_boosting,v1.0.0,"[4, 7, 11, 29, 30, 31]",32,1,1,1,2,[30],0.10704730169623132,0.36987257175578614,22.5
2024-05-08,v4_ensemble,v1.0.0,"[4, 7, 11, 29, 30, 31]",32,1,1,2,3,[30],0.10520869205072797,0.36111687206486165,18.666666666666668
2024-05-11,random,v1.0.0,"[2, 10, 17, 18, 22, 28]",36,1,1,2,4,[2],0.10745522698875466,0.37177617994345336,16.166666666666668
2024-05-11,ema_gap,v1.0.0,"[2, 10, 17, 18, 22, 28]",36,1,1,3,4,[18],0.10629408903272008,0.3674190434089752,19.833333333333332
2024-05-11,v2_statistical,v1.0.0,"[2, 10, 17, 18, 22, 28]",36,0,0,3,4,[],0.11055206796839827,0.385987466846765,22.666666666666668
2024-05-11,v3_boosting,v1.0.0,"[2, 10, 17, 18, 22, 28]",36,2,2,2,4,"[10, 17]",0.10526761781981961,0.36114273855774837,18.833333333333332
2024-05-11,v4_ensemble,v1.0.0,"[2, 10, 17, 18, 22, 28]",36,2,2,2,3,"[10, 17]",0.10601798279041609,0.3659425807618061,22.0
2024-05-15,random,v1.0.0,"[13, 17, 23, 24, 40, 48]",29,0,0,0,2,[],0.10745522698875466,0.37177617994345324,27.5
2024-05-15,ema_gap,v1.0.0,"[13, 17, 23, 24, 40, 48]",29,1,1,1,1,[17],0.1133357043677587,0.4028930917147231,34.333333333333336
2024-05-15,v2_statistical,v1.0.0,"[13, 17, 23, 24, 40, 48]",29,0,0,1,1,[],0.11634968107513863,0.417466317452713,33.0
2024-05-15,v3_boosting,v1.0.0,"[13, 17, 23, 24, 40, 48]",29,1,1,1,2,[40],0.11199976596141552,0.39903319686723926,32.166666666666664
2024-05-15,v4_ensemble,v1.0.0,"[13, 17, 23, 24, 40, 48]",29,1,1,1,2,[40],0.11241228645920441,0.39901497454457324,32.0
2024-05-18,random,v1.0.0,"[27, 29, 32, 33, 35, 39]",18,0,0,0,0,[],0.10745522698875466,0.37177617994345313,32.5
2024-05-18,ema_gap,v1.0.0,"[27, 29, 32, 33, 35, 39]",18,0,0,3,3,[],0.10857362604694709,0.37631251771080015,24.166666666666668
2024-05-18,v2_statistical,v1.0.0,"[27, 29, 32, 33, 35, 39]",18,0,0,1,1,[],0.11204451629836677,0.38688617315803664,25.666666666666668
2024-05-18,v3_boosting,v1.0.0,"[27, 29, 32, 33, 35, 39]",18,0,0,2,4,[],0.1059955421327468,0.36241200976903354,19.333333333333332
2024-05-18,v4_ensemble,v1.0.0,"[27, 29, 32, 33, 35, 39]",18,0,0,2,2,[],0.10746061298804531,0.3703053690494928,23.666666666666668
2024-05-22,random,v1.0.0,"[3, 18, 20, 25, 39, 43]",4,1,1,1,2,[3],0.10745522698875466,0.37177617994345324,24.666666666666668
2024-05-22,ema_gap,v1.0.0,"[3, 18, 20, 25, 39, 43]",4,2,2,2,2,"[18, 39]",0.10653108748425476,0.36889148029344027,23.0
2024-05-22,v2_statistical,v1.0.0,"[3, 18, 20, 25, 39, 43]",4,0,0,1,4,[],0.10829548625982845,0.36936644952602904,22.0
2024-05-22,v3_boosting,v1.0.0,"[3, 18, 20, 25, 39, 43]",4,2,2,3,4,"[18, 39]",0.10141653649500282,0.34652404659175,15.666666666666666
2024-05-22,v4_ensemble,v1.0.0,"[3, 18, 20, 25, 39, 43]",4,2,2,3,3,"[18, 39]",0.10382405048312103,0.3571881199263883,18.666666666666668
2024-05-25,random,v1.0.0,"[14, 21, 31, 37, 39, 42]",19,0,0,0,1,[],0.10745522698875466,0.37177617994345313,30.666666666666668
2024-05-25,ema_gap,v1.0.0,"[14, 21, 31, 37, 39, 42]",19,1,1,1,1,[39],0.10833051406886754,0.37788075457805353,26.333333333333332
2024-05-25,v2_statistical,v1.0.0,"[14, 21, 31, 37, 39, 42]",19,1,1,2,2,[39],0.11016153495180071,0.38686287540476194,24.5
2024-05-25,v3_boosting,v1.0.0,"[14, 21, 31, 37, 39, 42]",19,0,0,1,1,[],0.11807483363674126,0.42600394664994123,36.833333333333336
2024-05-25,v4_ensemble,v1.0.0,"[14, 21, 31, 37, 39, 42]",19,0,0,1,1,[],0.11196464761857249,0.39270800956590135,33.0
2024-05-29,random,v1.0.0,"[4, 26, 27, 32, 38, 40]",10,1,1,1,1,[4],0.10745522698875465,0.37177617994345313,27.833333333333332
2024-05-29,ema_gap,v1.0.0,"[4, 26, 27, 32, 38, 40]",10,1,1,1,1,[27],0.10966240094250478,0.37892707887484905,27.0
2024-05-29,v2_statistical,v1.0.0,"[4, 26, 27, 32, 38, 40]",10,0,0,1,1,[],0.11038150211603072,0.37966815886864064,23.5
2024-05-29,v3_boosting,v1.0.0,"[4, 26, 27, 32, 38, 40]",10,1,1,2,3,[26],0.10674317453971385,0.3662369099164967,19.833333333333332
2024-05-29,v4_ensemble,v1.0.0,"[4, 26, 27, 32, 38, 40]",10,0,0,1,3,[],0.10772030178135666,0.370628395962725,23.0
2024-06-01,random,v1.0.0,"[17, 22, 28, 35, 37, 41]",18,0,0,0,1,[],0.10745522698875466,0.3717761799434532,30.0
2024-06-01,ema_gap,v1.0.0,"[17, 22, 28, 35, 37, 41]",18,1,1,1,2,[17],0.109760701077376,0.3826161930411841,28.333333333333332
2024-06-01,v2_statistical,v1.0.0,"[17, 22, 28, 35, 37, 41]",18,0,0,1,3,[],0.11160011190936239,0.39122061379559286,26.0
2024-06-01,v3_boosting,v1.0.0,"[17, 22, 28, 35, 37, 41]",18,1,1,2,3,[17],0.10588051816331595,0.36797294645160744,22.333333333333332
2024-06-01,v4_ensemble,v1.0.0,"[17, 22, 28, 35, 37, 41]",18,1,1,1,1,[17],0.10742993793420956,0.37356863096208737,25.833333333333332
2024-06-05,random,v1.0.0,"[4, 6, 24, 27, 32, 41]",34,2,2,2,2,"[4, 6]",0.10745522698875465,0.3717761799434532,22.333333333333332
2024-06-05,ema_gap,v1.0.0,"[4, 6, 24, 27, 32, 41]",34,1,1,1,2,[27],0.10968840536564871,0.38333368162372194,27.333333333333332
2024-06-05,v2_statistical,v1.0.0,"[4, 6, 24, 27, 32, 41]",34,1,1,1,1,[27],0.11335672594414174,0.405312305725542,29.5
2024-06-05,v3_boosting,v1.0.0,"[4, 6, 24, 27, 32, 41]",34,2,2,2,3,"[32, 41]",0.10458843991956734,0.3616620001514836,20.833333333333332
2024-06-05,v4_ensemble,v1.0.0,"[4, 6, 24, 27, 32, 41]",34,1,1,3,3,[27],0.10790629277773066,0.3755798162875164,24.666666666666668
2024-06-08,random,v1.0.0,"[3, 6, 26, 28, 39, 40]",29,2,2,2,2,"[3, 6]",0.10745522698875463,0.37177617994345313,23.666666666666668
2024-06-08,ema_gap,v1.0.0,"[3, 6, 26, 28, 39, 40]",29,1,1,1,2,[39],0.10660955106138782,0.3688242565162137,24.666666666666668
2024-06-08,v2_statistical,v1.0.0,"[3, 6, 26, 28, 39, 40]",29,1,1,1,1,[39],0.10997207858578985,0.3854713623942058,26.0
2024-06-08,v3_boosting,v1.0.0,"[3, 6, 26, 28, 39, 40]",29,1,1,2,4,[26],0.10652549132617768,0.3663613153302333,20.333333333333332
2024-06-08,v4_ensemble,v1.0.0,"[3, 6, 26, 28, 39, 40]",29,2,2,2,2,"[26, 39]",0.10625564877131424,0.36624017436439066,21.666666666666668
2024-06-12,random,v1.0.0,"[7, 8, 10, 17, 43, 48]",26,0,0,3,4,[],0.10745522698875463,0.37177617994345336,22.166666666666668
2024-06-12,ema_gap,v1.0.0,"[7, 8, 10, 17, 43, 48]",26,1,1,2,3,[17],0.10497408347895688,0.35900640089190117,18.833333333333332
2024-06-12,v2_statistical,v1.0.0,"[7, 8, 10, 17, 43, 48]",26,3,3,3,4,"[7, 10, 17]",0.10073587765421832,0.3419521068324559,15.166666666666666
2024-06-12,v3_boosting,v1.0.0,"[7, 8, 10, 17, 43, 48]",26,1,1,3,4,[48],0.1054832013292664,0.3647910729144509,21.0
2024-06-12,v4_ensemble,v1.0.0,"[7, 8, 10, 17, 43, 48]",26,2,2,4,4,"[10, 17]",0.10266488767253092,0.3517498450559815,16.5
2024-06-15,random,v1.0.0,"[4, 11, 27, 30, 33, 34]",42,1,1,2,2,[4],0.10745522698875466,0.37177617994345313,23.166666666666668
2024-06-15,ema_gap,v1.0.0,"[4, 11, 27, 30, 33, 34]",42,1,1,2,2,[27],0.10730782942494836,0.36991691789609243,23.0
2024-06-15,v2_statistical,v1.0.0,"[4, 11, 27, 30, 33, 34]",42,1,1,1,2,[27],0.10626088103933022,0.36550218706806387,22.166666666666668
2024-06-15,v3_boosting,v1.0.0,"[4, 11, 27, 30, 33, 34]",42,1,1,2,2,[4],0.10979737443003557,0.3772533560683472,23.0
2024-06-15,v4_ensemble,v1.0.0,"[4, 11, 27, 30, 33, 34]",42,2,2,2,2,"[4, 27]",0.1065206859641234,0.3674344943806181,21.666666666666668
2024-06-19,random,v1.0.0,"[8, 12, 19, 28, 42, 48]",5,0,0,2,2,[],0.10745522698875466,0.37177617994345324,26.166666666666668
2024-06-19,ema_gap,v1.0.0,"[8, 12, 19, 28, 42, 48]",5,0,0,0,1,[],0.11244003483534364,0.39307608024115104,30.166666666666668
2024-06-19,v2_statistical,v1.0.0,"[8, 12, 19, 28, 42, 48]",5,0,0,0,1,[],0.11562207120012212,0.4076767751019356,31.833333333333332
2024-06-19,v3_boosting,v1.0.0,"[8, 12, 19, 28, 42, 48]",5,0,0,1,2,[],0.10952026155580488,0.37924159372151717,25.5
2024-06-19,v4_ensemble,v1.0.0,"[8, 12, 19, 28, 42, 48]",5,0,0,0,1,[],0.11127856564399928,0.38842699269546516,31.333333333333332
2024-06-22,random,v1.0.0,"[20, 23, 29, 34, 37, 43]",33,0,0,0,0,[],0.10745522698875466,0.37177617994345313,31.0
2024-06-22,ema_gap,v1.0.0,"[20, 23, 29, 34, 37, 43]",33,0,0,0,2,[],0.1109978515496735,0.3850009094211673,28.666666666666668
2024-06-22,v2_statistical,v1.0.0,"[20, 23, 29, 34, 37, 43]",33,0,0,1,2,[],0.11213716365416487,0.38529019462570185,24.833333333333332
2024-06-22,v3_boosting,v1.0.0,"[20, 23, 29, 34, 37, 43]",33,0,0,1,3,[],0.11095138645467682,0.38258964842185916,24.0
2024-06-22,v4_ensemble,v1.0.0,"[20, 23, 29, 34, 37, 43]",33,0,0,1,2,[],0.11033445963992317,0.3816481110858655,28.0
2024-06-26,random,v1.0.0,"[2, 7, 10, 23, 25, 29]",40,1,1,3,3,[2],0.10745522698875466,0.37177617994345336,16.0
2024-06-26,ema_gap,v1.0.0,"[2, 7, 10, 23, 25, 29]",40,1,1,3,3,[7],0.10603742270244426,0.363181399210971,19.333333333333332
2024-06-26,v2_statistical,v1.0.0,"[2, 7, 10, 23, 25, 29]",40,1,1,2,3,[10],0.10738282013112374,0.3673941717183051,20.666666666666668
2024-06-26,v3_boosting,v1.0.0,"[2, 7, 10, 23, 25, 29]",40,0,0,0,1,[],0.11294899596478078,0.39267080381944214,28.833333333333332
2024-06-26,v4_ensemble,v1.0.0,"[2, 7, 10, 23, 25, 29]",40,0,0,0,1,[],0.10865150890493251,0.3750356829412998,25.333333333333332
2024-06-29,random,v1.0.0,"[6, 7, 30, 33, 35, 39]",15,1,1,2,2,[6],0.10745522698875466,0.37177617994345313,25.0
2024-06-29,ema_gap,v1.0.0,"[6, 7, 30, 33, 35, 39]",15,2,2,3,3,"[7, 39]",0.10333856241753614,0.35406220620271583,19.0
2024-06-29,v2_statistical,v1.0.0,"[6, 7, 30, 33, 35, 39]",15,2,2,2,2,"[7, 39]",0.10503188297787272,0.35975948609062414,20.166666666666668
2024-06-29,v3_boosting,v1.0.0,"[6, 7, 30, 33, 35, 39]",15,0,0,0,2,[],0.10993242567902001,0.37862425803150285,24.0
2024-06-29,v4_ensemble,v1.0.0,"[6, 7, 30, 33, 35, 39]",15,1,1,2,3,[7],0.10585137347069525,0.3645409492958923,22.0
2024-07-03,random,v1.0.0,"[2, 3, 7, 22, 28, 31]",20,2,2,3,3,"[2, 3]",0.10745522698875465,0.37177617994345336,15.5
2024-07-03,ema_gap,v1.0.0,"[2, 3, 7, 22, 28, 31]",20,1,1,1,2,[7],0.10551482910673328,0.36153745685161104,20.333333333333332
2024-07-03,v2_statistical,v1.0.0,"[2, 3, 7, 22, 28, 31]",20,1,1,1,4,[7],0.10302595323225533,0.353167330942207,18.333333333333332
2024-07-03,v3_boosting,v1.0.0,"[2, 3, 7, 22, 28, 31]",20,0,0,1,1,[],0.11446702343413126,0.40291520726218033,32.5
2024-07-03,v4_ensemble,v1.0.0,"[2, 3, 7, 22, 28, 31]",20,1,1,2,2,[7],0.10743946980311055,0.3720026821159727,26.0
2024-07-06,random,v1.0.0,"[5, 6, 8, 16, 18, 38]",30,2,2,3,5,"[5, 6]",0.10745522698875466,0.37177617994345336,15.166666666666666
2024-07-06,ema_gap,v1.0.0,"[5, 6, 8, 16, 18, 38]",30,0,0,0,2,[],0.11252920921989695,0.3954099290136359,30.333333333333332
2024-07-06,v2_statistical,v1.0.0,"[5, 6, 8, 16, 18, 38]",30,0,0,0,2,[],0.11602834343572285,0.4100612515565262,30.5
2024-07-06,v3_boosting,v1.0.0,"[5, 6, 8, 16, 18, 38]",30,2,2,2,2,"[8, 18]",0.10899078989985157,0.3834297930304759,26.833333333333332
2024-07-06,v4_ensemble,v1.0.0,"[5, 6, 8, 16, 18, 38]",30,2,2,2,2,"[8, 18]",0.11065963527550053,0.39073727416781023,28.666666666666668
2024-07-10,random,v1.0.0,"[7, 11, 18, 37, 38, 45]",31,0,0,2,3,[],0.10745522698875466,0.37177617994345336,26.0
2024-07-10,ema_gap,v1.0.0,"[7, 11, 18, 37, 38, 45]",31,2,2,2,2,"[7, 18]",0.10396306828381763,0.357533228667124,20.166666666666668
2024-07-10,v2_statistical,v1.0.0,"[7, 11, 18, 37, 38, 45]",31,1,1,2,2,[7],0.1040223476284834,0.35590068109829714,19.5
2024-07-10,v3_boosting,v1.0.0,"[7, 11, 18, 37, 38, 45]",31,1,1,3,4,[7],0.1053108974329755,0.35849476181721723,17.333333333333332
2024-07-10,v4_ensemble,v1.0.0,"[7, 11, 18, 37, 38, 45]",31,1,1,2,3,[7],0.10336421083139796,0.35478033255617464,17.5
2024-07-13,random,v1.0.0,"[5, 18, 27, 31, 32, 35]",23,1,1,1,2,[5],0.10745522698875466,0.37177617994345313,24.666666666666668
2024-07-13,ema_gap,v1.0.0,"[5, 18, 27, 31, 32, 35]",23,2,2,2,2,"[18, 27]",0.10550970991057651,0.3621238421362902,20.0
2024-07-13,v2_statistical,v1.0.0,"[5, 18, 27, 31, 32, 35]",23,2,2,2,3,"[27, 31]",0.10614297592924693,0.36521314886805367,19.833333333333332
2024-07-13,v3_boosting,v1.0.0,"[5, 18, 27, 31, 32, 35]",23,0,0,0,0,[],0.11229001262602249,0.392599661497392,32.0
2024-07-13,v4_ensemble,v1.0.0,"[5, 18, 27, 31, 32, 35]",23,1,1,2,3,[31],0.1080104142495898,0.37373234986753634,23.333333333333332
2024-07-17,random,v1.0.0,"[11, 13, 25, 28, 34, 42]",44,0,0,1,2,[],0.10745522698875465,0.3717761799434532,25.5
2024-07-17,ema_gap,v1.0.0,"[11, 13, 25, 28, 34, 42]",44,0,0,0,1,[],0.11077922942531106,0.3837096393300937,27.5
2024-07-17,v2_statistical,v1.0.0,"[11, 13, 25, 28, 34, 42]",44,0,0,1,1,[],0.114666971567912,0.3998837442380361,30.0
2024-07-17,v3_boosting,v1.0.0,"[11, 13, 25, 28, 34, 42]",44,0,0,2,3,[],0.10861573722760122,0.3776417476317734,24.5
2024-07-17,v4_ensemble,v1.0.0,"[11, 13, 25, 28, 34, 42]",44,1,1,1,2,[34],0.10997463458568592,0.3838230428643442,26.333333333333332
2024-07-20,random,v1.0.0,"[5, 12, 15, 23, 37, 42]",21,1,1,2,3,[5],0.10745522698875466,0.37177617994345336,22.333333333333332
2024-07-20,ema_gap,v1.0.0,"[5, 12, 15, 23, 37, 42]",21,0,0,0,1,[],0.11138655210936203,0.38767049871978454,29.5
2024-07-20,v2_statistical,v1.0.0,"[5, 12, 15, 23, 37, 42]",21,0,0,0,1,[],0.11524989517519757,0.40484719334383834,30.833333333333332
2024-07-20,v3_boosting,v1.0.0,"[5, 12, 15, 23, 37, 42]",21,0,0,0,0,[],0.11436161541005278,0.39854139121181814,28.0
2024-07-20,v4_ensemble,v1.0.0,"[5, 12, 15, 23, 37, 42]",21,0,0,0,0,[],0.11249092917208607,0.3949925347577303,38.5
2024-07-24,random,v1.0.0,"[1, 6, 34, 36, 40, 48]",27,2,2,2,2,"[1, 6]",0.10745522698875465,0.3717761799434531,27.5
2024-07-24,ema_gap,v1.0.0,"[1, 6, 34, 36, 40, 48]",27,0,0,0,1,[],0.11315599951857815,0.39873949796497776,32.833333333333336
2024-07-24,v2_statistical,v1.0.0,"[1, 6, 34, 36, 40, 48]",27,0,0,1,1,[],0.1136914492252231,0.4028334309243354,29.0
2024-07-24,v3_boosting,v1.0.0,"[1, 6, 34, 36, 40, 48]",27,0,0,1,2,[],0.10955978258800889,0.38017534891170857,27.333333333333332
2024-07-24,v4_ensemble,v1.0.0,"[1, 6, 34, 36, 40, 48]",27,1,1,1,1,[34],0.11094778140434378,0.3891184150301607,31.333333333333332
2024-07-27,random,v1.0.0,"[5, 23, 26, 33, 36, 39]",8,1,1,1,1,[5],0.10745522698875466,0.3717761799434532,27.0
2024-07-27,ema_gap,v1.0.0,"[5, 23, 26, 33, 36, 39]",8,1,1,2,2,[39],0.10666898779295415,0.3659139777736968,22.666666666666668
2024-07-27,v2_statistical,v1.0.0,"[5, 23, 26, 33, 36, 39]",8,1,1,2,2,[39],0.10700748958468893,0.3637984531949948,19.333333333333332
2024-07-27,v3_boosting,v1.0.0,"[5, 23, 26, 33, 36, 39]",8,0,0,0,1,[],0.11558739897049107,0.40677840818458344,31.666666666666668
2024-07-27,v4_ensemble,v1.0.0,"[5, 23, 26, 33, 36, 39]",8,0,0,0,2,[],0.10953701325795229,0.3790307845547659,26.333333333333332
2024-07-31,random,v1.0.0,"[12, 18, 19, 26, 40, 42]",35,0,0,1,2,[],0.10745522698875466,0.37177617994345336,26.166666666666668
2024-07-31,ema_gap,v1.0.0,"[12, 18, 19, 26, 40, 42]",35,2,2,2,3,"[18, 42]",0.10633041128029254,0.36653462285840116,21.5
2024-07-31,v2_statistical,v1.0.0,"[12, 18, 19, 26, 40, 42]",35,0,0,1,4,[],0.10740313265950392,0.36786497126938755,20.666666666666668
2024-07-31,v3_boosting,v1.0.0,"[12, 18, 19, 26, 40, 42]",35,1,1,1,1,[12],0.11377263082677123,0.4021625252675325,33.833333333333336
2024-07-31,v4_ensemble,v1.0.0,"[12, 18, 19, 26, 40, 42]",35,0,0,1,3,[],0.10932399960287201,0.3790246106886615,24.5
2024-08-03,random,v1.0.0,"[3, 11, 18, 32, 39, 42]",28,1,1,2,3,[3],0.10745522698875466,0.37177617994345336,24.166666666666668
2024-08-03,ema_gap,v1.0.0,"[3, 11, 18, 32, 39, 42]",28,3,3,4,4,"[18, 39, 42]",0.09900078139482041,0.336558292868655,13.333333333333334
2024-08-03,v2_statistical,v1.0.0,"[3, 11, 18, 32, 39, 42]",28,2,2,3,3,"[18, 39]",0.10181825189177501,0.3448700324664876,15.333333333333334
2024-08-03,v3_boosting,v1.0.0,"[3, 11, 18, 32, 39, 42]",28,1,1,1,2,[42],0.11127935001917112,0.39368989502125223,30.166666666666668
2024-08-03,v4_ensemble,v1.0.0,"[3, 11, 18, 32, 39, 42]",28,1,1,3,3,[42],0.10437423607718567,0.3580039188697389,18.166666666666668
2024-08-07,random,v1.0.0,"[3, 6, 16, 35, 41, 42]",23,2,2,2,3,"[3, 6]",0.10745522698875465,0.37177617994345336,23.833333333333332
2024-08-07,ema_gap,v1.0.0,"[3, 6, 16, 35, 41, 42]",23,1,1,2,3,[42],0.10707602428560907,0.36917705725340444,21.0
2024-08-07,v2_statistical,v1.0.0,"[3, 6, 16, 35, 41, 42]",23,1,1,1,2,[42],0.11084168425684045,0.387200015872127,27.666666666666668
2024-08-07,v3_boosting,v1.0.0,"[3, 6, 16, 35, 41, 42]",23,0,0,0,1,[],0.11083081968563886,0.38478953993049675,29.166666666666668
2024-08-07,v4_ensemble,v1.0.0,"[3, 6, 16, 35, 41, 42]",23,1,1,1,1,[42],0.10906735178000258,0.3788935187504068,29.666666666666668
2024-08-10,random,v1.0.0,"[9, 15, 17, 20, 25, 49]",28,0,0,1,3,[],0.10745522698875466,0.37177617994345336,22.5
2024-08-10,ema_gap,v1.0.0,"[9, 15, 17, 20, 25, 49]",28,0,0,0,1,[],0.11555618691293901,0.4118722018050741,36.666666666666664
2024-08-10,v2_statistical,v1.0.0,"[9, 15, 17, 20, 25, 49]",28,0,0,0,0,[],0.11920691106127487,0.4271936768719769,37.5
2024-08-10,v3_boosting,v1.0.0,"[9, 15, 17, 20, 25, 49]",28,0,0,1,1,[],0.11662160207771112,0.4090738865065878,30.5
2024-08-10,v4_ensemble,v1.0.0,"[9, 15, 17, 20, 25, 49]",28,0,0,0,1,[],0.11565915685399311,0.41231461809233405,36.666666666666664
2024-08-14,random,v1.0.0,"[10, 11, 29, 30, 36, 48]",18,0,0,2,2,[],0.10745522698875465,0.37177617994345313,27.333333333333332
2024-08-14,ema_gap,v1.0.0,"[10, 11, 29, 30, 36, 48]",18,0,0,1,2,[],0.10795288017875138,0.3696900808392664,20.666666666666668
2024-08-14,v2_statistical,v1.0.0,"[10, 11, 29, 30, 36, 48]",18,0,0,0,3,[],0.11038125470033054,0.3768917271659478,22.0
2024-08-14,v3_boosting,v1.0.0,"[10, 11, 29, 30, 36, 48]",18,1,1,1,3,[29],0.1085599144996521,0.37688437335301966,23.166666666666668
2024-08-14,v4_ensemble,v1.0.0,"[10, 11, 29, 30, 36, 48]",18,1,1,1,2,[29],0.1077621355743142,0.3721138118342353,24.166666666666668
2024-08-17,random,v1.0.0,"[7, 8, 9, 10, 26, 33]",19,0,0,4,4,[],0.10745522698875465,0.37177617994345347,15.5
2024-08-17,ema_gap,v1.0.0,"[7, 8, 9, 10, 26, 33]",19,1,1,2,3,[7],0.10680359918256574,0.3673002957347751,20.833333333333332
2024-08-17,v2_statistical,v1.0.0,"[7, 8, 9, 10, 26, 33]",19,1,1,2,3,[7],0.10524400551208485,0.3601224703019514,20.166666666666668
2024-08-17,v3_boosting,v1.0.0,"[7, 8, 9, 10, 26, 33]",19,0,0,2,3,[],0.10866584168883194,0.3719363610668519,21.166666666666668
2024-08-17,v4_ensemble,v1.0.0,"[7, 8, 9, 10, 26, 33]",19,2,2,2,3,"[7, 10]",0.10601172091831569,0.3643515330544647,20.333333333333332
2024-08-21,random,v1.0.0,"[4, 6, 13, 14, 34, 36]",40,2,2,2,4,"[4, 6]",0.10745522698875466,0.37177617994345336,17.833333333333332
2024-08-21,ema_gap,v1.0.0,"[4, 6, 13, 14, 34, 36]",40,0,0,1,2,[],0.11098850838697066,0.38697922359595305,28.166666666666668
2024-08-21,v2_statistical,v1.0.0,"[4, 6, 13, 14, 34, 36]",40,1,1,1,2,[34],0.1121659965039323,0.3960448767711337,27.666666666666668
2024-08-21,v3_boosting,v1.0.0,"[4, 6, 13, 14, 34, 36]",40,1,1,3,4,[4],0.10483707477693117,0.3600030305984819,18.166666666666668
2024-08-21,v4_ensemble,v1.0.0,"[4, 6, 13, 14, 34, 36]",40,1,1,2,3,[36],0.10783036581179589,0.37322389411323614,23.666666666666668
2024-08-24,random,v1.0.0,"[16, 21, 29, 32, 42, 49]",5,0,0,0,1,[],0.10745522698875466,0.37177617994345313,31.5
2024-08-24,ema_gap,v1.0.0,"[16, 21, 29, 32, 42, 49]",5,1,1,1,2,[42],0.1092847974545374,0.38159026953767705,27.833333333333332
2024-08-24,v2_statistical,v1.0.0,"[16, 21, 29, 32, 42, 49]",5,1,1,1,2,[42],0.11062053189109525,0.3838400155579964,26.0
2024-08-24,v3_boosting,v1.0.0,"[16, 21, 29, 32, 42, 49]",5,1,1,2,3,[16],0.10556559991187398,0.3606808960332544,18.833333333333332
2024-08-24,v4_ensemble,v1.0.0,"[16, 21, 29, 32, 42, 49]",5,0,0,1,2,[],0.10704855428745869,0.36779773263758786,22.5
2024-08-28,random,v1.0.0,"[4, 20, 29, 40, 41, 48]",47,1,1,1,1,[4],0.10745522698875466,0.37177617994345313,30.333333333333332
2024-08-28,ema_gap,v1.0.0,"[4, 20, 29, 40, 41, 48]",47,1,1,1,1,[29],0.10892325514504289,0.3756003014729593,24.833333333333332
2024-08-28,v2_statistical,v1.0.0,"[4, 20, 29, 40, 41, 48]",47,1,1,1,3,[29],0.10753723905802227,0.3675131279491,21.0
2024-08-28,v3_boosting,v1.0.0,"[4, 20, 29, 40, 41, 48]",47,0,0,1,1,[],0.11290268662522417,0.3941356562551248,28.666666666666668
2024-08-28,v4_ensemble,v1.0.0,"[4, 20, 29, 40, 41, 48]",47,0,0,2,2,[],0.10909291927095904,0.377831143082561,25.0
2024-08-31,random,v1.0.0,"[7, 24, 25, 34, 43, 44]",13,0,0,1,1,[],0.10745522698875465,0.3717761799434532,29.5
2024-08-31,ema_gap,v1.0.0,"[7, 24, 25, 34, 43, 44]",13,1,1,1,2,[7],0.11048183593589399,0.3900167854825792,28.5
2024-08-31,v2_statistical,v1.0.0,"[7, 24, 25, 34, 43, 44]",13,1,1,2,2,[7],0.1088879308587819,0.39215382554621103,27.333333333333332
2024-08-31,v3_boosting,v1.0.0,"[7, 24, 25, 34, 43, 44]",13,1,1,1,1,[44],0.11087636346327477,0.38733307614677587,28.0
2024-08-31,v4_ensemble,v1.0.0,"[7, 24, 25, 34, 43, 44]",13,1,1,1,1,[7],0.10918131330124599,0.38112369585225675,29.666666666666668
2024-09-04,random,v1.0.0,"[31, 34, 38, 41, 43, 48]",47,0,0,0,0,[],0.10745522698875466,0.3717761799434531,39.166666666666664
2024-09-04,ema_gap,v1.0.0,"[31, 34, 38, 41, 43, 48]",47,1,1,2,2,[34],0.1078696667947786,0.37099995881634157,21.833333333333332
2024-09-04,v2_statistical,v1.0.0,"[31, 34, 38, 41, 43, 48]",47,1,1,2,3,[34],0.1050181481383947,0.3573237719978412,18.333333333333332
2024-09-04,v3_boosting,v1.0.0,"[31, 34, 38, 41, 43, 48]",47,1,1,2,4,[34],0.10364974500757906,0.35066766877751665,16.666666666666668
2024-09-04,v4_ensemble,v1.0.0,"[31, 34, 38, 41, 43, 48]",47,1,1,2,2,[34],0.10393245601543517,0.3543442931401934,18.833333333333332
2024-09-07,random,v1.0.0,"[8, 21, 33, 34, 37, 47]",24,0,0,1,1,[],0.10745522698875466,0.3717761799434531,30.0
2024-09-07,ema_gap,v1.0.0,"[8, 21, 33, 34, 37, 47]",24,1,1,1,1,[34],0.11067372248704796,0.3901516815373897,28.833333333333332
2024-09-07,v2_statistical,v1.0.0,"[8, 21, 33, 34, 37, 47]",24,1,1,1,2,[34],0.11176526150519664,0.3935796813605101,27.333333333333332
2024-09-07,v3_boosting,v1.0.0,"[8, 21, 33, 34, 37, 47]",24,1,1,1,2,[21],0.11084400992844275,0.3826823731525811,23.5
2024-09-07,v4_ensemble,v1.0.0,"[8, 21, 33, 34, 37, 47]",24,1,1,2,2,[34],0.10936381975087991,0.3819289682978016,27.833333333333332
2024-09-11,random,v1.0.0,"[1, 8, 19, 33, 46, 49]",2,1,1,2,2,[1],0.10745522698875466,0.37177617994345324,26.0
2024-09-11,ema_gap,v1.0.0,"[1, 8, 19, 33, 46, 49]",2,0,0,2,2,[],0.11403307479328455,0.4062050998813035,33.166666666666664
2024-09-11,v2_statistical,v1.0.0,"[1, 8, 19, 33, 46, 49]",2,0,0,0,1,[],0.11840587428663145,0.42517345955756314,35.333333333333336
2024-09-11,v3_boosting,v1.0.0,"[1, 8, 19, 33, 46, 49]",2,0,0,1,2,[],0.11098326611308343,0.3882736543525965,28.666666666666668
2024-09-11,v4_ensemble,v1.0.0,"[1, 8, 19, 33, 46, 49]",2,0,0,1,1,[],0.11333496034373623,0.40099111757777506,35.666666666666664
2024-09-14,random,v1.0.0,"[11, 14, 19, 25, 26, 28]",21,0,0,1,2,[],0.10745522698875465,0.37177617994345336,20.5
2024-09-14,ema_gap,v1.0.0,"[11, 14, 19, 25, 26, 28]",21,0,0,0,3,[],0.11095747036799644,0.38593950610246036,26.833333333333332
2024-09-14,v2_statistical,v1.0.0,"[11, 14, 19, 25, 26, 28]",21,0,0,0,0,[],0.11894413192044181,0.42852374872874693,37.166666666666664
2024-09-14,v3_boosting,v1.0.0,"[11, 14, 19, 25, 26, 28]",21,1,1,2,2,[14],0.10754416354384211,0.3705979079441108,22.666666666666668
2024-09-14,v4_ensemble,v1.0.0,"[11, 14, 19, 25, 26, 28]",21,0,0,0,0,[],0.11131561417612588,0.3883625201736183,33.333333333333336
2024-09-18,random,v1.0.0,"[2, 13, 14, 18, 20, 39]",40,1,1,1,4,[2],0.10745522698875466,0.37177617994345336,17.666666666666668
2024-09-18,ema_gap,v1.0.0,"[2, 13, 14, 18, 20, 39]",40,0,0,2,2,[],0.11020490288677258,0.3848347252342151,28.833333333333332
2024-09-18,v2_statistical,v1.0.0,"[2, 13, 14, 18, 20, 39]",40,1,1,1,2,[39],0.1139188868856157,0.4036006950208587,30.0
2024-09-18,v3_boosting,v1.0.0,"[2, 13, 14, 18, 20, 39]",40,1,1,1,1,[20],0.10929194462823864,0.37882685685651135,25.333333333333332
2024-09-18,v4_ensemble,v1.0.0,"[2, 13, 14, 18, 20, 39]",40,0,0,2,3,[],0.11026076299192009,0.3856516350583607,28.166666666666668
2024-09-21,random,v1.0.0,"[5, 10, 11, 15, 27, 49]",25,1,1,3,4,[5],0.10745522698875466,0.37177617994345336,19.5
2024-09-21,ema_gap,v1.0.0,"[5, 10, 11, 15, 27, 49]",25,1,1,1,2,[11],0.1108273888092795,0.3861873927187008,28.333333333333332
2024-09-21,v2_statistical,v1.0.0,"[5, 10, 11, 15, 27, 49]",25,0,0,1,3,[],0.11060238646920163,0.38238633117186543,24.0
2024-09-21,v3_boosting,v1.0.0,"[5, 10, 11, 15, 27, 49]",25,1,1,2,2,[5],0.1082001502715018,0.37081394420699537,21.0
2024-09-21,v4_ensemble,v1.0.0,"[5, 10, 11, 15, 27, 49]",25,0,0,0,2,[],0.10872382898925428,0.37292840510716563,22.166666666666668
2024-09-25,random,v1.0.0,"[2, 4, 8, 11, 14, 40]",36,2,2,4,5,"[2, 4]",0.10745522698875463,0.3717761799434534,13.166666666666666
2024-09-25,ema_gap,v1.0.0,"[2, 4, 8, 11, 14, 40]",36,1,1,2,2,[11],0.10561868117876867,0.3618231592503398,18.833333333333332
2024-09-25,v2_statistical,v1.0.0,"[2, 4, 8, 11, 14, 40]",36,0,0,3,4,[],0.10857969580473922,0.3732221354225906,20.166666666666668
2024-09-25,v3_boosting,v1.0.0,"[2, 4, 8, 11, 14, 40]",36,0,0,1,3,[],0.11021336375852833,0.38082192698066114,25.0
2024-09-25,v4_ensemble,v1.0.0,"[2, 4, 8, 11, 14, 40]",36,0,0,2,3,[],0.10757658097989566,0.3713862936266727,22.666666666666668
2024-09-28,random,v1.0.0,"[7, 15, 23, 29, 41, 46]",22,0,0,1,2,[],0.10745522698875466,0.3717761799434532,26.833333333333332
2024-09-28,ema_gap,v1.0.0,"[7, 15, 23, 29, 41, 46]",22,1,1,1,2,[7],0.10828726410542817,0.37417067800019926,25.5
2024-09-28,v2_statistical,v1.0.0,"[7, 15, 23, 29, 41, 46]",22,1,1,1,2,[7],0.10549334798893528,0.3619269588499663,20.5
2024-09-28,v3_boosting,v1.0.0,"[7, 15, 23, 29, 41, 46]",22,0,0,1,2,[],0.11211137446484964,0.39014245331555913,29.666666666666668
2024-09-28,v4_ensemble,v1.0.0,"[7, 15, 23, 29, 41, 46]",22,1,1,1,1,[7],0.10799483080283771,0.3737113622387658,24.833333333333332
2024-10-02,random,v1.0.0,"[26, 28, 33, 41, 42, 49]",45,0,0,0,0,[],0.10745522698875466,0.37177617994345313,36.5
2024-10-02,ema_gap,v1.0.0,"[26, 28, 33, 41, 42, 49]",45,0,0,2,4,[],0.10553558749526767,0.35972301515620014,16.5
2024-10-02,v2_statistical,v1.0.0,"[26, 28, 33, 41, 42, 49]",45,1,1,1,2,[42],0.10865502782741261,0.3724319295954719,21.666666666666668
2024-10-02,v3_boosting,v1.0.0,"[26, 28, 33, 41, 42, 49]",45,1,1,2,2,[41],0.11083799517792355,0.3879858268928028,27.166666666666668
2024-10-02,v4_ensemble,v1.0.0,"[26, 28, 33, 41, 42, 49]",45,0,0,2,3,[],0.1082020181738624,0.37280021367372856,23.166666666666668
2024-10-05,random,v1.0.0,"[17, 18, 20, 29, 32, 35]",38,0,0,0,2,[],0.10745522698875466,0.37177617994345336,25.166666666666668
2024-10-05,ema_gap,v1.0.0,"[17, 18, 20, 29, 32, 35]",38,2,2,2,2,"[18, 29]",0.10762283883596038,0.3712938633611612,23.166666666666668
2024-10-05,v2_statistical,v1.0.0,"[17, 18, 20, 29, 32, 35]",38,0,0,1,2,[],0.1094632095824398,0.37517809653230594,21.5
2024-10-05,v3_boosting,v1.0.0,"[17, 18, 20, 29, 32, 35]",38,1,1,2,4,[32],0.10486064821437562,0.3547346627318526,14.666666666666666
2024-10-05,v4_ensemble,v1.0.0,"[17, 18, 20, 29, 32, 35]",38,1,1,2,3,[18],0.10596805966383234,0.3627229806902146,19.0
2024-10-09,random,v1.0.0,"[20, 22, 23, 36, 46, 47]",42,0,0,0,0,[],0.10745522698875466,0.37177617994345324,32.333333333333336
2024-10-09,ema_gap,v1.0.0,"[20, 22, 23, 36, 46, 47]",42,0,0,0,1,[],0.11303214247375137,0.3975099876705944,32.5
2024-10-09,v2_statistical,v1.0.0,"[20, 22, 23, 36, 46, 47]",42,0,0,1,3,[],0.11096676109956925,0.3843279969382783,24.833333333333332
2024-10-09,v3_boosting,v1.0.0,"[20, 22, 23, 36, 46, 47]",42,0,0,1,2,[],0.11171618186318337,0.39088685820486924,29.833333333333332
2024-10-09,v4_ensemble,v1.0.0,"[20, 22, 23, 36, 46, 47]",42,0,0,1,3,[],0.11103108467425507,0.3880588763645941,28.166666666666668
2024-10-12,random,v1.0.0,"[3, 16, 21, 28, 39, 43]",8,1,1,1,2,[3],0.10745522698875465,0.37177617994345324,25.0
2024-10-12,ema_gap,v1.0.0,"[3, 16, 21, 28, 39, 43]",8,0,0,1,1,[],0.11155318752425772,0.38972841948686116,30.0
2024-10-12,v2_statistical,v1.0.0,"[3, 16, 21, 28, 39, 43]",8,0,0,0,1,[],0.11354446825215063,0.39802839983691163,30.0
2024-10-12,v3_boosting,v1.0.0,"[3, 16, 21, 28, 39, 43]",8,1,1,1,4,[28],0.108558964587091,0.37556410103573945,23.333333333333332
2024-10-12,v4_ensemble,v1.0.0,"[3, 16, 21, 28, 39, 43]",8,1,1,1,1,[28],0.10971048048237532,0.3815193560715694,29.0
2024-10-16,random,v1.0.0,"[1, 17, 26, 35, 44, 48]",19,1,1,1,2,[1],0.10745522698875466,0.37177617994345313,28.5
2024-10-16,ema_gap,v1.0.0,"[1, 17, 26, 35, 44, 48]",19,0,0,1,2,[],0.1113351347993921,0.3905641239680016,28.666666666666668
2024-10-16,v2_statistical,v1.0.0,"[1, 17, 26, 35, 44, 48]",19,0,0,1,1,[],0.11337555840599413,0.3987238597669118,28.833333333333332
2024-10-16,v3_boosting,v1.0.0,"[1, 17, 26, 35, 44, 48]",19,0,0,2,2,[],0.11123704525959315,0.388516449928068,28.333333333333332
2024-10-16,v4_ensemble,v1.0.0,"[1, 17, 26, 35, 44, 48]",19,0,0,0,0,[],0.11107326135451842,0.38673216753258394,28.666666666666668
2024-10-19,random,v1.0.0,"[2, 12, 20, 23, 28, 41]",43,1,1,2,2,[2],0.10745522698875466,0.37177617994345324,21.0
2024-10-19,ema_gap,v1.0.0,"[2, 12, 20, 23, 28, 41]",43,0,0,0,4,[],0.10817962307981349,0.3737877800038244,23.166666666666668
2024-10-19,v2_statistical,v1.0.0,"[2, 12, 20, 23, 28, 41]",43,0,0,2,3,[],0.1100640546150031,0.38395855121412903,25.166666666666668
2024-10-19,v3_boosting,v1.0.0,"[2, 12, 20, 23, 28, 41]",43,0,0,1,2,[],0.11166219326314421,0.3908445477336109,27.333333333333332
2024-10-19,v4_ensemble,v1.0.0,"[2, 12, 20, 23, 28, 41]",43,0,0,1,2,[],0.10922374294234713,0.3796667093965603,28.666666666666668
2024-10-23,random,v1.0.0,"[4, 15, 18, 20, 37, 40]",43,1,1,1,3,[4],0.10745522698875466,0.37177617994345336,22.333333333333332
2024-10-23,ema_gap,v1.0.0,"[4, 15, 18, 20, 37, 40]",43,1,1,2,2,[18],0.10679318428091467,0.36801171702526225,22.333333333333332
2024-10-23,v2_statistical,v1.0.0,"[4, 15, 18, 20, 37, 40]",43,1,1,2,3,[20],0.105435133836866,0.36106339305258117,20.0
2024-10-23,v3_boosting,v1.0.0,"[4, 15, 18, 20, 37, 40]",43,0,0,1,2,[],0.11020760370562939,0.3804631918012173,23.5
2024-10-23,v4_ensemble,v1.0.0,"[4, 15, 18, 20, 37, 40]",43,1,1,2,2,[18],0.10682564479747628,0.3667369513704065,23.0
2024-10-26,random,v1.0.0,"[7, 16, 19, 25, 28, 29]",15,0,0,1,2,[],0.10745522698875463,0.37177617994345324,20.666666666666668
2024-10-26,ema_gap,v1.0.0,"[7, 16, 19, 25, 28, 29]",15,2,2,3,3,"[7, 29]",0.10642803787129004,0.36695009916300564,21.5
2024-10-26,v2_statistical,v1.0.0,"[7, 16, 19, 25, 28, 29]",15,1,1,2,2,[7],0.10974794499171142,0.3841429693945137,25.333333333333332
2024-10-26,v3_boosting,v1.0.0,"[7, 16, 19, 25, 28, 29]",15,0,0,1,2,[],0.11275691408596818,0.3933279032793166,27.333333333333332
2024-10-26,v4_ensemble,v1.0.0,"[7, 16, 19, 25, 28, 29]",15,1,1,1,2,[29],0.10920404024893765,0.3798839188856877,28.666666666666668
2024-10-30,random,v1.0.0,"[4, 9, 14, 17, 30, 44]",3,1,1,2,4,[4],0.10745522698875466,0.37177617994345336,19.666666666666668
2024-10-30,ema_gap,v1.0.0,"[4, 9, 14, 17, 30, 44]",3,0,0,1,2,[],0.11307265867423334,0.39913796760955905,32.0
2024-10-30,v2_statistical,v1.0.0,"[4, 9, 14, 17, 30, 44]",3,0,0,1,2,[],0.11650748319977348,0.4178046330840438,34.0
2024-10-30,v3_boosting,v1.0.0,"[4, 9, 14, 17, 30, 44]",3,0,0,0,1,[],0.11338242012424052,0.3980216176663933,32.833333333333336
2024-10-30,v4_ensemble,v1.0.0,"[4, 9, 14, 17, 30, 44]",3,0,0,0,0,[],0.11374677681437512,0.400961211514726,35.5
2024-11-02,random,v1.0.0,"[7, 13, 37, 42, 46, 47]",48,0,0,1,2,[],0.10745522698875466,0.3717761799434531,32.0
2024-11-02,ema_gap,v1.0.0,"[7, 13, 37, 42, 46, 47]",48,1,1,2,2,[7],0.1087762928556844,0.3801555581209906,27.166666666666668
2024-11-02,v2_statistical,v1.0.0,"[7, 13, 37, 42, 46, 47]",48,2,2,2,2,"[7, 42]",0.10439939395893288,0.3669259479683201,24.0
2024-11-02,v3_boosting,v1.0.0,"[7, 13, 37, 42, 46, 47]",48,0,0,1,1,[],0.1167252132766115,0.4155557253449849,34.5
2024-11-02,v4_ensemble,v1.0.0,"[7, 13, 37, 42, 46, 47]",48,1,1,1,2,[7],0.1094014790163901,0.3818310305287535,27.5
2024-11-06,random,v1.0.0,"[2, 11, 18, 21, 23, 25]",26,1,1,2,3,[2],0.10745522698875465,0.37177617994345324,16.666666666666668
2024-11-06,ema_gap,v1.0.0,"[2, 11, 18, 21, 23, 25]",26,1,1,2,4,[18],0.10534355545238527,0.36068494370822884,18.333333333333332
2024-11-06,v2_statistical,v1.0.0,"[2, 11, 18, 21, 23, 25]",26,0,0,1,4,[],0.10745153977700013,0.36529642688555647,18.666666666666668
2024-11-06,v3_boosting,v1.0.0,"[2, 11, 18, 21, 23, 25]",26,2,2,3,4,"[23, 25]",0.09881163547622612,0.33850469104234665,15.0
2024-11-06,v4_ensemble,v1.0.0,"[2, 11, 18, 21, 23, 25]",26,2,2,4,4,"[23, 25]",0.10226982259256123,0.3495197061424487,15.166666666666666
2024-11-09,random,v1.0.0,"[9, 12, 16, 39, 47, 49]",30,0,0,2,3,[],0.10745522698875466,0.37177617994345336,28.666666666666668
2024-11-09,ema_gap,v1.0.0,"[9, 12, 16, 39, 47, 49]",30,0,0,1,1,[],0.1126324054759784,0.394432811715284,33.0
2024-11-09,v2_statistical,v1.0.0,"[9, 12, 16, 39, 47, 49]",30,0,0,1,1,[],0.11580719752193679,0.4097110104933082,34.0
2024-11-09,v3_boosting,v1.0.0,"[9, 12, 16, 39, 47, 49]",30,0,0,0,2,[],0.11454385697104107,0.3942044396593825,25.166666666666668
2024-11-09,v4_ensemble,v1.0.0,"[9, 12, 16, 39, 47, 49]",30,0,0,0,1,[],0.11308589567450439,0.3970919232676359,34.0
2024-11-13,random,v1.0.0,"[5, 15, 17, 29, 35, 45]",25,1,1,1,3,[5],0.10745522698875465,0.37177617994345336,24.333333333333332
2024-11-13,ema_gap,v1.0.0,"[5, 15, 17, 29, 35, 45]",25,1,1,2,2,[29],0.11049068376691741,0.3887803821089839,27.0
2024-11-13,v2_statistical,v1.0.0,"[5, 15, 17, 29, 35, 45]",25,1,1,1,2,[29],0.11345041295350403,0.4011466065138579,29.666666666666668
2024-11-13,v3_boosting,v1.0.0,"[5, 15, 17, 29, 35, 45]",25,1,1,1,1,[17],0.11053852591967614,0.38570968022664986,27.0
2024-11-13,v4_ensemble,v1.0.0,"[5, 15, 17, 29, 35, 45]",25,0,0,1,2,[],0.11067049520285385,0.3880744104560241,31.666666666666668
2024-11-16,random,v1.0.0,"[7, 14, 21, 30, 32, 42]",15,0,0,1,2,[],0.10745522698875466,0.37177617994345324,24.333333333333332
2024-11-16,ema_gap,v1.0.0,"[7, 14, 21, 30, 32, 42]",15,1,1,2,2,[7],0.10596161702478697,0.3652512183776256,22.0
2024-11-16,v2_statistical,v1.0.0,"[7, 14, 21, 30, 32, 42]",15,2,2,2,3,"[7, 42]",0.10510699870104455,0.368699069619836,24.333333333333332
2024-11-16,v3_boosting,v1.0.0,"[7, 14, 21, 30, 32, 42]",15,3,3,3,4,"[7, 21, 32]",0.10398749499373482,0.3563368150807138,18.166666666666668
2024-11-16,v4_ensemble,v1.0.0,"[7, 14, 21, 30, 32, 42]",15,1,1,2,3,[7],0.10401932233939415,0.3574671348500312,18.833333333333332
2024-11-20,random,v1.0.0,"[12, 13, 21, 24, 46, 49]",15,0,0,1,2,[],0.10745522698875466,0.37177617994345324,27.5
2024-11-20,ema_gap,v1.0.0,"[12, 13, 21, 24, 46, 49]",15,0,0,0,1,[],0.1129465582113077,0.39779115103051466,30.833333333333332
2024-11-20,v2_statistical,v1.0.0,"[12, 13, 21, 24, 46, 49]",15,0,0,0,1,[],0.11616617593525992,0.4114137131776062,30.833333333333332
2024-11-20,v3_boosting,v1.0.0,"[12, 13, 21, 24, 46, 49]",15,1,1,2,2,[46],0.11186437600032395,0.38588926026281495,24.5
2024-11-20,v4_ensemble,v1.0.0,"[12, 13, 21, 24, 46, 49]",15,0,0,1,2,[],0.11211650149889754,0.3941793174411396,30.833333333333332
2024-11-23,random,v1.0.0,"[3, 4, 6, 11, 27, 39]",1,3,3,4,4,"[3, 4, 6]",0.10745522698875466,0.3717761799434534,15.0
2024-11-23,ema_gap,v1.0.0,"[3, 4, 6, 11, 27, 39]",1,1,1,2,3,[39],0.10886864521619995,0.37833090116666496,25.0
2024-11-23,v2_statistical,v1.0.0,"[3, 4, 6, 11, 27, 39]",1,0,0,3,3,[],0.10984057685770944,0.38040557852852674,24.0
2024-11-23,v3_boosting,v1.0.0,"[3, 4, 6, 11, 27, 39]",1,1,1,2,2,[3],0.10327664972570563,0.3573013319481134,18.833333333333332
2024-11-23,v4_ensemble,v1.0.0,"[3, 4, 6, 11, 27, 39]",1,2,2,2,3,"[3, 39]",0.1054350737379682,0.363328486225709,21.166666666666668
2024-11-27,random,v1.0.0,"[2, 3, 6, 14, 34, 44]",35,3,3,3,4,"[2, 3, 6]",0.10745522698875466,0.37177617994345336,17.166666666666668
2024-11-27,ema_gap,v1.0.0,"[2, 3, 6, 14, 34, 44]",35,0,0,0,1,[],0.110690890087158,0.3834759948262269,28.0
2024-11-27,v2_statistical,v1.0.0,"[2, 3, 6, 14, 34, 44]",35,0,0,1,2,[],0.11357982490919932,0.3967788807418558,29.666666666666668
2024-11-27,v3_boosting,v1.0.0,"[2, 3, 6, 14, 34, 44]",35,1,1,3,3,[34],0.10290600255285494,0.3531219825116372,17.833333333333332
2024-11-27,v4_ensemble,v1.0.0,"[2, 3, 6, 14, 34, 44]",35,1,1,1,2,[34],0.10735831349511687,0.37097188276914694,23.666666666666668
2024-11-30,random,v1.0.0,"[1, 5, 22, 25, 36, 37]",30,2,2,2,2,"[1, 5]",0.10745522698875466,0.3717761799434532,21.0
2024-11-30,ema_gap,v1.0.0,"[1, 5, 22, 25, 36, 37]",30,0,0,0,0,[],0.11500288640129731,0.40816243140401437,36.5
2024-11-30,v2_statistical,v1.0.0,"[1, 5, 22, 25, 36, 37]",30,0,0,0,0,[],0.11784453825815523,0.4248455473042642,37.833333333333336
2024-11-30,v3_boosting,v1.0.0,"[1, 5, 22, 25, 36, 37]",30,0,0,1,1,[],0.11437058687248022,0.40263585739502383,30.5
2024-11-30,v4_ensemble,v1.0.0,"[1, 5, 22, 25, 36, 37]",30,0,0,0,1,[],0.11475391650707382,0.40820033140425266,38.166666666666664
2024-12-04,random,v1.0.0,"[19, 23, 37, 39, 41, 49]",29,0,0,0,0,[],0.10745522698875466,0.37177617994345313,34.666666666666664
2024-12-04,ema_gap,v1.0.0,"[19, 23, 37, 39, 41, 49]",29,1,1,1,3,[39],0.10646416259762366,0.366508009788169,21.0
2024-12-04,v2_statistical,v1.0.0,"[19, 23, 37, 39, 41, 49]",29,1,1,2,2,[39],0.10906665071839859,0.37548562009093017,21.833333333333332
2024-12-04,v3_boosting,v1.0.0,"[19, 23, 37, 39, 41, 49]",29,0,0,0,2,[],0.11504512423320047,0.39941853632224206,25.5
2024-12-04,v4_ensemble,v1.0.0,"[19, 23, 37, 39, 41, 49]",29,0,0,0,1,[],0.11000390753550579,0.3798759952166031,25.333333333333332
2024-12-07,random,v1.0.0,"[9, 22, 33, 41, 42, 45]",12,0,0,1,1,[],0.10745522698875466,0.3717761799434531,32.0
2024-12-07,ema_gap,v1.0.0,"[9, 22, 33, 41, 42, 45]",12,1,1,1,2,[42],0.11123449186740246,0.3908955604044076,31.333333333333332
2024-12-07,v2_statistical,v1.0.0,"[9, 22, 33, 41, 42, 45]",12,0,0,1,2,[],0.11169266793118873,0.38901835753912073,27.333333333333332
2024-12-07,v3_boosting,v1.0.0,"[9, 22, 33, 41, 42, 45]",12,0,0,1,2,[],0.10979620472765206,0.38060230521902666,26.5
2024-12-07,v4_ensemble,v1.0.0,"[9, 22, 33, 41, 42, 45]",12,0,0,1,2,[],0.10992232018020884,0.3829159504139135,28.5
2024-12-11,random,v1.0.0,"[26, 35, 39, 40, 41, 46]",3,0,0,0,0,[],0.10745522698875466,0.3717761799434531,37.833333333333336
2024-12-11,ema_gap,v1.0.0,"[26, 35, 39, 40, 41, 46]",3,2,2,2,2,"[39, 41]",0.10481977305864217,0.36050470295275977,19.833333333333332
2024-12-11,v2_statistical,v1.0.0,"[26, 35, 39, 40, 41, 46]",3,1,1,1,4,[39],0.10659809265729583,0.36262706264807765,17.666666666666668
2024-12-11,v3_boosting,v1.0.0,"[26, 35, 39, 40, 41, 46]",3,2,2,4,5,"[35, 46]",0.09928286537843363,0.332871756233335,11.666666666666666
2024-12-11,v4_ensemble,v1.0.0,"[26, 35, 39, 40, 41, 46]",3,0,0,4,6,[],0.10184007501233423,0.34333538596830715,11.333333333333334
2024-12-14,random,v1.0.0,"[3, 4, 13, 16, 27, 43]",38,2,2,2,4,"[3, 4]",0.10745522698875465,0.37177617994345336,17.666666666666668
2024-12-14,ema_gap,v1.0.0,"[3, 4, 13, 16, 27, 43]",38,0,0,0,1,[],0.11189292991373831,0.39002659165023656,30.833333333333332
2024-12-14,v2_statistical,v1.0.0,"[3, 4, 13, 16, 27, 43]",38,0,0,1,2,[],0.11311171675369572,0.39732479430411277,30.333333333333332
2024-12-14,v3_boosting,v1.0.0,"[3, 4, 13, 16, 27, 43]",38,0,0,2,2,[],0.11159231237024231,0.38587436504910244,24.333333333333332
2024-12-14,v4_ensemble,v1.0.0,"[3, 4, 13, 16, 27, 43]",38,0,0,0,1,[],0.11075330849118789,0.3855992314573186,30.833333333333332
2024-12-18,random,v1.0.0,"[7, 9, 17, 39, 41, 45]",47,0,0,2,3,[],0.10745522698875466,0.37177617994345336,26.333333333333332
2024-12-18,ema_gap,v1.0.0,"[7, 9, 17, 39, 41, 45]",47,3,3,3,4,"[7, 39, 41]",0.10117963302975343,0.34847168354126795,17.666666666666668
2024-12-18,v2_statistical,v1.0.0,"[7, 9, 17, 39, 41, 45]",47,3,3,3,3,"[7, 39, 41]",0.0972072777723681,0.336189851182318,17.0
2024-12-18,v3_boosting,v1.0.0,"[7, 9, 17, 39, 41, 45]",47,1,1,2,2,[7],0.11065379106421039,0.3893559824642572,29.333333333333332
2024-12-18,v4_ensemble,v1.0.0,"[7, 9, 17, 39, 41, 45]",47,3,3,3,3,"[7, 39, 41]",0.1031642867885926,0.3574812355529091,20.666666666666668
2024-12-21,random,v1.0.0,"[6, 9, 21, 24, 41, 48]",31,1,1,2,2,[6],0.10745522698875465,0.37177617994345324,24.833333333333332
2024-12-21,ema_gap,v1.0.0,"[6, 9, 21, 24, 41, 48]",31,1,1,1,1,[41],0.10932834269594392,0.38267531343061206,28.666666666666668
2024-12-21,v2_statistical,v1.0.0,"[6, 9, 21, 24, 41, 48]",31,1,1,1,1,[41],0.11362009086437871,0.4031226860722186,29.5
2024-12-21,v3_boosting,v1.0.0,"[6, 9, 21, 24, 41, 48]",31,1,1,2,4,[24],0.10446722823048543,0.3570921756299685,17.666666666666668
2024-12-21,v4_ensemble,v1.0.0,"[6, 9, 21, 24, 41, 48]",31,1,1,1,1,[41],0.10761286726459625,0.3705779809244603,23.833333333333332
2024-12-25,random,v1.0.0,"[5, 6, 14, 16, 18, 44]",19,2,2,2,5,"[5, 6]",0.10745522698875466,0.37177617994345336,17.166666666666668
2024-12-25,ema_gap,v1.0.0,"[5, 6, 14, 16, 18, 44]",19,0,0,1,2,[],0.10965055941782266,0.37813682936615717,24.666666666666668
2024-12-25,v2_statistical,v1.0.0,"[5, 6, 14, 16, 18, 44]",19,0,0,0,1,[],0.11772433582024883,0.41393225642599696,34.666666666666664
2024-12-25,v3_boosting,v1.0.0,"[5, 6, 14, 16, 18, 44]",19,0,0,2,2,[],0.11025449168308801,0.38222855195192607,24.166666666666668
2024-12-25,v4_ensemble,v1.0.0,"[5, 6, 14, 16, 18, 44]",19,0,0,1,2,[],0.11126600248443513,0.38856237007741184,30.0
2024-12-28,random,v1.0.0,"[8, 16, 18, 23, 34, 36]",12,0,0,1,3,[],0.10745522698875466,0.37177617994345336,22.5
2024-12-28,ema_gap,v1.0.0,"[8, 16, 18, 23, 34, 36]",12,1,1,2,3,[18],0.10778454930219765,0.3713043455602614,22.166666666666668
2024-12-28,v2_statistical,v1.0.0,"[8, 16, 18, 23, 34, 36]",12,1,1,3,3,[18],0.10692995908022447,0.3641800415847541,18.666666666666668
2024-12-28,v3_boosting,v1.0.0,"[8, 16, 18, 23, 34, 36]",12,2,2,2,2,"[18, 34]",0.10819573663048525,0.3784064154322344,26.333333333333332
2024-12-28,v4_ensemble,v1.0.0,"[8, 16, 18, 23, 34, 36]",12,1,1,2,2,[18],0.10668800296171453,0.36887359833614447,23.166666666666668
2025-01-01,random,v1.0.0,"[2, 10, 13, 26, 35, 46]",8,1,1,2,3,[2],0.10745522698875466,0.37177617994345336,22.0
2025-01-01,ema_gap,v1.0.0,"[2, 10, 13, 26, 35, 46]",8,0,0,0,0,[],0.11152434584327989,0.3879657392676653,29.0
2025-01-01,v2_statistical,v1.0.0,"[2, 10, 13, 26, 35, 46]",8,0,0,1,1,[],0.11470005977882859,0.3998751374295293,29.833333333333332
2025-01-01,v3_boosting,v1.0.0,"[2, 10, 13, 26, 35, 46]",8,0,0,0,1,[],0.11467646072335153,0.4007758831746121,29.666666666666668
2025-01-01,v4_ensemble,v1.0.0,"[2, 10, 13, 26, 35, 46]",8,0,0,0,0,[],0.1129561237199066,0.3953102750740434,31.666666666666668
2025-01-04,random,v1.0.0,"[2, 5, 9, 19, 24, 44]",10,2,2,3,3,"[2, 5]",0.10745522698875465,0.37177617994345336,17.166666666666668
2025-01-04,ema_gap,v1.0.0,"[2, 5, 9, 19, 24, 44]",10,0,0,0,1,[],0.1120557852920484,0.39144639982522134,31.0
2025-01-04,v2_statistical,v1.0.0,"[2, 5, 9, 19, 24, 44]",10,0,0,0,1,[],0.11578656089221068,0.41148898298823433,33.5
2025-01-04,v3_boosting,v1.0.0,"[2, 5, 9, 19, 24, 44]",10,1,1,3,3,[24],0.1052243741232454,0.36249556567738583,20.333333333333332
2025-01-04,v4_ensemble,v1.0.0,"[2, 5, 9, 19, 24, 44]",10,0,0,2,2,[],0.1092316483853286,0.37974418820858113,25.5
2025-01-08,random,v1.0.0,"[9, 10, 12, 22, 32, 34]",47,0,0,3,3,[],0.10745522698875465,0.37177617994345336,19.833333333333332
2025-01-08,ema_gap,v1.0.0,"[9, 10, 12, 22, 32, 34]",47,0,0,1,2,[],0.11183885287549006,0.39086237938729856,31.333333333333332
2025-01-08,v2_statistical,v1.0.0,"[9, 10, 12, 22, 32, 34]",47,1,1,2,2,[34],0.10990719266223063,0.38973395686870776,28.166666666666668
2025-01-08,v3_boosting,v1.0.0,"[9, 10, 12, 22, 32, 34]",47,1,1,1,2,[9],0.10711662079792829,0.37269346686343985,24.666666666666668
2025-01-08,v4_ensemble,v1.0.0,"[9, 10, 12, 22, 32, 34]",47,2,2,2,2,"[9, 34]",0.10784110693405816,0.3766229497172948,28.666666666666668
2025-01-11,random,v1.0.0,"[3, 9, 18, 25, 43, 45]",31,1,1,2,3,[3],0.10745522698875466,0.37177617994345336,23.833333333333332
2025-01-11,ema_gap,v1.0.0,"[3, 9, 18, 25, 43, 45]",31,2,2,2,2,"[9, 18]",0.1067815888784996,0.36919487189550826,24.5
2025-01-11,v2_statistical,v1.0.0,"[3, 9, 18, 25, 43, 45]",31,1,1,2,2,[18],0.10830226304334833,0.3716774163028824,22.0
2025-01-11,v3_boosting,v1.0.0,"[3, 9, 18, 25, 43, 45]",31,1,1,2,4,[43],0.10663520512234115,0.36337886231589284,19.166666666666668
2025-01-11,v4_ensemble,v1.0.0,"[3, 9, 18, 25, 43, 45]",31,1,1,3,4,[18],0.1057984125838848,0.3622196822986917,17.666666666666668
2025-01-15,random,v1.0.0,"[4, 17, 21, 32, 33, 49]",28,1,1,1,2,[4],0.10745522698875466,0.37177617994345324,26.0
2025-01-15,ema_gap,v1.0.0,"[4, 17, 21, 32, 33, 49]",28,0,0,0,1,[],0.10987395803748684,0.3791839957580343,26.833333333333332
2025-01-15,v2_statistical,v1.0.0,"[4, 17, 21, 32, 33, 49]",28,0,0,1,2,[],0.11377853146190829,0.3927579977344154,26.666666666666668
2025-01-15,v3_boosting,v1.0.0,"[4, 17, 21, 32, 33, 49]",28,2,2,2,2,"[4, 21]",0.10543609371237873,0.36298707877656544,20.666666666666668
2025-01-15,v4_ensemble,v1.0.0,"[4, 17, 21, 32, 33, 49]",28,0,0,2,2,[],0.10829204142373398,0.37408965525108384,24.833333333333332
2025-01-18,random,v1.0.0,"[8, 13, 16, 18, 31, 43]",1,0,0,1,4,[],0.10745522698875466,0.37177617994345336,21.5
2025-01-18,ema_gap,v1.0.0,"[8, 13, 16, 18, 31, 43]",1,1,1,2,2,[18],0.10839636902522198,0.38035777660626374,26.0
2025-01-18,v2_statistical,v1.0.0,"[8, 13, 16, 18, 31, 43]",1,1,1,1,1,[18],0.1114495020134884,0.3897105089626133,29.166666666666668
2025-01-18,v3_boosting,v1.0.0,"[8, 13, 16, 18, 31, 43]",1,1,1,3,4,[31],0.10530916175364453,0.35772108309010114,16.5
2025-01-18,v4_ensemble,v1.0.0,"[8, 13, 16, 18, 31, 43]",1,1,1,1,2,[18],0.1066988482039479,0.36810005762855813,22.333333333333332
2025-01-22,random,v1.0.0,"[22, 24, 28, 32, 41, 42]",25,0,0,0,0,[],0.10745522698875466,0.3717761799434532,31.5
2025-01-22,ema_gap,v1.0.0,"[22, 24, 28, 32, 41, 42]",25,1,1,1,2,[41],0.10890627436827093,0.37803773917101224,26.833333333333332
2025-01-22,v2_statistical,v1.0.0,"[22, 24, 28, 32, 41, 42]",25,1,1,1,2,[41],0.10941966587350478,0.38545615160158986,27.666666666666668
2025-01-22,v3_boosting,v1.0.0,"[22, 24, 28, 32, 41, 42]",25,1,1,2,3,[42],0.10806656151475227,0.37674450401444354,23.666666666666668
2025-01-22,v4_ensemble,v1.0.0,"[22, 24, 28, 32, 41, 42]",25,1,1,2,2,[41],0.10792028897925925,0.37567973581307584,24.0
2025-01-25,random,v1.0.0,"[1, 14, 19, 27, 32, 40]",37,1,1,1,2,[1],0.10745522698875465,0.37177617994345324,22.166666666666668
2025-01-25,ema_gap,v1.0.0,"[1, 14, 19, 27, 32, 40]",37,0,0,1,1,[],0.11344599774891019,0.4001862922409484,34.333333333333336
2025-01-25,v2_statistical,v1.0.0,"[1, 14, 19, 27, 32, 40]",37,0,0,0,1,[],0.11656421981978314,0.41752271974615923,33.5
2025-01-25,v3_boosting,v1.0.0,"[1, 14, 19, 27, 32, 40]",37,0,0,2,4,[],0.10962361268360378,0.3784439139835326,22.833333333333332
2025-01-25,v4_ensemble,v1.0.0,"[1, 14, 19, 27, 32, 40]",37,0,0,0,1,[],0.11195359276727239,0.39131285622332024,33.166666666666664
2025-01-29,random,v1.0.0,"[3, 7, 15, 20, 31, 39]",2,1,1,2,3,[3],0.10745522698875465,0.37177617994345336,19.166666666666668
2025-01-29,ema_gap,v1.0.0,"[3, 7, 15, 20, 31, 39]",2,1,1,2,3,[39],0.11011472074348967,0.38585398167616874,26.833333333333332
2025-01-29,v2_statistical,v1.0.0,"[3, 7, 15, 20, 31, 39]",2,2,2,3,3,"[7, 39]",0.10656170851418963,0.372262844551679,22.666666666666668
2025-01-29,v3_boosting,v1.0.0,"[3, 7, 15, 20, 31, 39]",2,0,0,0,0,[],0.11596936378481977,0.40706800232144835,34.166666666666664
2025-01-29,v4_ensemble,v1.0.0,"[3, 7, 15, 20, 31, 39]",2,1,1,1,2,[39],0.1104462154370405,0.38670379740791516,29.0
2025-02-01,random,v1.0.0,"[2, 28, 29, 30, 36, 49]",35,1,1,1,1,[2],0.10745522698875466,0.37177617994345313,29.0
2025-02-01,ema_gap,v1.0.0,"[2, 28, 29, 30, 36, 49]",35,0,0,0,2,[],0.11241260751476514,0.3932804582484783,30.0
2025-02-01,v2_statistical,v1.0.0,"[2, 28, 29, 30, 36, 49]",35,0,0,0,1,[],0.11564906273705261,0.4067344987854187,32.666666666666664
2025-02-01,v3_boosting,v1.0.0,"[2, 28, 29, 30, 36, 49]",35,1,1,3,3,[30],0.10600278597229722,0.366843003622314,21.333333333333332
2025-02-01,v4_ensemble,v1.0.0,"[2, 28, 29, 30, 36, 49]",35,0,0,1,2,[],0.10929313691710783,0.3797260401312137,27.833333333333332
2025-02-05,random,v1.0.0,"[4, 13, 20, 32, 37, 46]",33,1,1,1,2,[4],0.10745522698875466,0.37177617994345324,25.333333333333332
2025-02-05,ema_gap,v1.0.0,"[4, 13, 20, 32, 37, 46]",33,1,1,1,2,[32],0.10844323804625482,0.3734342987064172,22.5
2025-02-05,v2_statistical,v1.0.0,"[4, 13, 20, 32, 37, 46]",33,0,0,1,3,[],0.10831776413962149,0.3711018305663163,21.666666666666668
2025-02-05,v3_boosting,v1.0.0,"[4, 13, 20, 32, 37, 46]",33,2,2,2,3,"[13, 37]",0.10413737327011886,0.3597777191003812,21.5
2025-02-05,v4_ensemble,v1.0.0,"[4, 13, 20, 32, 37, 46]",33,1,1,2,3,[13],0.10576053668760134,0.3624632238349318,16.666666666666668
2025-02-08,random,v1.0.0,"[7, 17, 22, 26, 27, 32]",46,0,0,1,2,[],0.10745522698875463,0.37177617994345324,21.833333333333332
2025-02-08,ema_gap,v1.0.0,"[7, 17, 22, 26, 27, 32]",46,2,2,2,2,"[7, 32]",0.10499515261444127,0.35956840164592796,18.666666666666668
2025-02-08,v2_statistical,v1.0.0,"[7, 17, 22, 26, 27, 32]",46,2,2,2,3,"[7, 32]",0.1050727532084931,0.3586375584601533,18.166666666666668
2025-02-08,v3_boosting,v1.0.0,"[7, 17, 22, 26, 27, 32]",46,2,2,2,3,"[26, 27]",0.10732151781691406,0.37207229925422725,23.0
2025-02-08,v4_ensemble,v1.0.0,"[7, 17, 22, 26, 27, 32]",46,1,1,3,4,[32],0.10508904264382977,0.35992803058022454,17.833333333333332
2025-02-12,random,v1.0.0,"[19, 24, 39, 40, 42, 45]",41,0,0,0,0,[],0.10745522698875466,0.37177617994345313,34.833333333333336
2025-02-12,ema_gap,v1.0.0,"[19, 24, 39, 40, 42, 45]",41,1,1,2,2,[39],0.10920817802986194,0.3799828656428481,27.833333333333332
2025-02-12,v2_statistical,v1.0.0,"[19, 24, 39, 40, 42, 45]",41,1,1,2,3,[39],0.10971928323932437,0.3825635315739438,25.0
2025-02-12,v3_boosting,v1.0.0,"[19, 24, 39, 40, 42, 45]",41,0,0,1,2,[],0.11178117364922725,0.3872826828826105,25.333333333333332
2025-02-12,v4_ensemble,v1.0.0,"[19, 24, 39, 40, 42, 45]",41,1,1,2,2,[39],0.10955255483396033,0.38222335023244625,29.833333333333332
2025-02-15,random,v1.0.0,"[8, 10, 31, 37, 43, 49]",34,0,0,2,2,[],0.10745522698875466,0.3717761799434531,29.666666666666668
2025-02-15,ema_gap,v1.0.0,"[8, 10, 31, 37, 43, 49]",34,0,0,1,1,[],0.11215741994709467,0.3912629098505451,31.5
2025-02-15,v2_statistical,v1.0.0,"[8, 10, 31, 37, 43, 49]",34,0,0,0,1,[],0.11272738046924324,0.3897688534858129,27.666666666666668
2025-02-15,v3_boosting,v1.0.0,"[8, 10, 31, 37, 43, 49]",34,0,0,2,3,[],0.10655769960731253,0.3631063515842209,18.666666666666668
2025-02-15,v4_ensemble,v1.0.0,"[8, 10, 31, 37, 43, 49]",34,0,0,0,3,[],0.10900677670516855,0.3761123643018928,24.166666666666668
2025-02-19,random,v1.0.0,"[9, 10, 11, 24, 31, 37]",44,0,0,3,3,[],0.10745522698875463,0.37177617994345336,20.333333333333332
2025-02-19,ema_gap,v1.0.0,"[9, 10, 11, 24, 31, 37]",44,0,0,2,2,[],0.10993699549410019,0.38052467239964377,26.666666666666668
2025-02-19,v2_statistical,v1.0.0,"[9, 10, 11, 24, 31, 37]",44,0,0,0,1,[],0.11185346145278487,0.3869826205306552,26.666666666666668
2025-02-19,v3_boosting,v1.0.0,"[9, 10, 11, 24, 31, 37]",44,0,0,2,2,[],0.10881259956910594,0.3776348062513423,23.666666666666668
2025-02-19,v4_ensemble,v1.0.0,"[9, 10, 11, 24, 31, 37]",44,0,0,1,2,[],0.109036574568872,0.3787854107251549,27.833333333333332
2025-02-22,random,v1.0.0,"[7, 13, 29, 39, 47, 48]",26,0,0,1,2,[],0.10745522698875466,0.37177617994345313,30.5
2025-02-22,ema_gap,v1.0.0,"[7, 13, 29, 39, 47, 48]",26,2,2,2,3,"[7, 39]",0.10694933668499372,0.3763304886771724,23.833333333333332
2025-02-22,v2_statistical,v1.0.0,"[7, 13, 29, 39, 47, 48]",26,2,2,2,2,"[7, 39]",0.10685599237086474,0.381319532297951,26.833333333333332
2025-02-22,v3_boosting,v1.0.0,"[7, 13, 29, 39, 47, 48]",26,1,1,1,3,[7],0.10943959755472552,0.37753842017977035,23.5
2025-02-22,v4_ensemble,v1.0.0,"[7, 13, 29, 39, 47, 48]",26,2,2,2,2,"[7, 39]",0.107232632470468,0.37472458727689334,27.333333333333332
2025-02-26,random,v1.0.0,"[7, 19, 20, 26, 31, 35]",40,0,0,1,1,[],0.10745522698875466,0.37177617994345324,23.0
2025-02-26,ema_gap,v1.0.0,"[7, 19, 20, 26, 31, 35]",40,1,1,1,1,[7],0.10674117760878718,0.3679223163554006,23.666666666666668
2025-02-26,v2_statistical,v1.0.0,"[7, 19, 20, 26, 31, 35]",40,1,1,1,2,[7],0.10526635908570581,0.3627068881033712,21.5
2025-02-26,v3_boosting,v1.0.0,"[7, 19, 20, 26, 31, 35]",40,1,1,1,2,[26],0.10648789360885248,0.3643094151946942,19.5
2025-02-26,v4_ensemble,v1.0.0,"[7, 19, 20, 26, 31, 35]",40,2,2,2,3,"[7, 26]",0.10513764977957592,0.3616027569997392,19.666666666666668
2025-03-01,random,v1.0.0,"[15, 19, 25, 33, 40, 42]",13,0,0,0,1,[],0.10745522698875466,0.3717761799434532,29.0
2025-03-01,ema_gap,v1.0.0,"[15, 19, 25, 33, 40, 42]",13,0,0,1,2,[],0.11111935115158246,0.3868982402020906,29.666666666666668
2025-03-01,v2_statistical,v1.0.0,"[15, 19, 25, 33, 40, 42]",13,0,0,0,1,[],0.1153254790760341,0.4064439358846854,31.666666666666668
2025-03-01,v3_boosting,v1.0.0,"[15, 19, 25, 33, 40, 42]",13,1,1,3,3,[25],0.10607838821896447,0.36626042139073794,21.333333333333332
2025-03-01,v4_ensemble,v1.0.0,"[15, 19, 25, 33, 40, 42]",13,0,0,1,2,[],0.10908206600773146,0.3780116464526141,26.666666666666668
2025-03-05,random,v1.0.0,"[9, 11, 26, 36, 37, 42]",24,0,0,2,2,[],0.10745522698875466,0.3717761799434532,26.833333333333332
2025-03-05,ema_gap,v1.0.0,"[9, 11, 26, 36, 37, 42]",24,2,2,4,4,"[9, 42]",0.10432149893838286,0.3558391627702366,15.666666666666666
2025-03-05,v2_statistical,v1.0.0,"[9, 11, 26, 36, 37, 42]",24,2,2,2,3,"[9, 42]",0.10702800743316694,0.36429795334961124,18.666666666666668
2025-03-05,v3_boosting,v1.0.0,"[9, 11, 26, 36, 37, 42]",24,0,0,1,2,[],0.11175619704178782,0.3923150473971227,30.0
2025-03-05,v4_ensemble,v1.0.0,"[9, 11, 26, 36, 37, 42]",24,0,0,2,3,[],0.10748957125835806,0.3697146885811244,20.833333333333332
2025-03-08,random,v1.0.0,"[2, 3, 13, 27, 36, 48]",15,2,2,2,3,"[2, 3]",0.10745522698875466,0.37177617994345336,21.5
2025-03-08,ema_gap,v1.0.0,"[2, 3, 13, 27, 36, 48]",15,0,0,1,1,[],0.10984515669571518,0.37905782636437174,25.333333333333332
2025-03-08,v2_statistical,v1.0.0,"[2, 3, 13, 27, 36, 48]",15,0,0,1,1,[],0.11190640125602014,0.38623322592569254,26.333333333333332
2025-03-08,v3_boosting,v1.0.0,"[2, 3, 13, 27, 36, 48]",15,1,1,1,2,[13],0.10918245366501764,0.3830389306772524,26.333333333333332
2025-03-08,v4_ensemble,v1.0.0,"[2, 3, 13, 27, 36, 48]",15,1,1,1,1,[13],0.10898255786436031,0.3794290283381358,27.0
2025-03-12,random,v1.0.0,"[13, 15, 16, 22, 23, 46]",2,0,0,0,3,[],0.10745522698875465,0.37177617994345336,22.5
2025-03-12,ema_gap,v1.0.0,"[13, 15, 16, 22, 23, 46]",2,1,1,1,1,[13],0.11034008615261992,0.3828810174693804,29.5
2025-03-12,v2_statistical,v1.0.0,"[13, 15, 16, 22, 23, 46]",2,0,0,0,1,[],0.11250425983379153,0.38833976397780895,27.833333333333332
2025-03-12,v3_boosting,v1.0.0,"[13, 15, 16, 22, 23, 46]",2,1,1,2,4,[46],0.10556047895301235,0.3597962277453668,17.5
2025-03-12,v4_ensemble,v1.0.0,"[13, 15, 16, 22, 23, 46]",2,0,0,1,4,[],0.10786237638528691,0.37193580292735756,22.333333333333332
2025-03-15,random,v1.0.0,"[19, 31, 32, 37, 38, 39]",34,0,0,0,0,[],0.10745522698875466,0.37177617994345313,32.666666666666664
2025-03-15,ema_gap,v1.0.0,"[19, 31, 32, 37, 38, 39]",34,2,2,4,4,"[37, 39]",0.1049061282032669,0.3669369422305727,16.0
2025-03-15,v2_statistical,v1.0.0,"[19, 31, 32, 37, 38, 39]",34,1,1,2,4,[39],0.10703917935482872,0.37081923601661043,19.666666666666668
2025-03-15,v3_boosting,v1.0.0,"[19, 31, 32, 37, 38, 39]",34,1,1,1,1,[32],0.11003339305562221,0.38412559707388017,29.0
2025-03-15,v4_ensemble,v1.0.0,"[19, 31, 32, 37, 38, 39]",34,2,2,3,3,"[32, 39]",0.10714635906876796,0.3732125782312252,20.833333333333332
2025-03-19,random,v1.0.0,"[6, 7, 28, 32, 44, 48]",18,1,1,2,2,[6],0.10745522698875465,0.37177617994345313,27.5
2025-03-19,ema_gap,v1.0.0,"[6, 7, 28, 32, 44, 48]",18,2,2,2,2,"[7, 32]",0.1081076065384959,0.3779229850317972,26.666666666666668
2025-03-19,v2_statistical,v1.0.0,"[6, 7, 28, 32, 44, 48]",18,1,1,2,2,[7],0.10904926917575414,0.3900218528725505,28.5
2025-03-19,v3_boosting,v1.0.0,"[6, 7, 28, 32, 44, 48]",18,0,0,1,1,[],0.11339146441943876,0.39595236690706775,29.333333333333332
2025-03-19,v4_ensemble,v1.0.0,"[6, 7, 28, 32, 44, 48]",18,1,1,1,2,[7],0.10983531605417002,0.38507024843018517,28.666666666666668
2025-03-22,random,v1.0.0,"[1, 3, 13, 16, 26, 32]",21,2,2,2,4,"[1, 3]",0.10745522698875463,0.37177617994345336,15.166666666666666
2025-03-22,ema_gap,v1.0.0,"[1, 3, 13, 16, 26, 32]",21,2,2,3,5,"[13, 32]",0.1038376960561605,0.3582901204048848,15.666666666666666
2025-03-22,v2_statistical,v1.0.0,"[1, 3, 13, 16, 26, 32]",21,1,1,2,4,[32],0.10773364239879443,0.3772612939493594,20.5
2025-03-22,v3_boosting,v1.0.0,"[1, 3, 13, 16, 26, 32]",21,0,0,1,2,[],0.11183967811638976,0.386547398824182,25.0
2025-03-22,v4_ensemble,v1.0.0,"[1, 3, 13, 16, 26, 32]",21,1,1,2,2,[32],0.1076468150297031,0.3734693200225169,22.333333333333332
2025-03-26,random,v1.0.0,"[9, 13, 25, 30, 45, 49]",8,0,0,1,2,[],0.10745522698875466,0.3717761799434532,28.5
2025-03-26,ema_gap,v1.0.0,"[9, 13, 25, 30, 45, 49]",8,1,1,2,2,[13],0.10875329913608689,0.3789249437068582,26.666666666666668
2025-03-26,v2_statistical,v1.0.0,"[9, 13, 25, 30, 45, 49]",8,1,1,2,2,[9],0.1111256434639775,0.38644847665214255,25.5
2025-03-26,v3_boosting,v1.0.0,"[9, 13, 25, 30, 45, 49]",8,2,2,2,3,"[9, 30]",0.10017419324536037,0.3495916848338799,23.166666666666668
2025-03-26,v4_ensemble,v1.0.0,"[9, 13, 25, 30, 45, 49]",8,2,2,2,3,"[9, 30]",0.10490345007410068,0.3616536938950627,21.5
2025-03-29,random,v1.0.0,"[14, 23, 24, 27, 34, 42]",43,0,0,0,1,[],0.10745522698875466,0.37177617994345324,27.333333333333332
2025-03-29,ema_gap,v1.0.0,"[14, 23, 24, 27, 34, 42]",43,0,0,1,1,[],0.11168453341292858,0.3894108298250143,30.5
2025-03-29,v2_statistical,v1.0.0,"[14, 23, 24, 27, 34, 42]",43,1,1,1,2,[42],0.11223730237366687,0.3911260909158092,26.833333333333332
2025-03-29,v3_boosting,v1.0.0,"[14, 23, 24, 27, 34, 42]",43,2,2,2,3,"[14, 23]",0.1087375126246869,0.380014414504836,24.833333333333332
2025-03-29,v4_ensemble,v1.0.0,"[14, 23, 24, 27, 34, 42]",43,0,0,1,2,[],0.1092289560293161,0.3781440373874641,25.0
2025-04-02,random,v1.0.0,"[18, 26, 35, 40, 43, 47]",24,0,0,0,1,[],0.10745522698875466,0.37177617994345313,34.833333333333336
2025-04-02,ema_gap,v1.0.0,"[18, 26, 35, 40, 43, 47]",24,0,0,1,1,[],0.11218254648082089,0.39311122797491316,31.333333333333332
2025-04-02,v2_statistical,v1.0.0,"[18, 26, 35, 40, 43, 47]",24,0,0,0,2,[],0.11321315604341471,0.394849878554872,27.666666666666668
2025-04-02,v3_boosting,v1.0.0,"[18, 26, 35, 40, 43, 47]",24,1,1,1,3,[18],0.10713829900291073,0.3695452326950001,22.333333333333332
2025-04-02,v4_ensemble,v1.0.0,"[18, 26, 35, 40, 43, 47]",24,1,1,1,2,[18],0.10920610884404766,0.3790104750780072,26.833333333333332
2025-04-05,random,v1.0.0,"[2, 14, 23, 29, 39, 42]",15,1,1,1,2,[2],0.10745522698875465,0.3717761799434532,24.833333333333332
2025-04-05,ema_gap,v1.0.0,"[2, 14, 23, 29, 39, 42]",15,2,2,2,3,"[39, 42]",0.10442704418525958,0.35716036542827284,17.333333333333332
2025-04-05,v2_statistical,v1.0.0,"[2, 14, 23, 29, 39, 42]",15,2,2,2,2,"[39, 42]",0.10677719625710239,0.36978911717503304,22.666666666666668
2025-04-05,v3_boosting,v1.0.0,"[2, 14, 23, 29, 39, 42]",15,0,0,0,1,[],0.11943219748274723,0.42437151705096876,36.166666666666664
2025-04-05,v4_ensemble,v1.0.0,"[2, 14, 23, 29, 39, 42]",15,0,0,1,3,[],0.11086838053024142,0.38616697187018073,27.333333333333332
2025-04-09,random,v1.0.0,"[11, 18, 26, 35, 37, 39]",16,0,0,1,2,[],0.10745522698875466,0.3717761799434532,27.666666666666668
2025-04-09,ema_gap,v1.0.0,"[11, 18, 26, 35, 37, 39]",16,2,2,4,4,"[26, 39]",0.10130629309627022,0.34462837404681457,13.0
2025-04-09,v2_statistical,v1.0.0,"[11, 18, 26, 35, 37, 39]",16,1,1,3,4,[39],0.10280914672078491,0.35092092354995214,16.666666666666668
2025-04-09,v3_boosting,v1.0.0,"[11, 18, 26, 35, 37, 39]",16,0,0,0,1,[],0.11180219134143783,0.3896214924221487,27.833333333333332
2025-04-09,v4_ensemble,v1.0.0,"[11, 18, 26, 35, 37, 39]",16,1,1,2,2,[39],0.10578003222603367,0.36276217829850815,18.833333333333332
2025-04-12,random,v1.0.0,"[17, 20, 23, 36, 40, 42]",34,0,0,0,1,[],0.10745522698875466,0.37177617994345324,29.666666666666668
2025-04-12,ema_gap,v1.0.0,"[17, 20, 23, 36, 40, 42]",34,1,1,2,2,[42],0.10720692082206866,0.36907929549409774,21.666666666666668
2025-04-12,v2_statistical,v1.0.0,"[17, 20, 23, 36, 40, 42]",34,2,2,2,3,"[23, 42]",0.102900337191133,0.3507615277889258,17.0
2025-04-12,v3_boosting,v1.0.0,"[17, 20, 23, 36, 40, 42]",34,2,2,3,4,"[36, 40]",0.10171525530340454,0.34481592051225246,13.0
2025-04-12,v4_ensemble,v1.0.0,"[17, 20, 23, 36, 40, 42]",34,2,2,5,5,"[40, 42]",0.1021969999927693,0.34849088066915135,12.166666666666666
2025-04-16,random,v1.0.0,"[3, 11, 13, 15, 17, 39]",32,1,1,2,5,[3],0.10745522698875466,0.37177617994345336,16.333333333333332
2025-04-16,ema_gap,v1.0.0,"[3, 11, 13, 15, 17, 39]",32,2,2,2,3,"[13, 39]",0.10268180431261888,0.3510712725589495,16.666666666666668
2025-04-16,v2_statistical,v1.0.0,"[3, 11, 13, 15, 17, 39]",32,1,1,1,3,[39],0.10525874813165345,0.3636360162729098,22.0
2025-04-16,v3_boosting,v1.0.0,"[3, 11, 13, 15, 17, 39]",32,0,0,1,2,[],0.11309184075506369,0.39501191016369336,27.666666666666668
2025-04-16,v4_ensemble,v1.0.0,"[3, 11, 13, 15, 17, 39]",32,1,1,1,3,[39],0.10720829376165517,0.3705428360411079,21.833333333333332
2025-04-19,random,v1.0.0,"[1, 7, 31, 35, 46, 49]",29,1,1,2,2,[1],0.10745522698875466,0.3717761799434531,28.166666666666668
2025-04-19,ema_gap,v1.0.0,"[1, 7, 31, 35, 46, 49]",29,0,0,1,2,[],0.10974555850911417,0.3797649789576222,24.666666666666668
2025-04-19,v2_statistical,v1.0.0,"[1, 7, 31, 35, 46, 49]",29,1,1,1,3,[7],0.1076992524602602,0.3729080214952364,21.666666666666668
2025-04-19,v3_boosting,v1.0.0,"[1, 7, 31, 35, 46, 49]",29,1,1,1,2,[1],0.10712139591105314,0.3747972701840331,26.166666666666668
2025-04-19,v4_ensemble,v1.0.0,"[1, 7, 31, 35, 46, 49]",29,2,2,2,2,"[1, 7]",0.10635298014408286,0.3662341402729069,22.666666666666668
2025-04-23,random,v1.0.0,"[9, 15, 22, 24, 40, 49]",25,0,0,1,2,[],0.10745522698875466,0.37177617994345324,26.5
2025-04-23,ema_gap,v1.0.0,"[9, 15, 22, 24, 40, 49]",25,0,0,1,3,[],0.10838653113157001,0.37205686021557766,21.833333333333332
2025-04-23,v2_statistical,v1.0.0,"[9, 15, 22, 24, 40, 49]",25,0,0,2,2,[],0.1093455209218244,0.3751741049610255,23.0
2025-04-23,v3_boosting,v1.0.0,"[9, 15, 22, 24, 40, 49]",25,1,1,1,2,[40],0.11185605821445363,0.3984238333759056,33.666666666666664
2025-04-23,v4_ensemble,v1.0.0,"[9, 15, 22, 24, 40, 49]",25,1,1,1,2,[40],0.10936826334635597,0.3822230248802858,30.0
2025-04-26,random,v1.0.0,"[18, 22, 28, 32, 38, 44]",20,0,0,0,1,[],0.10745522698875466,0.3717761799434532,30.333333333333332
2025-04-26,ema_gap,v1.0.0,"[18, 22, 28, 32, 38, 44]",20,0,0,2,2,[],0.11037523146340972,0.3858187180346283,27.166666666666668
2025-04-26,v2_statistical,v1.0.0,"[18, 22, 28, 32, 38, 44]",20,0,0,1,2,[],0.11301214170108792,0.3968793009377718,29.0
2025-04-26,v3_boosting,v1.0.0,"[18, 22, 28, 32, 38, 44]",20,1,1,2,3,[44],0.10526354583915772,0.36022125486488105,18.833333333333332
2025-04-26,v4_ensemble,v1.0.0,"[18, 22, 28, 32, 38, 44]",20,0,0,2,2,[],0.10749586317563685,0.3716666950133762,23.333333333333332
2025-04-30,random,v1.0.0,"[1, 9, 12, 15, 34, 35]",31,1,1,3,4,[1],0.10745522698875465,0.37177617994345336,17.666666666666668
2025-04-30,ema_gap,v1.0.0,"[1, 9, 12, 15, 34, 35]",31,0,0,1,3,[],0.11062034691416874,0.38692124883020856,27.0
2025-04-30,v2_statistical,v1.0.0,"[1, 9, 12, 15, 34, 35]",31,0,0,2,3,[],0.11242753505992234,0.3951159592413318,26.166666666666668
2025-04-30,v3_boosting,v1.0.0,"[1, 9, 12, 15, 34, 35]",31,2,2,2,3,"[1, 15]",0.10529464729246894,0.3629998202211557,20.0
2025-04-30,v4_ensemble,v1.0.0,"[1, 9, 12, 15, 34, 35]",31,0,0,0,3,[],0.1077631832468486,0.3718062721104074,22.0
2025-05-03,random,v1.0.0,"[12, 22, 25, 30, 36, 41]",14,0,0,1,1,[],0.10745522698875466,0.3717761799434532,27.666666666666668
2025-05-03,ema_gap,v1.0.0,"[12, 22, 25, 30, 36, 41]",14,0,0,0,1,[],0.11317093157657347,0.3968876241142131,31.666666666666668
2025-05-03,v2_statistical,v1.0.0,"[12, 22, 25, 30, 36, 41]",14,0,0,0,0,[],0.1174892232213332,0.4175188204527225,34.666666666666664
2025-05-03,v3_boosting,v1.0.0,"[12, 22, 25, 30, 36, 41]",14,0,0,3,3,[],0.10546154402460271,0.3593059193727864,18.0
2025-05-03,v4_ensemble,v1.0.0,"[12, 22, 25, 30, 36, 41]",14,0,0,0,0,[],0.11026784323599716,0.3826028435786754,28.666666666666668
2025-05-07,random,v1.0.0,"[1, 4, 8, 13, 16, 26]",14,2,2,3,5,"[1, 4]",0.10745522698875465,0.3717761799434534,11.333333333333334
2025-05-07,ema_gap,v1.0.0,"[1, 4, 8, 13, 16, 26]",14,1,1,2,2,[13],0.10948114218027616,0.38226452143873957,27.666666666666668
2025-05-07,v2_statistical,v1.0.0,"[1, 4, 8, 13, 16, 26]",14,0,0,0,2,[],0.1153146572466259,0.40861203372404,32.5
2025-05-07,v3_boosting,v1.0.0,"[1, 4, 8, 13, 16, 26]",14,1,1,4,4,[16],0.10470019092881531,0.3632054602057899,17.666666666666668
2025-05-07,v4_ensemble,v1.0.0,"[1, 4, 8, 13, 16, 26]",14,0,0,2,3,[],0.10882343196125722,0.3793073190015757,23.666666666666668
2025-05-10,random,v1.0.0,"[5, 12, 17, 19, 40, 47]",29,1,1,2,3,[5],0.10745522698875463,0.37177617994345336,23.333333333333332
2025-05-10,ema_gap,v1.0.0,"[5, 12, 17, 19, 40, 47]",29,0,0,0,1,[],0.11378571760791238,0.40271728494342424,33.166666666666664
2025-05-10,v2_statistical,v1.0.0,"[5, 12, 17, 19, 40, 47]",29,1,1,1,1,[40],0.11459825486472627,0.4093577260505026,32.833333333333336
2025-05-10,v3_boosting,v1.0.0,"[5, 12, 17, 19, 40, 47]",29,1,1,1,3,[19],0.1107879359588636,0.3868986082852863,25.833333333333332
2025-05-10,v4_ensemble,v1.0.0,"[5, 12, 17, 19, 40, 47]",29,0,0,1,1,[],0.1113110060938077,0.3899661394409543,33.833333333333336
2025-05-14,random,v1.0.0,"[1, 8, 17, 18, 41, 48]",42,1,1,2,4,[1],0.10745522698875465,0.37177617994345336,22.166666666666668
2025-05-14,ema_gap,v1.0.0,"[1, 8, 17, 18, 41, 48]",42,0,0,2,2,[],0.1088197238030485,0.3758888261832837,24.333333333333332
2025-05-14,v2_statistical,v1.0.0,"[1, 8, 17, 18, 41, 48]",42,0,0,0,1,[],0.11289014774292196,0.39367994848747573,29.5
2025-05-14,v3_boosting,v1.0.0,"[1, 8, 17, 18, 41, 48]",42,0,0,1,1,[],0.11441877705971577,0.4031343684979561,32.666666666666664
2025-05-14,v4_ensemble,v1.0.0,"[1, 8, 17, 18, 41, 48]",42,0,0,0,1,[],0.11197792364461429,0.3915893651518673,30.333333333333332
2025-05-17,random,v1.0.0,"[7, 9, 20, 34, 38, 46]",14,0,0,2,2,[],0.10745522698875465,0.37177617994345324,25.666666666666668
2025-05-17,ema_gap,v1.0.0,"[7, 9, 20, 34, 38, 46]",14,0,0,2,2,[],0.10942725148358783,0.38119378781293256,27.666666666666668
2025-05-17,v2_statistical,v1.0.0,"[7, 9, 20, 34, 38, 46]",14,1,1,2,3,[7],0.10701483019309925,0.3686580550944886,20.833333333333332
2025-05-17,v3_boosting,v1.0.0,"[7, 9, 20, 34, 38, 46]",14,1,1,1,3,[34],0.10662154425110738,0.36889190793859644,23.166666666666668
2025-05-17,v4_ensemble,v1.0.0,"[7, 9, 20, 34, 38, 46]",14,2,2,2,2,"[7, 34]",0.10625877033239182,0.36683028467323214,22.166666666666668
2025-05-21,random,v1.0.0,"[1, 2, 37, 38, 43, 46]",40,2,2,2,2,"[1, 2]",0.10745522698875466,0.3717761799434531,27.833333333333332
2025-05-21,ema_gap,v1.0.0,"[1, 2, 37, 38, 43, 46]",40,0,0,0,2,[],0.11131918918590149,0.3873996928326548,28.833333333333332
2025-05-21,v2_statistical,v1.0.0,"[1, 2, 37, 38, 43, 46]",40,0,0,1,2,[],0.11101347121384776,0.3828066622783578,24.166666666666668
2025-05-21,v3_boosting,v1.0.0,"[1, 2, 37, 38, 43, 46]",40,0,0,2,2,[],0.10922111989798196,0.3774347621180205,25.0
2025-05-21,v4_ensemble,v1.0.0,"[1, 2, 37, 38, 43, 46]",40,0,0,1,2,[],0.10954187110781492,0.3795614980112555,26.833333333333332
2025-05-24,random,v1.0.0,"[4, 8, 18, 27, 28, 31]",48,1,1,2,3,[4],0.10745522698875465,0.37177617994345324,19.333333333333332
2025-05-24,ema_gap,v1.0.0,"[4, 8, 18, 27, 28, 31]",48,1,1,1,1,[18],0.11031286410779284,0.38360015876258413,29.166666666666668
2025-05-24,v2_statistical,v1.0.0,"[4, 8, 18, 27, 28, 31]",48,1,1,2,2,[18],0.10789388708605127,0.372531154381636,23.5
2025-05-24,v3_boosting,v1.0.0,"[4, 8, 18, 27, 28, 31]",48,0,0,2,2,[],0.10986271454482656,0.3805194602353945,24.833333333333332
2025-05-24,v4_ensemble,v1.0.0,"[4, 8, 18, 27, 28, 31]",48,1,1,1,2,[18],0.10843325661179506,0.37578463427202324,26.0
2025-05-28,random,v1.0.0,"[6, 13, 28, 31, 34, 48]",42,1,1,1,2,[6],0.10745522698875465,0.37177617994345313,26.666666666666668
2025-05-28,ema_gap,v1.0.0,"[6, 13, 28, 31, 34, 48]",42,1,1,1,2,[13],0.10830690655383178,0.37569129881079605,24.5
2025-05-28,v2_statistical,v1.0.0,"[6, 13, 28, 31, 34, 48]",42,2,2,3,3,"[13, 34]",0.10701041600346617,0.37407561048927435,21.166666666666668
2025-05-28,v3_boosting,v1.0.0,"[6, 13, 28, 31, 34, 48]",42,1,1,1,1,[28],0.1098294226657601,0.37858129382843253,24.333333333333332
2025-05-28,v4_ensemble,v1.0.0,"[6, 13, 28, 31, 34, 48]",42,0,0,1,3,[],0.10744678868377366,0.37088087745623277,23.5
2025-05-31,random,v1.0.0,"[2, 4, 11, 26, 34, 37]",24,2,2,3,3,"[2, 4]",0.10745522698875466,0.37177617994345336,19.0
2025-05-31,ema_gap,v1.0.0,"[2, 4, 11, 26, 34, 37]",24,1,1,2,3,[26],0.10609517633926994,0.3625775006453518,19.166666666666668
2025-05-31,v2_statistical,v1.0.0,"[2, 4, 11, 26, 34, 37]",24,1,1,3,3,[34],0.10519800349916443,0.3588671370058186,19.166666666666668
2025-05-31,v3_boosting,v1.0.0,"[2, 4, 11, 26, 34, 37]",24,0,0,0,0,[],0.1179967156370923,0.4180445061600219,34.0
2025-05-31,v4_ensemble,v1.0.0,"[2, 4, 11, 26, 34, 37]",24,0,0,0,2,[],0.10971066083987399,0.38139207922594615,28.166666666666668
2025-06-04,random,v1.0.0,"[8, 20, 30, 39, 41, 48]",18,0,0,1,1,[],0.10745522698875466,0.37177617994345313,31.0
2025-06-04,ema_gap,v1.0.0,"[8, 20, 30, 39, 41, 48]",18,1,1,1,1,[39],0.10862825675772024,0.375352645310184,24.833333333333332
2025-06-04,v2_statistical,v1.0.0,"[8, 20, 30, 39, 41, 48]",18,0,0,2,3,[],0.10892066705203689,0.3741959432307847,21.666666666666668
2025-06-04,v3_boosting,v1.0.0,"[8, 20, 30, 39, 41, 48]",18,2,2,3,4,"[20, 41]",0.10475366717106639,0.3566672670951088,16.833333333333332
2025-06-04,v4_ensemble,v1.0.0,"[8, 20, 30, 39, 41, 48]",18,3,3,3,3,"[20, 39, 41]",0.10561409551298702,0.36445396891310317,19.5
2025-06-07,random,v1.0.0,"[2, 10, 12, 21, 36, 41]",33,1,1,3,3,[2],0.10745522698875466,0.37177617994345336,20.333333333333332
2025-06-07,ema_gap,v1.0.0,"[2, 10, 12, 21, 36, 41]",33,0,0,1,2,[],0.11303233459504336,0.4008893071917768,31.166666666666668
2025-06-07,v2_statistical,v1.0.0,"[2, 10, 12, 21, 36, 41]",33,0,0,1,1,[],0.11444466854860344,0.405481342268446,31.0
2025-06-07,v3_boosting,v1.0.0,"[2, 10, 12, 21, 36, 41]",33,0,0,0,0,[],0.11888149569774933,0.42311971342382504,38.666666666666664
2025-06-07,v4_ensemble,v1.0.0,"[2, 10, 12, 21, 36, 41]",33,0,0,0,1,[],0.1150679735271779,0.4095251030376887,36.5
2025-06-11,random,v1.0.0,"[4, 9, 23, 28, 32, 39]",26,1,1,2,2,[4],0.10745522698875465,0.3717761799434532,22.5
2025-06-11,ema_gap,v1.0.0,"[4, 9, 23, 28, 32, 39]",26,1,1,2,4,[39],0.10295263068348566,0.3510568123020316,15.333333333333334
2025-06-11,v2_statistical,v1.0.0,"[4, 9, 23, 28, 32, 39]",26,1,1,2,4,[39],0.10450313022773687,0.3542670455615067,17.333333333333332
2025-06-11,v3_boosting,v1.0.0,"[4, 9, 23, 28, 32, 39]",26,1,1,1,2,[4],0.11052499754226146,0.3817303293842814,23.666666666666668
2025-06-11,v4_ensemble,v1.0.0,"[4, 9, 23, 28, 32, 39]",26,1,1,3,4,[4],0.10554973754408384,0.36270811028463784,19.5
2025-06-14,random,v1.0.0,"[5, 8, 20, 28, 35, 38]",46,1,1,2,2,[5],0.10745522698875466,0.37177617994345324,22.333333333333332
2025-06-14,ema_gap,v1.0.0,"[5, 8, 20, 28, 35, 38]",46,0,0,1,2,[],0.11022463568035051,0.3833675733970957,26.833333333333332
2025-06-14,v2_statistical,v1.0.0,"[5, 8, 20, 28, 35, 38]",46,0,0,0,1,[],0.11251434210223159,0.3915504071225842,26.666666666666668
2025-06-14,v3_boosting,v1.0.0,"[5, 8, 20, 28, 35, 38]",46,1,1,2,3,[28],0.10234644809510303,0.3541035372051037,19.833333333333332
2025-06-14,v4_ensemble,v1.0.0,"[5, 8, 20, 28, 35, 38]",46,1,1,2,2,[28],0.10605427064261393,0.36868082368539945,22.5
2025-06-18,random,v1.0.0,"[8, 14, 20, 25, 30, 38]",46,0,0,1,2,[],0.10745522698875465,0.37177617994345324,22.5
2025-06-18,ema_gap,v1.0.0,"[8, 14, 20, 25, 30, 38]",46,0,0,2,2,[],0.11071121573445797,0.3861971756057931,28.5
2025-06-18,v2_statistical,v1.0.0,"[8, 14, 20, 25, 30, 38]",46,0,0,1,1,[],0.11520698663231405,0.41111628104354897,32.166666666666664
2025-06-18,v3_boosting,v1.0.0,"[8, 14, 20, 25, 30, 38]",46,1,1,1,2,[25],0.11126077578057623,0.38965587847802674,26.833333333333332
2025-06-18,v4_ensemble,v1.0.0,"[8, 14, 20, 25, 30, 38]",46,0,0,0,1,[],0.11158803512815543,0.3927127238854621,31.0
2025-06-21,random,v1.0.0,"[14, 15, 17, 38, 40, 49]",23,0,0,0,3,[],0.10745522698875466,0.37177617994345336,28.833333333333332
2025-06-21,ema_gap,v1.0.0,"[14, 15, 17, 38, 40, 49]",23,0,0,0,0,[],0.1104125634495338,0.38167828622375954,27.5
2025-06-21,v2_statistical,v1.0.0,"[14, 15, 17, 38, 40, 49]",23,0,0,0,1,[],0.11332390254836751,0.39544100216637523,28.5
2025-06-21,v3_boosting,v1.0.0,"[14, 15, 17, 38, 40, 49]",23,0,0,1,2,[],0.11039148799094634,0.3823063406403882,27.0
2025-06-21,v4_ensemble,v1.0.0,"[14, 15, 17, 38, 40, 49]",23,0,0,0,0,[],0.11065722596388945,0.3852641321836943,30.333333333333332
2025-06-25,random,v1.0.0,"[4, 8, 15, 20, 40, 49]",37,1,1,2,3,[4],0.10745522698875466,0.37177617994345336,22.666666666666668
2025-06-25,ema_gap,v1.0.0,"[4, 8, 15, 20, 40, 49]",37,2,2,3,4,"[8, 20]",0.10198767595736515,0.3452384092888214,12.833333333333334
2025-06-25,v2_statistical,v1.0.0,"[4, 8, 15, 20, 40, 49]",37,2,2,4,4,"[20, 40]",0.09759217672026034,0.32933033629230174,12.166666666666666
2025-06-25,v3_boosting,v1.0.0,"[4, 8, 15, 20, 40, 49]",37,0,0,0,1,[],0.11299569928436402,0.3946314008206518,29.0
2025-06-25,v4_ensemble,v1.0.0,"[4, 8, 15, 20, 40, 49]",37,2,2,2,2,"[20, 40]",0.10469862234238948,0.3575283150431694,18.333333333333332
2025-06-28,random,v1.0.0,"[2, 3, 14, 17, 44, 48]",8,2,2,2,4,"[2, 3]",0.10745522698875463,0.37177617994345336,21.333333333333332
2025-06-28,ema_gap,v1.0.0,"[2, 3, 14, 17, 44, 48]",8,0,0,0,2,[],0.11006440016106217,0.38286813106801737,27.333333333333332
2025-06-28,v2_statistical,v1.0.0,"[2, 3, 14, 17, 44, 48]",8,0,0,0,0,[],0.11599248620533206,0.40674045661901914,30.5
2025-06-28,v3_boosting,v1.0.0,"[2, 3, 14, 17, 44, 48]",8,0,0,1,3,[],0.10973195906045634,0.3750910209893265,21.0
2025-06-28,v4_ensemble,v1.0.0,"[2, 3, 14, 17, 44, 48]",8,0,0,1,1,[],0.11010691460533989,0.383417795904401,29.0
2025-07-02,random,v1.0.0,"[6, 25, 27, 34, 38, 49]",2,1,1,1,1,[6],0.10745522698875469,0.37177617994345313,29.833333333333332
2025-07-02,ema_gap,v1.0.0,"[6, 25, 27, 34, 38, 49]",2,0,0,1,1,[],0.1100120199436138,0.38200406120485936,27.833333333333332
2025-07-02,v2_statistical,v1.0.0,"[6, 25, 27, 34, 38, 49]",2,1,1,2,3,[34],0.10902244452258836,0.38031607286985963,24.0
2025-07-02,v3_boosting,v1.0.0,"[6, 25, 27, 34, 38, 49]",2,0,0,1,1,[],0.11150441507534205,0.38819335608843936,27.0
2025-07-02,v4_ensemble,v1.0.0,"[6, 25, 27, 34, 38, 49]",2,1,1,1,3,[49],0.10971555650969056,0.3819658566451848,26.333333333333332
2025-07-05,random,v1.0.0,"[3, 6, 15, 33, 39, 42]",18,2,2,2,3,"[3, 6]",0.10745522698875465,0.37177617994345336,23.0
2025-07-05,ema_gap,v1.0.0,"[3, 6, 15, 33, 39, 42]",18,1,1,1,2,[39],0.10921649216102737,0.3826044832734163,26.333333333333332
2025-07-05,v2_statistical,v1.0.0,"[3, 6, 15, 33, 39, 42]",18,1,1,1,1,[39],0.11136566443926289,0.3916437123357345,28.833333333333332
2025-07-05,v3_boosting,v1.0.0,"[3, 6, 15, 33, 39, 42]",18,0,0,2,2,[],0.10941166435845412,0.37570899390171686,22.666666666666668
2025-07-05,v4_ensemble,v1.0.0,"[3, 6, 15, 33, 39, 42]",18,1,1,1,1,[39],0.10864745652768353,0.37621613423584105,25.833333333333332
2025-07-09,random,v1.0.0,"[2, 17, 18, 22, 32, 37]",26,1,1,1,3,[2],0.10745522698875466,0.37177617994345324,21.333333333333332
2025-07-09,ema_gap,v1.0.0,"[2, 17, 18, 22, 32, 37]",26,1,1,2,3,[17],0.10532402437336522,0.359647255372547,18.166666666666668
2025-07-09,v2_statistical,v1.0.0,"[2, 17, 18, 22, 32, 37]",26,0,0,0,2,[],0.11074287814354515,0.3794148922144908,23.0
2025-07-09,v3_boosting,v1.0.0,"[2, 17, 18, 22, 32, 37]",26,1,1,2,3,[18],0.10689349454870771,0.36617344397031915,20.5
2025-07-09,v4_ensemble,v1.0.0,"[2, 17, 18, 22, 32, 37]",26,0,0,1,3,[],0.10681398322049206,0.36671069165408243,20.666666666666668
2025-07-12,random,v1.0.0,"[2, 12, 25, 26, 27, 36]",24,1,1,2,2,[2],0.10745522698875465,0.3717761799434532,21.333333333333332
2025-07-12,ema_gap,v1.0.0,"[2, 12, 25, 26, 27, 36]",24,1,1,1,1,[2],0.10826062952666272,0.373401068814807,24.333333333333332
2025-07-12,v2_statistical,v1.0.0,"[2, 12, 25, 26, 27, 36]",24,0,0,0,1,[],0.10929140004383991,0.375213463391669,25.666666666666668
2025-07-12,v3_boosting,v1.0.0,"[2, 12, 25, 26, 27, 36]",24,0,0,0,1,[],0.11406949541917423,0.3971686985524604,28.666666666666668
2025-07-12,v4_ensemble,v1.0.0,"[2, 12, 25, 26, 27, 36]",24,0,0,0,1,[],0.11043446061777874,0.38188577765877224,26.5
2025-07-16,random,v1.0.0,"[2, 4, 9, 17, 20, 46]",31,2,2,3,4,"[2, 4]",0.10745522698875466,0.37177617994345336,16.333333333333332
2025-07-16,ema_gap,v1.0.0,"[2, 4, 9, 17, 20, 46]",31,2,2,3,5,"[2, 17]",0.10138217617881602,0.34473463440925434,13.166666666666666
2025-07-16,v2_statistical,v1.0.0,"[2, 4, 9, 17, 20, 46]",31,2,2,3,4,"[2, 20]",0.09939942513677186,0.3349891770819495,12.333333333333334
2025-07-16,v3_boosting,v1.0.0,"[2, 4, 9, 17, 20, 46]",31,1,1,2,2,[2],0.11119572012139525,0.38885470926484744,28.333333333333332
2025-07-16,v4_ensemble,v1.0.0,"[2, 4, 9, 17, 20, 46]",31,2,2,3,3,"[2, 9]",0.10404669664900339,0.35772147883232563,17.666666666666668
2025-07-19,random,v1.0.0,"[2, 7, 22, 33, 35, 44]",3,1,1,2,2,[2],0.10745522698875466,0.3717761799434532,23.833333333333332
2025-07-19,ema_gap,v1.0.0,"[2, 7, 22, 33, 35, 44]",3,1,1,1,1,[2],0.10849869606409074,0.37809495209005656,28.0
2025-07-19,v2_statistical,v1.0.0,"[2, 7, 22, 33, 35, 44]",3,1,1,1,2,[2],0.10764208222273842,0.37079576805228176,23.166666666666668
2025-07-19,v3_boosting,v1.0.0,"[2, 7, 22, 33, 35, 44]",3,1,1,2,2,[33],0.10547558483285205,0.3648746680354503,22.0
2025-07-19,v4_ensemble,v1.0.0,"[2, 7, 22, 33, 35, 44]",3,2,2,3,3,"[2, 33]",0.10591869794995955,0.3645559832696422,20.5
2025-07-23,random,v1.0.0,"[4, 12, 19, 34, 40, 42]",5,1,1,2,2,[4],0.10745522698875466,0.37177617994345324,25.166666666666668
2025-07-23,ema_gap,v1.0.0,"[4, 12, 19, 34, 40, 42]",5,1,1,1,2,[4],0.10802674279579831,0.3715477627785214,22.166666666666668
2025-07-23,v2_statistical,v1.0.0,"[4, 12, 19, 34, 40, 42]",5,2,2,2,4,"[34, 40]",0.10533964121662567,0.35920911979287595,18.333333333333332
2025-07-23,v3_boosting,v1.0.0,"[4, 12, 19, 34, 40, 42]",5,0,0,1,1,[],0.1138350111819719,0.39983014428680863,29.5
2025-07-23,v4_ensemble,v1.0.0,"[4, 12, 19, 34, 40, 42]",5,0,0,0,1,[],0.10860513892560421,0.37426645087727983,25.0
2025-07-26,random,v1.0.0,"[5, 8, 13, 26, 44, 49]",47,1,1,2,3,[5],0.10745522698875466,0.37177617994345336,24.166666666666668
2025-07-26,ema_gap,v1.0.0,"[5, 8, 13, 26, 44, 49]",47,0,0,2,3,[],0.10820039561526677,0.3734163388122465,22.5
2025-07-26,v2_statistical,v1.0.0,"[5, 8, 13, 26, 44, 49]",47,0,0,3,3,[],0.1066390529950011,0.36682599447583725,20.5
2025-07-26,v3_boosting,v1.0.0,"[5, 8, 13, 26, 44, 49]",47,0,0,2,4,[],0.10571304796340644,0.3576607654617866,16.166666666666668
2025-07-26,v4_ensemble,v1.0.0,"[5, 8, 13, 26, 44, 49]",47,0,0,2,3,[],0.10568456367594051,0.36191097495856533,18.333333333333332
2025-07-30,random,v1.0.0,"[11, 13, 15, 16, 38, 48]",25,0,0,1,4,[],0.10745522698875463,0.37177617994345336,23.5
2025-07-30,ema_gap,v1.0.0,"[11, 13, 15, 16, 38, 48]",25,0,0,1,2,[],0.109649566607329,0.38024797329737964,26.5
2025-07-30,v2_statistical,v1.0.0,"[11, 13, 15, 16, 38, 48]",25,0,0,1,2,[],0.11279460942749828,0.3943411796866883,27.333333333333332
2025-07-30,v3_boosting,v1.0.0,"[11, 13, 15, 16, 38, 48]",25,1,1,1,2,[16],0.11158937554101579,0.39479938164667305,30.833333333333332
2025-07-30,v4_ensemble,v1.0.0,"[11, 13, 15, 16, 38, 48]",25,0,0,0,1,[],0.11051460173205013,0.3840450298132022,31.166666666666668
2025-08-02,random,v1.0.0,"[7, 11, 23, 29, 44, 46]",42,0,0,2,2,[],0.10745522698875466,0.3717761799434532,26.666666666666668
2025-08-02,ema_gap,v1.0.0,"[7, 11, 23, 29, 44, 46]",42,0,0,0,0,[],0.11232472222926564,0.3935284207000646,31.166666666666668
2025-08-02,v2_statistical,v1.0.0,"[7, 11, 23, 29, 44, 46]",42,0,0,1,1,[],0.11190821077821002,0.39165714129759477,26.666666666666668
2025-08-02,v3_boosting,v1.0.0,"[7, 11, 23, 29, 44, 46]",42,1,1,1,3,[44],0.10711065789948485,0.3667138101156737,19.333333333333332
2025-08-02,v4_ensemble,v1.0.0,"[7, 11, 23, 29, 44, 46]",42,1,1,1,2,[44],0.10827510591904693,0.3775368336515288,24.666666666666668
2025-08-06,random,v1.0.0,"[1, 4, 5, 10, 37, 46]",24,3,3,4,4,"[1, 4, 5]",0.10745522698875465,0.3717761799434534,17.166666666666668
2025-08-06,ema_gap,v1.0.0,"[1, 4, 5, 10, 37, 46]",24,1,1,1,1,[4],0.11080421749558707,0.38778648969379365,29.0
2025-08-06,v2_statistical,v1.0.0,"[1, 4, 5, 10, 37, 46]",24,1,1,2,3,[4],0.11004871713652276,0.39078594901581265,26.5
2025-08-06,v3_boosting,v1.0.0,"[1, 4, 5, 10, 37, 46]",24,0,0,2,2,[],0.11188472865890282,0.3885244569064544,26.166666666666668
2025-08-06,v4_ensemble,v1.0.0,"[1, 4, 5, 10, 37, 46]",24,1,1,2,2,[4],0.10992207483644614,0.38557854576438455,27.5
2025-08-09,random,v1.0.0,"[15, 17, 21, 22, 38, 45]",26,0,0,0,2,[],0.10745522698875466,0.37177617994345324,26.333333333333332
2025-08-09,ema_gap,v1.0.0,"[15, 17, 21, 22, 38, 45]",26,1,1,2,3,[17],0.10971020251040564,0.38723971667059237,24.666666666666668
2025-08-09,v2_statistical,v1.0.0,"[15, 17, 21, 22, 38, 45]",26,0,0,1,2,[],0.11087524366932236,0.3862123492816447,26.833333333333332
2025-08-09,v3_boosting,v1.0.0,"[15, 17, 21, 22, 38, 45]",26,0,0,1,2,[],0.10877043951709985,0.3753241919883574,23.5
2025-08-09,v4_ensemble,v1.0.0,"[15, 17, 21, 22, 38, 45]",26,0,0,1,2,[],0.10863997867812404,0.37713587019868516,27.5
2025-08-13,random,v1.0.0,"[4, 9, 11, 12, 42, 49]",41,1,1,4,4,[4],0.10745522698875466,0.3717761799434534,21.166666666666668
2025-08-13,ema_gap,v1.0.0,"[4, 9, 11, 12, 42, 49]",41,1,1,2,3,[4],0.10413832297706344,0.35460402983243267,16.5
2025-08-13,v2_statistical,v1.0.0,"[4, 9, 11, 12, 42, 49]",41,1,1,2,4,[4],0.10334641347045215,0.3515942560712217,16.666666666666668
2025-08-13,v3_boosting,v1.0.0,"[4, 9, 11, 12, 42, 49]",41,0,0,1,1,[],0.1108112890932788,0.38262016747589817,24.0
2025-08-13,v4_ensemble,v1.0.0,"[4, 9, 11, 12, 42, 49]",41,1,1,2,2,[4],0.10603269586547945,0.363328877481047,19.333333333333332
2025-08-16,random,v1.0.0,"[7, 18, 23, 35, 48, 49]",19,0,0,1,2,[],0.10745522698875466,0.3717761799434532,30.0
2025-08-16,ema_gap,v1.0.0,"[7, 18, 23, 35, 48, 49]",19,1,1,1,2,[49],0.10641368017540608,0.36419561825909696,19.833333333333332
2025-08-16,v2_statistical,v1.0.0,"[7, 18, 23, 35, 48, 49]",19,2,2,2,2,"[7, 49]",0.10399573471315592,0.3540903907353754,18.666666666666668
2025-08-16,v3_boosting,v1.0.0,"[7, 18, 23, 35, 48, 49]",19,0,0,0,1,[],0.11775117601496005,0.4132393552146837,30.666666666666668
2025-08-16,v4_ensemble,v1.0.0,"[7, 18, 23, 35, 48, 49]",19,1,1,1,2,[49],0.1087472295971479,0.37651390749986285,26.333333333333332
2025-08-20,random,v1.0.0,"[24, 29, 31, 33, 36, 37]",21,0,0,0,0,[],0.10745522698875466,0.37177617994345313,31.666666666666668
2025-08-20,ema_gap,v1.0.0,"[24, 29, 31, 33, 36, 37]",21,0,0,0,0,[],0.11539087103921558,0.4111963971894637,37.5
2025-08-20,v2_statistical,v1.0.0,"[24, 29, 31, 33, 36, 37]",21,0,0,0,1,[],0.11752991965401248,0.42225089223972034,34.833333333333336
2025-08-20,v3_boosting,v1.0.0,"[24, 29, 31, 33, 36, 37]",21,1,1,1,2,[31],0.1104320867874291,0.38345169728164946,26.166666666666668
2025-08-20,v4_ensemble,v1.0.0,"[24, 29, 31, 33, 36, 37]",21,0,0,0,0,[],0.11277984628256786,0.3970100322754417,33.833333333333336
2025-08-23,random,v1.0.0,"[3, 10, 12, 14, 36, 41]",1,1,1,3,4,[3],0.10745522698875465,0.37177617994345336,19.333333333333332
2025-08-23,ema_gap,v1.0.0,"[3, 10, 12, 14, 36, 41]",1,0,0,0,0,[],0.11290491996017701,0.3958393491987721,34.333333333333336
2025-08-23,v2_statistical,v1.0.0,"[3, 10, 12, 14, 36, 41]",1,0,0,0,0,[],0.11598519480601704,0.40913052150003165,34.333333333333336
2025-08-23,v3_boosting,v1.0.0,"[3, 10, 12, 14, 36, 41]",1,1,1,3,4,[14],0.10464405078939502,0.3537808288500053,15.5
2025-08-23,v4_ensemble,v1.0.0,"[3, 10, 12, 14, 36, 41]",1,0,0,0,2,[],0.1091279439796572,0.377280293479226,24.0
2025-08-27,random,v1.0.0,"[5, 16, 17, 21, 41, 47]",6,1,1,1,3,[5],0.10745522698875466,0.37177617994345336,24.5
2025-08-27,ema_gap,v1.0.0,"[5, 16, 17, 21, 41, 47]",6,1,1,1,1,[17],0.11320873454902228,0.40406802690556815,34.0
2025-08-27,v2_statistical,v1.0.0,"[5, 16, 17, 21, 41, 47]",6,0,0,1,2,[],0.11653297286692114,0.41834429312086835,33.0
2025-08-27,v3_boosting,v1.0.0,"[5, 16, 17, 21, 41, 47]",6,1,1,2,3,[17],0.10900032652235592,0.37762210218040676,23.833333333333332
2025-08-27,v4_ensemble,v1.0.0,"[5, 16, 17, 21, 41, 47]",6,1,1,1,1,[17],0.11158008914781778,0.39203601908085467,32.333333333333336
2025-08-30,random,v1.0.0,"[3, 5, 6, 11, 36, 38]",48,3,3,4,4,"[3, 5, 6]",0.10745522698875466,0.3717761799434534,16.5
2025-08-30,ema_gap,v1.0.0,"[3, 5, 6, 11, 36, 38]",48,0,0,1,2,[],0.10866960779325446,0.37557099963127666,24.833333333333332
2025-08-30,v2_statistical,v1.0.0,"[3, 5, 6, 11, 36, 38]",48,0,0,1,1,[],0.1119019273053153,0.3914110176377602,28.5
2025-08-30,v3_boosting,v1.0.0,"[3, 5, 6, 11, 36, 38]",48,1,1,3,5,[3],0.10503214990476645,0.36011856917165586,17.833333333333332
2025-08-30,v4_ensemble,v1.0.0,"[3, 5, 6, 11, 36, 38]",48,1,1,1,3,[3],0.10740501621449579,0.37033968192665323,21.5
2025-09-03,random,v1.0.0,"[14, 22, 24, 28, 34, 35]",4,0,0,0,1,[],0.10745522698875466,0.37177617994345324,26.166666666666668
2025-09-03,ema_gap,v1.0.0,"[14, 22, 24, 28, 34, 35]",4,0,0,0,0,[],0.11176880724522574,0.39003471811595397,32.666666666666664
2025-09-03,v2_statistical,v1.0.0,"[14, 22, 24, 28, 34, 35]",4,0,0,0,1,[],0.11678153622635624,0.4192450272936878,34.5
2025-09-03,v3_boosting,v1.0.0,"[14, 22, 24, 28, 34, 35]",4,0,0,0,2,[],0.11173288928610173,0.38183772447203423,23.833333333333332
2025-09-03,v4_ensemble,v1.0.0,"[14, 22, 24, 28, 34, 35]",4,0,0,0,0,[],0.11255161386063492,0.39262525374621454,31.333333333333332
2025-09-06,random,v1.0.0,"[12, 25, 26, 38, 39, 41]",16,0,0,1,1,[],0.10745522698875465,0.3717761799434532,30.166666666666668
2025-09-06,ema_gap,v1.0.0,"[12, 25, 26, 38, 39, 41]",16,1,1,1,3,[38],0.10636466084151856,0.3650900312763788,21.666666666666668
2025-09-06,v2_statistical,v1.0.0,"[12, 25, 26, 38, 39, 41]",16,0,0,2,4,[],0.1072108566551499,0.37090490393975883,20.5
2025-09-06,v3_boosting,v1.0.0,"[12, 25, 26, 38, 39, 41]",16,0,0,1,3,[],0.11111989386396369,0.37776891385678246,19.833333333333332
2025-09-06,v4_ensemble,v1.0.0,"[12, 25, 26, 38, 39, 41]",16,0,0,1,3,[],0.10741906472061043,0.36980242793893053,21.0
2025-09-10,random,v1.0.0,"[11, 25, 30, 35, 46, 49]",37,0,0,1,1,[],0.10745522698875469,0.37177617994345313,32.666666666666664
2025-09-10,ema_gap,v1.0.0,"[11, 25, 30, 35, 46, 49]",37,1,1,2,3,[49],0.1073650102736104,0.37211357368342535,22.166666666666668
2025-09-10,v2_statistical,v1.0.0,"[11, 25, 30, 35, 46, 49]",37,1,1,1,2,[49],0.11048244423631585,0.39069160334056063,26.666666666666668
2025-09-10,v3_boosting,v1.0.0,"[11, 25, 30, 35, 46, 49]",37,0,0,0,1,[],0.1155604984316767,0.4033628286966232,29.833333333333332
2025-09-10,v4_ensemble,v1.0.0,"[11, 25, 30, 35, 46, 49]",37,0,0,0,1,[],0.11113726510068211,0.3870916472958877,27.833333333333332
2025-09-13,random,v1.0.0,"[13, 21, 23, 33, 35, 45]",1,0,0,0,1,[],0.10745522698875466,0.37177617994345324,28.333333333333332
2025-09-13,ema_gap,v1.0.0,"[13, 21, 23, 33, 35, 45]",1,1,1,1,1,[35],0.11230919131638828,0.39646451127731713,32.5
2025-09-13,v2_statistical,v1.0.0,"[13, 21, 23, 33, 35, 45]",1,0,0,0,1,[],0.11215249844512937,0.388477385760901,28.666666666666668
2025-09-13,v3_boosting,v1.0.0,"[13, 21, 23, 33, 35, 45]",1,1,1,2,2,[21],0.10739312105891134,0.37217311141645004,23.666666666666668
2025-09-13,v4_ensemble,v1.0.0,"[13, 21, 23, 33, 35, 45]",1,1,1,1,2,[21],0.10902081190831013,0.3797560267258014,27.166666666666668
2025-09-17,random,v1.0.0,"[3, 12, 23, 27, 33, 45]",22,1,1,2,2,[3],0.10745522698875466,0.3717761799434532,23.833333333333332
2025-09-17,ema_gap,v1.0.0,"[3, 12, 23, 27, 33, 45]",22,0,0,1,1,[],0.11081870604609266,0.38695906179872275,29.333333333333332
2025-09-17,v2_statistical,v1.0.0,"[3, 12, 23, 27, 33, 45]",22,0,0,0,1,[],0.11261415267932466,0.3935753791772404,28.5
2025-09-17,v3_boosting,v1.0.0,"[3, 12, 23, 27, 33, 45]",22,1,1,2,2,[27],0.10816310642828528,0.3793102066337264,24.833333333333332
2025-09-17,v4_ensemble,v1.0.0,"[3, 12, 23, 27, 33, 45]",22,1,1,1,2,[3],0.10931956966005871,0.3793059728161262,26.666666666666668
2025-09-20,random,v1.0.0,"[7, 9, 19, 34, 39, 44]",38,0,0,2,2,[],0.10745522698875466,0.37177617994345324,25.333333333333332
2025-09-20,ema_gap,v1.0.0,"[7, 9, 19, 34, 39, 44]",38,0,0,1,1,[],0.10990098222028101,0.38230478656105965,26.666666666666668
2025-09-20,v2_statistical,v1.0.0,"[7, 9, 19, 34, 39, 44]",38,0,0,3,3,[],0.10812077040543279,0.3748722097020476,22.0
2025-09-20,v3_boosting,v1.0.0,"[7, 9, 19, 34, 39, 44]",38,0,0,1,2,[],0.11145068162634476,0.38534219459232255,25.833333333333332
2025-09-20,v4_ensemble,v1.0.0,"[7, 9, 19, 34, 39, 44]",38,0,0,2,2,[],0.10855834775271578,0.3764935386806639,26.333333333333332
2025-09-24,random,v1.0.0,"[9, 10, 12, 17, 46, 49]",30,0,0,3,4,[],0.10745522698875466,0.37177617994345336,23.833333333333332
2025-09-24,ema_gap,v1.0.0,"[9, 10, 12, 17, 46, 49]",30,3,3,4,4,"[12, 17, 49]",0.10191568509202452,0.3483566426432414,14.166666666666666
2025-09-24,v2_statistical,v1.0.0,"[9, 10, 12, 17, 46, 49]",30,2,2,5,5,"[9, 49]",0.09754774689916992,0.331682289528463,12.666666666666666
2025-09-24,v3_boosting,v1.0.0,"[9, 10, 12, 17, 46, 49]",30,0,0,2,3,[],0.10976309665288096,0.38046397822005396,25.333333333333332
2025-09-24,v4_ensemble,v1.0.0,"[9, 10, 12, 17, 46, 49]",30,2,2,4,4,"[12, 46]",0.1029023985772291,0.3505992612361615,13.666666666666666
2025-09-27,random,v1.0.0,"[1, 7, 15, 19, 36, 40]",47,1,1,2,3,[1],0.10745522698875466,0.37177617994345336,19.666666666666668
2025-09-27,ema_gap,v1.0.0,"[1, 7, 15, 19, 36, 40]",47,0,0,1,1,[],0.11061660993623203,0.3847958555913951,28.333333333333332
2025-09-27,v2_statistical,v1.0.0,"[1, 7, 15, 19, 36, 40]",47,0,0,1,2,[],0.11036990450672099,0.382518255463974,25.5
2025-09-27,v3_boosting,v1.0.0,"[1, 7, 15, 19, 36, 40]",47,0,0,0,1,[],0.11147597750702469,0.3858331278412606,27.5
2025-09-27,v4_ensemble,v1.0.0,"[1, 7, 15, 19, 36, 40]",47,0,0,0,2,[],0.10996459265917996,0.38209834952215194,26.166666666666668
2025-10-01,random,v1.0.0,"[26, 27, 30, 38, 47, 48]",43,0,0,0,0,[],0.10745522698875466,0.37177617994345313,36.0
2025-10-01,ema_gap,v1.0.0,"[26, 27, 30, 38, 47, 48]",43,0,0,1,1,[],0.11226942850988345,0.395530946134432,32.166666666666664
2025-10-01,v2_statistical,v1.0.0,"[26, 27, 30, 38, 47, 48]",43,0,0,1,1,[],0.11560121613970155,0.4117738927689219,32.833333333333336
2025-10-01,v3_boosting,v1.0.0,"[26, 27, 30, 38, 47, 48]",43,0,0,1,3,[],0.11541491174584091,0.4029670480626099,28.166666666666668
2025-10-01,v4_ensemble,v1.0.0,"[26, 27, 30, 38, 47, 48]",43,0,0,0,1,[],0.11342791509780935,0.4022882348943296,33.333333333333336
2025-10-04,random,v1.0.0,"[24, 31, 37, 41, 45, 46]",16,0,0,0,0,[],0.10745522698875466,0.37177617994345313,37.333333333333336
2025-10-04,ema_gap,v1.0.0,"[24, 31, 37, 41, 45, 46]",16,0,0,1,1,[],0.112000480861601,0.39262364389364557,31.5
2025-10-04,v2_statistical,v1.0.0,"[24, 31, 37, 41, 45, 46]",16,1,1,1,1,[46],0.11075739126095946,0.3824991233899416,24.0
2025-10-04,v3_boosting,v1.0.0,"[24, 31, 37, 41, 45, 46]",16,0,0,0,1,[],0.11672069439112553,0.412497707698972,32.5
2025-10-04,v4_ensemble,v1.0.0,"[24, 31, 37, 41, 45, 46]",16,0,0,0,0,[],0.11224855072099378,0.3931171703475347,34.0
2025-10-08,random,v1.0.0,"[17, 22, 24, 40, 42, 46]",29,0,0,0,1,[],0.10745522698875466,0.37177617994345324,31.833333333333332
2025-10-08,ema_gap,v1.0.0,"[17, 22, 24, 40, 42, 46]",29,2,2,2,2,"[17, 46]",0.10596962263716617,0.3644924007509698,21.166666666666668
2025-10-08,v2_statistical,v1.0.0,"[17, 22, 24, 40, 42, 46]",29,2,2,3,3,"[17, 46]",0.10418567894625247,0.35598389881476455,19.0
2025-10-08,v3_boosting,v1.0.0,"[17, 22, 24, 40, 42, 46]",29,0,0,0,1,[],0.11661987250596849,0.410076526522593,33.333333333333336
2025-10-08,v4_ensemble,v1.0.0,"[17, 22, 24, 40, 42, 46]",29,0,0,2,3,[],0.10875854875301594,0.3774932181374074,26.666666666666668
2025-10-11,random,v1.0.0,"[5, 23, 25, 40, 41, 43]",34,1,1,1,1,[5],0.10745522698875466,0.3717761799434532,29.5
2025-10-11,ema_gap,v1.0.0,"[5, 23, 25, 40, 41, 43]",34,0,0,1,2,[],0.11067882589032897,0.3894583414057579,26.5
2025-10-11,v2_statistical,v1.0.0,"[5, 23, 25, 40, 41, 43]",34,1,1,2,2,[40],0.11072914987117663,0.39140354286693746,26.833333333333332
2025-10-11,v3_boosting,v1.0.0,"[5, 23, 25, 40, 41, 43]",34,0,0,1,2,[],0.10913294136430479,0.37628263477724844,23.666666666666668
2025-10-11,v4_ensemble,v1.0.0,"[5, 23, 25, 40, 41, 43]",34,0,0,1,3,[],0.10905784039808737,0.37964094918412333,28.0
2025-10-15,random,v1.0.0,"[5, 10, 17, 26, 31, 32]",24,1,1,2,3,[5],0.10745522698875465,0.37177617994345336,20.166666666666668
2025-10-15,ema_gap,v1.0.0,"[5, 10, 17, 26, 31, 32]",24,1,1,1,2,[17],0.1082880207785758,0.37740658783893294,26.0
2025-10-15,v2_statistical,v1.0.0,"[5, 10, 17, 26, 31, 32]",24,1,1,1,2,[17],0.11106950396554291,0.385731050632622,25.666666666666668
2025-10-15,v3_boosting,v1.0.0,"[5, 10, 17, 26, 31, 32]",24,0,0,1,2,[],0.11121649842374791,0.38477666400465776,24.666666666666668
2025-10-15,v4_ensemble,v1.0.0,"[5, 10, 17, 26, 31, 32]",24,1,1,2,2,[17],0.10912238218468631,0.3798337330838767,27.333333333333332
2025-10-18,random,v1.0.0,"[9, 17, 21, 39, 41, 48]",28,0,0,1,2,[],0.10745522698875466,0.37177617994345324,29.166666666666668
2025-10-18,ema_gap,v1.0.0,"[9, 17, 21, 39, 41, 48]",28,2,2,3,4,"[17, 41]",0.10202449950060201,0.3504473241140009,16.666666666666668
2025-10-18,v2_statistical,v1.0.0,"[9, 17, 21, 39, 41, 48]",28,3,3,3,4,"[9, 17, 41]",0.0998333122602327,0.3416648059626726,15.833333333333334
2025-10-18,v3_boosting,v1.0.0,"[9, 17, 21, 39, 41, 48]",28,0,0,0,1,[],0.11270647117565086,0.39149085670300554,27.166666666666668
2025-10-18,v4_ensemble,v1.0.0,"[9, 17, 21, 39, 41, 48]",28,2,2,3,3,"[17, 41]",0.10517320680206965,0.361284407215135,19.0
2025-10-22,random,v1.0.0,"[2, 4, 7, 41, 45, 46]",13,2,2,3,3,"[2, 4]",0.10745522698875465,0.37177617994345336,24.166666666666668
2025-10-22,ema_gap,v1.0.0,"[2, 4, 7, 41, 45, 46]",13,2,2,3,3,"[41, 46]",0.10445144723332729,0.35782184126361893,18.0
2025-10-22,v2_statistical,v1.0.0,"[2, 4, 7, 41, 45, 46]",13,2,2,3,3,"[41, 46]",0.10002245949630398,0.3389572000765221,14.833333333333334
2025-10-22,v3_boosting,v1.0.0,"[2, 4, 7, 41, 45, 46]",13,1,1,2,2,[4],0.10900437856796756,0.3787116396829205,24.833333333333332
2025-10-22,v4_ensemble,v1.0.0,"[2, 4, 7, 41, 45, 46]",13,2,2,3,3,"[41, 46]",0.10386442554082087,0.3564272370341612,18.166666666666668
2025-10-25,random,v1.0.0,"[6, 8, 19, 39, 43, 49]",46,1,1,2,2,[6],0.10745522698875466,0.37177617994345324,27.333333333333332
2025-10-25,ema_gap,v1.0.0,"[6, 8, 19, 39, 43, 49]",46,1,1,2,2,[39],0.11198488527178187,0.39418846263891627,30.666666666666668
2025-10-25,v2_statistical,v1.0.0,"[6, 8, 19, 39, 43, 49]",46,1,1,2,2,[49],0.11315112423956918,0.400940730253975,29.833333333333332
2025-10-25,v3_boosting,v1.0.0,"[6, 8, 19, 39, 43, 49]",46,2,2,4,4,"[6, 8]",0.10100250018877706,0.34092715733859746,12.833333333333334
2025-10-25,v4_ensemble,v1.0.0,"[6, 8, 19, 39, 43, 49]",46,0,0,2,3,[],0.10597519907312741,0.36318552166313905,18.833333333333332
2025-10-29,random,v1.0.0,"[2, 10, 27, 28, 35, 45]",14,1,1,2,2,[2],0.10745522698875466,0.37177617994345313,24.5
2025-10-29,ema_gap,v1.0.0,"[2, 10, 27, 28, 35, 45]",14,0,0,1,2,[],0.11117608210485186,0.3861099522002997,28.0
2025-10-29,v2_statistical,v1.0.0,"[2, 10, 27, 28, 35, 45]",14,0,0,0,1,[],0.1149213077411592,0.4014604899942191,28.666666666666668
2025-10-29,v3_boosting,v1.0.0,"[2, 10, 27, 28, 35, 45]",14,1,1,1,2,[2],0.1142028562296506,0.39890235609293534,30.0
2025-10-29,v4_ensemble,v1.0.0,"[2, 10, 27, 28, 35, 45]",14,0,0,1,1,[],0.11261385867883435,0.39432679282685534,30.666666666666668
2025-11-01,random,v1.0.0,"[21, 22, 27, 33, 34, 44]",13,0,0,0,0,[],0.10745522698875466,0.3717761799434532,30.166666666666668
2025-11-01,ema_gap,v1.0.0,"[21, 22, 27, 33, 34, 44]",13,0,0,0,0,[],0.11305717424599611,0.39525679679930714,32.0
2025-11-01,v2_statistical,v1.0.0,"[21, 22, 27, 33, 34, 44]",13,0,0,0,2,[],0.11357393470174061,0.39387992031142977,27.333333333333332
2025-11-01,v3_boosting,v1.0.0,"[21, 22, 27, 33, 34, 44]",13,0,0,3,3,[],0.11101166954175115,0.3864770811412934,26.0
2025-11-01,v4_ensemble,v1.0.0,"[21, 22, 27, 33, 34, 44]",13,0,0,0,1,[],0.11070717575707056,0.3850591577835474,29.166666666666668
2025-11-05,random,v1.0.0,"[5, 16, 17, 30, 35, 46]",6,1,1,1,3,[5],0.10745522698875465,0.37177617994345336,24.833333333333332
2025-11-05,ema_gap,v1.0.0,"[5, 16, 17, 30, 35, 46]",6,2,2,3,3,"[17, 46]",0.10418719162288001,0.36309811692570587,20.833333333333332
2025-11-05,v2_statistical,v1.0.0,"[5, 16, 17, 30, 35, 46]",6,2,2,3,3,"[17, 46]",0.10535071823111526,0.36961094555345614,22.0
2025-11-05,v3_boosting,v1.0.0,"[5, 16, 17, 30, 35, 46]",6,0,0,1,2,[],0.11270393885377636,0.3973840925427596,29.5
2025-11-05,v4_ensemble,v1.0.0,"[5, 16, 17, 30, 35, 46]",6,0,0,2,3,[],0.10724480057382062,0.37008799296502704,22.833333333333332
2025-11-08,random,v1.0.0,"[12, 15, 16, 21, 29, 47]",35,0,0,1,3,[],0.10745522698875465,0.37177617994345336,23.333333333333332
2025-11-08,ema_gap,v1.0.0,"[12, 15, 16, 21, 29, 47]",35,0,0,0,1,[],0.11494400516790208,0.4083925266971735,35.166666666666664
2025-11-08,v2_statistical,v1.0.0,"[12, 15, 16, 21, 29, 47]",35,0,0,0,0,[],0.1196098365808701,0.43334700898671413,37.5
2025-11-08,v3_boosting,v1.0.0,"[12, 15, 16, 21, 29, 47]",35,0,0,0,1,[],0.11376697879664957,0.3989703757897985,30.5
2025-11-08,v4_ensemble,v1.0.0,"[12, 15, 16, 21, 29, 47]",35,0,0,0,0,[],0.11479060182791911,0.4070381190877315,40.5
2025-11-12,random,v1.0.0,"[2, 6, 7, 38, 39, 41]",49,2,2,3,3,"[2, 6]",0.10745522698875466,0.37177617994345336,22.166666666666668
2025-11-12,ema_gap,v1.0.0,"[2, 6, 7, 38, 39, 41]",49,1,1,4,5,[41],0.10300884000863081,0.35096902587082723,14.5
2025-11-12,v2_statistical,v1.0.0,"[2, 6, 7, 38, 39, 41]",49,1,1,4,5,[41],0.10223414861513813,0.34749766429528467,15.333333333333334
2025-11-12,v3_boosting,v1.0.0,"[2, 6, 7, 38, 39, 41]",49,0,0,1,1,[],0.11356882714422341,0.39839180637162125,30.666666666666668
2025-11-12,v4_ensemble,v1.0.0,"[2, 6, 7, 38, 39, 41]",49,0,0,2,3,[],0.10649790073439387,0.36418972970095487,17.0
2025-11-15,random,v1.0.0,"[1, 5, 8, 25, 42, 47]",44,2,2,3,3,"[1, 5]",0.10745522698875466,0.37177617994345336,21.333333333333332
2025-11-15,ema_gap,v1.0.0,"[1, 5, 8, 25, 42, 47]",44,0,0,1,1,[],0.11359265221095255,0.39865381189175153,32.0
2025-11-15,v2_statistical,v1.0.0,"[1, 5, 8, 25, 42, 47]",44,0,0,0,0,[],0.11797550768121554,0.42135826958092315,34.0
2025-11-15,v3_boosting,v1.0.0,"[1, 5, 8, 25, 42, 47]",44,0,0,2,3,[],0.1086140274993096,0.3735248936188991,22.833333333333332
2025-11-15,v4_ensemble,v1.0.0,"[1, 5, 8, 25, 42, 47]",44,0,0,0,0,[],0.1119631030327305,0.3902069027920918,30.333333333333332
2025-11-19,random,v1.0.0,"[14, 17, 28, 31, 42, 48]",5,0,0,0,2,[],0.10745522698875466,0.3717761799434532,30.0
2025-11-19,ema_gap,v1.0.0,"[14, 17, 28, 31, 42, 48]",5,1,1,1,2,[17],0.1083366494417797,0.37854228834843273,27.333333333333332
2025-11-19,v2_statistical,v1.0.0,"[14, 17, 28, 31, 42, 48]",5,1,1,1,2,[17],0.10997874265922303,0.38767615809370004,26.333333333333332
2025-11-19,v3_boosting,v1.0.0,"[14, 17, 28, 31, 42, 48]",5,0,0,0,2,[],0.11357728929686112,0.39857423571254247,30.833333333333332
2025-11-19,v4_ensemble,v1.0.0,"[14, 17, 28, 31, 42, 48]",5,1,1,1,1,[17],0.1102430746201234,0.38508734914041465,30.5
2025-11-22,random,v1.0.0,"[11, 14, 19, 24, 45, 48]",39,0,0,1,2,[],0.10745522698875466,0.37177617994345336,26.833333333333332
2025-11-22,ema_gap,v1.0.0,"[11, 14, 19, 24, 45, 48]",39,0,0,0,1,[],0.11283505415129493,0.39381304235115955,31.833333333333332
2025-11-22,v2_statistical,v1.0.0,"[11, 14, 19, 24, 45, 48]",39,0,0,1,1,[],0.1158037718487781,0.4102928191406866,33.166666666666664
2025-11-22,v3_boosting,v1.0.0,"[11, 14, 19, 24, 45, 48]",39,0,0,1,3,[],0.11008929926641908,0.3824994152657342,26.0
2025-11-22,v4_ensemble,v1.0.0,"[11, 14, 19, 24, 45, 48]",39,0,0,0,0,[],0.11140225304283699,0.3893822995143231,34.833333333333336
2025-11-26,random,v1.0.0,"[11, 23, 28, 30, 44, 45]",42,0,0,1,1,[],0.10745522698875466,0.37177617994345313,30.166666666666668
2025-11-26,ema_gap,v1.0.0,"[11, 23, 28, 30, 44, 45]",42,0,0,0,2,[],0.11141838019524718,0.3867371091192922,28.833333333333332
2025-11-26,v2_statistical,v1.0.0,"[11, 23, 28, 30, 44, 45]",42,0,0,0,2,[],0.11542851766928373,0.40643633617484154,32.0
2025-11-26,v3_boosting,v1.0.0,"[11, 23, 28, 30, 44, 45]",42,1,1,1,2,[30],0.1108162355726365,0.3899639185024119,27.666666666666668
2025-11-26,v4_ensemble,v1.0.0,"[11, 23, 28, 30, 44, 45]",42,0,0,1,2,[],0.11119684439464823,0.3890694067004752,30.333333333333332
2025-11-29,random,v1.0.0,"[5, 6, 9, 29, 42, 45]",2,2,2,3,3,"[5, 6]",0.10745522698875465,0.37177617994345336,22.666666666666668
2025-11-29,ema_gap,v1.0.0,"[5, 6, 9, 29, 42, 45]",2,1,1,2,4,[45],0.1083738840461751,0.37485396609420835,22.166666666666668
2025-11-29,v2_statistical,v1.0.0,"[5, 6, 9, 29, 42, 45]",2,1,1,1,3,[45],0.10970005630190917,0.38743952468393306,25.166666666666668
2025-11-29,v3_boosting,v1.0.0,"[5, 6, 9, 29, 42, 45]",2,0,0,0,1,[],0.11492048785223487,0.4076041956789323,32.166666666666664
2025-11-29,v4_ensemble,v1.0.0,"[5, 6, 9, 29, 42, 45]",2,0,0,2,2,[],0.11055169901087876,0.3869565168474972,28.166666666666668
2025-12-03,random,v1.0.0,"[1, 3, 13, 25, 38, 49]",6,2,2,2,3,"[1, 3]",0.10745522698875466,0.37177617994345336,21.5
2025-12-03,ema_gap,v1.0.0,"[1, 3, 13, 25, 38, 49]",6,0,0,0,2,[],0.11180491558980907,0.39069523309718046,30.0
2025-12-03,v2_statistical,v1.0.0,"[1, 3, 13, 25, 38, 49]",6,0,0,1,2,[],0.11517832161830609,0.40640507714884655,31.166666666666668
2025-12-03,v3_boosting,v1.0.0,"[1, 3, 13, 25, 38, 49]",6,0,0,0,3,[],0.11356386859107326,0.393869045195406,26.333333333333332
2025-12-03,v4_ensemble,v1.0.0,"[1, 3, 13, 25, 38, 49]",6,0,0,0,2,[],0.1121902908793352,0.39345014487268437,31.333333333333332
2025-12-06,random,v1.0.0,"[9, 11, 15, 38, 39, 44]",21,0,0,2,3,[],0.10745522698875466,0.37177617994345336,26.0
2025-12-06,ema_gap,v1.0.0,"[9, 11, 15, 38, 39, 44]",21,1,1,3,4,[38],0.10412934368888878,0.354323922014916,14.5
2025-12-06,v2_statistical,v1.0.0,"[9, 11, 15, 38, 39, 44]",21,1,1,3,4,[9],0.10448314067764915,0.3534125599088948,16.0
2025-12-06,v3_boosting,v1.0.0,"[9, 11, 15, 38, 39, 44]",21,1,1,3,4,[9],0.10366609455894267,0.35394430553916584,16.666666666666668
2025-12-06,v4_ensemble,v1.0.0,"[9, 11, 15, 38, 39, 44]",21,2,2,3,4,"[9, 38]",0.10347053700095399,0.3531850850630645,16.0
2025-12-10,random,v1.0.0,"[9, 11, 13, 30, 40, 43]",21,0,0,2,3,[],0.10745522698875465,0.37177617994345336,24.333333333333332
2025-12-10,ema_gap,v1.0.0,"[9, 11, 13, 30, 40, 43]",21,1,1,2,2,[9],0.10905008305442607,0.37995507768656483,25.833333333333332
2025-12-10,v2_statistical,v1.0.0,"[9, 11, 13, 30, 40, 43]",21,1,1,1,3,[9],0.10983514681354409,0.3842957075608224,25.833333333333332
2025-12-10,v3_boosting,v1.0.0,"[9, 11, 13, 30, 40, 43]",21,1,1,1,2,[13],0.10770098411457339,0.37008655736508206,21.666666666666668
2025-12-10,v4_ensemble,v1.0.0,"[9, 11, 13, 30, 40, 43]",21,0,0,2,3,[],0.10778945361121507,0.3718435062259243,22.833333333333332
2025-12-13,random,v1.0.0,"[13, 14, 21, 23, 26, 49]",41,0,0,0,2,[],0.10745522698875466,0.37177617994345324,24.333333333333332
2025-12-13,ema_gap,v1.0.0,"[13, 14, 21, 23, 26, 49]",41,0,0,1,2,[],0.10872808271078405,0.3744125038952135,22.833333333333332
2025-12-13,v2_statistical,v1.0.0,"[13, 14, 21, 23, 26, 49]",41,0,0,1,1,[],0.11225923988305857,0.3885864181151649,25.166666666666668
2025-12-13,v3_boosting,v1.0.0,"[13, 14, 21, 23, 26, 49]",41,0,0,1,2,[],0.11441944130300477,0.40139119035417725,30.0
2025-12-13,v4_ensemble,v1.0.0,"[13, 14, 21, 23, 26, 49]",41,0,0,0,0,[],0.11106088220477274,0.3864127535303493,29.666666666666668
2025-12-17,random,v1.0.0,"[8, 17, 35, 36, 37, 45]",32,0,0,1,2,[],0.10745522698875466,0.3717761799434531,29.666666666666668
2025-12-17,ema_gap,v1.0.0,"[8, 17, 35, 36, 37, 45]",32,1,1,2,2,[17],0.10713821398494491,0.3719254292593282,24.166666666666668
2025-12-17,v2_statistical,v1.0.0,"[8, 17, 35, 36, 37, 45]",32,2,2,2,2,"[17, 45]",0.10707183525198419,0.37157117122952915,23.333333333333332
2025-12-17,v3_boosting,v1.0.0,"[8, 17, 35, 36, 37, 45]",32,1,1,3,4,[17],0.10357834657040323,0.35005003425521014,14.0
2025-12-17,v4_ensemble,v1.0.0,"[8, 17, 35, 36, 37, 45]",32,2,2,2,2,"[17, 45]",0.10423602798332851,0.3593447980202119,20.333333333333332
2025-12-20,random,v1.0.0,"[13, 22, 24, 28, 29, 46]",16,0,0,0,1,[],0.10745522698875466,0.3717761799434532,27.0
2025-12-20,ema_gap,v1.0.0,"[13, 22, 24, 28, 29, 46]",16,0,0,2,2,[],0.11060372868789141,0.38447675072915005,28.166666666666668
2025-12-20,v2_statistical,v1.0.0,"[13, 22, 24, 28, 29, 46]",16,0,0,0,2,[],0.114059554121017,0.4014341154650225,30.166666666666668
2025-12-20,v3_boosting,v1.0.0,"[13, 22, 24, 28, 29, 46]",16,0,0,0,1,[],0.11519841717324139,0.4040991739515526,31.5
2025-12-20,v4_ensemble,v1.0.0,"[13, 22, 24, 28, 29, 46]",16,0,0,0,1,[],0.11244092574971057,0.39443537034466863,33.833333333333336
2025-12-24,random,v1.0.0,"[2, 19, 20, 22, 42, 47]",35,1,1,1,1,[2],0.10745522698875465,0.37177617994345324,25.333333333333332
2025-12-24,ema_gap,v1.0.0,"[2, 19, 20, 22, 42, 47]",35,0,0,0,3,[],0.11308658916598778,0.39934570059679253,30.0
2025-12-24,v2_statistical,v1.0.0,"[2, 19, 20, 22, 42, 47]",35,0,0,2,3,[],0.112540337845796,0.39204076485006445,26.0
2025-12-24,v3_boosting,v1.0.0,"[2, 19, 20, 22, 42, 47]",35,0,0,1,2,[],0.11371844779917677,0.3963009822660636,29.166666666666668
2025-12-24,v4_ensemble,v1.0.0,"[2, 19, 20, 22, 42, 47]",35,0,0,1,1,[],0.11188561461409066,0.3913877206271828,33.666666666666664
2025-12-27,random,v1.0.0,"[2, 8, 23, 28, 29, 36]",13,1,1,2,2,[2],0.10745522698875463,0.3717761799434532,21.0
2025-12-27,ema_gap,v1.0.0,"[2, 8, 23, 28, 29, 36]",13,0,0,1,3,[],0.10777190138562133,0.3700227235359284,21.333333333333332
2025-12-27,v2_statistical,v1.0.0,"[2, 8, 23, 28, 29, 36]",13,0,0,0,3,[],0.1113382350659426,0.38268191151495534,24.166666666666668
2025-12-27,v3_boosting,v1.0.0,"[2, 8, 23, 28, 29, 36]",13,1,1,2,2,[28],0.10971737836889546,0.38466314147549674,27.166666666666668
2025-12-27,v4_ensemble,v1.0.0,"[2, 8, 23, 28, 29, 36]",13,1,1,1,2,[28],0.10813832067967878,0.3755823829843739,26.0
2025-12-31,random,v1.0.0,"[1, 6, 10, 21, 39, 40]",28,2,2,3,3,"[1, 6]",0.10745522698875465,0.37177617994345336,19.5
2025-12-31,ema_gap,v1.0.0,"[1, 6, 10, 21, 39, 40]",28,0,0,0,1,[],0.1119403637154008,0.39167332689285805,31.166666666666668
2025-12-31,v2_statistical,v1.0.0,"[1, 6, 10, 21, 39, 40]",28,0,0,0,2,[],0.11573757629732928,0.41187886277522234,32.5
2025-12-31,v3_boosting,v1.0.0,"[1, 6, 10, 21, 39, 40]",28,1,1,2,3,[39],0.10698725010352507,0.3672027309747722,21.5
2025-12-31,v4_ensemble,v1.0.0,"[1, 6, 10, 21, 39, 40]",28,1,1,1,2,[39],0.11019296468633834,0.3846913183988952,27.833333333333332
