target_draw_date,model_name,model_version,actual,bonus,final_6_hits,top_6_hits,top_12_hits,top_18_hits,matched_final,brier_score,log_loss,mean_actual_rank
2020-01-01,random,v1.0.0,"[11, 23, 30, 35, 39, 43]",34,0,0,1,1,[],0.10745522698875466,0.37177617994345313,30.166666666666668
2020-01-01,ema_gap,v1.0.0,"[11, 23, 30, 35, 39, 43]",34,0,0,0,1,[],0.11370545920021283,0.39834734316977966,32.5
2020-01-01,logistic,v1.0.0,"[11, 23, 30, 35, 39, 43]",34,0,0,2,3,[],0.10656784613375547,0.3671406397962152,19.5
2020-01-01,ensemble,v1.0.0,"[11, 23, 30, 35, 39, 43]",34,0,0,1,2,[],0.10825619606263519,0.37528063230894615,28.166666666666668
2020-01-01,v2_statistical,v1.0.0,"[11, 23, 30, 35, 39, 43]",34,1,1,1,1,[43],0.1161344499854743,0.4109163172149238,30.833333333333332
2020-01-01,v3_boosting,v1.0.0,"[11, 23, 30, 35, 39, 43]",34,0,0,2,3,[],0.10675859405449235,0.36765243890149063,20.833333333333332
2020-01-01,v4_ensemble,v1.0.0,"[11, 23, 30, 35, 39, 43]",34,1,1,1,1,[43],0.10960587664501324,0.3814420257617471,30.333333333333332
2020-01-04,random,v1.0.0,"[23, 24, 36, 42, 45, 46]",21,0,0,0,0,[],0.10745522698875466,0.37177617994345313,36.0
2020-01-04,ema_gap,v1.0.0,"[23, 24, 36, 42, 45, 46]",21,1,1,3,3,[45],0.10446845659315052,0.3596166829473072,19.333333333333332
2020-01-04,logistic,v1.0.0,"[23, 24, 36, 42, 45, 46]",21,2,2,3,4,"[36, 45]",0.10406154383257858,0.3561516908614001,13.333333333333334
2020-01-04,ensemble,v1.0.0,"[23, 24, 36, 42, 45, 46]",21,1,1,3,4,[45],0.10507496589581229,0.36111995638789884,16.333333333333332
2020-01-04,v2_statistical,v1.0.0,"[23, 24, 36, 42, 45, 46]",21,1,1,3,4,[45],0.10141434240764291,0.35062998732698836,18.0
2020-01-04,v3_boosting,v1.0.0,"[23, 24, 36, 42, 45, 46]",21,0,0,2,4,[],0.1052782393549475,0.3608358932079542,16.333333333333332
2020-01-04,v4_ensemble,v1.0.0,"[23, 24, 36, 42, 45, 46]",21,2,2,3,3,"[24, 45]",0.10301908815673791,0.35291351329346465,14.666666666666666
2020-01-08,random,v1.0.0,"[2, 5, 19, 44, 48, 49]",24,2,2,2,2,"[2, 5]",0.10745522698875466,0.37177617994345324,27.833333333333332
2020-01-08,ema_gap,v1.0.0,"[2, 5, 19, 44, 48, 49]",24,1,1,2,3,[2],0.10712791033126708,0.3678653378066905,19.166666666666668
2020-01-08,logistic,v1.0.0,"[2, 5, 19, 44, 48, 49]",24,1,1,2,2,[2],0.1073373549673222,0.37078858508452656,20.833333333333332
2020-01-08,ensemble,v1.0.0,"[2, 5, 19, 44, 48, 49]",24,1,1,3,4,[2],0.10674180761612882,0.36800987381579026,19.166666666666668
2020-01-08,v2_statistical,v1.0.0,"[2, 5, 19, 44, 48, 49]",24,1,1,2,4,[2],0.10773174465072265,0.36888355229763586,19.666666666666668
2020-01-08,v3_boosting,v1.0.0,"[2, 5, 19, 44, 48, 49]",24,2,2,2,2,"[44, 49]",0.10622983590981766,0.3690080730259508,25.333333333333332
2020-01-08,v4_ensemble,v1.0.0,"[2, 5, 19, 44, 48, 49]",24,0,0,3,4,[],0.1063612172293632,0.3663432590174504,18.333333333333332
2020-01-11,random,v1.0.0,"[2, 3, 7, 18, 24, 26]",6,2,2,3,4,"[2, 3]",0.10745522698875465,0.37177617994345336,13.333333333333334
2020-01-11,ema_gap,v1.0.0,"[2, 3, 7, 18, 24, 26]",6,2,2,3,3,"[2, 24]",0.10735110719881645,0.37462897928207345,23.333333333333332
2020-01-11,logistic,v1.0.0,"[2, 3, 7, 18, 24, 26]",6,0,0,0,1,[],0.108549546812508,0.3764165046645108,31.5
2020-01-11,ensemble,v1.0.0,"[2, 3, 7, 18, 24, 26]",6,0,0,3,3,[],0.10763572863348574,0.3724709527908229,24.0
2020-01-11,v2_statistical,v1.0.0,"[2, 3, 7, 18, 24, 26]",6,0,0,1,3,[],0.11270760703901535,0.39140710706948734,25.333333333333332
2020-01-11,v3_boosting,v1.0.0,"[2, 3, 7, 18, 24, 26]",6,1,1,1,1,[3],0.10978223915721758,0.38190805241250775,30.166666666666668
2020-01-11,v4_ensemble,v1.0.0,"[2, 3, 7, 18, 24, 26]",6,0,0,1,2,[],0.10919676014015599,0.3788078956724424,25.5
2020-01-15,random,v1.0.0,"[1, 17, 23, 25, 26, 34]",24,1,1,1,2,[1],0.10745522698875466,0.3717761799434532,21.0
2020-01-15,ema_gap,v1.0.0,"[1, 17, 23, 25, 26, 34]",24,0,0,0,0,[],0.11341831235141628,0.396384185119939,32.5
2020-01-15,logistic,v1.0.0,"[1, 17, 23, 25, 26, 34]",24,0,0,1,1,[],0.10853406610494665,0.37657596910010344,31.0
2020-01-15,ensemble,v1.0.0,"[1, 17, 23, 25, 26, 34]",24,0,0,0,0,[],0.10927216567543643,0.38016728641790326,37.166666666666664
2020-01-15,v2_statistical,v1.0.0,"[1, 17, 23, 25, 26, 34]",24,0,0,0,1,[],0.11601216497022962,0.4039835888463548,30.166666666666668
2020-01-15,v3_boosting,v1.0.0,"[1, 17, 23, 25, 26, 34]",24,1,1,2,3,[26],0.10743890616994005,0.37221651181273224,22.666666666666668
2020-01-15,v4_ensemble,v1.0.0,"[1, 17, 23, 25, 26, 34]",24,0,0,0,0,[],0.11022457770257965,0.38395967312516255,30.333333333333332
2020-01-18,random,v1.0.0,"[2, 5, 10, 18, 26, 30]",36,2,2,3,4,"[2, 5]",0.10745522698875465,0.37177617994345336,15.166666666666666
2020-01-18,ema_gap,v1.0.0,"[2, 5, 10, 18, 26, 30]",36,2,2,2,2,"[2, 18]",0.10566858950179767,0.36352765798618647,21.333333333333332
2020-01-18,logistic,v1.0.0,"[2, 5, 10, 18, 26, 30]",36,0,0,1,1,[],0.10823340638438743,0.37475606727534977,27.5
2020-01-18,ensemble,v1.0.0,"[2, 5, 10, 18, 26, 30]",36,1,1,2,2,[2],0.10717622540455285,0.37036082790002156,23.666666666666668
2020-01-18,v2_statistical,v1.0.0,"[2, 5, 10, 18, 26, 30]",36,0,0,1,1,[],0.11220033016357131,0.38538661371230626,23.666666666666668
2020-01-18,v3_boosting,v1.0.0,"[2, 5, 10, 18, 26, 30]",36,0,0,1,2,[],0.11157414248125319,0.3902980908664709,30.166666666666668
2020-01-18,v4_ensemble,v1.0.0,"[2, 5, 10, 18, 26, 30]",36,0,0,0,2,[],0.10931713642867232,0.37892673906700686,27.0
2020-01-22,random,v1.0.0,"[2, 10, 27, 30, 39, 43]",21,1,1,2,2,[2],0.10745522698875466,0.37177617994345313,25.166666666666668
2020-01-22,ema_gap,v1.0.0,"[2, 10, 27, 30, 39, 43]",21,1,1,2,3,[2],0.10523964518147355,0.3640000770142663,20.0
2020-01-22,logistic,v1.0.0,"[2, 10, 27, 30, 39, 43]",21,1,1,1,1,[43],0.10871638795236396,0.37797112884438605,29.666666666666668
2020-01-22,ensemble,v1.0.0,"[2, 10, 27, 30, 39, 43]",21,2,2,2,2,"[2, 43]",0.10723685220135883,0.370596289828462,22.0
2020-01-22,v2_statistical,v1.0.0,"[2, 10, 27, 30, 39, 43]",21,2,2,2,3,"[2, 43]",0.10580202679564119,0.3657129211428033,20.5
2020-01-22,v3_boosting,v1.0.0,"[2, 10, 27, 30, 39, 43]",21,1,1,2,2,[43],0.10803723575756756,0.3742921185028519,24.5
2020-01-22,v4_ensemble,v1.0.0,"[2, 10, 27, 30, 39, 43]",21,2,2,2,2,"[2, 43]",0.10653412854038753,0.368563404590982,22.833333333333332
2020-01-25,random,v1.0.0,"[8, 20, 21, 30, 32, 48]",31,0,0,1,1,[],0.10745522698875466,0.37177617994345324,26.5
2020-01-25,ema_gap,v1.0.0,"[8, 20, 21, 30, 32, 48]",31,0,0,2,2,[],0.11140693653378955,0.38927103827080284,28.333333333333332
2020-01-25,logistic,v1.0.0,"[8, 20, 21, 30, 32, 48]",31,0,0,1,2,[],0.10780962030668181,0.37339027579098555,26.0
2020-01-25,ensemble,v1.0.0,"[8, 20, 21, 30, 32, 48]",31,1,1,1,1,[48],0.1083469723537764,0.37564450938709054,28.166666666666668
2020-01-25,v2_statistical,v1.0.0,"[8, 20, 21, 30, 32, 48]",31,0,0,1,2,[],0.11236732380757151,0.3920186021012292,27.666666666666668
2020-01-25,v3_boosting,v1.0.0,"[8, 20, 21, 30, 32, 48]",31,0,0,1,1,[],0.11214373357112345,0.38947311614220015,28.166666666666668
2020-01-25,v4_ensemble,v1.0.0,"[8, 20, 21, 30, 32, 48]",31,0,0,0,1,[],0.11039381656553042,0.3837101701561508,28.5
2020-01-29,random,v1.0.0,"[3, 14, 16, 23, 41, 43]",29,1,1,1,3,[3],0.10745522698875463,0.37177617994345336,23.333333333333332
2020-01-29,ema_gap,v1.0.0,"[3, 14, 16, 23, 41, 43]",29,0,0,1,4,[],0.10825709004904799,0.37325779608861415,21.666666666666668
2020-01-29,logistic,v1.0.0,"[3, 14, 16, 23, 41, 43]",29,1,1,1,1,[14],0.10698065540066241,0.36941464926942674,24.0
2020-01-29,ensemble,v1.0.0,"[3, 14, 16, 23, 41, 43]",29,1,1,2,2,[43],0.10683279659081825,0.3687964254625103,19.666666666666668
2020-01-29,v2_statistical,v1.0.0,"[3, 14, 16, 23, 41, 43]",29,2,2,2,2,"[41, 43]",0.1073795426145892,0.375957968816642,21.833333333333332
2020-01-29,v3_boosting,v1.0.0,"[3, 14, 16, 23, 41, 43]",29,2,2,3,3,"[3, 41]",0.10539957358772854,0.367048855008989,21.5
2020-01-29,v4_ensemble,v1.0.0,"[3, 14, 16, 23, 41, 43]",29,3,3,3,4,"[3, 41, 43]",0.10563586951701194,0.3656275030895982,16.666666666666668
2020-02-01,random,v1.0.0,"[13, 21, 35, 40, 45, 48]",47,0,0,0,1,[],0.10745522698875466,0.3717761799434531,33.666666666666664
2020-02-01,ema_gap,v1.0.0,"[13, 21, 35, 40, 45, 48]",47,2,2,2,3,"[45, 48]",0.10725815209271172,0.3729364038558724,24.333333333333332
2020-02-01,logistic,v1.0.0,"[13, 21, 35, 40, 45, 48]",47,1,1,1,2,[48],0.1075710460227026,0.3720369281256608,27.0
2020-02-01,ensemble,v1.0.0,"[13, 21, 35, 40, 45, 48]",47,2,2,2,3,"[45, 48]",0.10691931899649304,0.36962094131374235,23.833333333333332
2020-02-01,v2_statistical,v1.0.0,"[13, 21, 35, 40, 45, 48]",47,1,1,3,3,[45],0.10445361850393642,0.3668024125344703,22.166666666666668
2020-02-01,v3_boosting,v1.0.0,"[13, 21, 35, 40, 45, 48]",47,0,0,3,3,[],0.10693832752359049,0.36874996375511987,21.166666666666668
2020-02-01,v4_ensemble,v1.0.0,"[13, 21, 35, 40, 45, 48]",47,2,2,3,3,"[45, 48]",0.10566563255309275,0.3655347397383778,22.0
2020-02-08,random,v1.0.0,"[8, 28, 30, 39, 41, 43]",45,0,0,1,1,[],0.10745522698875466,0.37177617994345313,31.5
2020-02-08,ema_gap,v1.0.0,"[8, 28, 30, 39, 41, 43]",45,1,1,3,4,[43],0.1053788006092722,0.3599374153008431,17.666666666666668
2020-02-08,logistic,v1.0.0,"[8, 28, 30, 39, 41, 43]",45,3,3,3,4,"[30, 41, 43]",0.10412573085972222,0.35722036428418735,14.166666666666666
2020-02-08,ensemble,v1.0.0,"[8, 28, 30, 39, 41, 43]",45,2,2,3,3,"[30, 43]",0.10501381519144325,0.3608018335217734,16.333333333333332
2020-02-08,v2_statistical,v1.0.0,"[8, 28, 30, 39, 41, 43]",45,2,2,2,3,"[41, 43]",0.1037699416742889,0.35664233266501955,19.666666666666668
2020-02-08,v3_boosting,v1.0.0,"[8, 28, 30, 39, 41, 43]",45,2,2,2,2,"[41, 43]",0.10540670068540148,0.3620895795935948,19.666666666666668
2020-02-08,v4_ensemble,v1.0.0,"[8, 28, 30, 39, 41, 43]",45,2,2,2,3,"[41, 43]",0.10405899763867914,0.35724363678606347,19.166666666666668
2020-02-12,random,v1.0.0,"[16, 20, 24, 33, 36, 47]",4,0,0,0,1,[],0.10745522698875466,0.37177617994345324,29.333333333333332
2020-02-12,ema_gap,v1.0.0,"[16, 20, 24, 33, 36, 47]",4,0,0,2,3,[],0.10813760708939053,0.37213127477462127,22.0
2020-02-12,logistic,v1.0.0,"[16, 20, 24, 33, 36, 47]",4,1,1,4,4,[36],0.1057015117363683,0.3632524122224612,14.0
2020-02-12,ensemble,v1.0.0,"[16, 20, 24, 33, 36, 47]",4,0,0,2,3,[],0.106596548008775,0.36749029883345175,16.666666666666668
2020-02-12,v2_statistical,v1.0.0,"[16, 20, 24, 33, 36, 47]",4,0,0,2,4,[],0.10893414320334732,0.3711106554309703,19.333333333333332
2020-02-12,v3_boosting,v1.0.0,"[16, 20, 24, 33, 36, 47]",4,1,1,2,2,[33],0.10586045309037888,0.36421173633610116,20.833333333333332
2020-02-12,v4_ensemble,v1.0.0,"[16, 20, 24, 33, 36, 47]",4,1,1,2,4,[24],0.10613404168146666,0.3643375638055914,16.0
2020-02-15,random,v1.0.0,"[7, 8, 11, 23, 27, 30]",3,0,0,3,3,[],0.10745522698875466,0.37177617994345336,17.666666666666668
2020-02-15,ema_gap,v1.0.0,"[7, 8, 11, 23, 27, 30]",3,0,0,1,2,[],0.1109936548196193,0.38800547947240716,29.333333333333332
2020-02-15,logistic,v1.0.0,"[7, 8, 11, 23, 27, 30]",3,0,0,0,1,[],0.10870253706312094,0.37718862021430083,29.833333333333332
2020-02-15,ensemble,v1.0.0,"[7, 8, 11, 23, 27, 30]",3,0,0,0,0,[],0.1092450414907417,0.38017415671454297,35.166666666666664
2020-02-15,v2_statistical,v1.0.0,"[7, 8, 11, 23, 27, 30]",3,0,0,1,2,[],0.11571087523282385,0.40409767658557105,28.333333333333332
2020-02-15,v3_boosting,v1.0.0,"[7, 8, 11, 23, 27, 30]",3,1,1,1,2,[23],0.10849462787996335,0.3751254863027278,22.833333333333332
2020-02-15,v4_ensemble,v1.0.0,"[7, 8, 11, 23, 27, 30]",3,0,0,1,1,[],0.10981109947163063,0.3821399838358637,31.0
2020-02-19,random,v1.0.0,"[5, 6, 13, 23, 44, 49]",40,2,2,2,3,"[5, 6]",0.10745522698875466,0.37177617994345336,23.333333333333332
2020-02-19,ema_gap,v1.0.0,"[5, 6, 13, 23, 44, 49]",40,0,0,1,1,[],0.11118643750168124,0.38919003052449946,26.666666666666668
2020-02-19,logistic,v1.0.0,"[5, 6, 13, 23, 44, 49]",40,0,0,2,2,[],0.10882420019415319,0.37797030809728543,28.0
2020-02-19,ensemble,v1.0.0,"[5, 6, 13, 23, 44, 49]",40,0,0,1,1,[],0.10885811502315909,0.37852337206499365,29.5
2020-02-19,v2_statistical,v1.0.0,"[5, 6, 13, 23, 44, 49]",40,0,0,0,1,[],0.11641275337055147,0.41318832966146285,30.333333333333332
2020-02-19,v3_boosting,v1.0.0,"[5, 6, 13, 23, 44, 49]",40,0,0,0,0,[],0.11500529275116994,0.40773827690970105,35.833333333333336
2020-02-19,v4_ensemble,v1.0.0,"[5, 6, 13, 23, 44, 49]",40,0,0,0,1,[],0.11280142616023377,0.3977111732003493,35.0
2020-02-22,random,v1.0.0,"[2, 7, 26, 33, 46, 48]",25,1,1,2,2,[2],0.10745522698875466,0.37177617994345313,27.0
2020-02-22,ema_gap,v1.0.0,"[2, 7, 26, 33, 46, 48]",25,1,1,2,2,[2],0.10669019394225407,0.36873920797808873,21.833333333333332
2020-02-22,logistic,v1.0.0,"[2, 7, 26, 33, 46, 48]",25,0,0,2,3,[],0.10678422841483598,0.36796649073285326,20.333333333333332
2020-02-22,ensemble,v1.0.0,"[2, 7, 26, 33, 46, 48]",25,0,0,2,2,[],0.10673121744114294,0.3679647801557311,20.0
2020-02-22,v2_statistical,v1.0.0,"[2, 7, 26, 33, 46, 48]",25,1,1,2,2,[48],0.10948352948242376,0.3742476458037213,22.5
2020-02-22,v3_boosting,v1.0.0,"[2, 7, 26, 33, 46, 48]",25,0,0,1,1,[],0.11088017600476523,0.3868601415047126,27.833333333333332
2020-02-22,v4_ensemble,v1.0.0,"[2, 7, 26, 33, 46, 48]",25,1,1,1,2,[48],0.10826256784221057,0.37366348738476884,23.666666666666668
2020-02-26,random,v1.0.0,"[8, 25, 34, 35, 36, 38]",5,0,0,1,1,[],0.10745522698875466,0.3717761799434531,29.333333333333332
2020-02-26,ema_gap,v1.0.0,"[8, 25, 34, 35, 36, 38]",5,0,0,0,1,[],0.11152720005053089,0.3876169776518817,27.666666666666668
2020-02-26,logistic,v1.0.0,"[8, 25, 34, 35, 36, 38]",5,2,2,2,2,"[8, 36]",0.10698423989025728,0.36930792514929794,22.833333333333332
2020-02-26,ensemble,v1.0.0,"[8, 25, 34, 35, 36, 38]",5,0,0,1,2,[],0.10793794394760592,0.37372517385317633,25.666666666666668
2020-02-26,v2_statistical,v1.0.0,"[8, 25, 34, 35, 36, 38]",5,0,0,0,1,[],0.11443606586390308,0.3984370390595008,27.833333333333332
2020-02-26,v3_boosting,v1.0.0,"[8, 25, 34, 35, 36, 38]",5,1,1,2,2,[36],0.10801824670264659,0.37490891331105863,26.166666666666668
2020-02-26,v4_ensemble,v1.0.0,"[8, 25, 34, 35, 36, 38]",5,0,0,1,2,[],0.10960502598500155,0.38066616367888284,27.166666666666668
2020-02-29,random,v1.0.0,"[6, 12, 15, 18, 31, 43]",13,1,1,2,4,[6],0.10745522698875465,0.37177617994345336,20.833333333333332
2020-02-29,ema_gap,v1.0.0,"[6, 12, 15, 18, 31, 43]",13,1,1,2,2,[43],0.11264277512372492,0.39854285403872214,32.5
2020-02-29,logistic,v1.0.0,"[6, 12, 15, 18, 31, 43]",13,2,2,3,3,"[6, 15]",0.10574787353871934,0.3645239909864125,18.0
2020-02-29,ensemble,v1.0.0,"[6, 12, 15, 18, 31, 43]",13,0,0,0,2,[],0.10755617678049743,0.37205203462519704,24.166666666666668
2020-02-29,v2_statistical,v1.0.0,"[6, 12, 15, 18, 31, 43]",13,1,1,1,1,[43],0.11079522061714613,0.394382711081172,28.833333333333332
2020-02-29,v3_boosting,v1.0.0,"[6, 12, 15, 18, 31, 43]",13,4,4,4,5,"[6, 12, 18, 31]",0.101053568715806,0.34292070071680536,10.0
2020-02-29,v4_ensemble,v1.0.0,"[6, 12, 15, 18, 31, 43]",13,2,2,2,3,"[18, 43]",0.10568301652626544,0.36362500671586984,19.333333333333332
2020-03-04,random,v1.0.0,"[6, 8, 15, 24, 38, 41]",31,1,1,2,3,[6],0.10745522698875466,0.37177617994345336,22.0
2020-03-04,ema_gap,v1.0.0,"[6, 8, 15, 24, 38, 41]",31,0,0,2,4,[],0.10684081075327273,0.3664555795674872,20.0
2020-03-04,logistic,v1.0.0,"[6, 8, 15, 24, 38, 41]",31,0,0,0,2,[],0.10850975503969175,0.3761145016021771,27.666666666666668
2020-03-04,ensemble,v1.0.0,"[6, 8, 15, 24, 38, 41]",31,0,0,0,3,[],0.10716373918802534,0.3699961941208927,21.166666666666668
2020-03-04,v2_statistical,v1.0.0,"[6, 8, 15, 24, 38, 41]",31,1,1,3,3,[41],0.1084783972354368,0.37316048123810946,21.833333333333332
2020-03-04,v3_boosting,v1.0.0,"[6, 8, 15, 24, 38, 41]",31,2,2,3,4,"[15, 24]",0.10368716787269688,0.3532012243471516,13.5
2020-03-04,v4_ensemble,v1.0.0,"[6, 8, 15, 24, 38, 41]",31,0,0,3,3,[],0.10575990834820351,0.3627892745265096,18.5
2020-03-07,random,v1.0.0,"[5, 8, 13, 27, 34, 46]",39,1,1,2,3,[5],0.10745522698875466,0.37177617994345336,22.166666666666668
2020-03-07,ema_gap,v1.0.0,"[5, 8, 13, 27, 34, 46]",39,0,0,1,1,[],0.10950399278318187,0.37833681559525467,24.666666666666668
2020-03-07,logistic,v1.0.0,"[5, 8, 13, 27, 34, 46]",39,1,1,1,2,[34],0.10821260206099569,0.37613351794070915,28.833333333333332
2020-03-07,ensemble,v1.0.0,"[5, 8, 13, 27, 34, 46]",39,1,1,1,2,[34],0.10826515752994575,0.37517091582192785,26.833333333333332
2020-03-07,v2_statistical,v1.0.0,"[5, 8, 13, 27, 34, 46]",39,0,0,1,3,[],0.1103688969518312,0.3784919644542338,23.833333333333332
2020-03-07,v3_boosting,v1.0.0,"[5, 8, 13, 27, 34, 46]",39,1,1,1,2,[46],0.10820421733976224,0.3736330783204175,23.666666666666668
2020-03-07,v4_ensemble,v1.0.0,"[5, 8, 13, 27, 34, 46]",39,0,0,2,3,[],0.10847908555725709,0.3750004454957139,24.833333333333332
2020-03-11,random,v1.0.0,"[5, 24, 32, 37, 43, 44]",23,1,1,1,1,[5],0.10745522698875466,0.3717761799434531,30.833333333333332
2020-03-11,ema_gap,v1.0.0,"[5, 24, 32, 37, 43, 44]",23,2,2,2,3,"[24, 43]",0.10704174099639847,0.37410501059883744,22.833333333333332
2020-03-11,logistic,v1.0.0,"[5, 24, 32, 37, 43, 44]",23,1,1,2,2,[37],0.10809917551445489,0.37477114369163833,26.833333333333332
2020-03-11,ensemble,v1.0.0,"[5, 24, 32, 37, 43, 44]",23,1,1,2,2,[43],0.10738499438816052,0.3717320457994743,26.166666666666668
2020-03-11,v2_statistical,v1.0.0,"[5, 24, 32, 37, 43, 44]",23,1,1,2,2,[43],0.10705235867572055,0.37676244630291084,24.0
2020-03-11,v3_boosting,v1.0.0,"[5, 24, 32, 37, 43, 44]",23,1,1,1,1,[37],0.11030197160277325,0.3836981120714495,29.166666666666668
2020-03-11,v4_ensemble,v1.0.0,"[5, 24, 32, 37, 43, 44]",23,1,1,2,2,[43],0.10751557391952732,0.37272597358975235,27.166666666666668
2020-03-14,random,v1.0.0,"[1, 2, 23, 27, 31, 32]",43,2,2,2,2,"[1, 2]",0.10745522698875463,0.3717761799434532,19.333333333333332
2020-03-14,ema_gap,v1.0.0,"[1, 2, 23, 27, 31, 32]",43,1,1,2,2,[2],0.10823481015288981,0.375961283487708,26.833333333333332
2020-03-14,logistic,v1.0.0,"[1, 2, 23, 27, 31, 32]",43,0,0,0,1,[],0.10841257704804609,0.37601361547802253,31.5
2020-03-14,ensemble,v1.0.0,"[1, 2, 23, 27, 31, 32]",43,1,1,1,2,[2],0.10799308715992043,0.374293887327978,29.166666666666668
2020-03-14,v2_statistical,v1.0.0,"[1, 2, 23, 27, 31, 32]",43,1,1,2,3,[2],0.11014778670816819,0.3836340520325649,23.666666666666668
2020-03-14,v3_boosting,v1.0.0,"[1, 2, 23, 27, 31, 32]",43,0,0,0,1,[],0.11093019495922973,0.38667183319481135,29.833333333333332
2020-03-14,v4_ensemble,v1.0.0,"[1, 2, 23, 27, 31, 32]",43,1,1,1,3,[2],0.10874084268417075,0.3786715573754598,25.5
2020-03-18,random,v1.0.0,"[7, 8, 9, 12, 14, 36]",28,0,0,4,5,[],0.10745522698875463,0.3717761799434534,14.333333333333334
2020-03-18,ema_gap,v1.0.0,"[7, 8, 9, 12, 14, 36]",28,1,1,2,2,[8],0.11196904634195588,0.3951193165263939,31.666666666666668
2020-03-18,logistic,v1.0.0,"[7, 8, 9, 12, 14, 36]",28,0,0,1,3,[],0.10796647144116521,0.3734659053142853,24.0
2020-03-18,ensemble,v1.0.0,"[7, 8, 9, 12, 14, 36]",28,0,0,1,2,[],0.10924414089995503,0.3803670530815912,34.0
2020-03-18,v2_statistical,v1.0.0,"[7, 8, 9, 12, 14, 36]",28,0,0,0,2,[],0.11804782334205875,0.42545804363564815,31.833333333333332
2020-03-18,v3_boosting,v1.0.0,"[7, 8, 9, 12, 14, 36]",28,1,1,2,3,[14],0.10203833317956525,0.3484197030509323,17.5
2020-03-18,v4_ensemble,v1.0.0,"[7, 8, 9, 12, 14, 36]",28,0,0,1,3,[],0.10850319150744875,0.37530998538549465,23.333333333333332
2020-03-21,random,v1.0.0,"[6, 11, 22, 36, 37, 44]",10,1,1,2,2,[6],0.10745522698875466,0.37177617994345324,26.0
2020-03-21,ema_gap,v1.0.0,"[6, 11, 22, 36, 37, 44]",10,1,1,1,2,[36],0.11221654997044846,0.39534062859681257,31.833333333333332
2020-03-21,logistic,v1.0.0,"[6, 11, 22, 36, 37, 44]",10,1,1,2,2,[44],0.10858603514473954,0.3775668946935063,29.333333333333332
2020-03-21,ensemble,v1.0.0,"[6, 11, 22, 36, 37, 44]",10,0,0,1,2,[],0.10963897775325655,0.38212012306771753,31.833333333333332
2020-03-21,v2_statistical,v1.0.0,"[6, 11, 22, 36, 37, 44]",10,0,0,0,2,[],0.11750687081353356,0.4169139728659815,32.333333333333336
2020-03-21,v3_boosting,v1.0.0,"[6, 11, 22, 36, 37, 44]",10,0,0,0,1,[],0.1116278902727809,0.38970023840971585,31.333333333333332
2020-03-21,v4_ensemble,v1.0.0,"[6, 11, 22, 36, 37, 44]",10,0,0,0,1,[],0.11213887611337907,0.3938276396119856,33.333333333333336
2020-03-25,random,v1.0.0,"[3, 19, 31, 38, 45, 47]",48,1,1,1,1,[3],0.10745522698875466,0.3717761799434531,30.5
2020-03-25,ema_gap,v1.0.0,"[3, 19, 31, 38, 45, 47]",48,0,0,1,2,[],0.11042049991409966,0.38257897642840194,27.333333333333332
2020-03-25,logistic,v1.0.0,"[3, 19, 31, 38, 45, 47]",48,2,2,3,4,"[3, 31]",0.10589156818254983,0.3646124797506026,17.5
2020-03-25,ensemble,v1.0.0,"[3, 19, 31, 38, 45, 47]",48,1,1,2,2,[45],0.10656667482348998,0.36720726669055953,18.166666666666668
2020-03-25,v2_statistical,v1.0.0,"[3, 19, 31, 38, 45, 47]",48,1,1,3,4,[45],0.10433681427026031,0.3528265505974845,15.666666666666666
2020-03-25,v3_boosting,v1.0.0,"[3, 19, 31, 38, 45, 47]",48,1,1,2,3,[3],0.10439455730239958,0.36004196610864764,20.666666666666668
2020-03-25,v4_ensemble,v1.0.0,"[3, 19, 31, 38, 45, 47]",48,2,2,3,4,"[3, 45]",0.10483780411345171,0.3586934365864325,14.666666666666666
2020-03-28,random,v1.0.0,"[2, 7, 21, 30, 33, 46]",27,1,1,2,2,[2],0.10745522698875465,0.37177617994345324,23.166666666666668
2020-03-28,ema_gap,v1.0.0,"[2, 7, 21, 30, 33, 46]",27,1,1,1,3,[2],0.10627850240223759,0.3663309274722095,21.333333333333332
2020-03-28,logistic,v1.0.0,"[2, 7, 21, 30, 33, 46]",27,0,0,1,1,[],0.10762597083080752,0.372261316068601,26.166666666666668
2020-03-28,ensemble,v1.0.0,"[2, 7, 21, 30, 33, 46]",27,1,1,2,3,[2],0.10683805504892907,0.3689453440947162,20.833333333333332
2020-03-28,v2_statistical,v1.0.0,"[2, 7, 21, 30, 33, 46]",27,1,1,1,2,[2],0.10798510225212854,0.3669345473530304,18.5
2020-03-28,v3_boosting,v1.0.0,"[2, 7, 21, 30, 33, 46]",27,0,0,1,1,[],0.11208724105342167,0.3911647137894782,30.166666666666668
2020-03-28,v4_ensemble,v1.0.0,"[2, 7, 21, 30, 33, 46]",27,1,1,2,2,[2],0.1079514445624288,0.37314278232523085,24.166666666666668
2020-04-01,random,v1.0.0,"[4, 6, 10, 13, 25, 49]",41,2,2,3,4,"[4, 6]",0.10745522698875465,0.3717761799434534,17.833333333333332
2020-04-01,ema_gap,v1.0.0,"[4, 6, 10, 13, 25, 49]",41,0,0,0,0,[],0.11259272613927873,0.3923331160524966,31.166666666666668
2020-04-01,logistic,v1.0.0,"[4, 6, 10, 13, 25, 49]",41,0,0,1,1,[],0.10948412164880487,0.3815572494844984,28.166666666666668
2020-04-01,ensemble,v1.0.0,"[4, 6, 10, 13, 25, 49]",41,0,0,0,0,[],0.10926001536497816,0.37993508774126455,32.833333333333336
2020-04-01,v2_statistical,v1.0.0,"[4, 6, 10, 13, 25, 49]",41,0,0,0,1,[],0.11598962929251168,0.4066491862643498,29.833333333333332
2020-04-01,v3_boosting,v1.0.0,"[4, 6, 10, 13, 25, 49]",41,0,0,2,3,[],0.10813643680717372,0.37330252314011625,23.5
2020-04-01,v4_ensemble,v1.0.0,"[4, 6, 10, 13, 25, 49]",41,0,0,0,0,[],0.11055471314164206,0.38512923271974153,31.0
2020-04-04,random,v1.0.0,"[19, 29, 34, 35, 44, 45]",10,0,0,0,0,[],0.10745522698875466,0.37177617994345313,34.333333333333336
2020-04-04,ema_gap,v1.0.0,"[19, 29, 34, 35, 44, 45]",10,1,1,1,2,[45],0.10968129533356762,0.382372459641801,26.0
2020-04-04,logistic,v1.0.0,"[19, 29, 34, 35, 44, 45]",10,1,1,3,4,[45],0.10466194528493028,0.3594672238097902,15.666666666666666
2020-04-04,ensemble,v1.0.0,"[19, 29, 34, 35, 44, 45]",10,1,1,1,3,[45],0.10630826158627502,0.36684965078713866,21.166666666666668
2020-04-04,v2_statistical,v1.0.0,"[19, 29, 34, 35, 44, 45]",10,1,1,1,1,[45],0.10736993649641813,0.38033024206086946,25.666666666666668
2020-04-04,v3_boosting,v1.0.0,"[19, 29, 34, 35, 44, 45]",10,1,1,1,3,[44],0.10714209597327046,0.36855628219023845,19.5
2020-04-04,v4_ensemble,v1.0.0,"[19, 29, 34, 35, 44, 45]",10,1,1,2,2,[45],0.10658810551906786,0.3686776361487167,23.0
2020-04-08,random,v1.0.0,"[9, 13, 21, 23, 30, 32]",15,0,0,1,2,[],0.10745522698875465,0.37177617994345324,21.333333333333332
2020-04-08,ema_gap,v1.0.0,"[9, 13, 21, 23, 30, 32]",15,0,0,2,3,[],0.10779517343164204,0.37255172887952626,22.0
2020-04-08,logistic,v1.0.0,"[9, 13, 21, 23, 30, 32]",15,2,2,3,3,"[23, 30]",0.10614725487813087,0.36549197390128146,19.5
2020-04-08,ensemble,v1.0.0,"[9, 13, 21, 23, 30, 32]",15,2,2,3,3,"[23, 30]",0.10703604576727878,0.36989170941260413,22.5
2020-04-08,v2_statistical,v1.0.0,"[9, 13, 21, 23, 30, 32]",15,0,0,0,2,[],0.11422176848151087,0.3984121813002142,29.0
2020-04-08,v3_boosting,v1.0.0,"[9, 13, 21, 23, 30, 32]",15,0,0,1,1,[],0.11147890090928042,0.3909668371901768,34.0
2020-04-08,v4_ensemble,v1.0.0,"[9, 13, 21, 23, 30, 32]",15,1,1,1,2,[30],0.10976365943928486,0.38306356439246825,30.333333333333332
2020-04-11,random,v1.0.0,"[10, 13, 17, 32, 35, 42]",26,0,0,1,3,[],0.10745522698875466,0.37177617994345336,24.833333333333332
2020-04-11,ema_gap,v1.0.0,"[10, 13, 17, 32, 35, 42]",26,0,0,1,1,[],0.11210829995937611,0.39558222124783626,30.833333333333332
2020-04-11,logistic,v1.0.0,"[10, 13, 17, 32, 35, 42]",26,2,2,3,3,"[17, 42]",0.10796166247616583,0.375141269137251,23.0
2020-04-11,ensemble,v1.0.0,"[10, 13, 17, 32, 35, 42]",26,0,0,0,1,[],0.10898633384115955,0.37880100921959037,35.0
2020-04-11,v2_statistical,v1.0.0,"[10, 13, 17, 32, 35, 42]",26,0,0,0,0,[],0.11828618036565144,0.4215549705559381,33.666666666666664
2020-04-11,v3_boosting,v1.0.0,"[10, 13, 17, 32, 35, 42]",26,0,0,0,1,[],0.11257664877393958,0.39245225546826434,30.833333333333332
2020-04-11,v4_ensemble,v1.0.0,"[10, 13, 17, 32, 35, 42]",26,0,0,0,0,[],0.11228934361901506,0.3940349070964832,38.5
2020-04-15,random,v1.0.0,"[1, 3, 7, 13, 22, 47]",30,2,2,3,4,"[1, 3]",0.10745522698875463,0.3717761799434534,15.5
2020-04-15,ema_gap,v1.0.0,"[1, 3, 7, 13, 22, 47]",30,1,1,1,1,[13],0.11017029458662007,0.38428902396632225,28.666666666666668
2020-04-15,logistic,v1.0.0,"[1, 3, 7, 13, 22, 47]",30,0,0,1,2,[],0.10820339893411793,0.3745825250391476,26.666666666666668
2020-04-15,ensemble,v1.0.0,"[1, 3, 7, 13, 22, 47]",30,1,1,1,1,[13],0.10851193501660207,0.3768716195890006,30.5
2020-04-15,v2_statistical,v1.0.0,"[1, 3, 7, 13, 22, 47]",30,0,0,1,1,[],0.11482018574914878,0.40545293185756676,29.166666666666668
2020-04-15,v3_boosting,v1.0.0,"[1, 3, 7, 13, 22, 47]",30,0,0,0,0,[],0.1145136020394274,0.40275631786525123,35.0
2020-04-15,v4_ensemble,v1.0.0,"[1, 3, 7, 13, 22, 47]",30,0,0,0,1,[],0.1116745314919185,0.3922934935824157,34.5
2020-04-18,random,v1.0.0,"[1, 10, 23, 32, 46, 48]",36,1,1,2,2,[1],0.10745522698875465,0.3717761799434532,26.666666666666668
2020-04-18,ema_gap,v1.0.0,"[1, 10, 23, 32, 46, 48]",36,1,1,1,3,[23],0.10552087598045837,0.3600799201410956,17.833333333333332
2020-04-18,logistic,v1.0.0,"[1, 10, 23, 32, 46, 48]",36,2,2,2,4,"[23, 46]",0.10656376366573954,0.36805508717954444,20.333333333333332
2020-04-18,ensemble,v1.0.0,"[1, 10, 23, 32, 46, 48]",36,1,1,2,3,[23],0.10647796964578245,0.36716439167389314,19.833333333333332
2020-04-18,v2_statistical,v1.0.0,"[1, 10, 23, 32, 46, 48]",36,1,1,2,2,[23],0.1083112429686631,0.37012173155161987,21.166666666666668
2020-04-18,v3_boosting,v1.0.0,"[1, 10, 23, 32, 46, 48]",36,1,1,1,2,[46],0.10916960444646429,0.3768061258585545,24.5
2020-04-18,v4_ensemble,v1.0.0,"[1, 10, 23, 32, 46, 48]",36,1,1,2,2,[46],0.10725026590658449,0.36866526129792876,21.0
2020-04-22,random,v1.0.0,"[9, 10, 11, 14, 15, 28]",36,0,0,3,5,[],0.10745522698875463,0.3717761799434534,14.5
2020-04-22,ema_gap,v1.0.0,"[9, 10, 11, 14, 15, 28]",36,0,0,1,1,[],0.11486696299160945,0.40844477235905174,37.0
2020-04-22,logistic,v1.0.0,"[9, 10, 11, 14, 15, 28]",36,0,0,0,1,[],0.10846267462083661,0.3760681081813835,29.666666666666668
2020-04-22,ensemble,v1.0.0,"[9, 10, 11, 14, 15, 28]",36,0,0,0,0,[],0.1101957810454857,0.38474297692605436,41.0
2020-04-22,v2_statistical,v1.0.0,"[9, 10, 11, 14, 15, 28]",36,0,0,1,1,[],0.11973526045534828,0.4405705212151321,38.5
2020-04-22,v3_boosting,v1.0.0,"[9, 10, 11, 14, 15, 28]",36,2,2,3,5,"[9, 10]",0.10564477633323725,0.3620099917773617,16.5
2020-04-22,v4_ensemble,v1.0.0,"[9, 10, 11, 14, 15, 28]",36,1,1,1,1,[10],0.11105881670454451,0.38911569832984544,33.833333333333336
2020-04-25,random,v1.0.0,"[6, 10, 11, 22, 32, 48]",17,1,1,3,3,[6],0.10745522698875465,0.37177617994345336,21.5
2020-04-25,ema_gap,v1.0.0,"[6, 10, 11, 22, 32, 48]",17,1,1,3,3,[10],0.1051363793588272,0.36069634721996585,19.5
2020-04-25,logistic,v1.0.0,"[6, 10, 11, 22, 32, 48]",17,0,0,1,2,[],0.10976217717073591,0.38379276566384396,32.5
2020-04-25,ensemble,v1.0.0,"[6, 10, 11, 22, 32, 48]",17,1,1,1,2,[48],0.1081657394909651,0.37520339331840213,28.833333333333332
2020-04-25,v2_statistical,v1.0.0,"[6, 10, 11, 22, 32, 48]",17,1,1,2,2,[48],0.1103789921505849,0.3829195777036131,24.5
2020-04-25,v3_boosting,v1.0.0,"[6, 10, 11, 22, 32, 48]",17,1,1,2,2,[22],0.10773303429797995,0.3717738144518752,22.666666666666668
2020-04-25,v4_ensemble,v1.0.0,"[6, 10, 11, 22, 32, 48]",17,0,0,2,2,[],0.10770617887832624,0.3723657475779947,23.666666666666668
2020-04-29,random,v1.0.0,"[6, 17, 21, 30, 40, 41]",27,1,1,1,2,[6],0.10745522698875466,0.37177617994345324,25.833333333333332
2020-04-29,ema_gap,v1.0.0,"[6, 17, 21, 30, 40, 41]",27,0,0,1,3,[],0.1099910915953469,0.3843059694087056,25.833333333333332
2020-04-29,logistic,v1.0.0,"[6, 17, 21, 30, 40, 41]",27,1,1,1,2,[6],0.10782781393136237,0.3729596748623327,25.0
2020-04-29,ensemble,v1.0.0,"[6, 17, 21, 30, 40, 41]",27,0,0,2,3,[],0.10801447890556275,0.37412850806019865,25.333333333333332
2020-04-29,v2_statistical,v1.0.0,"[6, 17, 21, 30, 40, 41]",27,0,0,1,3,[],0.11119718213487265,0.3855773279356581,26.833333333333332
2020-04-29,v3_boosting,v1.0.0,"[6, 17, 21, 30, 40, 41]",27,1,1,2,3,[21],0.1047815897346447,0.3602581044376972,19.0
2020-04-29,v4_ensemble,v1.0.0,"[6, 17, 21, 30, 40, 41]",27,1,1,2,2,[21],0.10726335985033104,0.370438897557646,23.166666666666668
2020-05-02,random,v1.0.0,"[15, 18, 26, 34, 43, 45]",42,0,0,0,2,[],0.10745522698875466,0.3717761799434532,30.166666666666668
2020-05-02,ema_gap,v1.0.0,"[15, 18, 26, 34, 43, 45]",42,0,0,1,2,[],0.11013992055400222,0.3831264387188971,27.0
2020-05-02,logistic,v1.0.0,"[15, 18, 26, 34, 43, 45]",42,2,2,3,4,"[15, 45]",0.10568311042471908,0.3639206785427861,17.833333333333332
2020-05-02,ensemble,v1.0.0,"[15, 18, 26, 34, 43, 45]",42,1,1,2,2,[45],0.10680153531541468,0.3689994911810113,23.0
2020-05-02,v2_statistical,v1.0.0,"[15, 18, 26, 34, 43, 45]",42,2,2,2,2,"[43, 45]",0.10559132600673332,0.3745810389647043,25.666666666666668
2020-05-02,v3_boosting,v1.0.0,"[15, 18, 26, 34, 43, 45]",42,1,1,2,4,[43],0.10757924381422279,0.37033480661412804,20.166666666666668
2020-05-02,v4_ensemble,v1.0.0,"[15, 18, 26, 34, 43, 45]",42,2,2,2,2,"[43, 45]",0.10638132990982693,0.3687207137882429,24.333333333333332
2020-05-06,random,v1.0.0,"[6, 29, 34, 36, 45, 49]",3,1,1,1,1,[6],0.10745522698875466,0.3717761799434531,33.166666666666664
2020-05-06,ema_gap,v1.0.0,"[6, 29, 34, 36, 45, 49]",3,1,1,2,4,[45],0.10583496652295463,0.36452492311582524,20.0
2020-05-06,logistic,v1.0.0,"[6, 29, 34, 36, 45, 49]",3,0,0,0,2,[],0.11015119308787287,0.3843288186063478,32.333333333333336
2020-05-06,ensemble,v1.0.0,"[6, 29, 34, 36, 45, 49]",3,0,0,2,3,[],0.10784856561258226,0.3734648308043578,24.833333333333332
2020-05-06,v2_statistical,v1.0.0,"[6, 29, 34, 36, 45, 49]",3,2,2,2,2,"[34, 45]",0.10286798077029029,0.3546720153052685,19.333333333333332
2020-05-06,v3_boosting,v1.0.0,"[6, 29, 34, 36, 45, 49]",3,1,1,1,2,[36],0.10875056891690142,0.37836504252707565,26.0
2020-05-06,v4_ensemble,v1.0.0,"[6, 29, 34, 36, 45, 49]",3,2,2,2,3,"[36, 45]",0.10591092966933324,0.3660736945186135,23.666666666666668
2020-05-09,random,v1.0.0,"[13, 14, 15, 35, 45, 47]",9,0,0,0,3,[],0.10745522698875463,0.37177617994345336,28.166666666666668
2020-05-09,ema_gap,v1.0.0,"[13, 14, 15, 35, 45, 47]",9,2,2,2,2,"[13, 45]",0.10458131965299723,0.35993547879677856,19.166666666666668
2020-05-09,logistic,v1.0.0,"[13, 14, 15, 35, 45, 47]",9,0,0,1,1,[],0.10901994735087502,0.3792969668053627,32.333333333333336
2020-05-09,ensemble,v1.0.0,"[13, 14, 15, 35, 45, 47]",9,1,1,2,3,[45],0.10700435339003417,0.3696770356717721,20.666666666666668
2020-05-09,v2_statistical,v1.0.0,"[13, 14, 15, 35, 45, 47]",9,1,1,1,2,[45],0.10362117437650305,0.3682694010819581,24.166666666666668
2020-05-09,v3_boosting,v1.0.0,"[13, 14, 15, 35, 45, 47]",9,1,1,3,3,[14],0.10905387006329562,0.38051822624238324,26.166666666666668
2020-05-09,v4_ensemble,v1.0.0,"[13, 14, 15, 35, 45, 47]",9,1,1,2,3,[45],0.10575526924690894,0.3657837577459922,24.166666666666668
2020-05-13,random,v1.0.0,"[3, 10, 21, 35, 38, 48]",28,1,1,2,2,[3],0.10745522698875466,0.37177617994345324,25.833333333333332
2020-05-13,ema_gap,v1.0.0,"[3, 10, 21, 35, 38, 48]",28,1,1,2,4,[10],0.10480352990710562,0.3574212392303337,16.333333333333332
2020-05-13,logistic,v1.0.0,"[3, 10, 21, 35, 38, 48]",28,1,1,1,2,[10],0.10753675705883362,0.3716990719379808,25.5
2020-05-13,ensemble,v1.0.0,"[3, 10, 21, 35, 38, 48]",28,2,2,2,4,"[10, 48]",0.10618661423991113,0.3657846648587139,16.666666666666668
2020-05-13,v2_statistical,v1.0.0,"[3, 10, 21, 35, 38, 48]",28,0,0,2,3,[],0.10797993927913135,0.3645875824347674,18.166666666666668
2020-05-13,v3_boosting,v1.0.0,"[3, 10, 21, 35, 38, 48]",28,0,0,2,2,[],0.10873019459999325,0.37555294828911984,23.666666666666668
2020-05-13,v4_ensemble,v1.0.0,"[3, 10, 21, 35, 38, 48]",28,0,0,3,4,[],0.10676222885517872,0.3672755793454231,19.166666666666668
2020-05-16,random,v1.0.0,"[1, 6, 7, 14, 26, 48]",49,2,2,3,4,"[1, 6]",0.10745522698875465,0.37177617994345336,17.0
2020-05-16,ema_gap,v1.0.0,"[1, 6, 7, 14, 26, 48]",49,1,1,2,2,[48],0.10724008318416609,0.3694399042074037,21.833333333333332
2020-05-16,logistic,v1.0.0,"[1, 6, 7, 14, 26, 48]",49,0,0,1,2,[],0.10932915888086646,0.3798313063896138,29.0
2020-05-16,ensemble,v1.0.0,"[1, 6, 7, 14, 26, 48]",49,1,1,2,2,[48],0.10849262321713052,0.3764004546458006,26.833333333333332
2020-05-16,v2_statistical,v1.0.0,"[1, 6, 7, 14, 26, 48]",49,1,1,1,1,[48],0.11238740139300984,0.3906896204135589,26.833333333333332
2020-05-16,v3_boosting,v1.0.0,"[1, 6, 7, 14, 26, 48]",49,1,1,1,2,[6],0.10865240309817434,0.37731156767983615,25.666666666666668
2020-05-16,v4_ensemble,v1.0.0,"[1, 6, 7, 14, 26, 48]",49,1,1,2,2,[6],0.10903121831375781,0.3783690953538941,25.166666666666668
2020-05-20,random,v1.0.0,"[8, 23, 25, 34, 37, 47]",4,0,0,1,1,[],0.10745522698875466,0.3717761799434532,29.0
2020-05-20,ema_gap,v1.0.0,"[8, 23, 25, 34, 37, 47]",4,0,0,1,3,[],0.11009867974850346,0.38296438531915217,26.0
2020-05-20,logistic,v1.0.0,"[8, 23, 25, 34, 37, 47]",4,2,2,2,4,"[8, 23]",0.10504227772186117,0.3601047926772031,13.666666666666666
2020-05-20,ensemble,v1.0.0,"[8, 23, 25, 34, 37, 47]",4,1,1,3,4,[23],0.1069114331683067,0.3692550640601099,20.333333333333332
2020-05-20,v2_statistical,v1.0.0,"[8, 23, 25, 34, 37, 47]",4,1,1,2,3,[34],0.10985559761064993,0.3832498748591405,24.0
2020-05-20,v3_boosting,v1.0.0,"[8, 23, 25, 34, 37, 47]",4,2,2,3,4,"[25, 34]",0.10447600008102237,0.3575410955996762,14.166666666666666
2020-05-20,v4_ensemble,v1.0.0,"[8, 23, 25, 34, 37, 47]",4,1,1,3,3,[34],0.10623651104233574,0.36568611356418856,20.0
2020-05-23,random,v1.0.0,"[4, 25, 27, 28, 35, 44]",9,1,1,1,1,[4],0.10745522698875465,0.37177617994345313,27.166666666666668
2020-05-23,ema_gap,v1.0.0,"[4, 25, 27, 28, 35, 44]",9,0,0,0,1,[],0.11218429035388533,0.3919639822573453,30.833333333333332
2020-05-23,logistic,v1.0.0,"[4, 25, 27, 28, 35, 44]",9,0,0,2,2,[],0.10778808033595579,0.37319203892419833,26.166666666666668
2020-05-23,ensemble,v1.0.0,"[4, 25, 27, 28, 35, 44]",9,0,0,1,2,[],0.1085645818570774,0.3769753163681207,30.333333333333332
2020-05-23,v2_statistical,v1.0.0,"[4, 25, 27, 28, 35, 44]",9,0,0,0,0,[],0.11534868435999145,0.402203786502532,29.5
2020-05-23,v3_boosting,v1.0.0,"[4, 25, 27, 28, 35, 44]",9,1,1,2,3,[35],0.1075539794126404,0.3711486869763833,22.166666666666668
2020-05-23,v4_ensemble,v1.0.0,"[4, 25, 27, 28, 35, 44]",9,1,1,1,1,[35],0.10962476195521743,0.38140370051451744,30.0
2020-05-27,random,v1.0.0,"[7, 17, 18, 22, 28, 34]",1,0,0,1,3,[],0.10745522698875466,0.37177617994345336,21.0
2020-05-27,ema_gap,v1.0.0,"[7, 17, 18, 22, 28, 34]",1,0,0,1,1,[],0.10982819853992248,0.3800495973052087,26.166666666666668
2020-05-27,logistic,v1.0.0,"[7, 17, 18, 22, 28, 34]",1,1,1,2,3,[34],0.10659909528815134,0.36759690425933256,21.833333333333332
2020-05-27,ensemble,v1.0.0,"[7, 17, 18, 22, 28, 34]",1,1,1,2,2,[34],0.10771124446170154,0.37275945469468796,24.5
2020-05-27,v2_statistical,v1.0.0,"[7, 17, 18, 22, 28, 34]",1,1,1,1,1,[34],0.11238883619400829,0.39497836508798,28.666666666666668
2020-05-27,v3_boosting,v1.0.0,"[7, 17, 18, 22, 28, 34]",1,0,0,2,2,[],0.10985218718406216,0.38112465745397683,25.666666666666668
2020-05-27,v4_ensemble,v1.0.0,"[7, 17, 18, 22, 28, 34]",1,1,1,1,1,[34],0.10902597842927365,0.37826457799574753,26.666666666666668
2020-05-30,random,v1.0.0,"[11, 17, 27, 28, 30, 43]",35,0,0,1,2,[],0.10745522698875466,0.3717761799434532,26.0
2020-05-30,ema_gap,v1.0.0,"[11, 17, 27, 28, 30, 43]",35,0,0,1,2,[],0.10879189681632795,0.37479820952513704,24.833333333333332
2020-05-30,logistic,v1.0.0,"[11, 17, 27, 28, 30, 43]",35,1,1,1,3,[43],0.10864216588461954,0.3771045579756707,27.666666666666668
2020-05-30,ensemble,v1.0.0,"[11, 17, 27, 28, 30, 43]",35,1,1,2,2,[43],0.10817570465482786,0.3749300677633448,26.5
2020-05-30,v2_statistical,v1.0.0,"[11, 17, 27, 28, 30, 43]",35,1,1,2,2,[43],0.11021236599963581,0.3806636359029533,23.833333333333332
2020-05-30,v3_boosting,v1.0.0,"[11, 17, 27, 28, 30, 43]",35,1,1,1,3,[28],0.1064665854996327,0.36645995150365485,20.833333333333332
2020-05-30,v4_ensemble,v1.0.0,"[11, 17, 27, 28, 30, 43]",35,1,1,2,3,[43],0.10760789825824155,0.37136247295487645,21.666666666666668
2020-06-03,random,v1.0.0,"[2, 15, 20, 22, 29, 39]",13,1,1,1,2,[2],0.10745522698875466,0.37177617994345324,21.166666666666668
2020-06-03,ema_gap,v1.0.0,"[2, 15, 20, 22, 29, 39]",13,0,0,0,1,[],0.11423253946571066,0.40526557794215856,35.0
2020-06-03,logistic,v1.0.0,"[2, 15, 20, 22, 29, 39]",13,1,1,1,1,[20],0.10634739425637432,0.36654742182601485,21.833333333333332
2020-06-03,ensemble,v1.0.0,"[2, 15, 20, 22, 29, 39]",13,0,0,1,2,[],0.10840383731381341,0.3761283230451545,30.0
2020-06-03,v2_statistical,v1.0.0,"[2, 15, 20, 22, 29, 39]",13,0,0,1,1,[],0.11564703738408755,0.40659119504488317,32.666666666666664
2020-06-03,v3_boosting,v1.0.0,"[2, 15, 20, 22, 29, 39]",13,1,1,2,2,[39],0.10809124858210874,0.37329546551362464,24.0
2020-06-03,v4_ensemble,v1.0.0,"[2, 15, 20, 22, 29, 39]",13,0,0,1,1,[],0.10988362357749488,0.38232706032375896,30.5
2020-06-06,random,v1.0.0,"[6, 22, 38, 45, 48, 49]",2,1,1,1,1,[6],0.10745522698875466,0.3717761799434531,34.666666666666664
2020-06-06,ema_gap,v1.0.0,"[6, 22, 38, 45, 48, 49]",2,2,2,3,3,"[45, 48]",0.10221566225756902,0.3485178595240271,15.5
2020-06-06,logistic,v1.0.0,"[6, 22, 38, 45, 48, 49]",2,0,0,0,0,[],0.10995726756156737,0.3836371584846323,38.666666666666664
2020-06-06,ensemble,v1.0.0,"[6, 22, 38, 45, 48, 49]",2,2,2,2,2,"[45, 48]",0.10691696287994192,0.369414511060914,21.333333333333332
2020-06-06,v2_statistical,v1.0.0,"[6, 22, 38, 45, 48, 49]",2,2,2,2,3,"[45, 48]",0.09874948642204313,0.3413323751584092,18.166666666666668
2020-06-06,v3_boosting,v1.0.0,"[6, 22, 38, 45, 48, 49]",2,1,1,3,4,[49],0.10663281890840373,0.37043838803165574,20.666666666666668
2020-06-06,v4_ensemble,v1.0.0,"[6, 22, 38, 45, 48, 49]",2,2,2,2,3,"[45, 48]",0.10339723629443365,0.3543027878508075,15.5
2020-06-10,random,v1.0.0,"[3, 13, 25, 33, 34, 45]",14,1,1,1,2,[3],0.10745522698875466,0.3717761799434532,25.5
2020-06-10,ema_gap,v1.0.0,"[3, 13, 25, 33, 34, 45]",14,2,2,3,3,"[34, 45]",0.10466043840799931,0.3618150248290523,20.166666666666668
2020-06-10,logistic,v1.0.0,"[3, 13, 25, 33, 34, 45]",14,0,0,1,3,[],0.10831428107494455,0.3751550055563726,27.0
2020-06-10,ensemble,v1.0.0,"[3, 13, 25, 33, 34, 45]",14,1,1,2,2,[45],0.10674138769015053,0.36880754786851055,22.666666666666668
2020-06-10,v2_statistical,v1.0.0,"[3, 13, 25, 33, 34, 45]",14,2,2,2,2,"[34, 45]",0.10209288191884057,0.35891210070440904,22.0
2020-06-10,v3_boosting,v1.0.0,"[3, 13, 25, 33, 34, 45]",14,0,0,1,2,[],0.11045478720973823,0.3847783377295097,28.833333333333332
2020-06-10,v4_ensemble,v1.0.0,"[3, 13, 25, 33, 34, 45]",14,2,2,2,2,"[34, 45]",0.10582384683853466,0.36684004315137725,24.0
2020-06-13,random,v1.0.0,"[3, 31, 34, 38, 45, 48]",12,1,1,1,1,[3],0.10745522698875466,0.3717761799434531,33.166666666666664
2020-06-13,ema_gap,v1.0.0,"[3, 31, 34, 38, 45, 48]",12,3,3,3,4,"[34, 45, 48]",0.0990136602874235,0.33996556849590653,14.0
2020-06-13,logistic,v1.0.0,"[3, 31, 34, 38, 45, 48]",12,2,2,3,4,"[45, 48]",0.1055255414592238,0.36325644224285636,17.5
2020-06-13,ensemble,v1.0.0,"[3, 31, 34, 38, 45, 48]",12,4,4,4,4,"[34, 38, 45, 48]",0.10384677544444168,0.35642373821237183,14.5
2020-06-13,v2_statistical,v1.0.0,"[3, 31, 34, 38, 45, 48]",12,3,3,4,4,"[34, 45, 48]",0.09098402535740845,0.31136373210637913,11.166666666666666
2020-06-13,v3_boosting,v1.0.0,"[3, 31, 34, 38, 45, 48]",12,1,1,3,4,[45],0.10525539650840579,0.3609767303001569,18.333333333333332
2020-06-13,v4_ensemble,v1.0.0,"[3, 31, 34, 38, 45, 48]",12,3,3,3,3,"[34, 45, 48]",0.0993613502661459,0.33918326264487314,12.166666666666666
2020-06-17,random,v1.0.0,"[5, 10, 18, 29, 32, 48]",6,1,1,2,3,[5],0.10745522698875466,0.37177617994345324,23.666666666666668
2020-06-17,ema_gap,v1.0.0,"[5, 10, 18, 29, 32, 48]",6,1,1,2,2,[48],0.10673201192743709,0.3691302271494541,23.166666666666668
2020-06-17,logistic,v1.0.0,"[5, 10, 18, 29, 32, 48]",6,0,0,3,3,[],0.10785898020122497,0.37425992732450236,24.333333333333332
2020-06-17,ensemble,v1.0.0,"[5, 10, 18, 29, 32, 48]",6,1,1,3,3,[10],0.1070235163170814,0.3696204289655777,21.0
2020-06-17,v2_statistical,v1.0.0,"[5, 10, 18, 29, 32, 48]",6,2,2,2,2,"[10, 48]",0.1116265928860718,0.3882655844264321,26.166666666666668
2020-06-17,v3_boosting,v1.0.0,"[5, 10, 18, 29, 32, 48]",6,0,0,0,0,[],0.11142886378484984,0.38963541939225044,34.0
2020-06-17,v4_ensemble,v1.0.0,"[5, 10, 18, 29, 32, 48]",6,1,1,2,2,[48],0.1090380593474756,0.37970707365821504,29.333333333333332
2020-06-20,random,v1.0.0,"[14, 22, 29, 36, 48, 49]",19,0,0,0,1,[],0.10745522698875466,0.37177617994345313,33.0
2020-06-20,ema_gap,v1.0.0,"[14, 22, 29, 36, 48, 49]",19,1,1,1,2,[48],0.10492460074791037,0.3606685832644084,21.5
2020-06-20,logistic,v1.0.0,"[14, 22, 29, 36, 48, 49]",19,0,0,1,1,[],0.10900142122752732,0.3793677036450352,30.833333333333332
2020-06-20,ensemble,v1.0.0,"[14, 22, 29, 36, 48, 49]",19,1,1,1,2,[48],0.10727130065927469,0.37101060513342693,25.166666666666668
2020-06-20,v2_statistical,v1.0.0,"[14, 22, 29, 36, 48, 49]",19,1,1,1,1,[48],0.10947290880111075,0.380323326487838,26.666666666666668
2020-06-20,v3_boosting,v1.0.0,"[14, 22, 29, 36, 48, 49]",19,1,1,1,1,[49],0.10901335336172363,0.3789592935097221,29.0
2020-06-20,v4_ensemble,v1.0.0,"[14, 22, 29, 36, 48, 49]",19,1,1,2,2,[48],0.10762373673683871,0.37343761271143944,27.0
2020-06-24,random,v1.0.0,"[6, 16, 23, 39, 47, 48]",33,1,1,1,2,[6],0.10745522698875465,0.3717761799434532,29.833333333333332
2020-06-24,ema_gap,v1.0.0,"[6, 16, 23, 39, 47, 48]",33,2,2,2,3,"[6, 48]",0.10450027382412355,0.36361937617504486,22.666666666666668
2020-06-24,logistic,v1.0.0,"[6, 16, 23, 39, 47, 48]",33,1,1,2,2,[48],0.10763920011830913,0.3720499489995908,23.833333333333332
2020-06-24,ensemble,v1.0.0,"[6, 16, 23, 39, 47, 48]",33,1,1,1,2,[48],0.10648172096879224,0.36792583699650155,23.5
2020-06-24,v2_statistical,v1.0.0,"[6, 16, 23, 39, 47, 48]",33,1,1,3,3,[48],0.10602917964820216,0.36720575971166797,20.666666666666668
2020-06-24,v3_boosting,v1.0.0,"[6, 16, 23, 39, 47, 48]",33,1,1,1,1,[48],0.10765639263396841,0.3725943800990739,22.833333333333332
2020-06-24,v4_ensemble,v1.0.0,"[6, 16, 23, 39, 47, 48]",33,1,1,1,4,[48],0.10587530226750351,0.3662543903642747,22.666666666666668
2020-06-27,random,v1.0.0,"[1, 13, 14, 24, 36, 44]",7,1,1,1,3,[1],0.10745522698875463,0.37177617994345336,22.0
2020-06-27,ema_gap,v1.0.0,"[1, 13, 14, 24, 36, 44]",7,0,0,2,2,[],0.10990316580699286,0.37933191168483665,24.666666666666668
2020-06-27,logistic,v1.0.0,"[1, 13, 14, 24, 36, 44]",7,1,1,1,2,[36],0.10855192171749468,0.376838370924309,28.333333333333332
2020-06-27,ensemble,v1.0.0,"[1, 13, 14, 24, 36, 44]",7,0,0,1,1,[],0.1081372181669029,0.37427687037749513,25.833333333333332
2020-06-27,v2_statistical,v1.0.0,"[1, 13, 14, 24, 36, 44]",7,0,0,1,1,[],0.1153043103917968,0.39978554383094506,29.0
2020-06-27,v3_boosting,v1.0.0,"[1, 13, 14, 24, 36, 44]",7,0,0,1,3,[],0.10752576691613225,0.3695467884287359,20.666666666666668
2020-06-27,v4_ensemble,v1.0.0,"[1, 13, 14, 24, 36, 44]",7,0,0,1,3,[],0.10987897883454498,0.37983328765984553,25.166666666666668
2020-07-01,random,v1.0.0,"[1, 12, 27, 30, 34, 49]",32,1,1,2,2,[1],0.10745522698875466,0.37177617994345313,25.5
2020-07-01,ema_gap,v1.0.0,"[1, 12, 27, 30, 34, 49]",32,1,1,1,2,[34],0.10930876487998605,0.37957876506209026,24.833333333333332
2020-07-01,logistic,v1.0.0,"[1, 12, 27, 30, 34, 49]",32,2,2,3,4,"[12, 34]",0.10549374674069939,0.36355966244723364,17.166666666666668
2020-07-01,ensemble,v1.0.0,"[1, 12, 27, 30, 34, 49]",32,1,1,2,3,[34],0.10689179462235035,0.36911322775902494,20.833333333333332
2020-07-01,v2_statistical,v1.0.0,"[1, 12, 27, 30, 34, 49]",32,1,1,1,2,[34],0.11135111860218218,0.3897573233723657,27.333333333333332
2020-07-01,v3_boosting,v1.0.0,"[1, 12, 27, 30, 34, 49]",32,1,1,1,1,[12],0.10970014722515621,0.3831790577902031,31.166666666666668
2020-07-01,v4_ensemble,v1.0.0,"[1, 12, 27, 30, 34, 49]",32,1,1,1,2,[34],0.10835325339541557,0.3747201255160305,24.666666666666668
2020-07-04,random,v1.0.0,"[15, 20, 27, 34, 38, 42]",47,0,0,0,1,[],0.10745522698875466,0.3717761799434532,29.333333333333332
2020-07-04,ema_gap,v1.0.0,"[15, 20, 27, 34, 38, 42]",47,1,1,1,2,[34],0.10980750618085935,0.3850269056375857,27.5
2020-07-04,logistic,v1.0.0,"[15, 20, 27, 34, 38, 42]",47,1,1,1,1,[42],0.10946822516849741,0.38220216983020977,33.833333333333336
2020-07-04,ensemble,v1.0.0,"[15, 20, 27, 34, 38, 42]",47,0,0,1,1,[],0.1091097517336493,0.37940457033273106,35.5
2020-07-04,v2_statistical,v1.0.0,"[15, 20, 27, 34, 38, 42]",47,1,1,2,3,[34],0.11092610136889115,0.3884854534555385,26.0
2020-07-04,v3_boosting,v1.0.0,"[15, 20, 27, 34, 38, 42]",47,0,0,2,2,[],0.11161563735898204,0.3876807997887411,27.5
2020-07-04,v4_ensemble,v1.0.0,"[15, 20, 27, 34, 38, 42]",47,1,1,1,2,[34],0.109482501682177,0.3803010674723214,28.333333333333332
2020-07-08,random,v1.0.0,"[11, 26, 28, 35, 37, 47]",8,0,0,1,1,[],0.10745522698875466,0.37177617994345313,30.666666666666668
2020-07-08,ema_gap,v1.0.0,"[11, 26, 28, 35, 37, 47]",8,0,0,0,1,[],0.11333823684828084,0.39725238282690306,32.666666666666664
2020-07-08,logistic,v1.0.0,"[11, 26, 28, 35, 37, 47]",8,0,0,1,1,[],0.10871560052902385,0.3769808880663636,29.0
2020-07-08,ensemble,v1.0.0,"[11, 26, 28, 35, 37, 47]",8,0,0,0,1,[],0.10961930735880734,0.3815857780200956,35.0
2020-07-08,v2_statistical,v1.0.0,"[11, 26, 28, 35, 37, 47]",8,0,0,1,1,[],0.1173671298742164,0.41614676982250537,34.0
2020-07-08,v3_boosting,v1.0.0,"[11, 26, 28, 35, 37, 47]",8,1,1,1,2,[37],0.10797877676579652,0.37354942543922887,23.833333333333332
2020-07-08,v4_ensemble,v1.0.0,"[11, 26, 28, 35, 37, 47]",8,0,0,0,0,[],0.11075003760572073,0.3859270864883118,32.166666666666664
2020-07-11,random,v1.0.0,"[16, 22, 31, 36, 43, 44]",46,0,0,0,1,[],0.10745522698875465,0.37177617994345313,32.0
2020-07-11,ema_gap,v1.0.0,"[16, 22, 31, 36, 43, 44]",46,0,0,1,2,[],0.1097200575301636,0.37881078695337395,25.333333333333332
2020-07-11,logistic,v1.0.0,"[16, 22, 31, 36, 43, 44]",46,0,0,1,4,[],0.10818778733615464,0.3747187237794574,23.666666666666668
2020-07-11,ensemble,v1.0.0,"[16, 22, 31, 36, 43, 44]",46,0,0,2,3,[],0.1080354266591413,0.3738750680830938,23.5
2020-07-11,v2_statistical,v1.0.0,"[16, 22, 31, 36, 43, 44]",46,1,1,3,4,[36],0.10837348632957335,0.3661345455138282,17.0
2020-07-11,v3_boosting,v1.0.0,"[16, 22, 31, 36, 43, 44]",46,1,1,2,2,[43],0.10821947197777282,0.3751570709063486,26.0
2020-07-11,v4_ensemble,v1.0.0,"[16, 22, 31, 36, 43, 44]",46,0,0,2,4,[],0.10783760270465143,0.3717175191557821,21.166666666666668
2020-07-15,random,v1.0.0,"[5, 7, 17, 22, 43, 44]",14,1,1,2,3,[5],0.10745522698875465,0.37177617994345336,23.0
2020-07-15,ema_gap,v1.0.0,"[5, 7, 17, 22, 43, 44]",14,1,1,3,3,[22],0.10819682512764311,0.37285863781725254,22.833333333333332
2020-07-15,logistic,v1.0.0,"[5, 7, 17, 22, 43, 44]",14,1,1,1,2,[7],0.10982794493605315,0.3837292657987533,30.166666666666668
2020-07-15,ensemble,v1.0.0,"[5, 7, 17, 22, 43, 44]",14,0,0,1,2,[],0.10840756336447019,0.3757836247706417,27.833333333333332
2020-07-15,v2_statistical,v1.0.0,"[5, 7, 17, 22, 43, 44]",14,1,1,2,3,[43],0.10935174148631956,0.37561260341148206,22.166666666666668
2020-07-15,v3_boosting,v1.0.0,"[5, 7, 17, 22, 43, 44]",14,1,1,1,2,[7],0.10759779661727698,0.37215257201751534,25.166666666666668
2020-07-15,v4_ensemble,v1.0.0,"[5, 7, 17, 22, 43, 44]",14,0,0,2,3,[],0.10785724706046727,0.37242322619833074,21.666666666666668
2020-07-18,random,v1.0.0,"[5, 23, 37, 40, 44, 45]",47,1,1,1,1,[5],0.10745522698875466,0.3717761799434531,32.333333333333336
2020-07-18,ema_gap,v1.0.0,"[5, 23, 37, 40, 44, 45]",47,2,2,2,3,"[44, 45]",0.10769977426052232,0.37553916126027503,24.0
2020-07-18,logistic,v1.0.0,"[5, 23, 37, 40, 44, 45]",47,2,2,2,2,"[37, 40]",0.1083740183712717,0.37657169806319385,29.333333333333332
2020-07-18,ensemble,v1.0.0,"[5, 23, 37, 40, 44, 45]",47,1,1,2,3,[45],0.10757423560501282,0.3724444162347157,26.5
2020-07-18,v2_statistical,v1.0.0,"[5, 23, 37, 40, 44, 45]",47,1,1,2,3,[45],0.10480074224128373,0.3699346616121002,25.5
2020-07-18,v3_boosting,v1.0.0,"[5, 23, 37, 40, 44, 45]",47,1,1,1,2,[40],0.10643756958057521,0.3701996829559753,26.666666666666668
2020-07-18,v4_ensemble,v1.0.0,"[5, 23, 37, 40, 44, 45]",47,1,1,4,4,[45],0.10537211670668298,0.36402289415767425,20.833333333333332
2020-07-22,random,v1.0.0,"[5, 14, 19, 42, 46, 47]",8,1,1,1,2,[5],0.10745522698875465,0.37177617994345324,28.833333333333332
2020-07-22,ema_gap,v1.0.0,"[5, 14, 19, 42, 46, 47]",8,0,0,1,2,[],0.11353195808995846,0.4009644943293957,32.166666666666664
2020-07-22,logistic,v1.0.0,"[5, 14, 19, 42, 46, 47]",8,1,1,4,5,[42],0.10545574017754186,0.36198811801754505,13.833333333333334
2020-07-22,ensemble,v1.0.0,"[5, 14, 19, 42, 46, 47]",8,0,0,1,2,[],0.10805766640384995,0.3742083832445949,25.5
2020-07-22,v2_statistical,v1.0.0,"[5, 14, 19, 42, 46, 47]",8,0,0,1,1,[],0.11839136748230282,0.42164827578402375,33.5
2020-07-22,v3_boosting,v1.0.0,"[5, 14, 19, 42, 46, 47]",8,1,1,1,2,[42],0.10770675602927889,0.37654814127389286,29.166666666666668
2020-07-22,v4_ensemble,v1.0.0,"[5, 14, 19, 42, 46, 47]",8,0,0,0,2,[],0.11045264591118709,0.38508573756922687,28.0
2020-07-25,random,v1.0.0,"[6, 21, 34, 44, 45, 48]",33,1,1,1,1,[6],0.10745522698875466,0.3717761799434531,33.0
2020-07-25,ema_gap,v1.0.0,"[6, 21, 34, 44, 45, 48]",33,4,4,5,5,"[34, 44, 45, 48]",0.0951292984449691,0.32386771538935344,10.166666666666666
2020-07-25,logistic,v1.0.0,"[6, 21, 34, 44, 45, 48]",33,3,3,4,4,"[44, 45, 48]",0.10327066458421842,0.35388747770400886,14.0
2020-07-25,ensemble,v1.0.0,"[6, 21, 34, 44, 45, 48]",33,4,4,4,5,"[34, 44, 45, 48]",0.10176632025157702,0.3478627040229594,11.5
2020-07-25,v2_statistical,v1.0.0,"[6, 21, 34, 44, 45, 48]",33,4,4,4,5,"[34, 44, 45, 48]",0.08705404222125251,0.29912316057257243,8.833333333333334
2020-07-25,v3_boosting,v1.0.0,"[6, 21, 34, 44, 45, 48]",33,0,0,0,1,[],0.11014911328340315,0.3834106834640591,30.5
2020-07-25,v4_ensemble,v1.0.0,"[6, 21, 34, 44, 45, 48]",33,4,4,4,4,"[34, 44, 45, 48]",0.0988628869916551,0.3369497718442366,10.833333333333334
2020-07-29,random,v1.0.0,"[1, 11, 17, 19, 22, 45]",14,1,1,2,3,[1],0.10745522698875466,0.37177617994345336,19.166666666666668
2020-07-29,ema_gap,v1.0.0,"[1, 11, 17, 19, 22, 45]",14,2,2,2,2,"[22, 45]",0.1049904919770195,0.36145631061125294,20.833333333333332
2020-07-29,logistic,v1.0.0,"[1, 11, 17, 19, 22, 45]",14,1,1,1,2,[22],0.10718210708155253,0.37056835880178085,24.833333333333332
2020-07-29,ensemble,v1.0.0,"[1, 11, 17, 19, 22, 45]",14,2,2,2,2,"[22, 45]",0.10659050320763304,0.3681364956898963,23.666666666666668
2020-07-29,v2_statistical,v1.0.0,"[1, 11, 17, 19, 22, 45]",14,1,1,1,2,[45],0.10939560894258206,0.3810115405229742,26.333333333333332
2020-07-29,v3_boosting,v1.0.0,"[1, 11, 17, 19, 22, 45]",14,0,0,1,2,[],0.10929563008035258,0.380076924817441,29.666666666666668
2020-07-29,v4_ensemble,v1.0.0,"[1, 11, 17, 19, 22, 45]",14,1,1,2,2,[45],0.107348084065769,0.37201335486037646,26.166666666666668
2020-08-01,random,v1.0.0,"[12, 13, 17, 22, 39, 40]",25,0,0,1,3,[],0.10745522698875465,0.37177617994345336,23.833333333333332
2020-08-01,ema_gap,v1.0.0,"[12, 13, 17, 22, 39, 40]",25,1,1,2,3,[22],0.11009204085043293,0.38357278970238967,27.333333333333332
2020-08-01,logistic,v1.0.0,"[12, 13, 17, 22, 39, 40]",25,0,0,1,2,[],0.1084572180995719,0.3765815340017201,28.0
2020-08-01,ensemble,v1.0.0,"[12, 13, 17, 22, 39, 40]",25,0,0,2,2,[],0.10865426056393199,0.37723080783814,31.5
2020-08-01,v2_statistical,v1.0.0,"[12, 13, 17, 22, 39, 40]",25,0,0,1,2,[],0.11468191409964969,0.39721307507427644,27.5
2020-08-01,v3_boosting,v1.0.0,"[12, 13, 17, 22, 39, 40]",25,0,0,0,2,[],0.10921042657135659,0.3765061374637019,21.166666666666668
2020-08-01,v4_ensemble,v1.0.0,"[12, 13, 17, 22, 39, 40]",25,0,0,0,2,[],0.10975135491114489,0.38142445697318345,28.666666666666668
2020-08-05,random,v1.0.0,"[3, 14, 23, 30, 38, 43]",24,1,1,1,2,[3],0.10745522698875466,0.3717761799434532,25.166666666666668
2020-08-05,ema_gap,v1.0.0,"[3, 14, 23, 30, 38, 43]",24,0,0,2,5,[],0.10786364293165061,0.36858518673232726,16.833333333333332
2020-08-05,logistic,v1.0.0,"[3, 14, 23, 30, 38, 43]",24,0,0,0,0,[],0.11000332292264946,0.383117310377642,33.5
2020-08-05,ensemble,v1.0.0,"[3, 14, 23, 30, 38, 43]",24,0,0,1,2,[],0.10806977126976997,0.3742380589678029,24.833333333333332
2020-08-05,v2_statistical,v1.0.0,"[3, 14, 23, 30, 38, 43]",24,1,1,3,4,[43],0.10776557919854801,0.36407257832988077,17.333333333333332
2020-08-05,v3_boosting,v1.0.0,"[3, 14, 23, 30, 38, 43]",24,0,0,2,2,[],0.11035299857960089,0.38371169659099186,25.333333333333332
2020-08-05,v4_ensemble,v1.0.0,"[3, 14, 23, 30, 38, 43]",24,0,0,2,3,[],0.10805209102720456,0.3729806934561263,21.333333333333332
2020-08-08,random,v1.0.0,"[1, 20, 21, 23, 40, 46]",28,1,1,1,1,[1],0.10745522698875466,0.37177617994345324,25.166666666666668
2020-08-08,ema_gap,v1.0.0,"[1, 20, 21, 23, 40, 46]",28,0,0,1,2,[],0.1106593541839639,0.38414853065133936,27.333333333333332
2020-08-08,logistic,v1.0.0,"[1, 20, 21, 23, 40, 46]",28,1,1,2,3,[40],0.10716239480917478,0.3693455144834599,20.666666666666668
2020-08-08,ensemble,v1.0.0,"[1, 20, 21, 23, 40, 46]",28,0,0,2,3,[],0.10786251520128212,0.37260633786217595,21.833333333333332
2020-08-08,v2_statistical,v1.0.0,"[1, 20, 21, 23, 40, 46]",28,1,1,1,2,[23],0.11075768925571357,0.3787163062573167,21.166666666666668
2020-08-08,v3_boosting,v1.0.0,"[1, 20, 21, 23, 40, 46]",28,0,0,1,3,[],0.10869621652555797,0.37691919529969126,23.166666666666668
2020-08-08,v4_ensemble,v1.0.0,"[1, 20, 21, 23, 40, 46]",28,1,1,1,2,[23],0.10878200389774034,0.3751871047204623,23.666666666666668
2020-08-12,random,v1.0.0,"[16, 24, 27, 43, 48, 49]",39,0,0,0,1,[],0.10745522698875466,0.3717761799434532,34.5
2020-08-12,ema_gap,v1.0.0,"[16, 24, 27, 43, 48, 49]",39,1,1,2,2,[48],0.1065823650021563,0.3685003642382363,22.833333333333332
2020-08-12,logistic,v1.0.0,"[16, 24, 27, 43, 48, 49]",39,0,0,1,2,[],0.10823095208351856,0.3747969758257885,26.333333333333332
2020-08-12,ensemble,v1.0.0,"[16, 24, 27, 43, 48, 49]",39,1,1,2,3,[48],0.10696880122574559,0.369620506102039,22.833333333333332
2020-08-12,v2_statistical,v1.0.0,"[16, 24, 27, 43, 48, 49]",39,2,2,2,2,"[43, 48]",0.10803320195143588,0.37270737836364876,23.166666666666668
2020-08-12,v3_boosting,v1.0.0,"[16, 24, 27, 43, 48, 49]",39,0,0,1,2,[],0.10884030689155538,0.377181044459051,25.0
2020-08-12,v4_ensemble,v1.0.0,"[16, 24, 27, 43, 48, 49]",39,1,1,2,3,[48],0.10736465119099967,0.37143182004748027,24.5
2020-08-15,random,v1.0.0,"[6, 7, 11, 19, 22, 43]",9,1,1,3,3,[6],0.10745522698875465,0.37177617994345336,18.0
2020-08-15,ema_gap,v1.0.0,"[6, 7, 11, 19, 22, 43]",9,2,2,3,3,"[22, 43]",0.10474606814841547,0.35807085110953657,17.166666666666668
2020-08-15,logistic,v1.0.0,"[6, 7, 11, 19, 22, 43]",9,0,0,0,0,[],0.10877007044185939,0.3778517525609021,34.166666666666664
2020-08-15,ensemble,v1.0.0,"[6, 7, 11, 19, 22, 43]",9,1,1,2,3,[22],0.10726840155806212,0.3708386964985579,23.333333333333332
2020-08-15,v2_statistical,v1.0.0,"[6, 7, 11, 19, 22, 43]",9,1,1,2,3,[43],0.10884479930556051,0.37215366244196035,20.833333333333332
2020-08-15,v3_boosting,v1.0.0,"[6, 7, 11, 19, 22, 43]",9,0,0,0,0,[],0.11320360828241434,0.39748341948763743,33.5
2020-08-15,v4_ensemble,v1.0.0,"[6, 7, 11, 19, 22, 43]",9,1,1,1,1,[43],0.1084644662277266,0.37620243315765073,27.666666666666668
2020-08-19,random,v1.0.0,"[2, 17, 32, 37, 39, 42]",9,1,1,1,2,[2],0.10745522698875466,0.3717761799434531,28.166666666666668
2020-08-19,ema_gap,v1.0.0,"[2, 17, 32, 37, 39, 42]",9,0,0,0,1,[],0.11402490657808137,0.400317399461701,34.0
2020-08-19,logistic,v1.0.0,"[2, 17, 32, 37, 39, 42]",9,2,2,3,4,"[37, 42]",0.10667857064127251,0.3691311732420689,18.666666666666668
2020-08-19,ensemble,v1.0.0,"[2, 17, 32, 37, 39, 42]",9,0,0,0,1,[],0.10873167765741278,0.37739950437768816,28.5
2020-08-19,v2_statistical,v1.0.0,"[2, 17, 32, 37, 39, 42]",9,0,0,0,1,[],0.11737925695365366,0.41115977603596726,30.833333333333332
2020-08-19,v3_boosting,v1.0.0,"[2, 17, 32, 37, 39, 42]",9,1,1,2,3,[37],0.10740909953115406,0.37239034950816813,23.833333333333332
2020-08-19,v4_ensemble,v1.0.0,"[2, 17, 32, 37, 39, 42]",9,0,0,0,1,[],0.1103419978498994,0.3834910637103605,27.5
2020-08-22,random,v1.0.0,"[19, 25, 34, 36, 40, 43]",32,0,0,0,0,[],0.10745522698875466,0.37177617994345313,32.833333333333336
2020-08-22,ema_gap,v1.0.0,"[19, 25, 34, 36, 40, 43]",32,2,2,2,2,"[34, 43]",0.10633173477646148,0.3666778935678234,22.666666666666668
2020-08-22,logistic,v1.0.0,"[19, 25, 34, 36, 40, 43]",32,2,2,3,4,"[34, 43]",0.1049847365248753,0.360514534456393,16.166666666666668
2020-08-22,ensemble,v1.0.0,"[19, 25, 34, 36, 40, 43]",32,2,2,3,3,"[34, 43]",0.10569970992089389,0.3639621105931035,19.166666666666668
2020-08-22,v2_statistical,v1.0.0,"[19, 25, 34, 36, 40, 43]",32,2,2,3,3,"[34, 43]",0.10530926357319312,0.3627107989014159,20.0
2020-08-22,v3_boosting,v1.0.0,"[19, 25, 34, 36, 40, 43]",32,1,1,1,2,[43],0.10859350845969508,0.3743793406047319,20.833333333333332
2020-08-22,v4_ensemble,v1.0.0,"[19, 25, 34, 36, 40, 43]",32,1,1,2,3,[43],0.10588334421234086,0.364567673110537,20.666666666666668
2020-08-26,random,v1.0.0,"[6, 8, 20, 23, 35, 39]",11,1,1,2,2,[6],0.10745522698875465,0.37177617994345324,21.833333333333332
2020-08-26,ema_gap,v1.0.0,"[6, 8, 20, 23, 35, 39]",11,1,1,2,2,[23],0.10941096936303912,0.3794480628253482,26.5
2020-08-26,logistic,v1.0.0,"[6, 8, 20, 23, 35, 39]",11,0,0,2,2,[],0.10731720120200071,0.3705340723942474,22.666666666666668
2020-08-26,ensemble,v1.0.0,"[6, 8, 20, 23, 35, 39]",11,1,1,2,2,[6],0.1074795594423438,0.37173646470273286,24.0
2020-08-26,v2_statistical,v1.0.0,"[6, 8, 20, 23, 35, 39]",11,1,1,2,2,[23],0.11309189343390208,0.3927102903819573,26.0
2020-08-26,v3_boosting,v1.0.0,"[6, 8, 20, 23, 35, 39]",11,1,1,3,3,[6],0.1079806490132754,0.37418875442022276,25.166666666666668
2020-08-26,v4_ensemble,v1.0.0,"[6, 8, 20, 23, 35, 39]",11,1,1,2,2,[6],0.10866171193818898,0.3760827295482731,25.166666666666668
2020-08-29,random,v1.0.0,"[3, 13, 21, 24, 29, 40]",35,1,1,1,2,[3],0.10745522698875465,0.37177617994345324,21.666666666666668
2020-08-29,ema_gap,v1.0.0,"[3, 13, 21, 24, 29, 40]",35,0,0,1,1,[],0.11112327148204636,0.38504315879412776,27.5
2020-08-29,logistic,v1.0.0,"[3, 13, 21, 24, 29, 40]",35,0,0,1,2,[],0.10755317794321424,0.3720496680894705,25.166666666666668
2020-08-29,ensemble,v1.0.0,"[3, 13, 21, 24, 29, 40]",35,0,0,1,1,[],0.10812963771145281,0.37470573023135995,28.0
2020-08-29,v2_statistical,v1.0.0,"[3, 13, 21, 24, 29, 40]",35,0,0,0,2,[],0.11461681566505255,0.3954466448142048,24.666666666666668
2020-08-29,v3_boosting,v1.0.0,"[3, 13, 21, 24, 29, 40]",35,0,0,1,3,[],0.10739426308921735,0.3693175544269114,21.166666666666668
2020-08-29,v4_ensemble,v1.0.0,"[3, 13, 21, 24, 29, 40]",35,0,0,0,2,[],0.1090852926271289,0.3773925070079684,24.0
2020-09-02,random,v1.0.0,"[1, 5, 15, 23, 25, 31]",40,2,2,2,3,"[1, 5]",0.10745522698875465,0.37177617994345336,16.666666666666668
2020-09-02,ema_gap,v1.0.0,"[1, 5, 15, 23, 25, 31]",40,1,1,1,2,[23],0.11000695633438554,0.3826156398436,28.833333333333332
2020-09-02,logistic,v1.0.0,"[1, 5, 15, 23, 25, 31]",40,0,0,1,1,[],0.10968341001511639,0.38214931059010504,31.833333333333332
2020-09-02,ensemble,v1.0.0,"[1, 5, 15, 23, 25, 31]",40,0,0,1,1,[],0.10890685774757845,0.37855214434123685,32.833333333333336
2020-09-02,v2_statistical,v1.0.0,"[1, 5, 15, 23, 25, 31]",40,1,1,1,1,[23],0.11298438730897396,0.3920779480267884,28.833333333333332
2020-09-02,v3_boosting,v1.0.0,"[1, 5, 15, 23, 25, 31]",40,0,0,0,0,[],0.11420848611048504,0.4035752818880767,37.833333333333336
2020-09-02,v4_ensemble,v1.0.0,"[1, 5, 15, 23, 25, 31]",40,0,0,1,1,[],0.11125695042303547,0.3897743854719184,35.666666666666664
2020-09-05,random,v1.0.0,"[1, 8, 10, 33, 34, 38]",4,1,1,3,3,[1],0.10745522698875466,0.37177617994345336,20.666666666666668
2020-09-05,ema_gap,v1.0.0,"[1, 8, 10, 33, 34, 38]",4,1,1,2,2,[34],0.10899069094371065,0.37985074953186854,26.166666666666668
2020-09-05,logistic,v1.0.0,"[1, 8, 10, 33, 34, 38]",4,0,0,2,2,[],0.10823948468126403,0.3751909201251701,26.0
2020-09-05,ensemble,v1.0.0,"[1, 8, 10, 33, 34, 38]",4,1,1,1,1,[34],0.10797913997203305,0.37402253157434534,26.333333333333332
2020-09-05,v2_statistical,v1.0.0,"[1, 8, 10, 33, 34, 38]",4,1,1,2,2,[34],0.11139779830912619,0.3849724853864529,26.333333333333332
2020-09-05,v3_boosting,v1.0.0,"[1, 8, 10, 33, 34, 38]",4,0,0,0,0,[],0.11386208169286682,0.4006388158464742,37.333333333333336
2020-09-05,v4_ensemble,v1.0.0,"[1, 8, 10, 33, 34, 38]",4,1,1,1,1,[34],0.11062772891858726,0.3853261833006614,30.333333333333332
2020-09-09,random,v1.0.0,"[3, 5, 9, 19, 29, 37]",42,2,2,3,3,"[3, 5]",0.10745522698875465,0.37177617994345336,17.0
2020-09-09,ema_gap,v1.0.0,"[3, 5, 9, 19, 29, 37]",42,0,0,0,2,[],0.112614435947934,0.3963127433862368,29.0
2020-09-09,logistic,v1.0.0,"[3, 5, 9, 19, 29, 37]",42,2,2,3,4,"[3, 9]",0.10457855393527657,0.3589625035957762,15.666666666666666
2020-09-09,ensemble,v1.0.0,"[3, 5, 9, 19, 29, 37]",42,0,0,1,2,[],0.1078204174433335,0.3731069597872552,23.166666666666668
2020-09-09,v2_statistical,v1.0.0,"[3, 5, 9, 19, 29, 37]",42,0,0,0,0,[],0.11738475838558272,0.4139870922190132,34.0
2020-09-09,v3_boosting,v1.0.0,"[3, 5, 9, 19, 29, 37]",42,1,1,1,2,[9],0.10703514810023518,0.36844183662344077,19.833333333333332
2020-09-09,v4_ensemble,v1.0.0,"[3, 5, 9, 19, 29, 37]",42,0,0,1,1,[],0.10976584940047326,0.38066137305628045,26.166666666666668
2020-09-12,random,v1.0.0,"[5, 13, 19, 37, 42, 45]",40,1,1,1,2,[5],0.10745522698875466,0.37177617994345324,26.833333333333332
2020-09-12,ema_gap,v1.0.0,"[5, 13, 19, 37, 42, 45]",40,1,1,4,4,[45],0.10526669228626127,0.36082364584132953,17.833333333333332
2020-09-12,logistic,v1.0.0,"[5, 13, 19, 37, 42, 45]",40,1,1,1,1,[42],0.10862533741837439,0.37742435438393374,31.666666666666668
2020-09-12,ensemble,v1.0.0,"[5, 13, 19, 37, 42, 45]",40,1,1,2,2,[45],0.10714557334141628,0.37040647948753036,25.166666666666668
2020-09-12,v2_statistical,v1.0.0,"[5, 13, 19, 37, 42, 45]",40,1,1,1,1,[45],0.10517880162159465,0.37037905374691177,25.833333333333332
2020-09-12,v3_boosting,v1.0.0,"[5, 13, 19, 37, 42, 45]",40,1,1,1,3,[42],0.10587856905182795,0.3622807921613669,19.166666666666668
2020-09-12,v4_ensemble,v1.0.0,"[5, 13, 19, 37, 42, 45]",40,1,1,2,3,[45],0.10493242623959938,0.3624672837932674,22.5
2020-09-16,random,v1.0.0,"[6, 12, 23, 29, 44, 46]",39,1,1,2,2,[6],0.10745522698875466,0.3717761799434532,26.666666666666668
2020-09-16,ema_gap,v1.0.0,"[6, 12, 23, 29, 44, 46]",39,1,1,2,3,[23],0.10706005485924963,0.37031288914037236,22.0
2020-09-16,logistic,v1.0.0,"[6, 12, 23, 29, 44, 46]",39,0,0,1,1,[],0.11020607161201475,0.3845001903103335,34.0
2020-09-16,ensemble,v1.0.0,"[6, 12, 23, 29, 44, 46]",39,0,0,1,2,[],0.10798792678056475,0.3741890478443457,25.5
2020-09-16,v2_statistical,v1.0.0,"[6, 12, 23, 29, 44, 46]",39,1,1,1,3,[23],0.10900906009837459,0.3710065113516404,20.5
2020-09-16,v3_boosting,v1.0.0,"[6, 12, 23, 29, 44, 46]",39,2,2,3,3,"[23, 46]",0.10461287200395589,0.36074387867008323,21.166666666666668
2020-09-16,v4_ensemble,v1.0.0,"[6, 12, 23, 29, 44, 46]",39,1,1,2,3,[23],0.1065300346939627,0.3673150166604107,20.0
2020-09-19,random,v1.0.0,"[5, 15, 31, 35, 42, 46]",17,1,1,1,2,[5],0.10745522698875466,0.3717761799434531,29.0
2020-09-19,ema_gap,v1.0.0,"[5, 15, 31, 35, 42, 46]",17,0,0,1,1,[],0.1103523551627699,0.38237037603019514,27.333333333333332
2020-09-19,logistic,v1.0.0,"[5, 15, 31, 35, 42, 46]",17,0,0,1,3,[],0.10782890457477425,0.3729297123152319,23.166666666666668
2020-09-19,ensemble,v1.0.0,"[5, 15, 31, 35, 42, 46]",17,0,0,1,2,[],0.10847825408555223,0.3757309126363357,25.166666666666668
2020-09-19,v2_statistical,v1.0.0,"[5, 15, 31, 35, 42, 46]",17,0,0,0,2,[],0.1134138010084222,0.38906115463600394,24.333333333333332
2020-09-19,v3_boosting,v1.0.0,"[5, 15, 31, 35, 42, 46]",17,1,1,3,4,[46],0.10364350574933098,0.3543220940282126,16.5
2020-09-19,v4_ensemble,v1.0.0,"[5, 15, 31, 35, 42, 46]",17,0,0,0,3,[],0.1078378960205651,0.370675678912225,21.333333333333332
2020-09-23,random,v1.0.0,"[11, 17, 28, 29, 36, 39]",15,0,0,1,2,[],0.10745522698875466,0.37177617994345313,26.666666666666668
2020-09-23,ema_gap,v1.0.0,"[11, 17, 28, 29, 36, 39]",15,0,0,0,1,[],0.11087909935156505,0.3845168572386365,26.5
2020-09-23,logistic,v1.0.0,"[11, 17, 28, 29, 36, 39]",15,0,0,0,3,[],0.10847363071882891,0.3760284537161311,27.0
2020-09-23,ensemble,v1.0.0,"[11, 17, 28, 29, 36, 39]",15,0,0,0,1,[],0.10874569160677677,0.3772882582629952,27.666666666666668
2020-09-23,v2_statistical,v1.0.0,"[11, 17, 28, 29, 36, 39]",15,0,0,1,1,[],0.11496836836514557,0.4031103570713701,29.0
2020-09-23,v3_boosting,v1.0.0,"[11, 17, 28, 29, 36, 39]",15,1,1,1,1,[28],0.10953146863950806,0.3798313931316623,27.5
2020-09-23,v4_ensemble,v1.0.0,"[11, 17, 28, 29, 36, 39]",15,0,0,0,1,[],0.11029754524150549,0.3836167414935932,29.833333333333332
2020-09-26,random,v1.0.0,"[8, 27, 29, 33, 40, 49]",2,0,0,1,1,[],0.10745522698875466,0.37177617994345313,31.0
2020-09-26,ema_gap,v1.0.0,"[8, 27, 29, 33, 40, 49]",2,0,0,1,1,[],0.11191008206529507,0.39100394440594116,31.166666666666668
2020-09-26,logistic,v1.0.0,"[8, 27, 29, 33, 40, 49]",2,0,0,1,2,[],0.1077556879156085,0.37296241235659006,24.666666666666668
2020-09-26,ensemble,v1.0.0,"[8, 27, 29, 33, 40, 49]",2,0,0,0,1,[],0.10862713152643735,0.37712908069008444,32.666666666666664
2020-09-26,v2_statistical,v1.0.0,"[8, 27, 29, 33, 40, 49]",2,0,0,1,1,[],0.11348982230580952,0.3914723841555973,25.833333333333332
2020-09-26,v3_boosting,v1.0.0,"[8, 27, 29, 33, 40, 49]",2,0,0,1,3,[],0.10701598348194223,0.3682962716505017,21.666666666666668
2020-09-26,v4_ensemble,v1.0.0,"[8, 27, 29, 33, 40, 49]",2,0,0,0,1,[],0.10902622856458552,0.3780518659773139,26.833333333333332
2020-09-30,random,v1.0.0,"[13, 16, 20, 21, 27, 48]",15,0,0,0,2,[],0.10745522698875466,0.37177617994345324,24.166666666666668
2020-09-30,ema_gap,v1.0.0,"[13, 16, 20, 21, 27, 48]",15,0,0,2,2,[],0.10867002687372182,0.37667636514934527,26.0
2020-09-30,logistic,v1.0.0,"[13, 16, 20, 21, 27, 48]",15,0,0,0,0,[],0.10886258874724733,0.37753587630687024,29.833333333333332
2020-09-30,ensemble,v1.0.0,"[13, 16, 20, 21, 27, 48]",15,1,1,1,2,[48],0.1079179093182696,0.37392958038165713,27.0
2020-09-30,v2_statistical,v1.0.0,"[13, 16, 20, 21, 27, 48]",15,1,1,2,2,[48],0.1109242051331985,0.3836470462643014,23.5
2020-09-30,v3_boosting,v1.0.0,"[13, 16, 20, 21, 27, 48]",15,0,0,0,2,[],0.11164310270856416,0.3906414949029666,30.5
2020-09-30,v4_ensemble,v1.0.0,"[13, 16, 20, 21, 27, 48]",15,0,0,0,2,[],0.10948083623871899,0.38040368187523943,28.5
2020-10-03,random,v1.0.0,"[12, 22, 24, 37, 39, 43]",16,0,0,1,1,[],0.10745522698875466,0.3717761799434532,29.5
2020-10-03,ema_gap,v1.0.0,"[12, 22, 24, 37, 39, 43]",16,0,0,2,2,[],0.10852983739828309,0.37479119926202314,24.166666666666668
2020-10-03,logistic,v1.0.0,"[12, 22, 24, 37, 39, 43]",16,2,2,2,2,"[39, 43]",0.10666553954787888,0.3683320410921437,22.0
2020-10-03,ensemble,v1.0.0,"[12, 22, 24, 37, 39, 43]",16,1,1,2,2,[43],0.10723429009998614,0.37064320502740006,23.5
2020-10-03,v2_statistical,v1.0.0,"[12, 22, 24, 37, 39, 43]",16,1,1,1,1,[43],0.11143718551285269,0.38548329472429016,26.0
2020-10-03,v3_boosting,v1.0.0,"[12, 22, 24, 37, 39, 43]",16,0,0,0,1,[],0.11315179463509036,0.398126088196613,36.333333333333336
2020-10-03,v4_ensemble,v1.0.0,"[12, 22, 24, 37, 39, 43]",16,0,0,1,1,[],0.11004419596496208,0.3823680995193731,28.5
2020-10-07,random,v1.0.0,"[4, 5, 12, 13, 18, 19]",34,2,2,3,5,"[4, 5]",0.10745522698875466,0.3717761799434534,11.833333333333334
2020-10-07,ema_gap,v1.0.0,"[4, 5, 12, 13, 18, 19]",34,1,1,2,3,[13],0.1095417509707662,0.3850834529686868,25.833333333333332
2020-10-07,logistic,v1.0.0,"[4, 5, 12, 13, 18, 19]",34,1,1,3,3,[4],0.10606944979466461,0.3664728655334481,20.5
2020-10-07,ensemble,v1.0.0,"[4, 5, 12, 13, 18, 19]",34,0,0,3,4,[],0.10725026858388553,0.37088558790645987,22.666666666666668
2020-10-07,v2_statistical,v1.0.0,"[4, 5, 12, 13, 18, 19]",34,0,0,1,2,[],0.11563819341345358,0.4071109648632439,28.333333333333332
2020-10-07,v3_boosting,v1.0.0,"[4, 5, 12, 13, 18, 19]",34,1,1,1,2,[5],0.10939783041240034,0.38089067515701625,26.833333333333332
2020-10-07,v4_ensemble,v1.0.0,"[4, 5, 12, 13, 18, 19]",34,0,0,1,2,[],0.1098572914146475,0.38252434172380584,28.166666666666668
2020-10-10,random,v1.0.0,"[6, 23, 24, 29, 36, 38]",25,1,1,1,1,[6],0.10745522698875466,0.3717761799434532,26.0
2020-10-10,ema_gap,v1.0.0,"[6, 23, 24, 29, 36, 38]",25,1,1,3,4,[23],0.1035893542387207,0.352396977027863,15.166666666666666
2020-10-10,logistic,v1.0.0,"[6, 23, 24, 29, 36, 38]",25,0,0,1,1,[],0.10873499699595957,0.3776468010058516,31.5
2020-10-10,ensemble,v1.0.0,"[6, 23, 24, 29, 36, 38]",25,2,2,4,4,"[23, 29]",0.1062706302651555,0.36628006118508555,16.0
2020-10-10,v2_statistical,v1.0.0,"[6, 23, 24, 29, 36, 38]",25,1,1,2,5,[23],0.10334914328084056,0.3477361860163155,13.666666666666666
2020-10-10,v3_boosting,v1.0.0,"[6, 23, 24, 29, 36, 38]",25,0,0,1,2,[],0.10880635418076655,0.37581635790776485,23.0
2020-10-10,v4_ensemble,v1.0.0,"[6, 23, 24, 29, 36, 38]",25,1,1,2,4,[23],0.10549776024054847,0.361704686078403,16.0
2020-10-14,random,v1.0.0,"[10, 18, 20, 38, 39, 44]",40,0,0,1,2,[],0.10745522698875466,0.37177617994345324,28.166666666666668
2020-10-14,ema_gap,v1.0.0,"[10, 18, 20, 38, 39, 44]",40,0,0,0,3,[],0.10963641055423962,0.37857738855993256,23.833333333333332
2020-10-14,logistic,v1.0.0,"[10, 18, 20, 38, 39, 44]",40,1,1,2,2,[38],0.10685902869313324,0.3686012374390623,22.833333333333332
2020-10-14,ensemble,v1.0.0,"[10, 18, 20, 38, 39, 44]",40,1,1,1,3,[38],0.10741126841065755,0.37140064277199164,23.333333333333332
2020-10-14,v2_statistical,v1.0.0,"[10, 18, 20, 38, 39, 44]",40,0,0,0,2,[],0.1115900055985827,0.3834404152704955,24.166666666666668
2020-10-14,v3_boosting,v1.0.0,"[10, 18, 20, 38, 39, 44]",40,0,0,2,2,[],0.1093269033256846,0.3792942120684908,27.166666666666668
2020-10-14,v4_ensemble,v1.0.0,"[10, 18, 20, 38, 39, 44]",40,0,0,0,2,[],0.10872856926346143,0.37642053175835266,26.666666666666668
2020-10-17,random,v1.0.0,"[7, 8, 9, 24, 25, 34]",14,0,0,3,3,[],0.10745522698875466,0.37177617994345336,17.833333333333332
2020-10-17,ema_gap,v1.0.0,"[7, 8, 9, 24, 25, 34]",14,0,0,0,2,[],0.11209654985530779,0.39377948370822524,31.166666666666668
2020-10-17,logistic,v1.0.0,"[7, 8, 9, 24, 25, 34]",14,0,0,1,2,[],0.1091684940986293,0.37978678769005403,29.666666666666668
2020-10-17,ensemble,v1.0.0,"[7, 8, 9, 24, 25, 34]",14,1,1,1,2,[34],0.10928190456638193,0.38063800221693256,29.666666666666668
2020-10-17,v2_statistical,v1.0.0,"[7, 8, 9, 24, 25, 34]",14,0,0,2,2,[],0.11396416719224842,0.4003078575869998,28.833333333333332
2020-10-17,v3_boosting,v1.0.0,"[7, 8, 9, 24, 25, 34]",14,1,1,1,2,[24],0.10861073341021299,0.3779769302898954,27.0
2020-10-17,v4_ensemble,v1.0.0,"[7, 8, 9, 24, 25, 34]",14,1,1,2,2,[24],0.11011806398955828,0.38518816648438564,28.833333333333332
2020-10-21,random,v1.0.0,"[26, 28, 32, 37, 40, 47]",10,0,0,0,0,[],0.10745522698875466,0.37177617994345313,35.0
2020-10-21,ema_gap,v1.0.0,"[26, 28, 32, 37, 40, 47]",10,0,0,0,0,[],0.11544659962484385,0.41077859956056273,36.5
2020-10-21,logistic,v1.0.0,"[26, 28, 32, 37, 40, 47]",10,0,0,2,4,[],0.10613626707860344,0.3650258681312489,16.666666666666668
2020-10-21,ensemble,v1.0.0,"[26, 28, 32, 37, 40, 47]",10,0,0,0,1,[],0.10910106857386151,0.3791531169316014,31.833333333333332
2020-10-21,v2_statistical,v1.0.0,"[26, 28, 32, 37, 40, 47]",10,0,0,1,2,[],0.11675036209542253,0.4144450041132575,32.333333333333336
2020-10-21,v3_boosting,v1.0.0,"[26, 28, 32, 37, 40, 47]",10,1,1,2,2,[32],0.10669787385369053,0.36788640815239054,21.666666666666668
2020-10-21,v4_ensemble,v1.0.0,"[26, 28, 32, 37, 40, 47]",10,0,0,0,1,[],0.11004799080822078,0.38305106495052527,29.833333333333332
2020-10-24,random,v1.0.0,"[4, 9, 17, 20, 26, 31]",34,1,1,2,3,[4],0.10745522698875466,0.37177617994345336,17.833333333333332
2020-10-24,ema_gap,v1.0.0,"[4, 9, 17, 20, 26, 31]",34,0,0,0,0,[],0.11522886544743133,0.40886644841059794,37.666666666666664
2020-10-24,logistic,v1.0.0,"[4, 9, 17, 20, 26, 31]",34,0,0,0,1,[],0.10789538657217594,0.37351789563493604,26.166666666666668
2020-10-24,ensemble,v1.0.0,"[4, 9, 17, 20, 26, 31]",34,0,0,0,0,[],0.10989233886014248,0.3834103399809626,39.0
2020-10-24,v2_statistical,v1.0.0,"[4, 9, 17, 20, 26, 31]",34,0,0,0,2,[],0.11681906841740665,0.41072855080109316,31.5
2020-10-24,v3_boosting,v1.0.0,"[4, 9, 17, 20, 26, 31]",34,0,0,0,0,[],0.11204883848769621,0.3914763891756124,34.166666666666664
2020-10-24,v4_ensemble,v1.0.0,"[4, 9, 17, 20, 26, 31]",34,0,0,0,0,[],0.11229669968705912,0.3942241777307872,36.333333333333336
2020-10-28,random,v1.0.0,"[2, 3, 16, 25, 34, 46]",49,2,2,2,3,"[2, 3]",0.10745522698875465,0.37177617994345336,21.0
2020-10-28,ema_gap,v1.0.0,"[2, 3, 16, 25, 34, 46]",49,1,1,1,1,[34],0.11144109375639118,0.3914110876290236,32.0
2020-10-28,logistic,v1.0.0,"[2, 3, 16, 25, 34, 46]",49,0,0,2,2,[],0.10899000082669617,0.3792348064461898,29.666666666666668
2020-10-28,ensemble,v1.0.0,"[2, 3, 16, 25, 34, 46]",49,0,0,1,1,[],0.10879468730358094,0.3781690480224991,33.166666666666664
2020-10-28,v2_statistical,v1.0.0,"[2, 3, 16, 25, 34, 46]",49,1,1,1,1,[34],0.11079465336856477,0.39321240502971966,29.5
2020-10-28,v3_boosting,v1.0.0,"[2, 3, 16, 25, 34, 46]",49,1,1,2,2,[25],0.10771549281101814,0.37313912787396863,23.666666666666668
2020-10-28,v4_ensemble,v1.0.0,"[2, 3, 16, 25, 34, 46]",49,1,1,2,2,[34],0.1082817569764087,0.3771106684564866,27.666666666666668
2020-10-31,random,v1.0.0,"[5, 8, 18, 22, 41, 48]",23,1,1,2,3,[5],0.10745522698875465,0.37177617994345324,23.666666666666668
2020-10-31,ema_gap,v1.0.0,"[5, 8, 18, 22, 41, 48]",23,2,2,3,3,"[5, 48]",0.10779399802115941,0.3788324400782215,21.333333333333332
2020-10-31,logistic,v1.0.0,"[5, 8, 18, 22, 41, 48]",23,0,0,0,1,[],0.11034281099031562,0.3845962684795076,33.333333333333336
2020-10-31,ensemble,v1.0.0,"[5, 8, 18, 22, 41, 48]",23,1,1,1,1,[48],0.10854730438171492,0.3769066490610693,27.5
2020-10-31,v2_statistical,v1.0.0,"[5, 8, 18, 22, 41, 48]",23,1,1,2,2,[48],0.11031272679923791,0.38498396833608267,22.666666666666668
2020-10-31,v3_boosting,v1.0.0,"[5, 8, 18, 22, 41, 48]",23,0,0,1,1,[],0.10889709036221676,0.3757520955905506,23.666666666666668
2020-10-31,v4_ensemble,v1.0.0,"[5, 8, 18, 22, 41, 48]",23,1,1,1,1,[48],0.1086330236135492,0.3765126347942699,25.5
2020-11-04,random,v1.0.0,"[2, 9, 13, 18, 40, 46]",34,1,1,2,4,[2],0.10745522698875465,0.37177617994345336,21.333333333333332
2020-11-04,ema_gap,v1.0.0,"[2, 9, 13, 18, 40, 46]",34,1,1,1,1,[13],0.10921867481982167,0.3775613861296129,25.833333333333332
2020-11-04,logistic,v1.0.0,"[2, 9, 13, 18, 40, 46]",34,2,2,2,2,"[9, 40]",0.10792394684446853,0.3753784732113251,24.333333333333332
2020-11-04,ensemble,v1.0.0,"[2, 9, 13, 18, 40, 46]",34,0,0,1,2,[],0.10798559355563592,0.37425921442763965,27.166666666666668
2020-11-04,v2_statistical,v1.0.0,"[2, 9, 13, 18, 40, 46]",34,0,0,2,2,[],0.11258291943409295,0.38686903815879253,24.166666666666668
2020-11-04,v3_boosting,v1.0.0,"[2, 9, 13, 18, 40, 46]",34,1,1,1,2,[40],0.10955096956502758,0.3825175219738341,29.0
2020-11-04,v4_ensemble,v1.0.0,"[2, 9, 13, 18, 40, 46]",34,1,1,1,2,[40],0.109155331939387,0.379393038667204,27.5
2020-11-07,random,v1.0.0,"[1, 16, 19, 24, 26, 47]",29,1,1,1,2,[1],0.10745522698875465,0.37177617994345324,22.166666666666668
2020-11-07,ema_gap,v1.0.0,"[1, 16, 19, 24, 26, 47]",29,0,0,0,1,[],0.11142922408596215,0.3874027872577398,28.666666666666668
2020-11-07,logistic,v1.0.0,"[1, 16, 19, 24, 26, 47]",29,1,1,3,4,[26],0.1062507736614286,0.3661299436918444,16.833333333333332
2020-11-07,ensemble,v1.0.0,"[1, 16, 19, 24, 26, 47]",29,0,0,1,1,[],0.10781980238182036,0.373311634332422,26.333333333333332
2020-11-07,v2_statistical,v1.0.0,"[1, 16, 19, 24, 26, 47]",29,0,0,0,1,[],0.11714831355646817,0.41179141787655044,32.5
2020-11-07,v3_boosting,v1.0.0,"[1, 16, 19, 24, 26, 47]",29,1,1,1,3,[47],0.10756531253206067,0.3723946483127125,23.333333333333332
2020-11-07,v4_ensemble,v1.0.0,"[1, 16, 19, 24, 26, 47]",29,1,1,1,2,[47],0.10974514511893617,0.3824223010606388,29.5
2020-11-11,random,v1.0.0,"[6, 14, 18, 23, 31, 47]",44,1,1,1,3,[6],0.10745522698875466,0.37177617994345336,23.166666666666668
2020-11-11,ema_gap,v1.0.0,"[6, 14, 18, 23, 31, 47]",44,1,1,2,3,[23],0.10773537043032573,0.37323087564009705,22.666666666666668
2020-11-11,logistic,v1.0.0,"[6, 14, 18, 23, 31, 47]",44,1,1,1,2,[47],0.1080042844503015,0.37504283645092984,26.0
2020-11-11,ensemble,v1.0.0,"[6, 14, 18, 23, 31, 47]",44,1,1,3,3,[47],0.10721812114986237,0.3706878768713397,22.5
2020-11-11,v2_statistical,v1.0.0,"[6, 14, 18, 23, 31, 47]",44,1,1,1,2,[23],0.10956230364166539,0.38374836649979066,25.0
2020-11-11,v3_boosting,v1.0.0,"[6, 14, 18, 23, 31, 47]",44,1,1,2,3,[6],0.10889843635965701,0.3813918381899905,26.666666666666668
2020-11-11,v4_ensemble,v1.0.0,"[6, 14, 18, 23, 31, 47]",44,1,1,2,3,[23],0.1080254481145095,0.37575439715132675,24.166666666666668
2020-11-14,random,v1.0.0,"[1, 2, 13, 30, 35, 38]",45,2,2,2,3,"[1, 2]",0.10745522698875465,0.37177617994345336,19.833333333333332
2020-11-14,ema_gap,v1.0.0,"[1, 2, 13, 30, 35, 38]",45,1,1,1,2,[13],0.10931175862855624,0.38137880421623405,26.5
2020-11-14,logistic,v1.0.0,"[1, 2, 13, 30, 35, 38]",45,1,1,2,3,[13],0.10663518459503571,0.36713185588745373,19.0
2020-11-14,ensemble,v1.0.0,"[1, 2, 13, 30, 35, 38]",45,1,1,1,2,[13],0.10708654651259454,0.36971713610114587,22.0
2020-11-14,v2_statistical,v1.0.0,"[1, 2, 13, 30, 35, 38]",45,0,0,1,2,[],0.11338089784378878,0.3957978361337719,28.166666666666668
2020-11-14,v3_boosting,v1.0.0,"[1, 2, 13, 30, 35, 38]",45,0,0,0,1,[],0.11260367647677269,0.3924450780514621,30.166666666666668
2020-11-14,v4_ensemble,v1.0.0,"[1, 2, 13, 30, 35, 38]",45,1,1,1,1,[13],0.11054033761041665,0.3848628433857942,28.833333333333332
2020-11-18,random,v1.0.0,"[7, 14, 21, 28, 30, 32]",22,0,0,1,2,[],0.10745522698875466,0.37177617994345324,22.0
2020-11-18,ema_gap,v1.0.0,"[7, 14, 21, 28, 30, 32]",22,0,0,0,0,[],0.11515942655033158,0.40669258359845945,37.333333333333336
2020-11-18,logistic,v1.0.0,"[7, 14, 21, 28, 30, 32]",22,0,0,0,1,[],0.1108148839438275,0.3882128109280839,34.333333333333336
2020-11-18,ensemble,v1.0.0,"[7, 14, 21, 28, 30, 32]",22,0,0,0,0,[],0.11065591688530275,0.3870375380388994,42.0
2020-11-18,v2_statistical,v1.0.0,"[7, 14, 21, 28, 30, 32]",22,0,0,0,0,[],0.12104114479651391,0.43534681406998177,38.833333333333336
2020-11-18,v3_boosting,v1.0.0,"[7, 14, 21, 28, 30, 32]",22,1,1,2,3,[7],0.10727306047895274,0.3713633723848382,23.666666666666668
2020-11-18,v4_ensemble,v1.0.0,"[7, 14, 21, 28, 30, 32]",22,0,0,0,0,[],0.11237124056540188,0.3954685347417154,38.833333333333336
2020-11-21,random,v1.0.0,"[16, 19, 21, 34, 37, 47]",25,0,0,0,1,[],0.10745522698875466,0.37177617994345324,29.0
2020-11-21,ema_gap,v1.0.0,"[16, 19, 21, 34, 37, 47]",25,1,1,2,3,[34],0.10530797025420709,0.35959083314682333,17.666666666666668
2020-11-21,logistic,v1.0.0,"[16, 19, 21, 34, 37, 47]",25,1,1,2,3,[16],0.10754020545926088,0.3721638041756326,24.166666666666668
2020-11-21,ensemble,v1.0.0,"[16, 19, 21, 34, 37, 47]",25,1,1,2,3,[34],0.10665749214738145,0.3679968161130484,17.333333333333332
2020-11-21,v2_statistical,v1.0.0,"[16, 19, 21, 34, 37, 47]",25,1,1,2,3,[34],0.10549715441243274,0.3602174919461686,19.333333333333332
2020-11-21,v3_boosting,v1.0.0,"[16, 19, 21, 34, 37, 47]",25,0,0,3,3,[],0.10658527897551463,0.36626215625972236,20.166666666666668
2020-11-21,v4_ensemble,v1.0.0,"[16, 19, 21, 34, 37, 47]",25,1,1,3,4,[34],0.1054627355423774,0.3616411210959766,16.333333333333332
2020-11-25,random,v1.0.0,"[13, 14, 31, 33, 37, 46]",40,0,0,0,2,[],0.10745522698875466,0.37177617994345313,29.0
2020-11-25,ema_gap,v1.0.0,"[13, 14, 31, 33, 37, 46]",40,1,1,1,2,[13],0.10744224781680889,0.3738381848385336,23.5
2020-11-25,logistic,v1.0.0,"[13, 14, 31, 33, 37, 46]",40,1,1,2,4,[37],0.10600808256948284,0.3648173132685911,17.333333333333332
2020-11-25,ensemble,v1.0.0,"[13, 14, 31, 33, 37, 46]",40,2,2,2,4,"[13, 37]",0.10690919709549598,0.3693563400272098,20.5
2020-11-25,v2_statistical,v1.0.0,"[13, 14, 31, 33, 37, 46]",40,1,1,1,2,[13],0.11153113814457974,0.38970876162558665,25.5
2020-11-25,v3_boosting,v1.0.0,"[13, 14, 31, 33, 37, 46]",40,1,1,3,4,[14],0.10445933601002412,0.35651557580556814,15.833333333333334
2020-11-25,v4_ensemble,v1.0.0,"[13, 14, 31, 33, 37, 46]",40,1,1,2,4,[13],0.10639426515861422,0.3668481672019475,20.166666666666668
2020-11-28,random,v1.0.0,"[3, 4, 16, 23, 26, 44]",18,2,2,2,3,"[3, 4]",0.10745522698875463,0.37177617994345336,19.333333333333332
2020-11-28,ema_gap,v1.0.0,"[3, 4, 16, 23, 26, 44]",18,1,1,1,1,[23],0.10991787994995482,0.38292574501369303,27.666666666666668
2020-11-28,logistic,v1.0.0,"[3, 4, 16, 23, 26, 44]",18,0,0,1,2,[],0.1095755498014971,0.381822680077426,29.333333333333332
2020-11-28,ensemble,v1.0.0,"[3, 4, 16, 23, 26, 44]",18,1,1,2,2,[23],0.1088738019582707,0.37891582436511756,28.666666666666668
2020-11-28,v2_statistical,v1.0.0,"[3, 4, 16, 23, 26, 44]",18,1,1,1,2,[23],0.10958960614549838,0.38358826198821466,27.166666666666668
2020-11-28,v3_boosting,v1.0.0,"[3, 4, 16, 23, 26, 44]",18,1,1,3,3,[44],0.10949814069884117,0.3820011717175189,26.833333333333332
2020-11-28,v4_ensemble,v1.0.0,"[3, 4, 16, 23, 26, 44]",18,1,1,2,2,[23],0.10896616896462218,0.38015891567094473,28.666666666666668
2020-12-02,random,v1.0.0,"[22, 24, 28, 41, 47, 49]",21,0,0,0,0,[],0.10745522698875466,0.3717761799434532,35.166666666666664
2020-12-02,ema_gap,v1.0.0,"[22, 24, 28, 41, 47, 49]",21,0,0,1,2,[],0.1109273023904132,0.38895662526206254,27.833333333333332
2020-12-02,logistic,v1.0.0,"[22, 24, 28, 41, 47, 49]",21,0,0,0,2,[],0.10792056975853061,0.3732950857844794,27.0
2020-12-02,ensemble,v1.0.0,"[22, 24, 28, 41, 47, 49]",21,1,1,1,3,[47],0.10844083981382503,0.3766092182416638,28.333333333333332
2020-12-02,v2_statistical,v1.0.0,"[22, 24, 28, 41, 47, 49]",21,1,1,2,2,[47],0.11291874869971369,0.39977268041800584,28.166666666666668
2020-12-02,v3_boosting,v1.0.0,"[22, 24, 28, 41, 47, 49]",21,0,0,0,2,[],0.10987219492646598,0.38148889574472544,28.666666666666668
2020-12-02,v4_ensemble,v1.0.0,"[22, 24, 28, 41, 47, 49]",21,1,1,1,3,[47],0.10972528043180947,0.38277071149807773,30.0
2020-12-05,random,v1.0.0,"[3, 10, 13, 21, 27, 45]",23,1,1,2,3,[3],0.10745522698875465,0.37177617994345336,19.833333333333332
2020-12-05,ema_gap,v1.0.0,"[3, 10, 13, 21, 27, 45]",23,1,1,1,2,[13],0.10774613504604076,0.37516611314204534,25.666666666666668
2020-12-05,logistic,v1.0.0,"[3, 10, 13, 21, 27, 45]",23,0,0,0,1,[],0.10842926119783536,0.3763025835464236,30.5
2020-12-05,ensemble,v1.0.0,"[3, 10, 13, 21, 27, 45]",23,1,1,1,2,[13],0.10736226118286585,0.37149552912596395,26.5
2020-12-05,v2_statistical,v1.0.0,"[3, 10, 13, 21, 27, 45]",23,2,2,2,2,"[13, 45]",0.10623353283859849,0.36478320958922617,21.5
2020-12-05,v3_boosting,v1.0.0,"[3, 10, 13, 21, 27, 45]",23,2,2,4,4,"[21, 45]",0.1041921918215688,0.3573720356604864,17.833333333333332
2020-12-05,v4_ensemble,v1.0.0,"[3, 10, 13, 21, 27, 45]",23,2,2,3,3,"[13, 45]",0.10545207831863646,0.36273509708778257,18.5
2020-12-09,random,v1.0.0,"[10, 11, 14, 19, 27, 39]",40,0,0,2,3,[],0.10745522698875465,0.37177617994345336,20.0
2020-12-09,ema_gap,v1.0.0,"[10, 11, 14, 19, 27, 39]",40,0,0,1,1,[],0.11106205351058984,0.3866914182190816,27.5
2020-12-09,logistic,v1.0.0,"[10, 11, 14, 19, 27, 39]",40,1,1,2,4,[14],0.1060396010392345,0.36488570440672463,16.833333333333332
2020-12-09,ensemble,v1.0.0,"[10, 11, 14, 19, 27, 39]",40,0,0,0,3,[],0.10761364917652745,0.3723121654404852,24.166666666666668
2020-12-09,v2_statistical,v1.0.0,"[10, 11, 14, 19, 27, 39]",40,0,0,1,2,[],0.11487111858487797,0.4032178488615958,30.333333333333332
2020-12-09,v3_boosting,v1.0.0,"[10, 11, 14, 19, 27, 39]",40,1,1,1,2,[10],0.1082502068272404,0.37564034430746795,27.333333333333332
2020-12-09,v4_ensemble,v1.0.0,"[10, 11, 14, 19, 27, 39]",40,0,0,1,2,[],0.10948859324676542,0.38072326376039484,29.5
2020-12-12,random,v1.0.0,"[27, 28, 29, 36, 46, 48]",49,0,0,0,0,[],0.10745522698875466,0.37177617994345313,35.666666666666664
2020-12-12,ema_gap,v1.0.0,"[27, 28, 29, 36, 46, 48]",49,0,0,0,1,[],0.1089240286119762,0.3748430715182792,24.166666666666668
2020-12-12,logistic,v1.0.0,"[27, 28, 29, 36, 46, 48]",49,1,1,1,4,[28],0.10596372213481625,0.36393246052553113,16.0
2020-12-12,ensemble,v1.0.0,"[27, 28, 29, 36, 46, 48]",49,0,0,2,3,[],0.10668833089667591,0.3674113134230618,17.5
2020-12-12,v2_statistical,v1.0.0,"[27, 28, 29, 36, 46, 48]",49,1,1,2,3,[27],0.10910717636395005,0.37408512161122187,21.833333333333332
2020-12-12,v3_boosting,v1.0.0,"[27, 28, 29, 36, 46, 48]",49,1,1,2,3,[48],0.10777198461602688,0.3756673693371624,25.0
2020-12-12,v4_ensemble,v1.0.0,"[27, 28, 29, 36, 46, 48]",49,1,1,2,3,[48],0.10729996196057545,0.3705368751221592,22.833333333333332
2020-12-16,random,v1.0.0,"[10, 12, 20, 25, 31, 34]",42,0,0,2,2,[],0.10745522698875466,0.37177617994345324,22.0
2020-12-16,ema_gap,v1.0.0,"[10, 12, 20, 25, 31, 34]",42,1,1,1,1,[34],0.11162995965491623,0.3917939134954148,31.0
2020-12-16,logistic,v1.0.0,"[10, 12, 20, 25, 31, 34]",42,2,2,2,4,"[12, 20]",0.1053450666304986,0.3619343808208337,16.5
2020-12-16,ensemble,v1.0.0,"[10, 12, 20, 25, 31, 34]",42,1,1,1,2,[34],0.107252459866665,0.370626836926471,24.5
2020-12-16,v2_statistical,v1.0.0,"[10, 12, 20, 25, 31, 34]",42,1,1,2,3,[34],0.10718583072176296,0.37868399681438,24.0
2020-12-16,v3_boosting,v1.0.0,"[10, 12, 20, 25, 31, 34]",42,0,0,1,3,[],0.10846339930152915,0.37497915488771594,23.0
2020-12-16,v4_ensemble,v1.0.0,"[10, 12, 20, 25, 31, 34]",42,1,1,2,3,[34],0.10690995717125704,0.3695484520038221,22.666666666666668
2020-12-19,random,v1.0.0,"[1, 8, 10, 11, 17, 35]",41,1,1,4,5,[1],0.10745522698875465,0.3717761799434534,13.666666666666666
2020-12-19,ema_gap,v1.0.0,"[1, 8, 10, 11, 17, 35]",41,0,0,1,1,[],0.11216733148160946,0.39207934380867093,31.833333333333332
2020-12-19,logistic,v1.0.0,"[1, 8, 10, 11, 17, 35]",41,1,1,2,2,[11],0.10703577745846442,0.3696156159472428,22.333333333333332
2020-12-19,ensemble,v1.0.0,"[1, 8, 10, 11, 17, 35]",41,0,0,1,1,[],0.10812795640890306,0.3747313280659777,29.166666666666668
2020-12-19,v2_statistical,v1.0.0,"[1, 8, 10, 11, 17, 35]",41,0,0,0,1,[],0.1180441294445752,0.4177466150080341,35.5
2020-12-19,v3_boosting,v1.0.0,"[1, 8, 10, 11, 17, 35]",41,1,1,1,2,[10],0.1034960361318315,0.3605595392835411,24.5
2020-12-19,v4_ensemble,v1.0.0,"[1, 8, 10, 11, 17, 35]",41,1,1,1,1,[10],0.1090164373033806,0.38050916574915067,31.833333333333332
2020-12-23,random,v1.0.0,"[7, 15, 24, 31, 33, 34]",3,0,0,1,2,[],0.10745522698875466,0.3717761799434532,24.0
2020-12-23,ema_gap,v1.0.0,"[7, 15, 24, 31, 33, 34]",3,1,1,1,3,[34],0.1100440113307013,0.3892604047536106,27.833333333333332
2020-12-23,logistic,v1.0.0,"[7, 15, 24, 31, 33, 34]",3,0,0,0,2,[],0.10940145372079223,0.3810403624791486,32.0
2020-12-23,ensemble,v1.0.0,"[7, 15, 24, 31, 33, 34]",3,1,1,1,1,[34],0.10867438230956833,0.37767872297136706,32.166666666666664
2020-12-23,v2_statistical,v1.0.0,"[7, 15, 24, 31, 33, 34]",3,1,1,1,3,[34],0.1055595655288144,0.38257329970800547,27.166666666666668
2020-12-23,v3_boosting,v1.0.0,"[7, 15, 24, 31, 33, 34]",3,0,0,1,2,[],0.10874262008882146,0.375868335210162,25.166666666666668
2020-12-23,v4_ensemble,v1.0.0,"[7, 15, 24, 31, 33, 34]",3,1,1,1,2,[34],0.10719113265975978,0.37285814486757624,27.833333333333332
2020-12-26,random,v1.0.0,"[21, 26, 28, 33, 34, 42]",43,0,0,0,0,[],0.10745522698875466,0.3717761799434532,30.666666666666668
2020-12-26,ema_gap,v1.0.0,"[21, 26, 28, 33, 34, 42]",43,1,1,1,3,[34],0.10816892059046565,0.3820097468881062,27.0
2020-12-26,logistic,v1.0.0,"[21, 26, 28, 33, 34, 42]",43,1,1,1,1,[34],0.10769932036749245,0.37279095639054605,27.333333333333332
2020-12-26,ensemble,v1.0.0,"[21, 26, 28, 33, 34, 42]",43,1,1,1,1,[34],0.10780445203350274,0.3744535116466274,31.0
2020-12-26,v2_statistical,v1.0.0,"[21, 26, 28, 33, 34, 42]",43,1,1,1,2,[34],0.10849843952217478,0.3921578645130401,29.0
2020-12-26,v3_boosting,v1.0.0,"[21, 26, 28, 33, 34, 42]",43,1,1,2,2,[28],0.10749129206072049,0.37252107873553936,25.166666666666668
2020-12-26,v4_ensemble,v1.0.0,"[21, 26, 28, 33, 34, 42]",43,1,1,2,3,[34],0.10716903211476064,0.37322492412256886,25.666666666666668
2020-12-30,random,v1.0.0,"[7, 14, 30, 32, 38, 45]",6,0,0,1,2,[],0.10745522698875465,0.37177617994345313,27.666666666666668
2020-12-30,ema_gap,v1.0.0,"[7, 14, 30, 32, 38, 45]",6,0,0,0,2,[],0.11280470882387057,0.3945355558697684,32.0
2020-12-30,logistic,v1.0.0,"[7, 14, 30, 32, 38, 45]",6,0,0,1,1,[],0.10840882787202856,0.37583655659127807,27.5
2020-12-30,ensemble,v1.0.0,"[7, 14, 30, 32, 38, 45]",6,0,0,0,1,[],0.10857677555899561,0.37677435384571917,31.333333333333332
2020-12-30,v2_statistical,v1.0.0,"[7, 14, 30, 32, 38, 45]",6,0,0,1,1,[],0.11354742497827139,0.393483548877162,28.0
2020-12-30,v3_boosting,v1.0.0,"[7, 14, 30, 32, 38, 45]",6,0,0,1,2,[],0.10876940629968991,0.3775364002811591,27.5
2020-12-30,v4_ensemble,v1.0.0,"[7, 14, 30, 32, 38, 45]",6,0,0,0,2,[],0.10996265702211981,0.3824279280437338,30.833333333333332
2021-01-02,random,v1.0.0,"[16, 17, 20, 42, 47, 49]",40,0,0,0,2,[],0.10745522698875466,0.37177617994345336,31.833333333333332
2021-01-02,ema_gap,v1.0.0,"[16, 17, 20, 42, 47, 49]",40,0,0,0,1,[],0.11261212210801816,0.3939373763073264,32.333333333333336
2021-01-02,logistic,v1.0.0,"[16, 17, 20, 42, 47, 49]",40,0,0,2,3,[],0.10690969444163899,0.3690848836912504,19.833333333333332
2021-01-02,ensemble,v1.0.0,"[16, 17, 20, 42, 47, 49]",40,0,0,0,1,[],0.10861473407350869,0.3771117731925547,32.333333333333336
2021-01-02,v2_statistical,v1.0.0,"[16, 17, 20, 42, 47, 49]",40,0,0,1,1,[],0.11485816372268717,0.40119470002220387,29.833333333333332
2021-01-02,v3_boosting,v1.0.0,"[16, 17, 20, 42, 47, 49]",40,1,1,3,3,[42],0.10745055667292393,0.3719658444657233,24.0
2021-01-02,v4_ensemble,v1.0.0,"[16, 17, 20, 42, 47, 49]",40,0,0,0,1,[],0.10949806388590638,0.38007976869215937,29.833333333333332
2021-01-06,random,v1.0.0,"[15, 23, 30, 31, 32, 42]",48,0,0,0,1,[],0.10745522698875466,0.37177617994345313,28.833333333333332
2021-01-06,ema_gap,v1.0.0,"[15, 23, 30, 31, 32, 42]",48,0,0,2,2,[],0.11029847600972673,0.3831483956256311,28.333333333333332
2021-01-06,logistic,v1.0.0,"[15, 23, 30, 31, 32, 42]",48,1,1,2,2,[42],0.10708351612424322,0.37046181656951715,25.0
2021-01-06,ensemble,v1.0.0,"[15, 23, 30, 31, 32, 42]",48,0,0,0,3,[],0.10762713240646517,0.37230137777300576,24.666666666666668
2021-01-06,v2_statistical,v1.0.0,"[15, 23, 30, 31, 32, 42]",48,0,0,2,2,[],0.11321962946256406,0.39475880949991815,28.0
2021-01-06,v3_boosting,v1.0.0,"[15, 23, 30, 31, 32, 42]",48,1,1,2,3,[32],0.10672593038107414,0.3667586267704328,20.666666666666668
2021-01-06,v4_ensemble,v1.0.0,"[15, 23, 30, 31, 32, 42]",48,0,0,1,2,[],0.1086230178746358,0.3751759133252703,24.333333333333332
2021-01-09,random,v1.0.0,"[4, 8, 18, 24, 31, 32]",40,1,1,2,3,[4],0.10745522698875465,0.37177617994345324,19.5
2021-01-09,ema_gap,v1.0.0,"[4, 8, 18, 24, 31, 32]",40,1,1,2,2,[31],0.1090377421791421,0.37945946354484367,25.333333333333332
2021-01-09,logistic,v1.0.0,"[4, 8, 18, 24, 31, 32]",40,0,0,1,1,[],0.11034729471172139,0.3855932381774702,33.166666666666664
2021-01-09,ensemble,v1.0.0,"[4, 8, 18, 24, 31, 32]",40,1,1,1,1,[31],0.10927779581836888,0.3807837788112995,30.0
2021-01-09,v2_statistical,v1.0.0,"[4, 8, 18, 24, 31, 32]",40,1,1,1,2,[31],0.11066402035702116,0.3892179181287597,26.666666666666668
2021-01-09,v3_boosting,v1.0.0,"[4, 8, 18, 24, 31, 32]",40,0,0,1,3,[],0.10887545978105051,0.3775770230626643,25.666666666666668
2021-01-09,v4_ensemble,v1.0.0,"[4, 8, 18, 24, 31, 32]",40,1,1,1,3,[31],0.10903350395531948,0.38013457708607395,25.5
2021-01-13,random,v1.0.0,"[20, 27, 28, 37, 38, 39]",9,0,0,0,0,[],0.10745522698875466,0.3717761799434532,31.5
2021-01-13,ema_gap,v1.0.0,"[20, 27, 28, 37, 38, 39]",9,0,0,1,1,[],0.10940218629760803,0.3766321738823718,23.666666666666668
2021-01-13,logistic,v1.0.0,"[20, 27, 28, 37, 38, 39]",9,1,1,1,3,[20],0.1070492745907342,0.36940918718765253,21.5
2021-01-13,ensemble,v1.0.0,"[20, 27, 28, 37, 38, 39]",9,0,0,1,2,[],0.10750974862085297,0.371738521735211,22.166666666666668
2021-01-13,v2_statistical,v1.0.0,"[20, 27, 28, 37, 38, 39]",9,0,0,1,2,[],0.1120224126416661,0.3836886170263049,23.5
2021-01-13,v3_boosting,v1.0.0,"[20, 27, 28, 37, 38, 39]",9,1,1,2,2,[27],0.10656587603217169,0.36685047373734014,21.333333333333332
2021-01-13,v4_ensemble,v1.0.0,"[20, 27, 28, 37, 38, 39]",9,0,0,2,4,[],0.1078174527419933,0.3723283607603794,21.5
2021-01-16,random,v1.0.0,"[9, 10, 21, 28, 35, 43]",34,0,0,2,2,[],0.10745522698875466,0.37177617994345324,24.333333333333332
2021-01-16,ema_gap,v1.0.0,"[9, 10, 21, 28, 35, 43]",34,1,1,2,3,[28],0.11065208651613706,0.3893165126113494,27.5
2021-01-16,logistic,v1.0.0,"[9, 10, 21, 28, 35, 43]",34,0,0,3,4,[],0.10671382879489728,0.36824480871751814,18.166666666666668
2021-01-16,ensemble,v1.0.0,"[9, 10, 21, 28, 35, 43]",34,0,0,2,3,[],0.10770275336748678,0.3729213471379831,24.333333333333332
2021-01-16,v2_statistical,v1.0.0,"[9, 10, 21, 28, 35, 43]",34,0,0,1,2,[],0.11409479010092659,0.39773384335780193,26.5
2021-01-16,v3_boosting,v1.0.0,"[9, 10, 21, 28, 35, 43]",34,0,0,2,3,[],0.10731393935675211,0.3698994392172367,21.166666666666668
2021-01-16,v4_ensemble,v1.0.0,"[9, 10, 21, 28, 35, 43]",34,1,1,2,2,[21],0.1087927929420667,0.3780007291470779,26.166666666666668
2021-01-20,random,v1.0.0,"[2, 5, 18, 23, 29, 47]",45,2,2,2,3,"[2, 5]",0.10745522698875466,0.37177617994345324,20.666666666666668
2021-01-20,ema_gap,v1.0.0,"[2, 5, 18, 23, 29, 47]",45,1,1,2,2,[23],0.10883114384353021,0.3778329445927263,25.333333333333332
2021-01-20,logistic,v1.0.0,"[2, 5, 18, 23, 29, 47]",45,0,0,1,2,[],0.1085474235164421,0.3765187447516873,29.166666666666668
2021-01-20,ensemble,v1.0.0,"[2, 5, 18, 23, 29, 47]",45,1,1,2,2,[47],0.10801749203888023,0.37456883611197556,27.666666666666668
2021-01-20,v2_statistical,v1.0.0,"[2, 5, 18, 23, 29, 47]",45,2,2,2,2,"[23, 47]",0.10912062414820253,0.37542776586732857,23.666666666666668
2021-01-20,v3_boosting,v1.0.0,"[2, 5, 18, 23, 29, 47]",45,1,1,1,1,[2],0.11213416283728078,0.3925733824938379,32.166666666666664
2021-01-20,v4_ensemble,v1.0.0,"[2, 5, 18, 23, 29, 47]",45,1,1,2,2,[47],0.10900844994321296,0.37873134188875424,27.166666666666668
2021-01-23,random,v1.0.0,"[5, 17, 21, 29, 41, 43]",46,1,1,1,2,[5],0.10745522698875466,0.37177617994345324,26.0
2021-01-23,ema_gap,v1.0.0,"[5, 17, 21, 29, 41, 43]",46,0,0,1,3,[],0.10865526587890381,0.3784356180670177,22.666666666666668
2021-01-23,logistic,v1.0.0,"[5, 17, 21, 29, 41, 43]",46,0,0,1,2,[],0.10874864253212072,0.3774492679573248,28.666666666666668
2021-01-23,ensemble,v1.0.0,"[5, 17, 21, 29, 41, 43]",46,0,0,1,2,[],0.10830001773089969,0.37551825502119723,26.666666666666668
2021-01-23,v2_statistical,v1.0.0,"[5, 17, 21, 29, 41, 43]",46,0,0,2,2,[],0.11213037984335793,0.3899655106427624,24.166666666666668
2021-01-23,v3_boosting,v1.0.0,"[5, 17, 21, 29, 41, 43]",46,0,0,1,1,[],0.11219821557538653,0.39033775301745194,30.333333333333332
2021-01-23,v4_ensemble,v1.0.0,"[5, 17, 21, 29, 41, 43]",46,0,0,1,2,[],0.1101307049712955,0.3831822589760561,26.166666666666668
2021-01-27,random,v1.0.0,"[12, 17, 23, 36, 44, 49]",32,0,0,1,2,[],0.10745522698875466,0.37177617994345324,30.166666666666668
2021-01-27,ema_gap,v1.0.0,"[12, 17, 23, 36, 44, 49]",32,1,1,2,2,[23],0.11052540145288746,0.3893375918421105,30.0
2021-01-27,logistic,v1.0.0,"[12, 17, 23, 36, 44, 49]",32,0,0,1,2,[],0.10863795301569881,0.3772021383493735,29.333333333333332
2021-01-27,ensemble,v1.0.0,"[12, 17, 23, 36, 44, 49]",32,1,1,1,1,[23],0.10835504940513344,0.375909042682394,32.0
2021-01-27,v2_statistical,v1.0.0,"[12, 17, 23, 36, 44, 49]",32,1,1,1,1,[23],0.11368077054923073,0.4008644948556589,30.0
2021-01-27,v3_boosting,v1.0.0,"[12, 17, 23, 36, 44, 49]",32,1,1,1,1,[44],0.10862191561090905,0.37581119459316,25.5
2021-01-27,v4_ensemble,v1.0.0,"[12, 17, 23, 36, 44, 49]",32,1,1,1,1,[23],0.10960953873949394,0.38170750633238104,30.0
2021-01-30,random,v1.0.0,"[3, 23, 26, 35, 42, 44]",32,1,1,1,1,[3],0.10745522698875466,0.3717761799434532,28.833333333333332
2021-01-30,ema_gap,v1.0.0,"[3, 23, 26, 35, 42, 44]",32,1,1,1,1,[23],0.1079938051710523,0.37715094518174874,27.833333333333332
2021-01-30,logistic,v1.0.0,"[3, 23, 26, 35, 42, 44]",32,2,2,2,3,"[35, 42]",0.10708549611554428,0.3702234140352914,23.166666666666668
2021-01-30,ensemble,v1.0.0,"[3, 23, 26, 35, 42, 44]",32,1,1,1,2,[23],0.10719259151799895,0.37085450647547946,26.5
2021-01-30,v2_statistical,v1.0.0,"[3, 23, 26, 35, 42, 44]",32,1,1,2,2,[23],0.10687744499913739,0.3774824347260813,26.333333333333332
2021-01-30,v3_boosting,v1.0.0,"[3, 23, 26, 35, 42, 44]",32,1,1,2,2,[44],0.10914590897937895,0.37946866928287176,28.666666666666668
2021-01-30,v4_ensemble,v1.0.0,"[3, 23, 26, 35, 42, 44]",32,1,1,2,2,[23],0.1070528903497058,0.3722250167593297,28.0
2021-02-03,random,v1.0.0,"[20, 21, 26, 30, 35, 41]",47,0,0,0,0,[],0.10745522698875466,0.3717761799434532,28.833333333333332
2021-02-03,ema_gap,v1.0.0,"[20, 21, 26, 30, 35, 41]",47,1,1,1,2,[21],0.10870610218280348,0.3764221972351171,24.166666666666668
2021-02-03,logistic,v1.0.0,"[20, 21, 26, 30, 35, 41]",47,2,2,4,4,"[35, 41]",0.10495448465622748,0.36063590437499676,15.666666666666666
2021-02-03,ensemble,v1.0.0,"[20, 21, 26, 30, 35, 41]",47,1,1,2,2,[21],0.10689651059734939,0.3689729151187152,20.333333333333332
2021-02-03,v2_statistical,v1.0.0,"[20, 21, 26, 30, 35, 41]",47,1,1,1,2,[21],0.11346993912868199,0.39654665531475414,28.666666666666668
2021-02-03,v3_boosting,v1.0.0,"[20, 21, 26, 30, 35, 41]",47,2,2,2,4,"[21, 41]",0.10649102405449361,0.36677361042464945,20.0
2021-02-03,v4_ensemble,v1.0.0,"[20, 21, 26, 30, 35, 41]",47,1,1,1,1,[21],0.10780516519824908,0.372168124729857,24.666666666666668
2021-02-06,random,v1.0.0,"[6, 11, 12, 26, 28, 38]",47,1,1,3,3,[6],0.10745522698875466,0.37177617994345336,20.166666666666668
2021-02-06,ema_gap,v1.0.0,"[6, 11, 12, 26, 28, 38]",47,1,1,1,2,[28],0.11077288524890627,0.38660364551037407,27.833333333333332
2021-02-06,logistic,v1.0.0,"[6, 11, 12, 26, 28, 38]",47,0,0,0,2,[],0.10837182144036096,0.3754850257823907,26.666666666666668
2021-02-06,ensemble,v1.0.0,"[6, 11, 12, 26, 28, 38]",47,0,0,1,2,[],0.10849649556781606,0.37622736370466264,27.5
2021-02-06,v2_statistical,v1.0.0,"[6, 11, 12, 26, 28, 38]",47,0,0,1,3,[],0.1142455295002553,0.39677795718530784,26.833333333333332
2021-02-06,v3_boosting,v1.0.0,"[6, 11, 12, 26, 28, 38]",47,2,2,2,3,"[12, 26]",0.10523327436374509,0.36238513593270477,20.833333333333332
2021-02-06,v4_ensemble,v1.0.0,"[6, 11, 12, 26, 28, 38]",47,0,0,1,3,[],0.10875891448908472,0.3757575834251588,22.0
2021-02-10,random,v1.0.0,"[4, 14, 22, 26, 45, 48]",20,1,1,1,2,[4],0.10745522698875466,0.3717761799434532,26.5
2021-02-10,ema_gap,v1.0.0,"[4, 14, 22, 26, 45, 48]",20,1,1,1,1,[26],0.11189129593805877,0.3914047886940099,30.833333333333332
2021-02-10,logistic,v1.0.0,"[4, 14, 22, 26, 45, 48]",20,0,0,1,3,[],0.10661823854755045,0.36731014645080623,20.666666666666668
2021-02-10,ensemble,v1.0.0,"[4, 14, 22, 26, 45, 48]",20,0,0,1,2,[],0.10778366776582549,0.37296646056525307,25.0
2021-02-10,v2_statistical,v1.0.0,"[4, 14, 22, 26, 45, 48]",20,0,0,1,2,[],0.11459827012866737,0.3990992552636025,28.166666666666668
2021-02-10,v3_boosting,v1.0.0,"[4, 14, 22, 26, 45, 48]",20,3,3,3,3,"[22, 45, 48]",0.10470223851263699,0.3627992470549298,19.833333333333332
2021-02-10,v4_ensemble,v1.0.0,"[4, 14, 22, 26, 45, 48]",20,0,0,2,3,[],0.10824883158400639,0.3749267842127068,24.666666666666668
2021-02-13,random,v1.0.0,"[16, 17, 27, 40, 41, 45]",38,0,0,0,2,[],0.10745522698875466,0.3717761799434532,31.0
2021-02-13,ema_gap,v1.0.0,"[16, 17, 27, 40, 41, 45]",38,0,0,1,2,[],0.11176923120770409,0.39223628025147717,29.0
2021-02-13,logistic,v1.0.0,"[16, 17, 27, 40, 41, 45]",38,1,1,1,1,[41],0.10747423497800601,0.37184503400436525,26.833333333333332
2021-02-13,ensemble,v1.0.0,"[16, 17, 27, 40, 41, 45]",38,0,0,1,2,[],0.10836236144587408,0.37593287224548416,30.333333333333332
2021-02-13,v2_statistical,v1.0.0,"[16, 17, 27, 40, 41, 45]",38,1,1,1,3,[45],0.11091417988132522,0.3836205568554654,24.833333333333332
2021-02-13,v3_boosting,v1.0.0,"[16, 17, 27, 40, 41, 45]",38,0,0,0,1,[],0.1104608536101911,0.3845256380631231,30.666666666666668
2021-02-13,v4_ensemble,v1.0.0,"[16, 17, 27, 40, 41, 45]",38,0,0,1,2,[],0.10937703390369825,0.38029840467031206,28.166666666666668
2021-02-17,random,v1.0.0,"[7, 16, 18, 43, 45, 48]",14,0,0,1,3,[],0.10745522698875465,0.37177617994345336,29.5
2021-02-17,ema_gap,v1.0.0,"[7, 16, 18, 43, 45, 48]",14,1,1,1,3,[45],0.10779621314440538,0.3711227161133846,22.333333333333332
2021-02-17,logistic,v1.0.0,"[7, 16, 18, 43, 45, 48]",14,2,2,3,4,"[16, 48]",0.10593068542860494,0.36490182496510293,16.666666666666668
2021-02-17,ensemble,v1.0.0,"[7, 16, 18, 43, 45, 48]",14,1,1,3,3,[45],0.10654978919807456,0.3677983570528043,19.5
2021-02-17,v2_statistical,v1.0.0,"[7, 16, 18, 43, 45, 48]",14,1,1,2,3,[45],0.10880266813429379,0.3762657177860267,22.666666666666668
2021-02-17,v3_boosting,v1.0.0,"[7, 16, 18, 43, 45, 48]",14,0,0,1,2,[],0.1124344838794441,0.3973578592706687,33.333333333333336
2021-02-17,v4_ensemble,v1.0.0,"[7, 16, 18, 43, 45, 48]",14,1,1,1,2,[45],0.10866302871456612,0.37793848435497285,25.166666666666668
2021-02-20,random,v1.0.0,"[2, 14, 15, 21, 29, 46]",7,1,1,1,3,[2],0.10745522698875465,0.37177617994345336,21.166666666666668
2021-02-20,ema_gap,v1.0.0,"[2, 14, 15, 21, 29, 46]",7,1,1,1,2,[21],0.11016733337770188,0.38583121086032146,28.833333333333332
2021-02-20,logistic,v1.0.0,"[2, 14, 15, 21, 29, 46]",7,0,0,2,2,[],0.10851094502132923,0.37675369525573427,28.166666666666668
2021-02-20,ensemble,v1.0.0,"[2, 14, 15, 21, 29, 46]",7,0,0,1,3,[],0.10854534858642206,0.37706557330385443,26.5
2021-02-20,v2_statistical,v1.0.0,"[2, 14, 15, 21, 29, 46]",7,1,1,1,1,[21],0.11629362012799604,0.41613961618589274,33.5
2021-02-20,v3_boosting,v1.0.0,"[2, 14, 15, 21, 29, 46]",7,0,0,0,0,[],0.11274992466431927,0.39700046550261464,37.166666666666664
2021-02-20,v4_ensemble,v1.0.0,"[2, 14, 15, 21, 29, 46]",7,0,0,1,1,[],0.11187901971217573,0.3937968363560142,34.666666666666664
2021-02-24,random,v1.0.0,"[11, 36, 37, 38, 39, 45]",10,0,0,1,1,[],0.10745522698875466,0.37177617994345297,34.333333333333336
2021-02-24,ema_gap,v1.0.0,"[11, 36, 37, 38, 39, 45]",10,1,1,1,2,[45],0.10981845857169513,0.382637873746162,28.166666666666668
2021-02-24,logistic,v1.0.0,"[11, 36, 37, 38, 39, 45]",10,0,0,1,1,[],0.10841284967251966,0.3756444326996491,29.833333333333332
2021-02-24,ensemble,v1.0.0,"[11, 36, 37, 38, 39, 45]",10,1,1,1,2,[45],0.10801545658670401,0.3743852602923824,28.5
2021-02-24,v2_statistical,v1.0.0,"[11, 36, 37, 38, 39, 45]",10,1,1,2,2,[45],0.10989669650902485,0.3861470501413642,27.666666666666668
2021-02-24,v3_boosting,v1.0.0,"[11, 36, 37, 38, 39, 45]",10,1,1,1,1,[36],0.10896311197941395,0.37732035159097804,28.0
2021-02-24,v4_ensemble,v1.0.0,"[11, 36, 37, 38, 39, 45]",10,1,1,1,2,[45],0.10857405347918024,0.376972443995522,28.166666666666668
2021-02-27,random,v1.0.0,"[11, 15, 16, 20, 46, 49]",17,0,0,1,3,[],0.10745522698875466,0.37177617994345336,26.166666666666668
2021-02-27,ema_gap,v1.0.0,"[11, 15, 16, 20, 46, 49]",17,0,0,1,1,[],0.1103715836716424,0.38240750809766033,27.0
2021-02-27,logistic,v1.0.0,"[11, 15, 16, 20, 46, 49]",17,1,1,1,2,[49],0.10794512618507066,0.3741273325037822,27.333333333333332
2021-02-27,ensemble,v1.0.0,"[11, 15, 16, 20, 46, 49]",17,0,0,0,1,[],0.10849570762533152,0.3764840834964017,29.666666666666668
2021-02-27,v2_statistical,v1.0.0,"[11, 15, 16, 20, 46, 49]",17,0,0,0,2,[],0.11385557794856412,0.3948306512525754,27.666666666666668
2021-02-27,v3_boosting,v1.0.0,"[11, 15, 16, 20, 46, 49]",17,2,2,3,3,"[46, 49]",0.10622309149475348,0.36255823349578936,16.5
2021-02-27,v4_ensemble,v1.0.0,"[11, 15, 16, 20, 46, 49]",17,1,1,1,2,[16],0.10832952859273336,0.37479667072750944,25.166666666666668
2021-03-03,random,v1.0.0,"[3, 11, 33, 34, 36, 43]",42,1,1,2,2,[3],0.10745522698875466,0.3717761799434531,26.666666666666668
2021-03-03,ema_gap,v1.0.0,"[3, 11, 33, 34, 36, 43]",42,0,0,0,3,[],0.1105677053443517,0.3854583351030323,25.833333333333332
2021-03-03,logistic,v1.0.0,"[3, 11, 33, 34, 36, 43]",42,0,0,3,4,[],0.10763816955412277,0.3728361738586963,22.833333333333332
2021-03-03,ensemble,v1.0.0,"[3, 11, 33, 34, 36, 43]",42,0,0,2,2,[],0.10785211084716538,0.37353802417307236,26.333333333333332
2021-03-03,v2_statistical,v1.0.0,"[3, 11, 33, 34, 36, 43]",42,1,1,2,2,[34],0.10949825959454731,0.38362995587197846,24.0
2021-03-03,v3_boosting,v1.0.0,"[3, 11, 33, 34, 36, 43]",42,1,1,1,1,[34],0.10700096810087267,0.36848655655878226,22.833333333333332
2021-03-03,v4_ensemble,v1.0.0,"[3, 11, 33, 34, 36, 43]",42,1,1,2,2,[34],0.10770532672535324,0.3729507118804383,23.833333333333332
2021-03-06,random,v1.0.0,"[2, 14, 18, 21, 26, 48]",19,1,1,1,3,[2],0.10745522698875465,0.37177617994345324,21.5
2021-03-06,ema_gap,v1.0.0,"[2, 14, 18, 21, 26, 48]",19,1,1,2,5,[21],0.1031040588976903,0.3511679754090139,15.5
2021-03-06,logistic,v1.0.0,"[2, 14, 18, 21, 26, 48]",19,0,0,0,0,[],0.11038033006438928,0.38501326487896986,33.5
2021-03-06,ensemble,v1.0.0,"[2, 14, 18, 21, 26, 48]",19,1,1,1,3,[21],0.1077231074847715,0.37273465922687665,23.833333333333332
2021-03-06,v2_statistical,v1.0.0,"[2, 14, 18, 21, 26, 48]",19,1,1,3,3,[21],0.10893762290056816,0.37462753347128586,22.333333333333332
2021-03-06,v3_boosting,v1.0.0,"[2, 14, 18, 21, 26, 48]",19,0,0,0,1,[],0.1116210666798567,0.3897728917143621,30.666666666666668
2021-03-06,v4_ensemble,v1.0.0,"[2, 14, 18, 21, 26, 48]",19,1,1,2,3,[21],0.10866284229136564,0.37566739592215204,24.166666666666668
2021-03-10,random,v1.0.0,"[30, 31, 35, 36, 43, 48]",28,0,0,0,0,[],0.10745522698875466,0.37177617994345313,37.166666666666664
2021-03-10,ema_gap,v1.0.0,"[30, 31, 35, 36, 43, 48]",28,0,0,2,3,[],0.10663224176006957,0.3650909676279975,19.666666666666668
2021-03-10,logistic,v1.0.0,"[30, 31, 35, 36, 43, 48]",28,1,1,2,2,[31],0.1077714337315964,0.37398299712298805,22.666666666666668
2021-03-10,ensemble,v1.0.0,"[30, 31, 35, 36, 43, 48]",28,0,0,2,3,[],0.10691213188529909,0.369102288745548,20.166666666666668
2021-03-10,v2_statistical,v1.0.0,"[30, 31, 35, 36, 43, 48]",28,1,1,2,4,[43],0.10593344784650788,0.3593711459181411,16.666666666666668
2021-03-10,v3_boosting,v1.0.0,"[30, 31, 35, 36, 43, 48]",28,1,1,2,2,[31],0.10729189678390803,0.3714323256083042,24.333333333333332
2021-03-10,v4_ensemble,v1.0.0,"[30, 31, 35, 36, 43, 48]",28,2,2,2,3,"[31, 43]",0.1060862682935688,0.3651508860154626,19.0
2021-03-13,random,v1.0.0,"[15, 24, 27, 29, 42, 49]",18,0,0,0,1,[],0.10745522698875466,0.3717761799434532,31.0
2021-03-13,ema_gap,v1.0.0,"[15, 24, 27, 29, 42, 49]",18,0,0,0,0,[],0.11165637585354524,0.3880722805494327,28.666666666666668
2021-03-13,logistic,v1.0.0,"[15, 24, 27, 29, 42, 49]",18,1,1,2,2,[49],0.10672861570318604,0.3683216895374435,19.666666666666668
2021-03-13,ensemble,v1.0.0,"[15, 24, 27, 29, 42, 49]",18,0,0,0,1,[],0.108034310906865,0.37422238664714963,27.5
2021-03-13,v2_statistical,v1.0.0,"[15, 24, 27, 29, 42, 49]",18,0,0,1,1,[],0.11619305554160471,0.407238863091096,30.833333333333332
2021-03-13,v3_boosting,v1.0.0,"[15, 24, 27, 29, 42, 49]",18,1,1,2,2,[15],0.10527051174899801,0.36156722780044986,19.333333333333332
2021-03-13,v4_ensemble,v1.0.0,"[15, 24, 27, 29, 42, 49]",18,0,0,0,1,[],0.10891756187585462,0.3776176828467414,27.333333333333332
2021-03-17,random,v1.0.0,"[4, 9, 13, 25, 44, 49]",3,1,1,2,3,[4],0.10745522698875466,0.37177617994345336,24.0
2021-03-17,ema_gap,v1.0.0,"[4, 9, 13, 25, 44, 49]",3,0,0,0,0,[],0.11672059327145262,0.4196429762064924,39.333333333333336
2021-03-17,logistic,v1.0.0,"[4, 9, 13, 25, 44, 49]",3,1,1,1,2,[49],0.10706355533940208,0.37042480148629026,24.666666666666668
2021-03-17,ensemble,v1.0.0,"[4, 9, 13, 25, 44, 49]",3,1,1,1,1,[49],0.10952178645002009,0.38185241582188567,34.5
2021-03-17,v2_statistical,v1.0.0,"[4, 9, 13, 25, 44, 49]",3,0,0,0,0,[],0.11916629598603747,0.42936300256656396,37.5
2021-03-17,v3_boosting,v1.0.0,"[4, 9, 13, 25, 44, 49]",3,1,1,1,1,[25],0.11115665300392613,0.39046989527526277,32.333333333333336
2021-03-17,v4_ensemble,v1.0.0,"[4, 9, 13, 25, 44, 49]",3,0,0,0,0,[],0.1127894828469737,0.39731225437916584,38.166666666666664
2021-03-20,random,v1.0.0,"[9, 16, 25, 36, 39, 43]",49,0,0,1,2,[],0.10745522698875466,0.3717761799434532,28.0
2021-03-20,ema_gap,v1.0.0,"[9, 16, 25, 36, 39, 43]",49,1,1,3,3,[43],0.10854913594991432,0.37723149096378095,24.0
2021-03-20,logistic,v1.0.0,"[9, 16, 25, 36, 39, 43]",49,2,2,2,2,"[36, 43]",0.10695498683665228,0.37083745878071167,27.166666666666668
2021-03-20,ensemble,v1.0.0,"[9, 16, 25, 36, 39, 43]",49,1,1,2,2,[43],0.10771797270613521,0.37367504382904687,27.5
2021-03-20,v2_statistical,v1.0.0,"[9, 16, 25, 36, 39, 43]",49,0,0,2,2,[],0.11427755192173568,0.40184633094574235,29.5
2021-03-20,v3_boosting,v1.0.0,"[9, 16, 25, 36, 39, 43]",49,1,1,1,2,[43],0.10955327758810683,0.3827114979109216,29.833333333333332
2021-03-20,v4_ensemble,v1.0.0,"[9, 16, 25, 36, 39, 43]",49,1,1,2,2,[43],0.10967618096924135,0.38375903579744725,29.166666666666668
2021-03-24,random,v1.0.0,"[3, 4, 27, 43, 45, 48]",44,2,2,2,2,"[3, 4]",0.10745522698875465,0.37177617994345313,28.333333333333332
2021-03-24,ema_gap,v1.0.0,"[3, 4, 27, 43, 45, 48]",44,3,3,3,4,"[43, 45, 48]",0.10233996458302876,0.34994023954654735,15.833333333333334
2021-03-24,logistic,v1.0.0,"[3, 4, 27, 43, 45, 48]",44,2,2,2,2,"[27, 45]",0.10766799096566135,0.37275744067821515,26.5
2021-03-24,ensemble,v1.0.0,"[3, 4, 27, 43, 45, 48]",44,3,3,4,4,"[27, 43, 45]",0.10574540934698848,0.36418129934577603,16.333333333333332
2021-03-24,v2_statistical,v1.0.0,"[3, 4, 27, 43, 45, 48]",44,3,3,4,4,"[43, 45, 48]",0.09649529835735102,0.33111948162011473,14.5
2021-03-24,v3_boosting,v1.0.0,"[3, 4, 27, 43, 45, 48]",44,2,2,2,3,"[3, 43]",0.10683977897819648,0.36927490527462065,21.833333333333332
2021-03-24,v4_ensemble,v1.0.0,"[3, 4, 27, 43, 45, 48]",44,2,2,4,5,"[43, 45]",0.1025710365862093,0.3515976004824597,14.333333333333334
2021-03-27,random,v1.0.0,"[15, 16, 17, 30, 36, 40]",34,0,0,0,3,[],0.10745522698875466,0.37177617994345336,25.666666666666668
2021-03-27,ema_gap,v1.0.0,"[15, 16, 17, 30, 36, 40]",34,2,2,2,2,"[16, 36]",0.10724560773339138,0.37002692363787937,22.833333333333332
2021-03-27,logistic,v1.0.0,"[15, 16, 17, 30, 36, 40]",34,2,2,2,2,"[15, 30]",0.10798504290309037,0.37444895027361014,28.833333333333332
2021-03-27,ensemble,v1.0.0,"[15, 16, 17, 30, 36, 40]",34,0,0,2,3,[],0.10750025466426816,0.37182902700643067,22.666666666666668
2021-03-27,v2_statistical,v1.0.0,"[15, 16, 17, 30, 36, 40]",34,1,1,2,2,[36],0.11008646798505084,0.3755036802706016,21.0
2021-03-27,v3_boosting,v1.0.0,"[15, 16, 17, 30, 36, 40]",34,1,1,1,3,[15],0.10715547002432022,0.3685814460108027,20.666666666666668
2021-03-27,v4_ensemble,v1.0.0,"[15, 16, 17, 30, 36, 40]",34,0,0,2,3,[],0.10717064869656408,0.36934057740686393,21.5
2021-03-31,random,v1.0.0,"[3, 7, 8, 12, 37, 40]",41,1,1,4,4,[3],0.10745522698875465,0.3717761799434534,17.833333333333332
2021-03-31,ema_gap,v1.0.0,"[3, 7, 8, 12, 37, 40]",41,0,0,0,0,[],0.11544628901896625,0.4093775952013265,36.833333333333336
2021-03-31,logistic,v1.0.0,"[3, 7, 8, 12, 37, 40]",41,0,0,0,1,[],0.1089835705705663,0.3787416105434573,32.0
2021-03-31,ensemble,v1.0.0,"[3, 7, 8, 12, 37, 40]",41,0,0,0,0,[],0.1101021760638877,0.3842332346309004,38.5
2021-03-31,v2_statistical,v1.0.0,"[3, 7, 8, 12, 37, 40]",41,0,0,0,1,[],0.11876261555549211,0.4206531153007885,33.666666666666664
2021-03-31,v3_boosting,v1.0.0,"[3, 7, 8, 12, 37, 40]",41,1,1,2,2,[7],0.10808381108666407,0.3753608585088341,27.333333333333332
2021-03-31,v4_ensemble,v1.0.0,"[3, 7, 8, 12, 37, 40]",41,0,0,0,0,[],0.11177428064973545,0.39094143909830836,35.333333333333336
2021-04-03,random,v1.0.0,"[12, 13, 19, 35, 42, 47]",28,0,0,1,2,[],0.10745522698875466,0.37177617994345336,28.0
2021-04-03,ema_gap,v1.0.0,"[12, 13, 19, 35, 42, 47]",28,0,0,0,0,[],0.11377564200635149,0.40024937787331494,34.0
2021-04-03,logistic,v1.0.0,"[12, 13, 19, 35, 42, 47]",28,0,0,1,1,[],0.10943660096932734,0.3802494612689251,29.666666666666668
2021-04-03,ensemble,v1.0.0,"[12, 13, 19, 35, 42, 47]",28,0,0,0,0,[],0.10991808844366452,0.3826240416772691,33.333333333333336
2021-04-03,v2_statistical,v1.0.0,"[12, 13, 19, 35, 42, 47]",28,0,0,0,0,[],0.12016215588253647,0.42791206184719743,34.333333333333336
2021-04-03,v3_boosting,v1.0.0,"[12, 13, 19, 35, 42, 47]",28,0,0,2,3,[],0.10738682133745431,0.36952838408503624,20.333333333333332
2021-04-03,v4_ensemble,v1.0.0,"[12, 13, 19, 35, 42, 47]",28,0,0,0,0,[],0.11178719907268643,0.3903293418995065,33.0
2021-04-07,random,v1.0.0,"[23, 31, 34, 38, 39, 41]",12,0,0,0,0,[],0.10745522698875466,0.37177617994345313,34.333333333333336
2021-04-07,ema_gap,v1.0.0,"[23, 31, 34, 38, 39, 41]",12,0,0,0,2,[],0.11063635811332288,0.38460917732087885,26.5
2021-04-07,logistic,v1.0.0,"[23, 31, 34, 38, 39, 41]",12,1,1,2,3,[23],0.10667766134082572,0.36804193206431224,21.5
2021-04-07,ensemble,v1.0.0,"[23, 31, 34, 38, 39, 41]",12,1,1,1,4,[23],0.10724798390615559,0.3705584636910071,20.333333333333332
2021-04-07,v2_statistical,v1.0.0,"[23, 31, 34, 38, 39, 41]",12,1,1,2,3,[34],0.10540659670852517,0.36543554275400514,20.666666666666668
2021-04-07,v3_boosting,v1.0.0,"[23, 31, 34, 38, 39, 41]",12,0,0,3,4,[],0.10789279890298605,0.3715189772759921,19.0
2021-04-07,v4_ensemble,v1.0.0,"[23, 31, 34, 38, 39, 41]",12,1,1,2,4,[34],0.10665667810504191,0.36666923228351733,18.333333333333332
2021-04-10,random,v1.0.0,"[5, 16, 19, 24, 28, 34]",4,1,1,1,2,[5],0.10745522698875465,0.37177617994345324,21.0
2021-04-10,ema_gap,v1.0.0,"[5, 16, 19, 24, 28, 34]",4,1,1,2,2,[16],0.1079029652282479,0.3743564350772242,24.833333333333332
2021-04-10,logistic,v1.0.0,"[5, 16, 19, 24, 28, 34]",4,0,0,1,2,[],0.10861867390201048,0.3772173475597235,29.5
2021-04-10,ensemble,v1.0.0,"[5, 16, 19, 24, 28, 34]",4,2,2,2,2,"[16, 34]",0.10763623721523599,0.3726387283891567,26.166666666666668
2021-04-10,v2_statistical,v1.0.0,"[5, 16, 19, 24, 28, 34]",4,1,1,2,2,[34],0.10994793324355522,0.3792227085251032,23.5
2021-04-10,v3_boosting,v1.0.0,"[5, 16, 19, 24, 28, 34]",4,1,1,2,2,[19],0.10944797650275488,0.3815005947152526,29.0
2021-04-10,v4_ensemble,v1.0.0,"[5, 16, 19, 24, 28, 34]",4,1,1,1,3,[34],0.10820237749410479,0.3753553365765931,26.5
2021-04-14,random,v1.0.0,"[4, 6, 12, 23, 36, 47]",18,2,2,3,3,"[4, 6]",0.10745522698875466,0.37177617994345336,21.333333333333332
2021-04-14,ema_gap,v1.0.0,"[4, 6, 12, 23, 36, 47]",18,2,2,2,2,"[23, 36]",0.10784970649945141,0.37420684603371135,24.666666666666668
2021-04-14,logistic,v1.0.0,"[4, 6, 12, 23, 36, 47]",18,0,0,0,1,[],0.10791612559388752,0.37364432075959614,28.333333333333332
2021-04-14,ensemble,v1.0.0,"[4, 6, 12, 23, 36, 47]",18,2,2,2,2,"[23, 36]",0.10754875571649394,0.37229241994379414,25.666666666666668
2021-04-14,v2_statistical,v1.0.0,"[4, 6, 12, 23, 36, 47]",18,1,1,2,3,[23],0.10997489736942126,0.37998556434670644,23.166666666666668
2021-04-14,v3_boosting,v1.0.0,"[4, 6, 12, 23, 36, 47]",18,0,0,1,3,[],0.10897988083717079,0.37816307026623686,26.5
2021-04-14,v4_ensemble,v1.0.0,"[4, 6, 12, 23, 36, 47]",18,2,2,2,2,"[23, 36]",0.10806701759563898,0.3746732356589862,25.166666666666668
2021-04-17,random,v1.0.0,"[7, 13, 32, 38, 39, 48]",23,0,0,1,2,[],0.10745522698875465,0.3717761799434531,29.5
2021-04-17,ema_gap,v1.0.0,"[7, 13, 32, 38, 39, 48]",23,1,1,1,3,[48],0.10887578702304584,0.37835329410457624,23.166666666666668
2021-04-17,logistic,v1.0.0,"[7, 13, 32, 38, 39, 48]",23,2,2,2,3,"[38, 39]",0.10571611854205727,0.36416128655473085,18.833333333333332
2021-04-17,ensemble,v1.0.0,"[7, 13, 32, 38, 39, 48]",23,0,0,3,3,[],0.10677823099350081,0.3686295336578745,22.166666666666668
2021-04-17,v2_statistical,v1.0.0,"[7, 13, 32, 38, 39, 48]",23,0,0,2,2,[],0.11298315649950852,0.39263556777810227,25.5
2021-04-17,v3_boosting,v1.0.0,"[7, 13, 32, 38, 39, 48]",23,0,0,2,2,[],0.10956691935314672,0.3796533145993875,25.666666666666668
2021-04-17,v4_ensemble,v1.0.0,"[7, 13, 32, 38, 39, 48]",23,0,0,1,2,[],0.1089302497638021,0.37749253840756763,24.666666666666668
2021-04-21,random,v1.0.0,"[15, 18, 23, 32, 38, 47]",19,0,0,0,2,[],0.10745522698875466,0.37177617994345324,28.833333333333332
2021-04-21,ema_gap,v1.0.0,"[15, 18, 23, 32, 38, 47]",19,1,1,3,3,[23],0.10532910702090245,0.36130344323329056,19.833333333333332
2021-04-21,logistic,v1.0.0,"[15, 18, 23, 32, 38, 47]",19,0,0,0,1,[],0.1099174078625465,0.3834730539565272,35.333333333333336
2021-04-21,ensemble,v1.0.0,"[15, 18, 23, 32, 38, 47]",19,1,1,1,2,[23],0.107786582015961,0.37343800658315107,26.0
2021-04-21,v2_statistical,v1.0.0,"[15, 18, 23, 32, 38, 47]",19,1,1,3,3,[23],0.1054746961223652,0.36477569807197513,21.166666666666668
2021-04-21,v3_boosting,v1.0.0,"[15, 18, 23, 32, 38, 47]",19,1,1,2,2,[15],0.10840652165529442,0.3769254636558737,27.333333333333332
2021-04-21,v4_ensemble,v1.0.0,"[15, 18, 23, 32, 38, 47]",19,1,1,3,4,[23],0.10669227135021717,0.3685158195862527,21.5
2021-04-24,random,v1.0.0,"[14, 18, 27, 33, 34, 39]",49,0,0,0,2,[],0.10745522698875466,0.3717761799434532,27.5
2021-04-24,ema_gap,v1.0.0,"[14, 18, 27, 33, 34, 39]",49,1,1,2,3,[34],0.10777717814338122,0.3728402240527799,21.666666666666668
2021-04-24,logistic,v1.0.0,"[14, 18, 27, 33, 34, 39]",49,0,0,1,2,[],0.10787692045780477,0.3735723622060476,26.666666666666668
2021-04-24,ensemble,v1.0.0,"[14, 18, 27, 33, 34, 39]",49,1,1,2,2,[34],0.10729999250713781,0.3710111588102769,21.666666666666668
2021-04-24,v2_statistical,v1.0.0,"[14, 18, 27, 33, 34, 39]",49,1,1,2,3,[34],0.10923758684293795,0.38254404717546553,25.0
2021-04-24,v3_boosting,v1.0.0,"[14, 18, 27, 33, 34, 39]",49,1,1,1,1,[33],0.10798813718205079,0.3776631940350175,25.5
2021-04-24,v4_ensemble,v1.0.0,"[14, 18, 27, 33, 34, 39]",49,1,1,2,3,[34],0.1072629270516533,0.37117426032290624,20.333333333333332
2021-04-28,random,v1.0.0,"[6, 11, 20, 22, 34, 49]",42,1,1,2,2,[6],0.10745522698875466,0.37177617994345324,23.666666666666668
2021-04-28,ema_gap,v1.0.0,"[6, 11, 20, 22, 34, 49]",42,1,1,1,1,[34],0.11114617452012295,0.39075352949275055,32.0
2021-04-28,logistic,v1.0.0,"[6, 11, 20, 22, 34, 49]",42,1,1,1,3,[49],0.10780174620768801,0.3733666860371016,25.333333333333332
2021-04-28,ensemble,v1.0.0,"[6, 11, 20, 22, 34, 49]",42,1,1,1,2,[34],0.10797283247803537,0.37426613066783676,30.0
2021-04-28,v2_statistical,v1.0.0,"[6, 11, 20, 22, 34, 49]",42,1,1,1,2,[34],0.10815006635438806,0.38451363780258824,28.333333333333332
2021-04-28,v3_boosting,v1.0.0,"[6, 11, 20, 22, 34, 49]",42,0,0,0,1,[],0.1093585429683338,0.37844006007100733,26.5
2021-04-28,v4_ensemble,v1.0.0,"[6, 11, 20, 22, 34, 49]",42,1,1,1,1,[34],0.10826437930908972,0.3764952158755344,28.666666666666668
2021-05-01,random,v1.0.0,"[10, 15, 21, 30, 32, 38]",24,0,0,1,2,[],0.10745522698875465,0.37177617994345324,24.333333333333332
2021-05-01,ema_gap,v1.0.0,"[10, 15, 21, 30, 32, 38]",24,1,1,1,3,[38],0.10898756431698878,0.3781416306051412,25.333333333333332
2021-05-01,logistic,v1.0.0,"[10, 15, 21, 30, 32, 38]",24,3,3,3,3,"[15, 32, 38]",0.10488222788980453,0.36046245794693405,16.5
2021-05-01,ensemble,v1.0.0,"[10, 15, 21, 30, 32, 38]",24,1,1,2,4,[38],0.10685926761388524,0.3690524362252202,21.333333333333332
2021-05-01,v2_statistical,v1.0.0,"[10, 15, 21, 30, 32, 38]",24,0,0,1,2,[],0.11390379718711663,0.3996978863418862,27.5
2021-05-01,v3_boosting,v1.0.0,"[10, 15, 21, 30, 32, 38]",24,1,1,2,2,[21],0.10914986340966333,0.3756220609740043,22.5
2021-05-01,v4_ensemble,v1.0.0,"[10, 15, 21, 30, 32, 38]",24,0,0,1,3,[],0.1088303700046741,0.37702707143845204,23.666666666666668
2021-05-05,random,v1.0.0,"[5, 22, 23, 26, 43, 46]",4,1,1,1,1,[5],0.10745522698875466,0.3717761799434532,27.5
2021-05-05,ema_gap,v1.0.0,"[5, 22, 23, 26, 43, 46]",4,1,1,2,2,[23],0.1087954245836969,0.37840963792337823,27.333333333333332
2021-05-05,logistic,v1.0.0,"[5, 22, 23, 26, 43, 46]",4,2,2,3,3,"[43, 46]",0.10691865582581082,0.36982276250812757,23.0
2021-05-05,ensemble,v1.0.0,"[5, 22, 23, 26, 43, 46]",4,2,2,3,3,"[23, 43]",0.1068313833155653,0.36905736715002346,20.833333333333332
2021-05-05,v2_statistical,v1.0.0,"[5, 22, 23, 26, 43, 46]",4,2,2,2,2,"[23, 43]",0.10811781580346257,0.37151197346352594,23.0
2021-05-05,v3_boosting,v1.0.0,"[5, 22, 23, 26, 43, 46]",4,1,1,2,2,[23],0.10770864895266039,0.37024815344081213,22.333333333333332
2021-05-05,v4_ensemble,v1.0.0,"[5, 22, 23, 26, 43, 46]",4,2,2,2,3,"[23, 43]",0.10692145109067354,0.36873815987105374,21.5
2021-05-08,random,v1.0.0,"[25, 28, 36, 38, 41, 49]",20,0,0,0,0,[],0.10745522698875466,0.37177617994345313,36.166666666666664
2021-05-08,ema_gap,v1.0.0,"[25, 28, 36, 38, 41, 49]",20,1,1,2,2,[38],0.10784061558309059,0.375168357525105,24.333333333333332
2021-05-08,logistic,v1.0.0,"[25, 28, 36, 38, 41, 49]",20,1,1,3,5,[41],0.10617594630351847,0.3658560037757081,15.666666666666666
2021-05-08,ensemble,v1.0.0,"[25, 28, 36, 38, 41, 49]",20,1,1,1,4,[38],0.10691307075366997,0.36927271239077364,22.166666666666668
2021-05-08,v2_statistical,v1.0.0,"[25, 28, 36, 38, 41, 49]",20,1,1,2,3,[38],0.10901661951946108,0.3830805501322883,25.0
2021-05-08,v3_boosting,v1.0.0,"[25, 28, 36, 38, 41, 49]",20,1,1,2,3,[49],0.10852010158519136,0.37684631916904576,25.833333333333332
2021-05-08,v4_ensemble,v1.0.0,"[25, 28, 36, 38, 41, 49]",20,1,1,2,3,[38],0.1071790525125031,0.3705959721935341,23.5
2021-05-12,random,v1.0.0,"[30, 35, 39, 42, 46, 48]",38,0,0,0,0,[],0.10745522698875466,0.3717761799434531,40.0
2021-05-12,ema_gap,v1.0.0,"[30, 35, 39, 42, 46, 48]",38,1,1,2,2,[48],0.10847878066863802,0.37347094327628105,22.5
2021-05-12,logistic,v1.0.0,"[30, 35, 39, 42, 46, 48]",38,2,2,3,5,"[46, 48]",0.10615226041153616,0.3654599647406429,14.5
2021-05-12,ensemble,v1.0.0,"[30, 35, 39, 42, 46, 48]",38,0,0,2,3,[],0.10688853223847464,0.3689817563516464,20.833333333333332
2021-05-12,v2_statistical,v1.0.0,"[30, 35, 39, 42, 46, 48]",38,0,0,1,2,[],0.11428521595976107,0.3942852322875018,26.166666666666668
2021-05-12,v3_boosting,v1.0.0,"[30, 35, 39, 42, 46, 48]",38,0,0,0,2,[],0.10937355889226272,0.3799431722019974,27.5
2021-05-12,v4_ensemble,v1.0.0,"[30, 35, 39, 42, 46, 48]",38,0,0,1,2,[],0.10914977468832411,0.3778135295604801,25.0
2021-05-15,random,v1.0.0,"[3, 6, 12, 28, 39, 46]",5,2,2,3,3,"[3, 6]",0.10745522698875465,0.37177617994345336,22.333333333333332
2021-05-15,ema_gap,v1.0.0,"[3, 6, 12, 28, 39, 46]",5,1,1,1,3,[39],0.10780637349966286,0.3708411057150786,22.0
2021-05-15,logistic,v1.0.0,"[3, 6, 12, 28, 39, 46]",5,0,0,1,2,[],0.10913525011769423,0.37914443591393737,28.833333333333332
2021-05-15,ensemble,v1.0.0,"[3, 6, 12, 28, 39, 46]",5,0,0,1,3,[],0.10815230008712752,0.3745015723418118,25.666666666666668
2021-05-15,v2_statistical,v1.0.0,"[3, 6, 12, 28, 39, 46]",5,0,0,1,3,[],0.11105187321494134,0.3781388285619665,20.166666666666668
2021-05-15,v3_boosting,v1.0.0,"[3, 6, 12, 28, 39, 46]",5,0,0,1,1,[],0.1090076437359689,0.37820491438856507,28.833333333333332
2021-05-15,v4_ensemble,v1.0.0,"[3, 6, 12, 28, 39, 46]",5,0,0,1,2,[],0.10887505084579113,0.3762919297573661,24.666666666666668
2021-05-19,random,v1.0.0,"[12, 21, 25, 40, 42, 49]",45,0,0,1,1,[],0.10745522698875466,0.3717761799434532,31.5
2021-05-19,ema_gap,v1.0.0,"[12, 21, 25, 40, 42, 49]",45,0,0,1,3,[],0.10947239120612633,0.37868718395581163,24.5
2021-05-19,logistic,v1.0.0,"[12, 21, 25, 40, 42, 49]",45,0,0,2,2,[],0.10801145648560055,0.374496284396956,26.0
2021-05-19,ensemble,v1.0.0,"[12, 21, 25, 40, 42, 49]",45,0,0,2,2,[],0.10798149106128095,0.37402517583983363,26.5
2021-05-19,v2_statistical,v1.0.0,"[12, 21, 25, 40, 42, 49]",45,0,0,1,2,[],0.11366393739089886,0.3918909994589959,24.166666666666668
2021-05-19,v3_boosting,v1.0.0,"[12, 21, 25, 40, 42, 49]",45,0,0,1,1,[],0.11186331238206558,0.39235895918118624,33.166666666666664
2021-05-19,v4_ensemble,v1.0.0,"[12, 21, 25, 40, 42, 49]",45,0,0,1,2,[],0.11041039894841774,0.38435918488688664,31.0
2021-05-22,random,v1.0.0,"[7, 13, 14, 34, 37, 45]",29,0,0,1,3,[],0.10745522698875466,0.37177617994345336,25.0
2021-05-22,ema_gap,v1.0.0,"[7, 13, 14, 34, 37, 45]",29,1,1,1,1,[34],0.10945046029530106,0.3797028298316214,26.833333333333332
2021-05-22,logistic,v1.0.0,"[7, 13, 14, 34, 37, 45]",29,0,0,0,1,[],0.10858507237332182,0.3767954122427861,31.833333333333332
2021-05-22,ensemble,v1.0.0,"[7, 13, 14, 34, 37, 45]",29,1,1,1,2,[34],0.10786005206039213,0.3735214002853691,26.666666666666668
2021-05-22,v2_statistical,v1.0.0,"[7, 13, 14, 34, 37, 45]",29,2,2,2,2,"[34, 45]",0.10743381078990513,0.3767271403519532,24.833333333333332
2021-05-22,v3_boosting,v1.0.0,"[7, 13, 14, 34, 37, 45]",29,0,0,0,1,[],0.11286296902152787,0.39531822937738204,31.333333333333332
2021-05-22,v4_ensemble,v1.0.0,"[7, 13, 14, 34, 37, 45]",29,1,1,2,2,[34],0.10875596981093982,0.3781206652670463,28.5
2021-05-26,random,v1.0.0,"[7, 10, 20, 38, 45, 49]",26,0,0,2,2,[],0.10745522698875466,0.37177617994345324,28.166666666666668
2021-05-26,ema_gap,v1.0.0,"[7, 10, 20, 38, 45, 49]",26,1,1,3,3,[38],0.10560054080730363,0.3628617522874783,20.666666666666668
2021-05-26,logistic,v1.0.0,"[7, 10, 20, 38, 45, 49]",26,1,1,2,4,[49],0.1072003579062724,0.3706652560741102,21.0
2021-05-26,ensemble,v1.0.0,"[7, 10, 20, 38, 45, 49]",26,2,2,3,3,"[38, 49]",0.10662813618487832,0.36812857115872455,21.0
2021-05-26,v2_statistical,v1.0.0,"[7, 10, 20, 38, 45, 49]",26,2,2,3,4,"[38, 45]",0.10390813236187196,0.35365302059366965,17.333333333333332
2021-05-26,v3_boosting,v1.0.0,"[7, 10, 20, 38, 45, 49]",26,1,1,1,2,[49],0.1094931911103067,0.3813403087486137,29.5
2021-05-26,v4_ensemble,v1.0.0,"[7, 10, 20, 38, 45, 49]",26,2,2,3,3,"[38, 45]",0.10600553391830565,0.36521565204450296,21.166666666666668
2021-05-29,random,v1.0.0,"[11, 18, 19, 27, 34, 46]",42,0,0,1,2,[],0.10745522698875466,0.37177617994345336,25.833333333333332
2021-05-29,ema_gap,v1.0.0,"[11, 18, 19, 27, 34, 46]",42,1,1,1,2,[34],0.10728953393874519,0.3705595112511362,24.0
2021-05-29,logistic,v1.0.0,"[11, 18, 19, 27, 34, 46]",42,1,1,2,2,[34],0.10816821739961052,0.3753015903147931,28.0
2021-05-29,ensemble,v1.0.0,"[11, 18, 19, 27, 34, 46]",42,1,1,2,2,[34],0.10729694451141486,0.3713157782891377,25.666666666666668
2021-05-29,v2_statistical,v1.0.0,"[11, 18, 19, 27, 34, 46]",42,1,1,2,3,[34],0.10479052334463171,0.36143407324956583,20.166666666666668
2021-05-29,v3_boosting,v1.0.0,"[11, 18, 19, 27, 34, 46]",42,0,0,0,0,[],0.1119396657885932,0.39032850929430823,32.166666666666664
2021-05-29,v4_ensemble,v1.0.0,"[11, 18, 19, 27, 34, 46]",42,1,1,1,2,[34],0.10762898990216525,0.3728580660190599,24.5
2021-06-02,random,v1.0.0,"[1, 13, 22, 32, 33, 39]",48,1,1,1,2,[1],0.10745522698875465,0.3717761799434532,23.333333333333332
2021-06-02,ema_gap,v1.0.0,"[1, 13, 22, 32, 33, 39]",48,1,1,1,2,[39],0.11224942549426647,0.3981464711618462,30.833333333333332
2021-06-02,logistic,v1.0.0,"[1, 13, 22, 32, 33, 39]",48,2,2,2,4,"[1, 13]",0.10542832186757185,0.36252889673828154,17.5
2021-06-02,ensemble,v1.0.0,"[1, 13, 22, 32, 33, 39]",48,1,1,2,2,[13],0.10763945494747851,0.37271772512798246,27.5
2021-06-02,v2_statistical,v1.0.0,"[1, 13, 22, 32, 33, 39]",48,0,0,1,1,[],0.11570185813021754,0.41009139382753995,29.5
2021-06-02,v3_boosting,v1.0.0,"[1, 13, 22, 32, 33, 39]",48,0,0,1,2,[],0.11005552222642812,0.38206259610603943,28.0
2021-06-02,v4_ensemble,v1.0.0,"[1, 13, 22, 32, 33, 39]",48,0,0,1,2,[],0.11025989733398804,0.384080964528222,28.5
2021-06-05,random,v1.0.0,"[13, 15, 22, 42, 45, 46]",14,0,0,0,2,[],0.10745522698875466,0.37177617994345324,30.5
2021-06-05,ema_gap,v1.0.0,"[13, 15, 22, 42, 45, 46]",14,1,1,3,3,[13],0.10445975811541158,0.3552270561527072,15.5
2021-06-05,logistic,v1.0.0,"[13, 15, 22, 42, 45, 46]",14,1,1,1,2,[42],0.10724385620491189,0.3706841326179081,24.166666666666668
2021-06-05,ensemble,v1.0.0,"[13, 15, 22, 42, 45, 46]",14,0,0,3,4,[],0.10626755619123418,0.3660676948909889,15.0
2021-06-05,v2_statistical,v1.0.0,"[13, 15, 22, 42, 45, 46]",14,1,1,2,3,[45],0.10529715870461615,0.3601690807881245,19.0
2021-06-05,v3_boosting,v1.0.0,"[13, 15, 22, 42, 45, 46]",14,2,2,3,4,"[22, 46]",0.10411139062188446,0.3558887189337571,16.0
2021-06-05,v4_ensemble,v1.0.0,"[13, 15, 22, 42, 45, 46]",14,2,2,2,5,"[45, 46]",0.10407267354665808,0.3560779767573806,14.0
2021-06-09,random,v1.0.0,"[1, 3, 15, 26, 28, 39]",10,2,2,2,3,"[1, 3]",0.10745522698875465,0.37177617994345336,18.666666666666668
2021-06-09,ema_gap,v1.0.0,"[1, 3, 15, 26, 28, 39]",10,1,1,2,3,[39],0.10692643767554598,0.3688952053504679,21.833333333333332
2021-06-09,logistic,v1.0.0,"[1, 3, 15, 26, 28, 39]",10,0,0,1,3,[],0.10756591223229593,0.37217924907423977,25.166666666666668
2021-06-09,ensemble,v1.0.0,"[1, 3, 15, 26, 28, 39]",10,1,1,2,2,[39],0.10730865533509314,0.37107831169803607,25.5
2021-06-09,v2_statistical,v1.0.0,"[1, 3, 15, 26, 28, 39]",10,1,1,1,1,[39],0.1132724838450357,0.39256672822078925,27.5
2021-06-09,v3_boosting,v1.0.0,"[1, 3, 15, 26, 28, 39]",10,0,0,0,2,[],0.11039186864994938,0.38447746838885327,28.666666666666668
2021-06-09,v4_ensemble,v1.0.0,"[1, 3, 15, 26, 28, 39]",10,1,1,1,2,[39],0.10935213809326777,0.37998970734967996,28.833333333333332
2021-06-12,random,v1.0.0,"[11, 20, 22, 33, 41, 49]",34,0,0,1,1,[],0.10745522698875466,0.37177617994345324,29.333333333333332
2021-06-12,ema_gap,v1.0.0,"[11, 20, 22, 33, 41, 49]",34,0,0,1,2,[],0.10987904863208613,0.3808264111488445,26.333333333333332
2021-06-12,logistic,v1.0.0,"[11, 20, 22, 33, 41, 49]",34,2,2,3,3,"[33, 49]",0.10570592402208731,0.36350012719985825,17.166666666666668
2021-06-12,ensemble,v1.0.0,"[11, 20, 22, 33, 41, 49]",34,0,0,1,2,[],0.10736857188284653,0.3708872995243631,22.333333333333332
2021-06-12,v2_statistical,v1.0.0,"[11, 20, 22, 33, 41, 49]",34,0,0,0,2,[],0.11435070451891077,0.397567948565685,27.833333333333332
2021-06-12,v3_boosting,v1.0.0,"[11, 20, 22, 33, 41, 49]",34,1,1,1,3,[11],0.10765320156377313,0.37239600821185,23.333333333333332
2021-06-12,v4_ensemble,v1.0.0,"[11, 20, 22, 33, 41, 49]",34,0,0,1,2,[],0.10894926137668588,0.37709976398113004,25.0
2021-06-16,random,v1.0.0,"[16, 23, 32, 33, 37, 48]",3,0,0,0,1,[],0.10745522698875466,0.37177617994345313,31.5
2021-06-16,ema_gap,v1.0.0,"[16, 23, 32, 33, 37, 48]",3,0,0,1,2,[],0.10894379830715531,0.3751249101321259,23.666666666666668
2021-06-16,logistic,v1.0.0,"[16, 23, 32, 33, 37, 48]",3,0,0,1,1,[],0.10821453636862584,0.37528156324127787,26.833333333333332
2021-06-16,ensemble,v1.0.0,"[16, 23, 32, 33, 37, 48]",3,0,0,2,3,[],0.10780166636660314,0.37346505033070304,24.333333333333332
2021-06-16,v2_statistical,v1.0.0,"[16, 23, 32, 33, 37, 48]",3,1,1,1,2,[23],0.11215115687462578,0.38593258549660936,23.833333333333332
2021-06-16,v3_boosting,v1.0.0,"[16, 23, 32, 33, 37, 48]",3,0,0,0,3,[],0.1101855245178137,0.381193956427065,24.666666666666668
2021-06-16,v4_ensemble,v1.0.0,"[16, 23, 32, 33, 37, 48]",3,0,0,1,2,[],0.1091877989631751,0.3789457996869007,26.666666666666668
2021-06-19,random,v1.0.0,"[13, 15, 17, 25, 34, 45]",5,0,0,0,3,[],0.10745522698875466,0.37177617994345336,24.833333333333332
2021-06-19,ema_gap,v1.0.0,"[13, 15, 17, 25, 34, 45]",5,1,1,4,4,[34],0.10358740075243697,0.35578842464279603,17.833333333333332
2021-06-19,logistic,v1.0.0,"[13, 15, 17, 25, 34, 45]",5,2,2,3,3,"[13, 45]",0.10690875403478854,0.3694029357900476,20.833333333333332
2021-06-19,ensemble,v1.0.0,"[13, 15, 17, 25, 34, 45]",5,3,3,3,4,"[13, 34, 45]",0.10592076883108863,0.3648859878081372,17.5
2021-06-19,v2_statistical,v1.0.0,"[13, 15, 17, 25, 34, 45]",5,2,2,2,4,"[34, 45]",0.10167942503717901,0.3530802668340947,19.333333333333332
2021-06-19,v3_boosting,v1.0.0,"[13, 15, 17, 25, 34, 45]",5,2,2,3,3,"[17, 25]",0.10558980197837377,0.3625920664457281,19.833333333333332
2021-06-19,v4_ensemble,v1.0.0,"[13, 15, 17, 25, 34, 45]",5,2,2,3,4,"[34, 45]",0.10345264331562887,0.3539631073639983,14.0
2021-06-23,random,v1.0.0,"[9, 17, 20, 22, 34, 40]",48,0,0,1,2,[],0.10745522698875466,0.37177617994345324,23.666666666666668
2021-06-23,ema_gap,v1.0.0,"[9, 17, 20, 22, 34, 40]",48,1,1,2,2,[34],0.10778888468930563,0.37681418710537523,25.333333333333332
2021-06-23,logistic,v1.0.0,"[9, 17, 20, 22, 34, 40]",48,1,1,2,3,[34],0.10797559893562685,0.3743778297470105,25.666666666666668
2021-06-23,ensemble,v1.0.0,"[9, 17, 20, 22, 34, 40]",48,1,1,2,3,[34],0.10733456698084923,0.37186438815793765,24.833333333333332
2021-06-23,v2_statistical,v1.0.0,"[9, 17, 20, 22, 34, 40]",48,1,1,2,3,[34],0.10219301036367431,0.359614590703052,21.166666666666668
2021-06-23,v3_boosting,v1.0.0,"[9, 17, 20, 22, 34, 40]",48,1,1,1,1,[34],0.10803327316048421,0.3766370767697278,29.166666666666668
2021-06-23,v4_ensemble,v1.0.0,"[9, 17, 20, 22, 34, 40]",48,1,1,1,1,[34],0.10543168850957069,0.36667045926703873,25.333333333333332
2021-06-26,random,v1.0.0,"[15, 27, 36, 37, 43, 49]",7,0,0,0,1,[],0.10745522698875466,0.37177617994345313,34.5
2021-06-26,ema_gap,v1.0.0,"[15, 27, 36, 37, 43, 49]",7,1,1,2,2,[15],0.1056787896345307,0.36085384516426583,18.666666666666668
2021-06-26,logistic,v1.0.0,"[15, 27, 36, 37, 43, 49]",7,1,1,3,5,[37],0.10482191633920862,0.3590957564507711,13.166666666666666
2021-06-26,ensemble,v1.0.0,"[15, 27, 36, 37, 43, 49]",7,0,0,3,5,[],0.10543700440772674,0.36183407415836655,14.5
2021-06-26,v2_statistical,v1.0.0,"[15, 27, 36, 37, 43, 49]",7,0,0,2,4,[],0.10803141300069884,0.36160559686354526,15.833333333333334
2021-06-26,v3_boosting,v1.0.0,"[15, 27, 36, 37, 43, 49]",7,0,0,1,3,[],0.10806314774310842,0.37117669699862355,20.333333333333332
2021-06-26,v4_ensemble,v1.0.0,"[15, 27, 36, 37, 43, 49]",7,0,0,1,3,[],0.1063319899606233,0.3629584019622643,17.833333333333332
2021-06-30,random,v1.0.0,"[9, 10, 13, 26, 28, 30]",36,0,0,2,3,[],0.10745522698875465,0.37177617994345336,19.333333333333332
2021-06-30,ema_gap,v1.0.0,"[9, 10, 13, 26, 28, 30]",36,1,1,1,2,[13],0.10967022709294502,0.38047101776398146,26.833333333333332
2021-06-30,logistic,v1.0.0,"[9, 10, 13, 26, 28, 30]",36,0,0,2,3,[],0.10672175674068972,0.3678123246271023,21.166666666666668
2021-06-30,ensemble,v1.0.0,"[9, 10, 13, 26, 28, 30]",36,1,1,1,2,[13],0.10768153506305443,0.3729077966717104,25.0
2021-06-30,v2_statistical,v1.0.0,"[9, 10, 13, 26, 28, 30]",36,0,0,1,1,[],0.116747825990163,0.40868776552275043,30.0
2021-06-30,v3_boosting,v1.0.0,"[9, 10, 13, 26, 28, 30]",36,1,1,2,2,[13],0.10848123143055145,0.3760326048395792,29.5
2021-06-30,v4_ensemble,v1.0.0,"[9, 10, 13, 26, 28, 30]",36,1,1,1,1,[13],0.10982160164931531,0.38270275598770215,31.0
2021-07-03,random,v1.0.0,"[4, 7, 10, 31, 33, 38]",23,1,1,3,3,[4],0.10745522698875466,0.37177617994345336,20.5
2021-07-03,ema_gap,v1.0.0,"[4, 7, 10, 31, 33, 38]",23,0,0,1,1,[],0.11228327120242566,0.39307255269465485,31.166666666666668
2021-07-03,logistic,v1.0.0,"[4, 7, 10, 31, 33, 38]",23,1,1,1,1,[33],0.10857106283321727,0.3772352384755472,31.166666666666668
2021-07-03,ensemble,v1.0.0,"[4, 7, 10, 31, 33, 38]",23,0,0,0,2,[],0.10905806683414958,0.3793168664330971,34.333333333333336
2021-07-03,v2_statistical,v1.0.0,"[4, 7, 10, 31, 33, 38]",23,1,1,1,2,[38],0.11070132011641522,0.3827561098270751,24.333333333333332
2021-07-03,v3_boosting,v1.0.0,"[4, 7, 10, 31, 33, 38]",23,1,1,1,2,[10],0.10796581241210526,0.37223512768240946,22.5
2021-07-03,v4_ensemble,v1.0.0,"[4, 7, 10, 31, 33, 38]",23,1,1,1,1,[38],0.10857231594075052,0.37640477813519463,26.5
2021-07-07,random,v1.0.0,"[11, 16, 21, 26, 42, 45]",22,0,0,1,2,[],0.10745522698875465,0.37177617994345324,26.833333333333332
2021-07-07,ema_gap,v1.0.0,"[11, 16, 21, 26, 42, 45]",22,0,0,1,2,[],0.10696236260513721,0.3659302085798523,20.666666666666668
2021-07-07,logistic,v1.0.0,"[11, 16, 21, 26, 42, 45]",22,0,0,0,0,[],0.10991397894476808,0.38335302416996414,39.5
2021-07-07,ensemble,v1.0.0,"[11, 16, 21, 26, 42, 45]",22,0,0,1,1,[],0.10791645923775785,0.3736618142993609,26.333333333333332
2021-07-07,v2_statistical,v1.0.0,"[11, 16, 21, 26, 42, 45]",22,0,0,1,2,[],0.11023914861981644,0.37407115027183674,21.833333333333332
2021-07-07,v3_boosting,v1.0.0,"[11, 16, 21, 26, 42, 45]",22,1,1,1,1,[42],0.1118390883775353,0.3925216720377238,32.833333333333336
2021-07-07,v4_ensemble,v1.0.0,"[11, 16, 21, 26, 42, 45]",22,0,0,0,2,[],0.10953251242333072,0.3793768669342893,26.166666666666668
2021-07-10,random,v1.0.0,"[4, 5, 18, 28, 35, 42]",2,2,2,2,3,"[4, 5]",0.10745522698875465,0.37177617994345336,22.0
2021-07-10,ema_gap,v1.0.0,"[4, 5, 18, 28, 35, 42]",2,0,0,1,2,[],0.11123501495613333,0.38780266140959174,29.0
2021-07-10,logistic,v1.0.0,"[4, 5, 18, 28, 35, 42]",2,1,1,1,2,[28],0.10882097047506811,0.37848195649148664,29.333333333333332
2021-07-10,ensemble,v1.0.0,"[4, 5, 18, 28, 35, 42]",2,1,1,1,2,[28],0.10911341357497825,0.379557019152499,30.0
2021-07-10,v2_statistical,v1.0.0,"[4, 5, 18, 28, 35, 42]",2,0,0,0,0,[],0.11961754149642118,0.428884863888226,36.0
2021-07-10,v3_boosting,v1.0.0,"[4, 5, 18, 28, 35, 42]",2,0,0,1,1,[],0.11043904132392307,0.38544009373860033,31.166666666666668
2021-07-10,v4_ensemble,v1.0.0,"[4, 5, 18, 28, 35, 42]",2,0,0,0,1,[],0.11239077610719792,0.39488224365962077,34.5
2021-07-14,random,v1.0.0,"[2, 9, 19, 23, 26, 30]",10,1,1,2,2,[2],0.10745522698875466,0.37177617994345324,18.166666666666668
2021-07-14,ema_gap,v1.0.0,"[2, 9, 19, 23, 26, 30]",10,0,0,2,2,[],0.11176242563498563,0.39342631591573174,29.666666666666668
2021-07-14,logistic,v1.0.0,"[2, 9, 19, 23, 26, 30]",10,0,0,1,1,[],0.10895917365527572,0.3782186483289472,29.0
2021-07-14,ensemble,v1.0.0,"[2, 9, 19, 23, 26, 30]",10,0,0,0,1,[],0.1089315136275305,0.3783831049411853,32.666666666666664
2021-07-14,v2_statistical,v1.0.0,"[2, 9, 19, 23, 26, 30]",10,0,0,1,2,[],0.11520531881085344,0.4035991745309678,29.833333333333332
2021-07-14,v3_boosting,v1.0.0,"[2, 9, 19, 23, 26, 30]",10,1,1,1,1,[9],0.10735471228778024,0.3690973148670656,21.833333333333332
2021-07-14,v4_ensemble,v1.0.0,"[2, 9, 19, 23, 26, 30]",10,0,0,0,2,[],0.10987948823058026,0.3814153611572782,26.833333333333332
2021-07-17,random,v1.0.0,"[22, 24, 28, 35, 37, 45]",49,0,0,0,0,[],0.10745522698875466,0.3717761799434532,31.833333333333332
2021-07-17,ema_gap,v1.0.0,"[22, 24, 28, 35, 37, 45]",49,1,1,3,3,[45],0.10618354070793252,0.3669226297981661,20.5
2021-07-17,logistic,v1.0.0,"[22, 24, 28, 35, 37, 45]",49,1,1,2,3,[22],0.10752581288271465,0.37214547827587996,24.833333333333332
2021-07-17,ensemble,v1.0.0,"[22, 24, 28, 35, 37, 45]",49,0,0,2,3,[],0.10699746896367857,0.3695552520774962,21.166666666666668
2021-07-17,v2_statistical,v1.0.0,"[22, 24, 28, 35, 37, 45]",49,1,1,2,3,[45],0.10665110937957333,0.3714065167147325,21.833333333333332
2021-07-17,v3_boosting,v1.0.0,"[22, 24, 28, 35, 37, 45]",49,1,1,1,2,[24],0.10683852268565891,0.36867486300163654,21.833333333333332
2021-07-17,v4_ensemble,v1.0.0,"[22, 24, 28, 35, 37, 45]",49,1,1,2,2,[45],0.1059658022141099,0.3644239775342698,21.0
2021-07-21,random,v1.0.0,"[2, 4, 15, 20, 35, 45]",10,2,2,2,3,"[2, 4]",0.10745522698875466,0.37177617994345336,20.166666666666668
2021-07-21,ema_gap,v1.0.0,"[2, 4, 15, 20, 35, 45]",10,1,1,2,3,[45],0.10522722439407978,0.3624271286721478,20.5
2021-07-21,logistic,v1.0.0,"[2, 4, 15, 20, 35, 45]",10,2,2,3,3,"[2, 35]",0.10724304805462809,0.3710488821016519,23.833333333333332
2021-07-21,ensemble,v1.0.0,"[2, 4, 15, 20, 35, 45]",10,1,1,2,2,[45],0.1067524533291084,0.3685942969308778,21.666666666666668
2021-07-21,v2_statistical,v1.0.0,"[2, 4, 15, 20, 35, 45]",10,1,1,2,3,[45],0.1062511983432127,0.3670946067834371,21.5
2021-07-21,v3_boosting,v1.0.0,"[2, 4, 15, 20, 35, 45]",10,1,1,1,1,[4],0.11001360493125537,0.38387868305283745,29.0
2021-07-21,v4_ensemble,v1.0.0,"[2, 4, 15, 20, 35, 45]",10,1,1,2,2,[45],0.10676512041350246,0.36867569125858973,22.0
2021-07-24,random,v1.0.0,"[1, 5, 7, 19, 37, 45]",35,2,2,3,3,"[1, 5]",0.10745522698875465,0.37177617994345336,19.0
2021-07-24,ema_gap,v1.0.0,"[1, 5, 7, 19, 37, 45]",35,1,1,1,2,[45],0.10762445293998524,0.3753530286809403,26.833333333333332
2021-07-24,logistic,v1.0.0,"[1, 5, 7, 19, 37, 45]",35,1,1,3,3,[45],0.10796793927359763,0.37517787357258103,25.833333333333332
2021-07-24,ensemble,v1.0.0,"[1, 5, 7, 19, 37, 45]",35,1,1,2,2,[45],0.10770909369310216,0.3739736494472644,26.833333333333332
2021-07-24,v2_statistical,v1.0.0,"[1, 5, 7, 19, 37, 45]",35,1,1,1,1,[45],0.10904992470736966,0.3914375541791742,28.5
2021-07-24,v3_boosting,v1.0.0,"[1, 5, 7, 19, 37, 45]",35,0,0,0,1,[],0.11299763383772628,0.396516833077244,33.166666666666664
2021-07-24,v4_ensemble,v1.0.0,"[1, 5, 7, 19, 37, 45]",35,1,1,1,2,[45],0.1091575370647929,0.3832498231771516,29.5
2021-07-28,random,v1.0.0,"[1, 4, 10, 14, 32, 39]",19,2,2,3,4,"[1, 4]",0.10745522698875463,0.37177617994345336,16.666666666666668
2021-07-28,ema_gap,v1.0.0,"[1, 4, 10, 14, 32, 39]",19,0,0,0,1,[],0.11125436899676414,0.38627639501650873,29.333333333333332
2021-07-28,logistic,v1.0.0,"[1, 4, 10, 14, 32, 39]",19,1,1,1,2,[32],0.10800598804906436,0.3740457996119006,25.833333333333332
2021-07-28,ensemble,v1.0.0,"[1, 4, 10, 14, 32, 39]",19,0,0,1,2,[],0.10863460912574924,0.37733031977417236,29.833333333333332
2021-07-28,v2_statistical,v1.0.0,"[1, 4, 10, 14, 32, 39]",19,0,0,1,2,[],0.11657493301217105,0.4128145042195576,30.833333333333332
2021-07-28,v3_boosting,v1.0.0,"[1, 4, 10, 14, 32, 39]",19,1,1,2,3,[32],0.10626931523618371,0.3644695680282257,19.333333333333332
2021-07-28,v4_ensemble,v1.0.0,"[1, 4, 10, 14, 32, 39]",19,0,0,1,2,[],0.10944268618830881,0.3800285556745964,28.166666666666668
2021-07-31,random,v1.0.0,"[7, 30, 37, 43, 47, 49]",20,0,0,1,1,[],0.10745522698875466,0.3717761799434531,35.5
2021-07-31,ema_gap,v1.0.0,"[7, 30, 37, 43, 47, 49]",20,0,0,2,3,[],0.10828045015325967,0.37307363325925047,22.5
2021-07-31,logistic,v1.0.0,"[7, 30, 37, 43, 47, 49]",20,1,1,4,4,[30],0.10670028995927514,0.3685021477243254,19.5
2021-07-31,ensemble,v1.0.0,"[7, 30, 37, 43, 47, 49]",20,1,1,1,4,[49],0.10701700033061683,0.3695416730444596,20.0
2021-07-31,v2_statistical,v1.0.0,"[7, 30, 37, 43, 47, 49]",20,1,1,2,3,[49],0.10947709370720386,0.37285950262129053,21.0
2021-07-31,v3_boosting,v1.0.0,"[7, 30, 37, 43, 47, 49]",20,2,2,2,3,"[37, 49]",0.10275565710401856,0.3518211892976299,14.166666666666666
2021-07-31,v4_ensemble,v1.0.0,"[7, 30, 37, 43, 47, 49]",20,2,2,2,3,"[37, 49]",0.10542697009238847,0.36245791241309927,18.5
2021-08-04,random,v1.0.0,"[3, 8, 21, 38, 42, 48]",27,1,1,2,2,[3],0.10745522698875466,0.37177617994345324,26.666666666666668
2021-08-04,ema_gap,v1.0.0,"[3, 8, 21, 38, 42, 48]",27,0,0,0,2,[],0.11146774904948813,0.39106199853538026,28.0
2021-08-04,logistic,v1.0.0,"[3, 8, 21, 38, 42, 48]",27,1,1,1,1,[48],0.10843184295383236,0.3761950598975017,29.666666666666668
2021-08-04,ensemble,v1.0.0,"[3, 8, 21, 38, 42, 48]",27,0,0,0,2,[],0.10853530437416939,0.37687243631352463,28.166666666666668
2021-08-04,v2_statistical,v1.0.0,"[3, 8, 21, 38, 42, 48]",27,1,1,1,2,[38],0.11237814371701836,0.39440208599943577,25.166666666666668
2021-08-04,v3_boosting,v1.0.0,"[3, 8, 21, 38, 42, 48]",27,0,0,0,0,[],0.11300835925506726,0.3977761302372059,37.833333333333336
2021-08-04,v4_ensemble,v1.0.0,"[3, 8, 21, 38, 42, 48]",27,0,0,1,1,[],0.11081163522586904,0.3878841197376575,33.0
2021-08-07,random,v1.0.0,"[10, 13, 15, 22, 29, 46]",3,0,0,1,3,[],0.10745522698875465,0.37177617994345336,22.5
2021-08-07,ema_gap,v1.0.0,"[10, 13, 15, 22, 29, 46]",3,1,1,2,3,[15],0.10769144541517697,0.3738309919105868,21.333333333333332
2021-08-07,logistic,v1.0.0,"[10, 13, 15, 22, 29, 46]",3,0,0,1,1,[],0.10889191885470706,0.37817546113597406,28.0
2021-08-07,ensemble,v1.0.0,"[10, 13, 15, 22, 29, 46]",3,0,0,1,2,[],0.10784173883820328,0.37304123393409155,23.833333333333332
2021-08-07,v2_statistical,v1.0.0,"[10, 13, 15, 22, 29, 46]",3,0,0,1,2,[],0.11295034410569034,0.39353420945469747,26.333333333333332
2021-08-07,v3_boosting,v1.0.0,"[10, 13, 15, 22, 29, 46]",3,0,0,0,3,[],0.11029013751356233,0.3837831574443226,28.0
2021-08-07,v4_ensemble,v1.0.0,"[10, 13, 15, 22, 29, 46]",3,0,0,1,2,[],0.10980671628768146,0.3813045462405467,26.5
2021-08-11,random,v1.0.0,"[12, 15, 25, 40, 44, 45]",31,0,0,1,2,[],0.10745522698875465,0.3717761799434532,30.166666666666668
2021-08-11,ema_gap,v1.0.0,"[12, 15, 25, 40, 44, 45]",31,2,2,2,2,"[15, 45]",0.10879091033976632,0.38895828489871054,30.666666666666668
2021-08-11,logistic,v1.0.0,"[12, 15, 25, 40, 44, 45]",31,1,1,2,5,[44],0.10574165294658035,0.3656339629636685,17.666666666666668
2021-08-11,ensemble,v1.0.0,"[12, 15, 25, 40, 44, 45]",31,1,1,1,1,[45],0.10694312930656716,0.369601305588621,24.666666666666668
2021-08-11,v2_statistical,v1.0.0,"[12, 15, 25, 40, 44, 45]",31,2,2,2,2,"[15, 45]",0.1098833436216451,0.3977497201643755,29.166666666666668
2021-08-11,v3_boosting,v1.0.0,"[12, 15, 25, 40, 44, 45]",31,0,0,2,3,[],0.10771200682060655,0.3702233708918186,20.5
2021-08-11,v4_ensemble,v1.0.0,"[12, 15, 25, 40, 44, 45]",31,2,2,2,2,"[15, 45]",0.10724575148249028,0.3724070551050272,28.666666666666668
2021-08-18,random,v1.0.0,"[7, 8, 28, 30, 32, 42]",33,0,0,2,2,[],0.10745522698875466,0.37177617994345313,24.5
2021-08-18,ema_gap,v1.0.0,"[7, 8, 28, 30, 32, 42]",33,0,0,2,4,[],0.10753643837647082,0.36970535876546456,20.0
2021-08-18,logistic,v1.0.0,"[7, 8, 28, 30, 32, 42]",33,1,1,1,2,[30],0.10736848961386121,0.37126687919332846,23.833333333333332
2021-08-18,ensemble,v1.0.0,"[7, 8, 28, 30, 32, 42]",33,1,1,2,3,[28],0.10732694920623265,0.3711510084359146,20.333333333333332
2021-08-18,v2_statistical,v1.0.0,"[7, 8, 28, 30, 32, 42]",33,0,0,0,2,[],0.11308352055038355,0.39257047904600995,25.5
2021-08-18,v3_boosting,v1.0.0,"[7, 8, 28, 30, 32, 42]",33,2,2,2,2,"[8, 28]",0.10696320525890712,0.37124266127190014,23.666666666666668
2021-08-18,v4_ensemble,v1.0.0,"[7, 8, 28, 30, 32, 42]",33,1,1,1,1,[28],0.10807605126994979,0.3730165026290055,23.666666666666668
2021-08-21,random,v1.0.0,"[2, 9, 15, 21, 38, 46]",36,1,1,2,3,[2],0.10745522698875465,0.37177617994345336,21.833333333333332
2021-08-21,ema_gap,v1.0.0,"[2, 9, 15, 21, 38, 46]",36,1,1,2,4,[15],0.10586700234494813,0.36571947744390504,22.0
2021-08-21,logistic,v1.0.0,"[2, 9, 15, 21, 38, 46]",36,1,1,1,1,[2],0.10890341514164141,0.37856783477997763,32.833333333333336
2021-08-21,ensemble,v1.0.0,"[2, 9, 15, 21, 38, 46]",36,1,1,2,3,[15],0.10726793966700622,0.3709852233084123,22.5
2021-08-21,v2_statistical,v1.0.0,"[2, 9, 15, 21, 38, 46]",36,1,1,3,3,[38],0.10696553781420677,0.3677462539354121,20.333333333333332
2021-08-21,v3_boosting,v1.0.0,"[2, 9, 15, 21, 38, 46]",36,2,2,4,5,"[15, 38]",0.10112508120387916,0.3441736279577534,11.0
2021-08-21,v4_ensemble,v1.0.0,"[2, 9, 15, 21, 38, 46]",36,2,2,2,4,"[15, 38]",0.1043352753105029,0.35785655634473246,15.666666666666666
2021-08-28,random,v1.0.0,"[6, 8, 9, 12, 19, 26]",43,1,1,4,4,[6],0.10745522698875463,0.3717761799434534,13.333333333333334
2021-08-28,ema_gap,v1.0.0,"[6, 8, 9, 12, 19, 26]",43,0,0,0,0,[],0.11400054474165439,0.4012461862488372,32.166666666666664
2021-08-28,logistic,v1.0.0,"[6, 8, 9, 12, 19, 26]",43,1,1,1,1,[12],0.10918092422991185,0.3796229076624869,31.666666666666668
2021-08-28,ensemble,v1.0.0,"[6, 8, 9, 12, 19, 26]",43,0,0,0,1,[],0.10986804150600257,0.3828623904262014,33.166666666666664
2021-08-28,v2_statistical,v1.0.0,"[6, 8, 9, 12, 19, 26]",43,0,0,0,0,[],0.11819957787706507,0.4207786226017425,33.333333333333336
2021-08-28,v3_boosting,v1.0.0,"[6, 8, 9, 12, 19, 26]",43,1,1,2,3,[12],0.10671855134781516,0.3676424770159371,21.333333333333332
2021-08-28,v4_ensemble,v1.0.0,"[6, 8, 9, 12, 19, 26]",43,0,0,0,0,[],0.11101724219041623,0.38704703283471775,29.666666666666668
2021-09-01,random,v1.0.0,"[3, 4, 14, 18, 19, 42]",43,2,2,2,4,"[3, 4]",0.10745522698875465,0.37177617994345336,16.666666666666668
2021-09-01,ema_gap,v1.0.0,"[3, 4, 14, 18, 19, 42]",43,1,1,1,1,[42],0.11013064738049863,0.3812575340112704,25.833333333333332
2021-09-01,logistic,v1.0.0,"[3, 4, 14, 18, 19, 42]",43,0,0,1,1,[],0.10949266390198438,0.38158547802899345,33.0
2021-09-01,ensemble,v1.0.0,"[3, 4, 14, 18, 19, 42]",43,1,1,1,1,[42],0.10877749178178911,0.3778706150920999,31.5
2021-09-01,v2_statistical,v1.0.0,"[3, 4, 14, 18, 19, 42]",43,0,0,2,2,[],0.11312399380055099,0.39674580795853354,27.666666666666668
2021-09-01,v3_boosting,v1.0.0,"[3, 4, 14, 18, 19, 42]",43,1,1,1,2,[18],0.1084648805681364,0.37662406391536657,26.833333333333332
2021-09-01,v4_ensemble,v1.0.0,"[3, 4, 14, 18, 19, 42]",43,0,0,0,2,[],0.109477072076703,0.3806788929746372,28.0
2021-09-04,random,v1.0.0,"[6, 13, 18, 19, 29, 49]",2,1,1,1,3,[6],0.10745522698875466,0.37177617994345336,22.333333333333332
2021-09-04,ema_gap,v1.0.0,"[6, 13, 18, 19, 29, 49]",2,0,0,1,3,[],0.10864468235982763,0.37529042786528843,23.5
2021-09-04,logistic,v1.0.0,"[6, 13, 18, 19, 29, 49]",2,0,0,1,2,[],0.10790741439313574,0.3736893182505713,26.5
2021-09-04,ensemble,v1.0.0,"[6, 13, 18, 19, 29, 49]",2,0,0,2,3,[],0.10779268082194837,0.3732928586563129,24.5
2021-09-04,v2_statistical,v1.0.0,"[6, 13, 18, 19, 29, 49]",2,0,0,2,3,[],0.11184288178337468,0.38603657244754164,24.333333333333332
2021-09-04,v3_boosting,v1.0.0,"[6, 13, 18, 19, 29, 49]",2,0,0,1,3,[],0.10867896238594708,0.37492560567101074,23.333333333333332
2021-09-04,v4_ensemble,v1.0.0,"[6, 13, 18, 19, 29, 49]",2,1,1,2,2,[13],0.10867660941201382,0.37568856533555006,23.166666666666668
2021-09-08,random,v1.0.0,"[2, 7, 10, 16, 28, 36]",41,1,1,3,4,[2],0.10745522698875465,0.37177617994345336,16.5
2021-09-08,ema_gap,v1.0.0,"[2, 7, 10, 16, 28, 36]",41,0,0,2,2,[],0.10930722971809441,0.3781547988512594,24.166666666666668
2021-09-08,logistic,v1.0.0,"[2, 7, 10, 16, 28, 36]",41,1,1,1,1,[2],0.1085022069980352,0.3766734101690515,30.333333333333332
2021-09-08,ensemble,v1.0.0,"[2, 7, 10, 16, 28, 36]",41,0,0,1,1,[],0.10798840793263491,0.37409901306082927,27.5
2021-09-08,v2_statistical,v1.0.0,"[2, 7, 10, 16, 28, 36]",41,0,0,0,2,[],0.11333630796715546,0.3919866360704569,26.5
2021-09-08,v3_boosting,v1.0.0,"[2, 7, 10, 16, 28, 36]",41,0,0,1,1,[],0.11097167130420516,0.38741720847739414,30.333333333333332
2021-09-08,v4_ensemble,v1.0.0,"[2, 7, 10, 16, 28, 36]",41,0,0,1,1,[],0.10997443351734844,0.383028282288381,30.833333333333332
2021-09-11,random,v1.0.0,"[15, 18, 31, 33, 34, 41]",45,0,0,0,2,[],0.10745522698875466,0.37177617994345313,28.666666666666668
2021-09-11,ema_gap,v1.0.0,"[15, 18, 31, 33, 34, 41]",45,1,1,2,2,[15],0.10995759258702449,0.3888274811604049,29.166666666666668
2021-09-11,logistic,v1.0.0,"[15, 18, 31, 33, 34, 41]",45,0,0,2,3,[],0.10670078227883051,0.36763695386859935,17.833333333333332
2021-09-11,ensemble,v1.0.0,"[15, 18, 31, 33, 34, 41]",45,1,1,2,3,[15],0.1072994179380927,0.3711503189352728,24.5
2021-09-11,v2_statistical,v1.0.0,"[15, 18, 31, 33, 34, 41]",45,1,1,2,3,[15],0.10882680292396084,0.3781504800129156,23.166666666666668
2021-09-11,v3_boosting,v1.0.0,"[15, 18, 31, 33, 34, 41]",45,1,1,1,3,[15],0.10774856730954643,0.3722698113572379,23.0
2021-09-11,v4_ensemble,v1.0.0,"[15, 18, 31, 33, 34, 41]",45,1,1,1,2,[15],0.10730807197715216,0.3725411743063882,25.833333333333332
2021-09-15,random,v1.0.0,"[7, 11, 14, 15, 27, 41]",49,0,0,2,4,[],0.10745522698875466,0.37177617994345336,19.166666666666668
2021-09-15,ema_gap,v1.0.0,"[7, 11, 14, 15, 27, 41]",49,1,1,2,2,[15],0.10662042038332133,0.37362205831780937,27.333333333333332
2021-09-15,logistic,v1.0.0,"[7, 11, 14, 15, 27, 41]",49,0,0,1,2,[],0.10936235021961524,0.3814992819627103,29.0
2021-09-15,ensemble,v1.0.0,"[7, 11, 14, 15, 27, 41]",49,1,1,2,2,[15],0.10788630804453517,0.37410841192549277,25.666666666666668
2021-09-15,v2_statistical,v1.0.0,"[7, 11, 14, 15, 27, 41]",49,1,1,2,2,[15],0.11101769578356759,0.39531615023632777,30.5
2021-09-15,v3_boosting,v1.0.0,"[7, 11, 14, 15, 27, 41]",49,1,1,2,2,[14],0.10933141405669503,0.38019370190899215,28.5
2021-09-15,v4_ensemble,v1.0.0,"[7, 11, 14, 15, 27, 41]",49,1,1,2,2,[15],0.10859155572609538,0.37800090534740394,28.666666666666668
2021-09-18,random,v1.0.0,"[9, 26, 29, 36, 40, 41]",27,0,0,1,1,[],0.10745522698875466,0.37177617994345313,30.166666666666668
2021-09-18,ema_gap,v1.0.0,"[9, 26, 29, 36, 40, 41]",27,0,0,0,1,[],0.11229375118010343,0.39093453995781235,30.333333333333332
2021-09-18,logistic,v1.0.0,"[9, 26, 29, 36, 40, 41]",27,1,1,2,2,[29],0.10765822285004074,0.3727356073064797,25.666666666666668
2021-09-18,ensemble,v1.0.0,"[9, 26, 29, 36, 40, 41]",27,0,0,0,1,[],0.10857123135937706,0.37664864208454774,29.833333333333332
2021-09-18,v2_statistical,v1.0.0,"[9, 26, 29, 36, 40, 41]",27,0,0,0,1,[],0.11464142147105943,0.3978062047068718,29.0
2021-09-18,v3_boosting,v1.0.0,"[9, 26, 29, 36, 40, 41]",27,1,1,2,3,[26],0.10558927300852916,0.36309263360894156,18.333333333333332
2021-09-18,v4_ensemble,v1.0.0,"[9, 26, 29, 36, 40, 41]",27,0,0,1,1,[],0.1089336287546607,0.37713618035464813,26.0
2021-09-22,random,v1.0.0,"[5, 14, 19, 30, 38, 40]",27,1,1,1,2,[5],0.10745522698875466,0.37177617994345324,24.333333333333332
2021-09-22,ema_gap,v1.0.0,"[5, 14, 19, 30, 38, 40]",27,0,0,2,3,[],0.10903357452397663,0.3760230915303078,22.5
2021-09-22,logistic,v1.0.0,"[5, 14, 19, 30, 38, 40]",27,1,1,1,3,[40],0.10686696846022513,0.3688500647660874,19.0
2021-09-22,ensemble,v1.0.0,"[5, 14, 19, 30, 38, 40]",27,0,0,1,2,[],0.10743656529828122,0.3714962960019029,22.5
2021-09-22,v2_statistical,v1.0.0,"[5, 14, 19, 30, 38, 40]",27,1,1,2,2,[38],0.11018242483842895,0.38221333665974294,24.5
2021-09-22,v3_boosting,v1.0.0,"[5, 14, 19, 30, 38, 40]",27,1,1,1,1,[19],0.11031659979265164,0.38465442126069643,31.666666666666668
2021-09-22,v4_ensemble,v1.0.0,"[5, 14, 19, 30, 38, 40]",27,0,0,2,2,[],0.1087137145461477,0.37727777774716253,26.166666666666668
2021-09-25,random,v1.0.0,"[3, 8, 10, 35, 46, 48]",17,1,1,3,3,[3],0.10745522698875465,0.37177617994345336,25.0
2021-09-25,ema_gap,v1.0.0,"[3, 8, 10, 35, 46, 48]",17,0,0,0,1,[],0.11238759821324075,0.3916558662635678,31.5
2021-09-25,logistic,v1.0.0,"[3, 8, 10, 35, 46, 48]",17,0,0,0,1,[],0.10973085835556697,0.38224286063050694,33.0
2021-09-25,ensemble,v1.0.0,"[3, 8, 10, 35, 46, 48]",17,0,0,0,1,[],0.10966390174784368,0.38178041647352245,33.333333333333336
2021-09-25,v2_statistical,v1.0.0,"[3, 8, 10, 35, 46, 48]",17,0,0,1,2,[],0.11600830428984404,0.40601721993808493,31.333333333333332
2021-09-25,v3_boosting,v1.0.0,"[3, 8, 10, 35, 46, 48]",17,1,1,2,2,[10],0.10835035926087386,0.3772124547980897,27.666666666666668
2021-09-25,v4_ensemble,v1.0.0,"[3, 8, 10, 35, 46, 48]",17,0,0,2,2,[],0.11082761187206625,0.38742379171402946,30.833333333333332
2021-09-29,random,v1.0.0,"[3, 5, 38, 39, 41, 48]",28,2,2,2,2,"[3, 5]",0.10745522698875466,0.3717761799434531,29.0
2021-09-29,ema_gap,v1.0.0,"[3, 5, 38, 39, 41, 48]",28,1,1,1,2,[38],0.10751574525951083,0.3690431130516044,21.166666666666668
2021-09-29,logistic,v1.0.0,"[3, 5, 38, 39, 41, 48]",28,0,0,0,0,[],0.11074260393934098,0.38753672376800435,34.666666666666664
2021-09-29,ensemble,v1.0.0,"[3, 5, 38, 39, 41, 48]",28,0,0,1,1,[],0.1086664508431564,0.37726176836987524,31.833333333333332
2021-09-29,v2_statistical,v1.0.0,"[3, 5, 38, 39, 41, 48]",28,1,1,1,2,[38],0.10926947709372131,0.3753361927983874,23.0
2021-09-29,v3_boosting,v1.0.0,"[3, 5, 38, 39, 41, 48]",28,0,0,1,1,[],0.10949682195971261,0.38038260916678984,28.5
2021-09-29,v4_ensemble,v1.0.0,"[3, 5, 38, 39, 41, 48]",28,1,1,1,1,[38],0.10857238187958694,0.37681117988137103,28.0
2021-10-02,random,v1.0.0,"[8, 17, 18, 19, 48, 49]",26,0,0,1,3,[],0.10745522698875466,0.37177617994345336,26.5
2021-10-02,ema_gap,v1.0.0,"[8, 17, 18, 19, 48, 49]",26,1,1,2,3,[19],0.10765546939785765,0.3723878181754673,21.5
2021-10-02,logistic,v1.0.0,"[8, 17, 18, 19, 48, 49]",26,1,1,4,4,[48],0.10566062688642694,0.36361337602446536,15.166666666666666
2021-10-02,ensemble,v1.0.0,"[8, 17, 18, 19, 48, 49]",26,2,2,4,4,"[19, 48]",0.10664202899251851,0.3682574082551137,20.0
2021-10-02,v2_statistical,v1.0.0,"[8, 17, 18, 19, 48, 49]",26,1,1,2,2,[49],0.11125211694171304,0.38511555375108747,23.833333333333332
2021-10-02,v3_boosting,v1.0.0,"[8, 17, 18, 19, 48, 49]",26,1,1,2,3,[18],0.10824666080571982,0.37592232835916944,22.166666666666668
2021-10-02,v4_ensemble,v1.0.0,"[8, 17, 18, 19, 48, 49]",26,1,1,2,3,[49],0.10767740638747075,0.3717411276263244,22.333333333333332
2021-10-06,random,v1.0.0,"[7, 18, 19, 38, 42, 46]",31,0,0,1,2,[],0.10745522698875466,0.37177617994345324,28.333333333333332
2021-10-06,ema_gap,v1.0.0,"[7, 18, 19, 38, 42, 46]",31,2,2,4,6,"[19, 38]",0.09865659993619418,0.3324301614262022,8.5
2021-10-06,logistic,v1.0.0,"[7, 18, 19, 38, 42, 46]",31,1,1,2,2,[19],0.10781448326691749,0.3733954057104228,26.833333333333332
2021-10-06,ensemble,v1.0.0,"[7, 18, 19, 38, 42, 46]",31,3,3,3,4,"[18, 19, 38]",0.10486593881969598,0.3599956458829477,10.5
2021-10-06,v2_statistical,v1.0.0,"[7, 18, 19, 38, 42, 46]",31,1,1,4,6,[38],0.09998330836912624,0.334571306742221,10.333333333333334
2021-10-06,v3_boosting,v1.0.0,"[7, 18, 19, 38, 42, 46]",31,0,0,0,1,[],0.10986237243173337,0.37831750077898463,22.5
2021-10-06,v4_ensemble,v1.0.0,"[7, 18, 19, 38, 42, 46]",31,1,1,3,4,[38],0.10397086995792353,0.354903350569862,13.666666666666666
2021-10-09,random,v1.0.0,"[1, 11, 19, 27, 28, 38]",8,1,1,2,2,[1],0.10745522698875466,0.37177617994345324,20.666666666666668
2021-10-09,ema_gap,v1.0.0,"[1, 11, 19, 27, 28, 38]",8,2,2,3,3,"[19, 38]",0.10461537206010516,0.3628182795969379,21.5
2021-10-09,logistic,v1.0.0,"[1, 11, 19, 27, 28, 38]",8,0,0,1,1,[],0.10911895035077186,0.3794497047337446,31.666666666666668
2021-10-09,ensemble,v1.0.0,"[1, 11, 19, 27, 28, 38]",8,1,1,2,3,[38],0.10736877650450286,0.37203055539831575,25.166666666666668
2021-10-09,v2_statistical,v1.0.0,"[1, 11, 19, 27, 28, 38]",8,2,2,2,3,"[19, 38]",0.1057633987220714,0.3713584066893198,22.0
2021-10-09,v3_boosting,v1.0.0,"[1, 11, 19, 27, 28, 38]",8,2,2,3,4,"[11, 28]",0.10554528732135407,0.3638891907367613,16.166666666666668
2021-10-09,v4_ensemble,v1.0.0,"[1, 11, 19, 27, 28, 38]",8,2,2,3,3,"[19, 38]",0.10567028270294385,0.36589468460472035,19.5
2021-10-13,random,v1.0.0,"[2, 7, 8, 11, 19, 27]",24,1,1,4,4,[2],0.10745522698875465,0.3717761799434534,12.333333333333334
2021-10-13,ema_gap,v1.0.0,"[2, 7, 8, 11, 19, 27]",24,2,2,2,2,"[7, 19]",0.10383957641044977,0.3562541771055085,18.5
2021-10-13,logistic,v1.0.0,"[2, 7, 8, 11, 19, 27]",24,1,1,1,1,[8],0.10966818154020082,0.38375784557438386,31.166666666666668
2021-10-13,ensemble,v1.0.0,"[2, 7, 8, 11, 19, 27]",24,1,1,3,3,[19],0.1074758248192907,0.3723241222162315,25.666666666666668
2021-10-13,v2_statistical,v1.0.0,"[2, 7, 8, 11, 19, 27]",24,1,1,2,2,[19],0.10758772300674817,0.37062383944846233,23.0
2021-10-13,v3_boosting,v1.0.0,"[2, 7, 8, 11, 19, 27]",24,1,1,2,2,[8],0.10786732973913746,0.3730261556015596,23.833333333333332
2021-10-13,v4_ensemble,v1.0.0,"[2, 7, 8, 11, 19, 27]",24,1,1,2,3,[19],0.10677224841285968,0.3688289849680214,23.833333333333332
2021-10-16,random,v1.0.0,"[5, 10, 11, 33, 44, 47]",20,1,1,3,3,[5],0.10745522698875465,0.37177617994345336,25.0
2021-10-16,ema_gap,v1.0.0,"[5, 10, 11, 33, 44, 47]",20,0,0,1,2,[],0.11331421078790904,0.39933637453760007,31.333333333333332
2021-10-16,logistic,v1.0.0,"[5, 10, 11, 33, 44, 47]",20,3,3,3,4,"[5, 44, 47]",0.10611526143243721,0.3655079488323767,17.166666666666668
2021-10-16,ensemble,v1.0.0,"[5, 10, 11, 33, 44, 47]",20,0,0,0,0,[],0.10850334902431165,0.3762742616936923,29.0
2021-10-16,v2_statistical,v1.0.0,"[5, 10, 11, 33, 44, 47]",20,0,0,0,0,[],0.11763996104959264,0.4175832176642402,34.833333333333336
2021-10-16,v3_boosting,v1.0.0,"[5, 10, 11, 33, 44, 47]",20,0,0,0,2,[],0.11040217401527977,0.3850013760546983,28.0
2021-10-16,v4_ensemble,v1.0.0,"[5, 10, 11, 33, 44, 47]",20,0,0,0,1,[],0.11128193210960195,0.3894273748445928,34.666666666666664
2021-10-20,random,v1.0.0,"[6, 9, 34, 35, 48, 49]",41,1,1,2,2,[6],0.10745522698875466,0.3717761799434531,30.166666666666668
2021-10-20,ema_gap,v1.0.0,"[6, 9, 34, 35, 48, 49]",41,0,0,2,2,[],0.10938404918710015,0.3775703628441535,24.333333333333332
2021-10-20,logistic,v1.0.0,"[6, 9, 34, 35, 48, 49]",41,1,1,2,3,[48],0.10736080049849465,0.3714223796438262,23.333333333333332
2021-10-20,ensemble,v1.0.0,"[6, 9, 34, 35, 48, 49]",41,1,1,2,2,[48],0.10757887677323973,0.372394345125612,25.333333333333332
2021-10-20,v2_statistical,v1.0.0,"[6, 9, 34, 35, 48, 49]",41,1,1,3,3,[34],0.10824219802604164,0.37607209582673584,22.0
2021-10-20,v3_boosting,v1.0.0,"[6, 9, 34, 35, 48, 49]",41,1,1,4,4,[48],0.10607304468556719,0.36392818437113,17.166666666666668
2021-10-20,v4_ensemble,v1.0.0,"[6, 9, 34, 35, 48, 49]",41,2,2,3,3,"[34, 48]",0.10664926668160365,0.3683096895997582,22.0
2021-10-23,random,v1.0.0,"[1, 3, 9, 40, 42, 44]",46,2,2,3,3,"[1, 3]",0.10745522698875466,0.37177617994345336,23.166666666666668
2021-10-23,ema_gap,v1.0.0,"[1, 3, 9, 40, 42, 44]",46,0,0,1,2,[],0.11074930526777665,0.3846823543015845,26.833333333333332
2021-10-23,logistic,v1.0.0,"[1, 3, 9, 40, 42, 44]",46,0,0,1,1,[],0.1086884261895974,0.3775475725012185,29.5
2021-10-23,ensemble,v1.0.0,"[1, 3, 9, 40, 42, 44]",46,0,0,1,1,[],0.10916033966839837,0.37954027525194417,31.166666666666668
2021-10-23,v2_statistical,v1.0.0,"[1, 3, 9, 40, 42, 44]",46,0,0,0,3,[],0.11431206330873353,0.40049559179098804,27.5
2021-10-23,v3_boosting,v1.0.0,"[1, 3, 9, 40, 42, 44]",46,1,1,1,1,[42],0.10889797941294037,0.3769784654155057,26.166666666666668
2021-10-23,v4_ensemble,v1.0.0,"[1, 3, 9, 40, 42, 44]",46,0,0,1,1,[],0.1101989767873509,0.3832900028379505,28.666666666666668
2021-10-27,random,v1.0.0,"[3, 9, 14, 36, 40, 46]",41,1,1,2,3,[3],0.10745522698875465,0.37177617994345336,24.666666666666668
2021-10-27,ema_gap,v1.0.0,"[3, 9, 14, 36, 40, 46]",41,0,0,1,3,[],0.10692317934035303,0.3654951986790856,19.5
2021-10-27,logistic,v1.0.0,"[3, 9, 14, 36, 40, 46]",41,0,0,1,1,[],0.11018000249963471,0.3848746733909962,35.833333333333336
2021-10-27,ensemble,v1.0.0,"[3, 9, 14, 36, 40, 46]",41,0,0,0,1,[],0.10821616581704081,0.37506510436359647,30.0
2021-10-27,v2_statistical,v1.0.0,"[3, 9, 14, 36, 40, 46]",41,0,0,3,4,[],0.10554350017187292,0.35689206763388887,17.0
2021-10-27,v3_boosting,v1.0.0,"[3, 9, 14, 36, 40, 46]",41,0,0,0,0,[],0.11220894698843378,0.3898607593114069,29.666666666666668
2021-10-27,v4_ensemble,v1.0.0,"[3, 9, 14, 36, 40, 46]",41,0,0,0,3,[],0.10798995737986802,0.3728636436248433,22.333333333333332
2021-10-30,random,v1.0.0,"[3, 5, 7, 23, 42, 46]",15,2,2,3,3,"[3, 5]",0.10745522698875466,0.37177617994345336,21.0
2021-10-30,ema_gap,v1.0.0,"[3, 5, 7, 23, 42, 46]",15,2,2,4,4,"[7, 42]",0.10277539647993615,0.35092797895494937,15.166666666666666
2021-10-30,logistic,v1.0.0,"[3, 5, 7, 23, 42, 46]",15,0,0,2,2,[],0.10805340830331549,0.37446477582958626,25.5
2021-10-30,ensemble,v1.0.0,"[3, 5, 7, 23, 42, 46]",15,2,2,4,4,"[3, 46]",0.10618565375007503,0.3657779855955671,14.833333333333334
2021-10-30,v2_statistical,v1.0.0,"[3, 5, 7, 23, 42, 46]",15,1,1,4,4,[7],0.10388239258966886,0.3541285129604274,17.333333333333332
2021-10-30,v3_boosting,v1.0.0,"[3, 5, 7, 23, 42, 46]",15,1,1,3,5,[23],0.10518474216691617,0.35922506478252314,14.333333333333334
2021-10-30,v4_ensemble,v1.0.0,"[3, 5, 7, 23, 42, 46]",15,2,2,4,5,"[7, 46]",0.10419358260385453,0.35654799237292967,13.833333333333334
2021-11-03,random,v1.0.0,"[9, 20, 27, 35, 37, 43]",3,0,0,1,1,[],0.10745522698875466,0.37177617994345313,28.5
2021-11-03,ema_gap,v1.0.0,"[9, 20, 27, 35, 37, 43]",3,0,0,1,1,[],0.11191964746185021,0.39221602368175473,30.166666666666668
2021-11-03,logistic,v1.0.0,"[9, 20, 27, 35, 37, 43]",3,0,0,0,2,[],0.10936659386446157,0.3808413226147501,33.333333333333336
2021-11-03,ensemble,v1.0.0,"[9, 20, 27, 35, 37, 43]",3,0,0,0,0,[],0.10916661328468635,0.37970274967896034,32.833333333333336
2021-11-03,v2_statistical,v1.0.0,"[9, 20, 27, 35, 37, 43]",3,0,0,1,1,[],0.11409385148059595,0.3960559254280381,27.666666666666668
2021-11-03,v3_boosting,v1.0.0,"[9, 20, 27, 35, 37, 43]",3,0,0,1,1,[],0.11076173907995362,0.38613176109147673,30.0
2021-11-03,v4_ensemble,v1.0.0,"[9, 20, 27, 35, 37, 43]",3,0,0,0,1,[],0.11081396028538154,0.38680069204224804,32.5
2021-11-06,random,v1.0.0,"[14, 16, 28, 39, 41, 47]",37,0,0,0,2,[],0.10745522698875465,0.37177617994345313,30.833333333333332
2021-11-06,ema_gap,v1.0.0,"[14, 16, 28, 39, 41, 47]",37,0,0,1,1,[],0.11143896014572265,0.3879857497062713,29.0
2021-11-06,logistic,v1.0.0,"[14, 16, 28, 39, 41, 47]",37,0,0,0,1,[],0.10890418009389313,0.3779982426805494,29.666666666666668
2021-11-06,ensemble,v1.0.0,"[14, 16, 28, 39, 41, 47]",37,0,0,0,2,[],0.1087783107192686,0.37737550977065665,28.0
2021-11-06,v2_statistical,v1.0.0,"[14, 16, 28, 39, 41, 47]",37,0,0,0,0,[],0.11472780992016751,0.3994038687622206,29.0
2021-11-06,v3_boosting,v1.0.0,"[14, 16, 28, 39, 41, 47]",37,0,0,0,1,[],0.11192936390549489,0.39298694146725704,33.166666666666664
2021-11-06,v4_ensemble,v1.0.0,"[14, 16, 28, 39, 41, 47]",37,0,0,0,0,[],0.11150672225331379,0.38943089639582235,34.666666666666664
2021-11-10,random,v1.0.0,"[2, 7, 18, 19, 23, 25]",43,1,1,2,3,[2],0.10745522698875466,0.37177617994345324,15.666666666666666
2021-11-10,ema_gap,v1.0.0,"[2, 7, 18, 19, 23, 25]",43,2,2,2,3,"[7, 19]",0.10570866329113504,0.3673875751824129,21.5
2021-11-10,logistic,v1.0.0,"[2, 7, 18, 19, 23, 25]",43,1,1,3,4,[25],0.10479585514168056,0.3590227560131779,12.833333333333334
2021-11-10,ensemble,v1.0.0,"[2, 7, 18, 19, 23, 25]",43,2,2,3,4,"[7, 19]",0.10581720882889752,0.3645370891083168,18.333333333333332
2021-11-10,v2_statistical,v1.0.0,"[2, 7, 18, 19, 23, 25]",43,2,2,2,2,"[7, 19]",0.10790405692184359,0.37878215591149417,24.0
2021-11-10,v3_boosting,v1.0.0,"[2, 7, 18, 19, 23, 25]",43,1,1,1,2,[7],0.10826948903885947,0.37561068218710175,25.0
2021-11-10,v4_ensemble,v1.0.0,"[2, 7, 18, 19, 23, 25]",43,2,2,2,2,"[7, 19]",0.10648672827505455,0.36882391581938784,23.833333333333332
2021-11-13,random,v1.0.0,"[5, 6, 7, 18, 25, 37]",24,2,2,3,4,"[5, 6]",0.10745522698875465,0.37177617994345336,16.333333333333332
2021-11-13,ema_gap,v1.0.0,"[5, 6, 7, 18, 25, 37]",24,1,1,2,2,[7],0.10556785024009856,0.3643108788601687,22.166666666666668
2021-11-13,logistic,v1.0.0,"[5, 6, 7, 18, 25, 37]",24,0,0,1,2,[],0.10894009524560505,0.37868034353207936,30.5
2021-11-13,ensemble,v1.0.0,"[5, 6, 7, 18, 25, 37]",24,1,1,1,1,[7],0.10791430786565785,0.3739888965318025,28.166666666666668
2021-11-13,v2_statistical,v1.0.0,"[5, 6, 7, 18, 25, 37]",24,1,1,1,2,[7],0.11006355515413796,0.3862161692953663,27.833333333333332
2021-11-13,v3_boosting,v1.0.0,"[5, 6, 7, 18, 25, 37]",24,1,1,1,1,[37],0.10874265364939716,0.37558369688911947,25.5
2021-11-13,v4_ensemble,v1.0.0,"[5, 6, 7, 18, 25, 37]",24,1,1,1,3,[7],0.10790034165364677,0.374036841743059,27.0
2021-11-17,random,v1.0.0,"[3, 4, 18, 23, 27, 28]",38,2,2,2,3,"[3, 4]",0.10745522698875466,0.37177617994345324,17.166666666666668
2021-11-17,ema_gap,v1.0.0,"[3, 4, 18, 23, 27, 28]",38,1,1,3,4,[18],0.10427357506951361,0.3564270057940602,16.5
2021-11-17,logistic,v1.0.0,"[3, 4, 18, 23, 27, 28]",38,1,1,1,2,[18],0.10760936509699849,0.37257508816331825,26.0
2021-11-17,ensemble,v1.0.0,"[3, 4, 18, 23, 27, 28]",38,1,1,4,5,[18],0.10613200506094245,0.3657788431465832,16.333333333333332
2021-11-17,v2_statistical,v1.0.0,"[3, 4, 18, 23, 27, 28]",38,0,0,1,3,[],0.10655309224293662,0.36091221341813556,18.166666666666668
2021-11-17,v3_boosting,v1.0.0,"[3, 4, 18, 23, 27, 28]",38,3,3,4,5,"[3, 4, 27]",0.10041747798010052,0.3403427016441261,9.166666666666666
2021-11-17,v4_ensemble,v1.0.0,"[3, 4, 18, 23, 27, 28]",38,1,1,4,5,[3],0.10343857349793469,0.35345112900109443,11.666666666666666
2021-11-20,random,v1.0.0,"[15, 25, 26, 29, 42, 43]",22,0,0,0,1,[],0.10745522698875466,0.3717761799434532,30.0
2021-11-20,ema_gap,v1.0.0,"[15, 25, 26, 29, 42, 43]",22,0,0,2,2,[],0.11036355001474611,0.38367009152519005,27.333333333333332
2021-11-20,logistic,v1.0.0,"[15, 25, 26, 29, 42, 43]",22,1,1,2,3,[42],0.10689282775006219,0.3688890181484892,20.0
2021-11-20,ensemble,v1.0.0,"[15, 25, 26, 29, 42, 43]",22,1,1,2,2,[42],0.10754470738747038,0.3720186790456871,23.166666666666668
2021-11-20,v2_statistical,v1.0.0,"[15, 25, 26, 29, 42, 43]",22,1,1,1,2,[42],0.11103202732079503,0.38638802138470874,24.833333333333332
2021-11-20,v3_boosting,v1.0.0,"[15, 25, 26, 29, 42, 43]",22,1,1,1,3,[29],0.10737514796072571,0.3703948306303448,23.666666666666668
2021-11-20,v4_ensemble,v1.0.0,"[15, 25, 26, 29, 42, 43]",22,0,0,1,1,[],0.10810001234197805,0.37339418592026763,24.333333333333332
2021-11-24,random,v1.0.0,"[10, 11, 18, 20, 35, 48]",39,0,0,2,3,[],0.10745522698875466,0.37177617994345336,23.666666666666668
2021-11-24,ema_gap,v1.0.0,"[10, 11, 18, 20, 35, 48]",39,1,1,1,2,[18],0.1064797666289388,0.36558385184569847,20.0
2021-11-24,logistic,v1.0.0,"[10, 11, 18, 20, 35, 48]",39,0,0,1,2,[],0.10831608756527378,0.37501576442128837,27.666666666666668
2021-11-24,ensemble,v1.0.0,"[10, 11, 18, 20, 35, 48]",39,1,1,2,3,[18],0.10705169257519837,0.3698492026212637,21.833333333333332
2021-11-24,v2_statistical,v1.0.0,"[10, 11, 18, 20, 35, 48]",39,0,0,1,1,[],0.11063504870418216,0.38020276828708055,24.166666666666668
2021-11-24,v3_boosting,v1.0.0,"[10, 11, 18, 20, 35, 48]",39,0,0,0,0,[],0.11405979772699393,0.4024903416619102,38.166666666666664
2021-11-24,v4_ensemble,v1.0.0,"[10, 11, 18, 20, 35, 48]",39,0,0,1,1,[],0.109939765657502,0.3825460165044038,31.166666666666668
2021-11-27,random,v1.0.0,"[6, 7, 14, 23, 35, 41]",11,1,1,2,3,[6],0.10745522698875466,0.37177617994345336,21.0
2021-11-27,ema_gap,v1.0.0,"[6, 7, 14, 23, 35, 41]",11,1,1,1,4,[7],0.10469921988475961,0.3581476547873763,18.333333333333332
2021-11-27,logistic,v1.0.0,"[6, 7, 14, 23, 35, 41]",11,0,0,1,2,[],0.10721408077813539,0.3702015288821354,24.0
2021-11-27,ensemble,v1.0.0,"[6, 7, 14, 23, 35, 41]",11,1,1,3,4,[7],0.1064532559074152,0.367161470323659,16.833333333333332
2021-11-27,v2_statistical,v1.0.0,"[6, 7, 14, 23, 35, 41]",11,1,1,2,3,[7],0.10293062087891541,0.35352788299790805,19.666666666666668
2021-11-27,v3_boosting,v1.0.0,"[6, 7, 14, 23, 35, 41]",11,1,1,1,2,[7],0.10699582613284454,0.3719691601202363,25.5
2021-11-27,v4_ensemble,v1.0.0,"[6, 7, 14, 23, 35, 41]",11,1,1,1,2,[7],0.10483978117333159,0.3610425370342909,19.833333333333332
2021-12-01,random,v1.0.0,"[14, 17, 27, 34, 36, 42]",8,0,0,0,2,[],0.10745522698875465,0.3717761799434532,28.333333333333332
2021-12-01,ema_gap,v1.0.0,"[14, 17, 27, 34, 36, 42]",8,1,1,2,3,[42],0.10786931024593514,0.37247863486782057,22.5
2021-12-01,logistic,v1.0.0,"[14, 17, 27, 34, 36, 42]",8,1,1,3,3,[14],0.10717853666821729,0.37068355097772976,19.833333333333332
2021-12-01,ensemble,v1.0.0,"[14, 17, 27, 34, 36, 42]",8,0,0,2,3,[],0.1068065614887555,0.3684772679952224,20.0
2021-12-01,v2_statistical,v1.0.0,"[14, 17, 27, 34, 36, 42]",8,2,2,3,3,"[34, 42]",0.10673879986658667,0.36914890488364044,21.166666666666668
2021-12-01,v3_boosting,v1.0.0,"[14, 17, 27, 34, 36, 42]",8,3,3,3,4,"[14, 27, 34]",0.10169712856479235,0.34985671271180435,17.0
2021-12-01,v4_ensemble,v1.0.0,"[14, 17, 27, 34, 36, 42]",8,1,1,3,4,[34],0.1045756999519517,0.35896539015322154,16.666666666666668
2021-12-04,random,v1.0.0,"[5, 11, 15, 28, 31, 47]",19,1,1,2,3,[5],0.10745522698875465,0.37177617994345336,22.833333333333332
2021-12-04,ema_gap,v1.0.0,"[5, 11, 15, 28, 31, 47]",19,0,0,2,3,[],0.10819925046925226,0.3750183214261699,23.0
2021-12-04,logistic,v1.0.0,"[5, 11, 15, 28, 31, 47]",19,0,0,1,3,[],0.10783521016382279,0.37346226553990103,25.0
2021-12-04,ensemble,v1.0.0,"[5, 11, 15, 28, 31, 47]",19,1,1,2,3,[15],0.10753583123364532,0.372011493007836,23.5
2021-12-04,v2_statistical,v1.0.0,"[5, 11, 15, 28, 31, 47]",19,0,0,0,3,[],0.11118181895783033,0.3831942714640342,25.0
2021-12-04,v3_boosting,v1.0.0,"[5, 11, 15, 28, 31, 47]",19,0,0,1,2,[],0.11039340391164788,0.3840132201606409,30.166666666666668
2021-12-04,v4_ensemble,v1.0.0,"[5, 11, 15, 28, 31, 47]",19,0,0,1,2,[],0.1091494024991692,0.3790364295507458,27.833333333333332
2021-12-08,random,v1.0.0,"[23, 25, 26, 36, 40, 49]",42,0,0,0,0,[],0.10745522698875466,0.3717761799434532,33.166666666666664
2021-12-08,ema_gap,v1.0.0,"[23, 25, 26, 36, 40, 49]",42,0,0,0,1,[],0.10928780561561978,0.37601882816539595,22.666666666666668
2021-12-08,logistic,v1.0.0,"[23, 25, 26, 36, 40, 49]",42,1,1,2,2,[40],0.10800276348739465,0.37421527615511496,26.0
2021-12-08,ensemble,v1.0.0,"[23, 25, 26, 36, 40, 49]",42,0,0,1,3,[],0.10766534433536748,0.372502776305498,24.0
2021-12-08,v2_statistical,v1.0.0,"[23, 25, 26, 36, 40, 49]",42,0,0,0,1,[],0.11083968394801916,0.38038644211241746,24.833333333333332
2021-12-08,v3_boosting,v1.0.0,"[23, 25, 26, 36, 40, 49]",42,0,0,2,2,[],0.1084936364937252,0.3750646486886586,24.166666666666668
2021-12-08,v4_ensemble,v1.0.0,"[23, 25, 26, 36, 40, 49]",42,0,0,1,3,[],0.10859176285040366,0.375504150270639,23.166666666666668
2021-12-11,random,v1.0.0,"[1, 6, 26, 27, 43, 46]",12,2,2,2,2,"[1, 6]",0.10745522698875465,0.37177617994345313,24.833333333333332
2021-12-11,ema_gap,v1.0.0,"[1, 6, 26, 27, 43, 46]",12,0,0,1,1,[],0.10926220664156555,0.3773278372481614,24.666666666666668
2021-12-11,logistic,v1.0.0,"[1, 6, 26, 27, 43, 46]",12,0,0,2,2,[],0.10780395034219634,0.3729974854179566,25.833333333333332
2021-12-11,ensemble,v1.0.0,"[1, 6, 26, 27, 43, 46]",12,0,0,0,2,[],0.10793663199431139,0.37381581448086815,24.333333333333332
2021-12-11,v2_statistical,v1.0.0,"[1, 6, 26, 27, 43, 46]",12,1,1,1,3,[27],0.10956120956635573,0.3832302581984195,24.0
2021-12-11,v3_boosting,v1.0.0,"[1, 6, 26, 27, 43, 46]",12,0,0,1,1,[],0.10973204336991868,0.38063045980916443,26.5
2021-12-11,v4_ensemble,v1.0.0,"[1, 6, 26, 27, 43, 46]",12,0,0,1,2,[],0.10835014268245041,0.37539234606632665,24.5
2021-12-15,random,v1.0.0,"[1, 9, 12, 18, 35, 48]",19,1,1,3,4,[1],0.10745522698875466,0.37177617994345336,20.5
2021-12-15,ema_gap,v1.0.0,"[1, 9, 12, 18, 35, 48]",19,1,1,1,3,[18],0.10677277288928022,0.3689482777845464,21.666666666666668
2021-12-15,logistic,v1.0.0,"[1, 9, 12, 18, 35, 48]",19,2,2,3,3,"[1, 48]",0.10669943681357516,0.3688152956991002,22.833333333333332
2021-12-15,ensemble,v1.0.0,"[1, 9, 12, 18, 35, 48]",19,2,2,3,3,"[18, 48]",0.10688578972153306,0.3694283449414639,20.5
2021-12-15,v2_statistical,v1.0.0,"[1, 9, 12, 18, 35, 48]",19,0,0,0,2,[],0.11090803374742193,0.3858584923850162,26.666666666666668
2021-12-15,v3_boosting,v1.0.0,"[1, 9, 12, 18, 35, 48]",19,0,0,2,3,[],0.1071867034143186,0.36872317977243413,21.333333333333332
2021-12-15,v4_ensemble,v1.0.0,"[1, 9, 12, 18, 35, 48]",19,0,0,1,3,[],0.10749869010864016,0.37103692735724436,23.0
2021-12-22,random,v1.0.0,"[1, 2, 3, 11, 15, 43]",46,3,3,4,5,"[1, 2, 3]",0.10745522698875465,0.3717761799434534,12.5
2021-12-22,ema_gap,v1.0.0,"[1, 2, 3, 11, 15, 43]",46,1,1,1,3,[15],0.10624001682543578,0.3637927657263849,20.5
2021-12-22,logistic,v1.0.0,"[1, 2, 3, 11, 15, 43]",46,0,0,2,2,[],0.10931666360352636,0.3811042610366104,30.5
2021-12-22,ensemble,v1.0.0,"[1, 2, 3, 11, 15, 43]",46,1,1,1,2,[15],0.10782948706950363,0.37363376132229725,25.833333333333332
2021-12-22,v2_statistical,v1.0.0,"[1, 2, 3, 11, 15, 43]",46,0,0,1,3,[],0.10955982913120817,0.375602777654525,22.0
2021-12-22,v3_boosting,v1.0.0,"[1, 2, 3, 11, 15, 43]",46,1,1,2,2,[15],0.10987733845144163,0.3846930187739371,28.666666666666668
2021-12-22,v4_ensemble,v1.0.0,"[1, 2, 3, 11, 15, 43]",46,1,1,1,2,[15],0.10847041572613486,0.3766338320583998,26.333333333333332
2021-12-29,random,v1.0.0,"[18, 32, 42, 44, 45, 48]",38,0,0,0,1,[],0.10745522698875466,0.37177617994345313,38.166666666666664
2021-12-29,ema_gap,v1.0.0,"[18, 32, 42, 44, 45, 48]",38,2,2,3,3,"[18, 42]",0.10714946677135107,0.3748284214039513,24.5
2021-12-29,logistic,v1.0.0,"[18, 32, 42, 44, 45, 48]",38,0,0,2,2,[],0.10710944326816345,0.36946790719339145,23.333333333333332
2021-12-29,ensemble,v1.0.0,"[18, 32, 42, 44, 45, 48]",38,2,2,3,3,"[18, 42]",0.10655723894228557,0.36769323286552386,19.666666666666668
2021-12-29,v2_statistical,v1.0.0,"[18, 32, 42, 44, 45, 48]",38,1,1,2,4,[18],0.1069075783611696,0.3741305405024517,22.5
2021-12-29,v3_boosting,v1.0.0,"[18, 32, 42, 44, 45, 48]",38,2,2,3,4,"[32, 44]",0.10462952329604049,0.35991742790279213,19.333333333333332
2021-12-29,v4_ensemble,v1.0.0,"[18, 32, 42, 44, 45, 48]",38,2,2,3,4,"[18, 48]",0.1053937328680973,0.3621480397439704,15.833333333333334
2022-01-01,random,v1.0.0,"[7, 8, 15, 17, 19, 33]",6,0,0,2,4,[],0.10745522698875466,0.37177617994345336,16.5
2022-01-01,ema_gap,v1.0.0,"[7, 8, 15, 17, 19, 33]",6,2,2,3,3,"[7, 15]",0.10683474869890416,0.371627413822888,24.166666666666668
2022-01-01,logistic,v1.0.0,"[7, 8, 15, 17, 19, 33]",6,0,0,1,2,[],0.10981740779045226,0.3833855810464381,32.166666666666664
2022-01-01,ensemble,v1.0.0,"[7, 8, 15, 17, 19, 33]",6,0,0,1,2,[],0.1080970767767713,0.37472364168380184,28.166666666666668
2022-01-01,v2_statistical,v1.0.0,"[7, 8, 15, 17, 19, 33]",6,2,2,2,3,"[7, 15]",0.10802609114502398,0.37844592484095707,24.833333333333332
2022-01-01,v3_boosting,v1.0.0,"[7, 8, 15, 17, 19, 33]",6,0,0,0,2,[],0.11283401319729035,0.39824159341240944,33.666666666666664
2022-01-01,v4_ensemble,v1.0.0,"[7, 8, 15, 17, 19, 33]",6,1,1,1,2,[7],0.10920238471774252,0.3804683486845649,28.5
2022-01-05,random,v1.0.0,"[2, 5, 8, 29, 36, 45]",23,2,2,3,3,"[2, 5]",0.10745522698875465,0.37177617994345336,20.833333333333332
2022-01-05,ema_gap,v1.0.0,"[2, 5, 8, 29, 36, 45]",23,0,0,0,1,[],0.1107867031658304,0.383669720105896,27.0
2022-01-05,logistic,v1.0.0,"[2, 5, 8, 29, 36, 45]",23,0,0,2,2,[],0.10710183628687607,0.3698320016116509,21.166666666666668
2022-01-05,ensemble,v1.0.0,"[2, 5, 8, 29, 36, 45]",23,0,0,0,2,[],0.1080531601202869,0.3742450155632767,27.0
2022-01-05,v2_statistical,v1.0.0,"[2, 5, 8, 29, 36, 45]",23,0,0,1,1,[],0.11222602413766243,0.3906805456567326,27.5
2022-01-05,v3_boosting,v1.0.0,"[2, 5, 8, 29, 36, 45]",23,1,1,1,1,[8],0.10786838653171427,0.37261556409593355,23.333333333333332
2022-01-05,v4_ensemble,v1.0.0,"[2, 5, 8, 29, 36, 45]",23,0,0,0,2,[],0.10884281813325465,0.3775383956593764,27.666666666666668
2022-01-08,random,v1.0.0,"[6, 18, 23, 31, 46, 48]",4,1,1,1,2,[6],0.10745522698875466,0.3717761799434532,28.666666666666668
2022-01-08,ema_gap,v1.0.0,"[6, 18, 23, 31, 46, 48]",4,2,2,2,4,"[18, 48]",0.1040603018628929,0.3574719005112633,18.666666666666668
2022-01-08,logistic,v1.0.0,"[6, 18, 23, 31, 46, 48]",4,2,2,2,3,"[18, 48]",0.10681947853296787,0.36943239829879193,24.5
2022-01-08,ensemble,v1.0.0,"[6, 18, 23, 31, 46, 48]",4,2,2,2,3,"[18, 48]",0.1060602303217264,0.36601275067614164,21.5
2022-01-08,v2_statistical,v1.0.0,"[6, 18, 23, 31, 46, 48]",4,1,1,4,4,[18],0.10217997802757602,0.34788380046699297,15.666666666666666
2022-01-08,v3_boosting,v1.0.0,"[6, 18, 23, 31, 46, 48]",4,0,0,1,2,[],0.11118061578457342,0.3892542227856058,28.0
2022-01-08,v4_ensemble,v1.0.0,"[6, 18, 23, 31, 46, 48]",4,1,1,2,3,[18],0.1058809095028153,0.3640737654153765,19.166666666666668
2022-01-12,random,v1.0.0,"[8, 21, 26, 29, 31, 46]",40,0,0,1,1,[],0.10745522698875466,0.3717761799434532,26.833333333333332
2022-01-12,ema_gap,v1.0.0,"[8, 21, 26, 29, 31, 46]",40,0,0,1,1,[],0.11091561555621691,0.3866570631824465,27.333333333333332
2022-01-12,logistic,v1.0.0,"[8, 21, 26, 29, 31, 46]",40,0,0,1,1,[],0.10977399287355467,0.38273090502978935,35.0
2022-01-12,ensemble,v1.0.0,"[8, 21, 26, 29, 31, 46]",40,0,0,0,1,[],0.10933223834571225,0.3806138277798262,36.0
2022-01-12,v2_statistical,v1.0.0,"[8, 21, 26, 29, 31, 46]",40,0,0,1,1,[],0.11431508189781768,0.40312655516955326,31.333333333333332
2022-01-12,v3_boosting,v1.0.0,"[8, 21, 26, 29, 31, 46]",40,0,0,1,1,[],0.11024446799458487,0.38324412919917117,27.833333333333332
2022-01-12,v4_ensemble,v1.0.0,"[8, 21, 26, 29, 31, 46]",40,0,0,1,1,[],0.11071447065742537,0.38687160374273266,33.166666666666664
2022-01-15,random,v1.0.0,"[5, 10, 35, 41, 42, 44]",13,1,1,2,2,[5],0.10745522698875465,0.3717761799434531,29.5
2022-01-15,ema_gap,v1.0.0,"[5, 10, 35, 41, 42, 44]",13,1,1,2,3,[42],0.10800472101656815,0.3724171439787345,22.666666666666668
2022-01-15,logistic,v1.0.0,"[5, 10, 35, 41, 42, 44]",13,1,1,1,1,[44],0.10814807847645143,0.3750986334462958,29.666666666666668
2022-01-15,ensemble,v1.0.0,"[5, 10, 35, 41, 42, 44]",13,1,1,2,2,[42],0.10761413975136692,0.3724144598514265,24.333333333333332
2022-01-15,v2_statistical,v1.0.0,"[5, 10, 35, 41, 42, 44]",13,0,0,1,2,[],0.1088943386709099,0.3724893676441328,22.0
2022-01-15,v3_boosting,v1.0.0,"[5, 10, 35, 41, 42, 44]",13,1,1,1,1,[10],0.1100165571628544,0.38363787330623245,30.333333333333332
2022-01-15,v4_ensemble,v1.0.0,"[5, 10, 35, 41, 42, 44]",13,0,0,0,2,[],0.10833893218134319,0.3747107071705543,23.5
2022-01-19,random,v1.0.0,"[3, 12, 19, 37, 39, 45]",47,1,1,2,2,[3],0.10745522698875466,0.37177617994345324,25.833333333333332
2022-01-19,ema_gap,v1.0.0,"[3, 12, 19, 37, 39, 45]",47,0,0,2,2,[],0.10960123844030029,0.3805340002081408,26.333333333333332
2022-01-19,logistic,v1.0.0,"[3, 12, 19, 37, 39, 45]",47,0,0,1,1,[],0.1085481929717298,0.3768365348644595,28.666666666666668
2022-01-19,ensemble,v1.0.0,"[3, 12, 19, 37, 39, 45]",47,1,1,1,2,[45],0.10792232525018228,0.37377226989012086,28.333333333333332
2022-01-19,v2_statistical,v1.0.0,"[3, 12, 19, 37, 39, 45]",47,1,1,3,3,[19],0.10836899477669497,0.378523925603325,24.666666666666668
2022-01-19,v3_boosting,v1.0.0,"[3, 12, 19, 37, 39, 45]",47,1,1,1,2,[12],0.10901066050175802,0.3807934674328545,27.166666666666668
2022-01-19,v4_ensemble,v1.0.0,"[3, 12, 19, 37, 39, 45]",47,0,0,2,3,[],0.10818119281451397,0.37574232394149354,26.166666666666668
2022-01-22,random,v1.0.0,"[7, 12, 27, 31, 37, 44]",35,0,0,2,2,[],0.10745522698875466,0.37177617994345313,26.333333333333332
2022-01-22,ema_gap,v1.0.0,"[7, 12, 27, 31, 37, 44]",35,1,1,1,2,[7],0.10857266641432349,0.3753040764334768,25.166666666666668
2022-01-22,logistic,v1.0.0,"[7, 12, 27, 31, 37, 44]",35,1,1,2,2,[31],0.10791098542724883,0.37389934835644834,25.5
2022-01-22,ensemble,v1.0.0,"[7, 12, 27, 31, 37, 44]",35,0,0,1,1,[],0.10795782224259168,0.3737497728523596,26.5
2022-01-22,v2_statistical,v1.0.0,"[7, 12, 27, 31, 37, 44]",35,1,1,2,2,[7],0.10753580393520087,0.37126583442786754,23.0
2022-01-22,v3_boosting,v1.0.0,"[7, 12, 27, 31, 37, 44]",35,0,0,1,1,[],0.11115471503116278,0.3881042526218024,32.5
2022-01-22,v4_ensemble,v1.0.0,"[7, 12, 27, 31, 37, 44]",35,0,0,1,2,[],0.10848891201968515,0.37583083808201945,26.0
2022-01-26,random,v1.0.0,"[5, 22, 25, 30, 32, 46]",45,1,1,1,1,[5],0.10745522698875466,0.3717761799434532,26.666666666666668
2022-01-26,ema_gap,v1.0.0,"[5, 22, 25, 30, 32, 46]",45,0,0,2,2,[],0.11212416072360262,0.39607096825291854,32.333333333333336
2022-01-26,logistic,v1.0.0,"[5, 22, 25, 30, 32, 46]",45,2,2,4,4,"[22, 30]",0.1047254473456015,0.3593035392230073,14.0
2022-01-26,ensemble,v1.0.0,"[5, 22, 25, 30, 32, 46]",45,1,1,2,2,[5],0.10737027298582291,0.37133809051234223,23.666666666666668
2022-01-26,v2_statistical,v1.0.0,"[5, 22, 25, 30, 32, 46]",45,1,1,1,1,[46],0.11495662111168972,0.4121009277709575,33.333333333333336
2022-01-26,v3_boosting,v1.0.0,"[5, 22, 25, 30, 32, 46]",45,0,0,2,2,[],0.10776877988196747,0.3717919530226822,23.166666666666668
2022-01-26,v4_ensemble,v1.0.0,"[5, 22, 25, 30, 32, 46]",45,0,0,1,1,[],0.10922711977093111,0.37963827655073284,28.333333333333332
2022-01-29,random,v1.0.0,"[10, 14, 25, 29, 33, 44]",40,0,0,1,2,[],0.10745522698875465,0.3717761799434532,25.833333333333332
2022-01-29,ema_gap,v1.0.0,"[10, 14, 25, 29, 33, 44]",40,0,0,0,0,[],0.11145809258784982,0.3870648542908841,28.666666666666668
2022-01-29,logistic,v1.0.0,"[10, 14, 25, 29, 33, 44]",40,2,2,3,3,"[29, 44]",0.10511654942475028,0.3612475093067551,17.333333333333332
2022-01-29,ensemble,v1.0.0,"[10, 14, 25, 29, 33, 44]",40,0,0,1,2,[],0.10775895598503288,0.3729472579551666,25.0
2022-01-29,v2_statistical,v1.0.0,"[10, 14, 25, 29, 33, 44]",40,0,0,0,0,[],0.11736017962989435,0.4135411960475968,34.666666666666664
2022-01-29,v3_boosting,v1.0.0,"[10, 14, 25, 29, 33, 44]",40,4,4,4,4,"[10, 14, 25, 29]",0.10074131923910484,0.34490689749680054,14.333333333333334
2022-01-29,v4_ensemble,v1.0.0,"[10, 14, 25, 29, 33, 44]",40,0,0,1,3,[],0.1073472963528329,0.3704657000037158,23.0
2022-02-02,random,v1.0.0,"[3, 7, 9, 23, 26, 32]",42,1,1,3,3,[3],0.10745522698875463,0.37177617994345336,16.666666666666668
2022-02-02,ema_gap,v1.0.0,"[3, 7, 9, 23, 26, 32]",42,1,1,2,4,[7],0.10378911659813575,0.35471346572425366,17.5
2022-02-02,logistic,v1.0.0,"[3, 7, 9, 23, 26, 32]",42,0,0,1,2,[],0.10929162583191476,0.3812437518311789,30.666666666666668
2022-02-02,ensemble,v1.0.0,"[3, 7, 9, 23, 26, 32]",42,1,1,2,2,[23],0.1068601858083077,0.36887205608158485,21.5
2022-02-02,v2_statistical,v1.0.0,"[3, 7, 9, 23, 26, 32]",42,1,1,1,5,[7],0.10325248302739591,0.35366688339752383,18.166666666666668
2022-02-02,v3_boosting,v1.0.0,"[3, 7, 9, 23, 26, 32]",42,0,0,0,1,[],0.1101020497114097,0.38150595235553925,27.666666666666668
2022-02-02,v4_ensemble,v1.0.0,"[3, 7, 9, 23, 26, 32]",42,1,1,1,3,[7],0.10620289159467698,0.3661164823008777,20.0
2022-02-05,random,v1.0.0,"[2, 9, 12, 14, 23, 24]",10,1,1,3,4,[2],0.10745522698875463,0.37177617994345336,14.0
2022-02-05,ema_gap,v1.0.0,"[2, 9, 12, 14, 23, 24]",10,0,0,1,3,[],0.10976223692724676,0.3852887602665544,24.5
2022-02-05,logistic,v1.0.0,"[2, 9, 12, 14, 23, 24]",10,0,0,1,1,[],0.10922506744681584,0.3799835463088013,35.0
2022-02-05,ensemble,v1.0.0,"[2, 9, 12, 14, 23, 24]",10,0,0,1,3,[],0.10911210047054154,0.3798667445585035,28.666666666666668
2022-02-05,v2_statistical,v1.0.0,"[2, 9, 12, 14, 23, 24]",10,0,0,1,2,[],0.11503246539662709,0.4129006417105531,30.833333333333332
2022-02-05,v3_boosting,v1.0.0,"[2, 9, 12, 14, 23, 24]",10,0,0,0,1,[],0.11252839628706109,0.3945388822565179,31.666666666666668
2022-02-05,v4_ensemble,v1.0.0,"[2, 9, 12, 14, 23, 24]",10,0,0,0,0,[],0.11151769487641652,0.39183087424229396,32.0
2022-02-09,random,v1.0.0,"[12, 14, 19, 28, 32, 36]",17,0,0,1,2,[],0.10745522698875465,0.37177617994345336,23.5
2022-02-09,ema_gap,v1.0.0,"[12, 14, 19, 28, 32, 36]",17,0,0,2,2,[],0.10645263881961005,0.36425278756539137,20.0
2022-02-09,logistic,v1.0.0,"[12, 14, 19, 28, 32, 36]",17,0,0,1,2,[],0.10999410636653179,0.38426441097810343,32.833333333333336
2022-02-09,ensemble,v1.0.0,"[12, 14, 19, 28, 32, 36]",17,0,0,0,2,[],0.10799509539245306,0.37410524897294684,27.833333333333332
2022-02-09,v2_statistical,v1.0.0,"[12, 14, 19, 28, 32, 36]",17,1,1,1,2,[19],0.11149297775706764,0.38598119674629666,25.666666666666668
2022-02-09,v3_boosting,v1.0.0,"[12, 14, 19, 28, 32, 36]",17,1,1,1,1,[36],0.109671762726589,0.38254368767637503,30.166666666666668
2022-02-09,v4_ensemble,v1.0.0,"[12, 14, 19, 28, 32, 36]",17,0,0,2,2,[],0.10915395873393992,0.37896875043180794,27.666666666666668
2022-02-12,random,v1.0.0,"[1, 25, 26, 37, 40, 43]",3,1,1,1,1,[1],0.10745522698875466,0.37177617994345313,28.666666666666668
2022-02-12,ema_gap,v1.0.0,"[1, 25, 26, 37, 40, 43]",3,0,0,1,1,[],0.11057089994669023,0.38350543901424533,27.166666666666668
2022-02-12,logistic,v1.0.0,"[1, 25, 26, 37, 40, 43]",3,2,2,2,2,"[25, 37]",0.10696311072242305,0.36900729045158404,22.5
2022-02-12,ensemble,v1.0.0,"[1, 25, 26, 37, 40, 43]",3,0,0,1,2,[],0.1078299400066354,0.37339871455900026,26.666666666666668
2022-02-12,v2_statistical,v1.0.0,"[1, 25, 26, 37, 40, 43]",3,0,0,0,2,[],0.1128452110384283,0.3940455534254084,28.0
2022-02-12,v3_boosting,v1.0.0,"[1, 25, 26, 37, 40, 43]",3,0,0,0,1,[],0.11180324036442553,0.38988979489502235,34.666666666666664
2022-02-12,v4_ensemble,v1.0.0,"[1, 25, 26, 37, 40, 43]",3,0,0,0,1,[],0.11015897712377339,0.3841832305441692,32.5
2022-02-16,random,v1.0.0,"[2, 8, 30, 31, 40, 44]",11,1,1,2,2,[2],0.10745522698875466,0.3717761799434531,25.833333333333332
2022-02-16,ema_gap,v1.0.0,"[2, 8, 30, 31, 40, 44]",11,0,0,0,0,[],0.11153307357211845,0.3875058241144465,30.5
2022-02-16,logistic,v1.0.0,"[2, 8, 30, 31, 40, 44]",11,1,1,2,3,[44],0.10658992565759183,0.36773526016163977,21.333333333333332
2022-02-16,ensemble,v1.0.0,"[2, 8, 30, 31, 40, 44]",11,0,0,0,0,[],0.10837322512901888,0.37576838214648967,31.0
2022-02-16,v2_statistical,v1.0.0,"[2, 8, 30, 31, 40, 44]",11,0,0,0,1,[],0.11382116934081149,0.3972474528826742,30.666666666666668
2022-02-16,v3_boosting,v1.0.0,"[2, 8, 30, 31, 40, 44]",11,1,1,1,3,[8],0.10897468081900749,0.3784037700445455,25.0
2022-02-16,v4_ensemble,v1.0.0,"[2, 8, 30, 31, 40, 44]",11,0,0,0,0,[],0.10970961883279545,0.38114757252316656,29.833333333333332
2022-02-19,random,v1.0.0,"[4, 16, 30, 32, 37, 44]",35,1,1,1,2,[4],0.10745522698875466,0.3717761799434531,27.166666666666668
2022-02-19,ema_gap,v1.0.0,"[4, 16, 30, 32, 37, 44]",35,0,0,0,1,[],0.11239302227704497,0.3957565209832929,32.166666666666664
2022-02-19,logistic,v1.0.0,"[4, 16, 30, 32, 37, 44]",35,1,1,2,2,[32],0.1079538473539907,0.3743580539135104,29.166666666666668
2022-02-19,ensemble,v1.0.0,"[4, 16, 30, 32, 37, 44]",35,0,0,0,1,[],0.10923532151950503,0.3801657672403507,31.5
2022-02-19,v2_statistical,v1.0.0,"[4, 16, 30, 32, 37, 44]",35,0,0,0,0,[],0.11565932525518255,0.40729070805944584,34.0
2022-02-19,v3_boosting,v1.0.0,"[4, 16, 30, 32, 37, 44]",35,1,1,3,4,[16],0.10455779085710173,0.3594814827623572,18.0
2022-02-19,v4_ensemble,v1.0.0,"[4, 16, 30, 32, 37, 44]",35,0,0,0,1,[],0.10924517123222863,0.37890774654323683,29.0
2022-02-23,random,v1.0.0,"[4, 10, 28, 31, 33, 43]",18,1,1,2,2,[4],0.10745522698875466,0.37177617994345313,24.833333333333332
2022-02-23,ema_gap,v1.0.0,"[4, 10, 28, 31, 33, 43]",18,0,0,0,1,[],0.11061967604859693,0.38396861474046307,29.833333333333332
2022-02-23,logistic,v1.0.0,"[4, 10, 28, 31, 33, 43]",18,1,1,2,2,[31],0.10772233162811067,0.3732451842832826,23.833333333333332
2022-02-23,ensemble,v1.0.0,"[4, 10, 28, 31, 33, 43]",18,0,0,1,2,[],0.10823782526168746,0.3754906638574593,27.5
2022-02-23,v2_statistical,v1.0.0,"[4, 10, 28, 31, 33, 43]",18,1,1,1,1,[43],0.11074841933928556,0.3846257971930789,26.5
2022-02-23,v3_boosting,v1.0.0,"[4, 10, 28, 31, 33, 43]",18,0,0,2,2,[],0.10831931564707982,0.3758374169627009,24.666666666666668
2022-02-23,v4_ensemble,v1.0.0,"[4, 10, 28, 31, 33, 43]",18,1,1,1,1,[43],0.1087603252607577,0.3773877433321727,28.833333333333332
2022-02-26,random,v1.0.0,"[6, 8, 12, 16, 24, 35]",25,1,1,3,4,[6],0.10745522698875466,0.37177617994345336,16.833333333333332
2022-02-26,ema_gap,v1.0.0,"[6, 8, 12, 16, 24, 35]",25,0,0,0,0,[],0.11234468408302707,0.39492625242433466,33.166666666666664
2022-02-26,logistic,v1.0.0,"[6, 8, 12, 16, 24, 35]",25,1,1,2,2,[24],0.10673845364597934,0.3686587385327996,23.166666666666668
2022-02-26,ensemble,v1.0.0,"[6, 8, 12, 16, 24, 35]",25,0,0,0,1,[],0.10874848953870617,0.3778207809787975,32.5
2022-02-26,v2_statistical,v1.0.0,"[6, 8, 12, 16, 24, 35]",25,0,0,0,0,[],0.11704159146671819,0.4183158379847474,34.833333333333336
2022-02-26,v3_boosting,v1.0.0,"[6, 8, 12, 16, 24, 35]",25,0,0,1,2,[],0.10909197412399856,0.3748742410714091,21.833333333333332
2022-02-26,v4_ensemble,v1.0.0,"[6, 8, 12, 16, 24, 35]",25,0,0,0,1,[],0.11060238555379716,0.38620828872959834,34.333333333333336
2022-03-02,random,v1.0.0,"[11, 12, 39, 41, 42, 49]",14,0,0,2,2,[],0.10745522698875466,0.3717761799434531,32.333333333333336
2022-03-02,ema_gap,v1.0.0,"[11, 12, 39, 41, 42, 49]",14,0,0,1,2,[],0.11092674598074836,0.3874871950589061,29.5
2022-03-02,logistic,v1.0.0,"[11, 12, 39, 41, 42, 49]",14,0,0,0,2,[],0.10858466295626415,0.37680797603746086,29.666666666666668
2022-03-02,ensemble,v1.0.0,"[11, 12, 39, 41, 42, 49]",14,1,1,1,1,[12],0.10836764965923505,0.37595379231800813,31.666666666666668
2022-03-02,v2_statistical,v1.0.0,"[11, 12, 39, 41, 42, 49]",14,0,0,0,1,[],0.1149594143471493,0.4074624668182906,32.5
2022-03-02,v3_boosting,v1.0.0,"[11, 12, 39, 41, 42, 49]",14,0,0,1,3,[],0.11064957362656162,0.38505241227961456,26.166666666666668
2022-03-02,v4_ensemble,v1.0.0,"[11, 12, 39, 41, 42, 49]",14,0,0,1,1,[],0.1109691746229232,0.3882314424258728,33.833333333333336
2022-03-05,random,v1.0.0,"[5, 9, 10, 32, 38, 40]",44,1,1,3,3,[5],0.10745522698875465,0.37177617994345336,22.333333333333332
2022-03-05,ema_gap,v1.0.0,"[5, 9, 10, 32, 38, 40]",44,0,0,0,3,[],0.10822790584178399,0.37353063624495686,24.333333333333332
2022-03-05,logistic,v1.0.0,"[5, 9, 10, 32, 38, 40]",44,1,1,1,3,[10],0.10728987453686951,0.3708813953345521,22.5
2022-03-05,ensemble,v1.0.0,"[5, 9, 10, 32, 38, 40]",44,0,0,1,1,[],0.10714214829101153,0.3699504821107358,24.666666666666668
2022-03-05,v2_statistical,v1.0.0,"[5, 9, 10, 32, 38, 40]",44,0,0,2,2,[],0.10900320408290673,0.3735321502386302,23.166666666666668
2022-03-05,v3_boosting,v1.0.0,"[5, 9, 10, 32, 38, 40]",44,1,1,3,3,[32],0.1073078310596814,0.3696266272427615,20.5
2022-03-05,v4_ensemble,v1.0.0,"[5, 9, 10, 32, 38, 40]",44,0,0,1,1,[],0.10747598468443989,0.3702890455347965,24.166666666666668
2022-03-09,random,v1.0.0,"[16, 25, 31, 34, 40, 42]",15,0,0,0,1,[],0.10745522698875465,0.37177617994345313,31.333333333333332
2022-03-09,ema_gap,v1.0.0,"[16, 25, 31, 34, 40, 42]",15,1,1,1,1,[42],0.10821702722757806,0.37522061579254196,25.0
2022-03-09,logistic,v1.0.0,"[16, 25, 31, 34, 40, 42]",15,0,0,0,3,[],0.10776379066842172,0.3730059153973744,22.666666666666668
2022-03-09,ensemble,v1.0.0,"[16, 25, 31, 34, 40, 42]",15,1,1,1,3,[42],0.10737674611201674,0.37143120455605905,25.166666666666668
2022-03-09,v2_statistical,v1.0.0,"[16, 25, 31, 34, 40, 42]",15,1,1,2,3,[40],0.10736050702583354,0.3690503661426862,21.333333333333332
2022-03-09,v3_boosting,v1.0.0,"[16, 25, 31, 34, 40, 42]",15,1,1,1,1,[31],0.11086183224985575,0.3893845876936102,33.166666666666664
2022-03-09,v4_ensemble,v1.0.0,"[16, 25, 31, 34, 40, 42]",15,1,1,2,2,[31],0.1080852782758597,0.37465283040008346,25.166666666666668
2022-03-12,random,v1.0.0,"[3, 8, 20, 24, 37, 47]",31,1,1,2,2,[3],0.10745522698875466,0.37177617994345324,23.166666666666668
2022-03-12,ema_gap,v1.0.0,"[3, 8, 20, 24, 37, 47]",31,0,0,0,1,[],0.11312331062575283,0.4031197956275387,32.666666666666664
2022-03-12,logistic,v1.0.0,"[3, 8, 20, 24, 37, 47]",31,2,2,3,4,"[24, 37]",0.10577428752861615,0.3648014427764705,19.166666666666668
2022-03-12,ensemble,v1.0.0,"[3, 8, 20, 24, 37, 47]",31,1,1,1,2,[37],0.1082711989979132,0.37574607600340215,29.0
2022-03-12,v2_statistical,v1.0.0,"[3, 8, 20, 24, 37, 47]",31,0,0,0,0,[],0.11678224578762235,0.4193678395704489,34.666666666666664
2022-03-12,v3_boosting,v1.0.0,"[3, 8, 20, 24, 37, 47]",31,1,1,3,4,[24],0.10398859691521026,0.3569886355423,16.166666666666668
2022-03-12,v4_ensemble,v1.0.0,"[3, 8, 20, 24, 37, 47]",31,1,1,1,1,[24],0.10872456001102224,0.37754819647907906,29.0
2022-03-16,random,v1.0.0,"[1, 3, 8, 14, 15, 16]",33,2,2,3,6,"[1, 3]",0.10745522698875465,0.37177617994345336,9.5
2022-03-16,ema_gap,v1.0.0,"[1, 3, 8, 14, 15, 16]",33,2,2,2,3,"[3, 8]",0.10532028350712991,0.3609414333360511,18.833333333333332
2022-03-16,logistic,v1.0.0,"[1, 3, 8, 14, 15, 16]",33,0,0,0,2,[],0.10825724997531083,0.3752676374835175,28.666666666666668
2022-03-16,ensemble,v1.0.0,"[1, 3, 8, 14, 15, 16]",33,2,2,2,2,"[3, 8]",0.10709830188199733,0.37007881539899895,25.166666666666668
2022-03-16,v2_statistical,v1.0.0,"[1, 3, 8, 14, 15, 16]",33,1,1,1,2,[3],0.11075192481008879,0.38538913145571096,27.666666666666668
2022-03-16,v3_boosting,v1.0.0,"[1, 3, 8, 14, 15, 16]",33,0,0,1,2,[],0.10866630334199061,0.3758118537960941,25.833333333333332
2022-03-16,v4_ensemble,v1.0.0,"[1, 3, 8, 14, 15, 16]",33,1,1,2,2,[3],0.1080499162416067,0.37464682741587557,27.166666666666668
2022-03-19,random,v1.0.0,"[4, 7, 26, 36, 42, 47]",32,1,1,2,2,[4],0.10745522698875466,0.3717761799434532,27.0
2022-03-19,ema_gap,v1.0.0,"[4, 7, 26, 36, 42, 47]",32,2,2,2,2,"[7, 42]",0.10706198971497814,0.37073176952389814,23.666666666666668
2022-03-19,logistic,v1.0.0,"[4, 7, 26, 36, 42, 47]",32,2,2,2,2,"[42, 47]",0.10661761833846867,0.36839389995527694,25.166666666666668
2022-03-19,ensemble,v1.0.0,"[4, 7, 26, 36, 42, 47]",32,2,2,2,2,"[7, 42]",0.10651551194615914,0.36780547622489945,23.5
2022-03-19,v2_statistical,v1.0.0,"[4, 7, 26, 36, 42, 47]",32,2,2,2,2,"[7, 42]",0.10703544831871997,0.37076031735958964,24.333333333333332
2022-03-19,v3_boosting,v1.0.0,"[4, 7, 26, 36, 42, 47]",32,1,1,1,2,[47],0.10829216230847935,0.37559309847021377,26.333333333333332
2022-03-19,v4_ensemble,v1.0.0,"[4, 7, 26, 36, 42, 47]",32,2,2,2,2,"[7, 42]",0.10682619197274848,0.3692300704546775,23.833333333333332
2022-03-23,random,v1.0.0,"[8, 11, 12, 23, 29, 36]",49,0,0,3,3,[],0.10745522698875463,0.37177617994345336,19.833333333333332
2022-03-23,ema_gap,v1.0.0,"[8, 11, 12, 23, 29, 36]",49,1,1,2,2,[8],0.10616531186171284,0.36450121767342575,20.333333333333332
2022-03-23,logistic,v1.0.0,"[8, 11, 12, 23, 29, 36]",49,1,1,2,2,[29],0.10743524462538596,0.3717783889255069,24.166666666666668
2022-03-23,ensemble,v1.0.0,"[8, 11, 12, 23, 29, 36]",49,2,2,2,2,"[8, 12]",0.10700961047948691,0.36973076301749574,22.333333333333332
2022-03-23,v2_statistical,v1.0.0,"[8, 11, 12, 23, 29, 36]",49,0,0,2,3,[],0.1090967587390382,0.3756148626237182,23.0
2022-03-23,v3_boosting,v1.0.0,"[8, 11, 12, 23, 29, 36]",49,1,1,2,3,[29],0.10404299079290252,0.3584316257799624,19.5
2022-03-23,v4_ensemble,v1.0.0,"[8, 11, 12, 23, 29, 36]",49,1,1,3,4,[29],0.10577199862779132,0.3639474476422165,17.5
2022-03-26,random,v1.0.0,"[5, 11, 21, 22, 38, 45]",44,1,1,2,2,[5],0.10745522698875465,0.37177617994345324,23.666666666666668
2022-03-26,ema_gap,v1.0.0,"[5, 11, 21, 22, 38, 45]",44,0,0,1,2,[],0.1133192496315559,0.40136969480991036,32.5
2022-03-26,logistic,v1.0.0,"[5, 11, 21, 22, 38, 45]",44,0,0,0,1,[],0.10797557430795333,0.3733100291203181,27.166666666666668
2022-03-26,ensemble,v1.0.0,"[5, 11, 21, 22, 38, 45]",44,0,0,0,0,[],0.10882278610444143,0.3781634958328428,35.5
2022-03-26,v2_statistical,v1.0.0,"[5, 11, 21, 22, 38, 45]",44,0,0,0,1,[],0.11384313979190654,0.40011635779423177,30.333333333333332
2022-03-26,v3_boosting,v1.0.0,"[5, 11, 21, 22, 38, 45]",44,0,0,2,2,[],0.10872642371875044,0.3767047222097321,25.0
2022-03-26,v4_ensemble,v1.0.0,"[5, 11, 21, 22, 38, 45]",44,0,0,1,1,[],0.10996262896450948,0.38321207020678416,33.166666666666664
2022-03-30,random,v1.0.0,"[3, 7, 15, 21, 35, 40]",37,1,1,2,3,[3],0.10745522698875466,0.37177617994345336,20.166666666666668
2022-03-30,ema_gap,v1.0.0,"[3, 7, 15, 21, 35, 40]",37,2,2,3,4,"[3, 7]",0.1039590070153163,0.3562793605449473,17.166666666666668
2022-03-30,logistic,v1.0.0,"[3, 7, 15, 21, 35, 40]",37,1,1,1,1,[21],0.10868524226767544,0.37792838588085215,32.333333333333336
2022-03-30,ensemble,v1.0.0,"[3, 7, 15, 21, 35, 40]",37,0,0,2,3,[],0.10646118440973713,0.36699490200125034,18.166666666666668
2022-03-30,v2_statistical,v1.0.0,"[3, 7, 15, 21, 35, 40]",37,2,2,3,4,"[3, 7]",0.10227772164941062,0.3545781021684129,18.166666666666668
2022-03-30,v3_boosting,v1.0.0,"[3, 7, 15, 21, 35, 40]",37,2,2,2,4,"[3, 7]",0.10507363544518641,0.3602424940157462,17.666666666666668
2022-03-30,v4_ensemble,v1.0.0,"[3, 7, 15, 21, 35, 40]",37,2,2,3,4,"[3, 7]",0.10417763349211687,0.3579744063562423,17.333333333333332
2022-04-02,random,v1.0.0,"[5, 12, 15, 29, 42, 44]",38,1,1,2,3,[5],0.10745522698875465,0.37177617994345336,24.5
2022-04-02,ema_gap,v1.0.0,"[5, 12, 15, 29, 42, 44]",38,3,3,4,4,"[12, 15, 42]",0.10213243329180176,0.34738319007673574,13.5
2022-04-02,logistic,v1.0.0,"[5, 12, 15, 29, 42, 44]",38,2,2,4,4,"[12, 42]",0.10512694586636599,0.36115274614507525,13.5
2022-04-02,ensemble,v1.0.0,"[5, 12, 15, 29, 42, 44]",38,2,2,4,4,"[12, 42]",0.10486738931383172,0.36005786173937243,14.5
2022-04-02,v2_statistical,v1.0.0,"[5, 12, 15, 29, 42, 44]",38,1,1,1,3,[42],0.10564165601475269,0.3615027667473439,19.666666666666668
2022-04-02,v3_boosting,v1.0.0,"[5, 12, 15, 29, 42, 44]",38,1,1,1,2,[29],0.10940803181733873,0.3798915575533466,27.0
2022-04-02,v4_ensemble,v1.0.0,"[5, 12, 15, 29, 42, 44]",38,1,1,1,2,[42],0.1056150269641741,0.3618747844311661,19.333333333333332
2022-04-06,random,v1.0.0,"[2, 8, 9, 16, 39, 49]",21,1,1,3,4,[2],0.10745522698875466,0.37177617994345336,20.5
2022-04-06,ema_gap,v1.0.0,"[2, 8, 9, 16, 39, 49]",21,0,0,1,2,[],0.10966173036127305,0.38078302738403635,27.833333333333332
2022-04-06,logistic,v1.0.0,"[2, 8, 9, 16, 39, 49]",21,1,1,1,2,[16],0.10694816524800513,0.368888755598974,20.333333333333332
2022-04-06,ensemble,v1.0.0,"[2, 8, 9, 16, 39, 49]",21,1,1,1,1,[8],0.10760272916050503,0.37241663572753775,26.5
2022-04-06,v2_statistical,v1.0.0,"[2, 8, 9, 16, 39, 49]",21,0,0,1,2,[],0.11217998462830187,0.3895989278998219,27.5
2022-04-06,v3_boosting,v1.0.0,"[2, 8, 9, 16, 39, 49]",21,0,0,1,1,[],0.11049291693114784,0.38537540798544234,31.333333333333332
2022-04-06,v4_ensemble,v1.0.0,"[2, 8, 9, 16, 39, 49]",21,0,0,1,2,[],0.10944235565141583,0.38097428405866907,30.833333333333332
2022-04-09,random,v1.0.0,"[12, 28, 34, 41, 46, 49]",2,0,0,1,1,[],0.10745522698875466,0.3717761799434531,35.0
2022-04-09,ema_gap,v1.0.0,"[12, 28, 34, 41, 46, 49]",2,1,1,1,1,[12],0.11007682477452363,0.382640501132515,29.666666666666668
2022-04-09,logistic,v1.0.0,"[12, 28, 34, 41, 46, 49]",2,0,0,0,1,[],0.10851652484218755,0.37625753771550857,29.333333333333332
2022-04-09,ensemble,v1.0.0,"[12, 28, 34, 41, 46, 49]",2,0,0,0,1,[],0.10789240754803221,0.3736600043863816,29.166666666666668
2022-04-09,v2_statistical,v1.0.0,"[12, 28, 34, 41, 46, 49]",2,1,1,1,3,[12],0.10840037418308045,0.37163353075600886,21.5
2022-04-09,v3_boosting,v1.0.0,"[12, 28, 34, 41, 46, 49]",2,1,1,1,3,[49],0.10827501619992408,0.3756489356475925,26.333333333333332
2022-04-09,v4_ensemble,v1.0.0,"[12, 28, 34, 41, 46, 49]",2,1,1,2,3,[12],0.10785754218283068,0.3737628687501424,26.666666666666668
2022-04-13,random,v1.0.0,"[9, 27, 31, 33, 45, 49]",20,0,0,1,1,[],0.10745522698875466,0.3717761799434531,32.333333333333336
2022-04-13,ema_gap,v1.0.0,"[9, 27, 31, 33, 45, 49]",20,0,0,1,1,[],0.11060106330632612,0.3843498878765143,28.5
2022-04-13,logistic,v1.0.0,"[9, 27, 31, 33, 45, 49]",20,2,2,2,2,"[45, 49]",0.10760113229045043,0.3725792395265646,25.666666666666668
2022-04-13,ensemble,v1.0.0,"[9, 27, 31, 33, 45, 49]",20,0,0,2,3,[],0.10785582851492757,0.37360347843938213,26.833333333333332
2022-04-13,v2_statistical,v1.0.0,"[9, 27, 31, 33, 45, 49]",20,1,1,1,3,[9],0.10836853422630004,0.37246456220885965,22.166666666666668
2022-04-13,v3_boosting,v1.0.0,"[9, 27, 31, 33, 45, 49]",20,0,0,1,4,[],0.108198225400704,0.37555930660129,23.333333333333332
2022-04-13,v4_ensemble,v1.0.0,"[9, 27, 31, 33, 45, 49]",20,1,1,1,3,[9],0.10778420653393209,0.37293518505257883,23.333333333333332
2022-04-16,random,v1.0.0,"[7, 13, 26, 35, 36, 38]",40,0,0,1,2,[],0.10745522698875466,0.3717761799434532,25.833333333333332
2022-04-16,ema_gap,v1.0.0,"[7, 13, 26, 35, 36, 38]",40,1,1,1,2,[7],0.10873797087258204,0.38106249680660487,24.0
2022-04-16,logistic,v1.0.0,"[7, 13, 26, 35, 36, 38]",40,0,0,1,2,[],0.10811893826552411,0.37438225476641196,25.0
2022-04-16,ensemble,v1.0.0,"[7, 13, 26, 35, 36, 38]",40,1,1,1,3,[7],0.10760712973251117,0.3724730868023776,23.833333333333332
2022-04-16,v2_statistical,v1.0.0,"[7, 13, 26, 35, 36, 38]",40,1,1,1,4,[7],0.10598412479109165,0.37319191661478185,20.0
2022-04-16,v3_boosting,v1.0.0,"[7, 13, 26, 35, 36, 38]",40,2,2,2,3,"[7, 36]",0.10680195588110301,0.36700203787671587,19.666666666666668
2022-04-16,v4_ensemble,v1.0.0,"[7, 13, 26, 35, 36, 38]",40,1,1,2,3,[7],0.10659306406286888,0.3688020468233525,21.666666666666668
2022-04-20,random,v1.0.0,"[6, 10, 13, 17, 21, 37]",34,1,1,2,4,[6],0.10745522698875465,0.37177617994345336,17.333333333333332
2022-04-20,ema_gap,v1.0.0,"[6, 10, 13, 17, 21, 37]",34,0,0,0,0,[],0.11602097345353565,0.41469510230943785,37.833333333333336
2022-04-20,logistic,v1.0.0,"[6, 10, 13, 17, 21, 37]",34,1,1,2,4,[17],0.10709755797419773,0.37018115570878546,21.5
2022-04-20,ensemble,v1.0.0,"[6, 10, 13, 17, 21, 37]",34,0,0,0,1,[],0.1096552566017703,0.382421314063236,35.5
2022-04-20,v2_statistical,v1.0.0,"[6, 10, 13, 17, 21, 37]",34,0,0,0,1,[],0.11960650831152914,0.4390223945019907,38.333333333333336
2022-04-20,v3_boosting,v1.0.0,"[6, 10, 13, 17, 21, 37]",34,1,1,2,2,[17],0.10839382028747982,0.3760626203613533,27.166666666666668
2022-04-20,v4_ensemble,v1.0.0,"[6, 10, 13, 17, 21, 37]",34,0,0,0,0,[],0.11195934514413133,0.39341184138951757,37.833333333333336
2022-04-23,random,v1.0.0,"[17, 19, 27, 39, 44, 49]",2,0,0,0,1,[],0.10745522698875466,0.3717761799434532,32.5
2022-04-23,ema_gap,v1.0.0,"[17, 19, 27, 39, 44, 49]",2,0,0,0,1,[],0.11145251514868787,0.38845981205009916,29.5
2022-04-23,logistic,v1.0.0,"[17, 19, 27, 39, 44, 49]",2,2,2,3,3,"[39, 44]",0.10663238657934833,0.3682539075762414,21.0
2022-04-23,ensemble,v1.0.0,"[17, 19, 27, 39, 44, 49]",2,1,1,2,3,[49],0.10783334786623414,0.37360025676754294,26.833333333333332
2022-04-23,v2_statistical,v1.0.0,"[17, 19, 27, 39, 44, 49]",2,0,0,1,2,[],0.11329482103822168,0.398331262745638,28.666666666666668
2022-04-23,v3_boosting,v1.0.0,"[17, 19, 27, 39, 44, 49]",2,0,0,0,1,[],0.10990790013124041,0.3810984296782983,27.166666666666668
2022-04-23,v4_ensemble,v1.0.0,"[17, 19, 27, 39, 44, 49]",2,0,0,0,1,[],0.10976339138387939,0.3818766882495185,30.666666666666668
2022-04-27,random,v1.0.0,"[6, 26, 29, 32, 33, 41]",2,1,1,1,1,[6],0.10745522698875463,0.37177617994345313,27.833333333333332
2022-04-27,ema_gap,v1.0.0,"[6, 26, 29, 32, 33, 41]",2,0,0,1,1,[],0.1113980760275216,0.3878571967234151,29.666666666666668
2022-04-27,logistic,v1.0.0,"[6, 26, 29, 32, 33, 41]",2,0,0,1,2,[],0.1071965715005558,0.3703766400791849,22.333333333333332
2022-04-27,ensemble,v1.0.0,"[6, 26, 29, 32, 33, 41]",2,0,0,0,0,[],0.10831524170994851,0.37554467855019624,31.5
2022-04-27,v2_statistical,v1.0.0,"[6, 26, 29, 32, 33, 41]",2,0,0,0,0,[],0.11783175869389796,0.4174416693619047,33.833333333333336
2022-04-27,v3_boosting,v1.0.0,"[6, 26, 29, 32, 33, 41]",2,1,1,1,2,[6],0.10778571903377146,0.3741948508465506,26.333333333333332
2022-04-27,v4_ensemble,v1.0.0,"[6, 26, 29, 32, 33, 41]",2,0,0,0,1,[],0.11051549452842901,0.38524438667162364,33.0
2022-04-30,random,v1.0.0,"[9, 11, 14, 16, 20, 43]",32,0,0,2,4,[],0.10745522698875465,0.37177617994345336,18.833333333333332
2022-04-30,ema_gap,v1.0.0,"[9, 11, 14, 16, 20, 43]",32,0,0,1,1,[],0.11127272570042819,0.3903534034960819,30.5
2022-04-30,logistic,v1.0.0,"[9, 11, 14, 16, 20, 43]",32,0,0,0,1,[],0.1095468295680424,0.38134285993951944,34.0
2022-04-30,ensemble,v1.0.0,"[9, 11, 14, 16, 20, 43]",32,0,0,1,1,[],0.10942361889938602,0.38104138592446585,32.833333333333336
2022-04-30,v2_statistical,v1.0.0,"[9, 11, 14, 16, 20, 43]",32,1,1,1,1,[9],0.11344140241652499,0.4006575468570039,30.333333333333332
2022-04-30,v3_boosting,v1.0.0,"[9, 11, 14, 16, 20, 43]",32,0,0,0,1,[],0.11136119729017042,0.3908414449603546,32.166666666666664
2022-04-30,v4_ensemble,v1.0.0,"[9, 11, 14, 16, 20, 43]",32,0,0,1,1,[],0.11120430388942656,0.3896501381050666,32.666666666666664
2022-05-04,random,v1.0.0,"[4, 21, 22, 36, 41, 43]",31,1,1,1,1,[4],0.10745522698875466,0.37177617994345324,27.833333333333332
2022-05-04,ema_gap,v1.0.0,"[4, 21, 22, 36, 41, 43]",31,0,0,0,1,[],0.11316434363503845,0.39892011207190525,34.0
2022-05-04,logistic,v1.0.0,"[4, 21, 22, 36, 41, 43]",31,1,1,1,2,[4],0.10798829326827486,0.374490858022985,26.166666666666668
2022-05-04,ensemble,v1.0.0,"[4, 21, 22, 36, 41, 43]",31,0,0,0,0,[],0.10923563282081616,0.3800317925934779,34.166666666666664
2022-05-04,v2_statistical,v1.0.0,"[4, 21, 22, 36, 41, 43]",31,0,0,1,2,[],0.11269441776117135,0.39470110024660865,28.166666666666668
2022-05-04,v3_boosting,v1.0.0,"[4, 21, 22, 36, 41, 43]",31,1,1,1,3,[4],0.10689369348988585,0.36951971522860283,22.833333333333332
2022-05-04,v4_ensemble,v1.0.0,"[4, 21, 22, 36, 41, 43]",31,0,0,2,2,[],0.1091946627752577,0.37916199591934513,28.0
2022-05-07,random,v1.0.0,"[7, 12, 21, 28, 40, 46]",34,0,0,2,2,[],0.10745522698875466,0.37177617994345324,25.666666666666668
2022-05-07,ema_gap,v1.0.0,"[7, 12, 21, 28, 40, 46]",34,2,2,2,2,"[7, 12]",0.1041778345115153,0.356500821896112,19.166666666666668
2022-05-07,logistic,v1.0.0,"[7, 12, 21, 28, 40, 46]",34,0,0,0,2,[],0.10907221549839918,0.3793643613833953,27.5
2022-05-07,ensemble,v1.0.0,"[7, 12, 21, 28, 40, 46]",34,2,2,2,3,"[7, 12]",0.10659381555693498,0.3676291979708352,15.666666666666666
2022-05-07,v2_statistical,v1.0.0,"[7, 12, 21, 28, 40, 46]",34,1,1,2,3,[7],0.1013550157228898,0.3448818913616339,16.833333333333332
2022-05-07,v3_boosting,v1.0.0,"[7, 12, 21, 28, 40, 46]",34,0,0,1,1,[],0.11041082612577877,0.38330194609230067,25.666666666666668
2022-05-07,v4_ensemble,v1.0.0,"[7, 12, 21, 28, 40, 46]",34,2,2,3,3,"[7, 12]",0.10563525041528768,0.3627342466777084,16.666666666666668
2022-05-11,random,v1.0.0,"[5, 10, 12, 34, 36, 48]",27,1,1,3,3,[5],0.10745522698875466,0.37177617994345336,24.166666666666668
2022-05-11,ema_gap,v1.0.0,"[5, 10, 12, 34, 36, 48]",27,1,1,2,3,[12],0.10653736573933083,0.3701538344141218,22.666666666666668
2022-05-11,logistic,v1.0.0,"[5, 10, 12, 34, 36, 48]",27,0,0,0,2,[],0.10821151526654847,0.37512871628699945,29.5
2022-05-11,ensemble,v1.0.0,"[5, 10, 12, 34, 36, 48]",27,2,2,2,2,"[12, 36]",0.10733197978110055,0.3713707883213939,25.166666666666668
2022-05-11,v2_statistical,v1.0.0,"[5, 10, 12, 34, 36, 48]",27,1,1,2,4,[12],0.10577937784493427,0.36178982162272194,18.5
2022-05-11,v3_boosting,v1.0.0,"[5, 10, 12, 34, 36, 48]",27,0,0,1,2,[],0.11067518044694022,0.3855072588599105,28.166666666666668
2022-05-11,v4_ensemble,v1.0.0,"[5, 10, 12, 34, 36, 48]",27,1,1,1,3,[12],0.10750093081119128,0.371931454966169,23.833333333333332
2022-05-14,random,v1.0.0,"[2, 14, 21, 27, 34, 49]",5,1,1,1,2,[2],0.10745522698875466,0.37177617994345324,24.5
2022-05-14,ema_gap,v1.0.0,"[2, 14, 21, 27, 34, 49]",5,0,0,1,3,[],0.1087334117734951,0.3743436398623783,23.5
2022-05-14,logistic,v1.0.0,"[2, 14, 21, 27, 34, 49]",5,0,0,2,2,[],0.10804335011035496,0.374472269291261,26.666666666666668
2022-05-14,ensemble,v1.0.0,"[2, 14, 21, 27, 34, 49]",5,0,0,0,3,[],0.10795578207156653,0.3736848335693912,25.5
2022-05-14,v2_statistical,v1.0.0,"[2, 14, 21, 27, 34, 49]",5,0,0,2,4,[],0.10677156144398652,0.36638197222670243,20.0
2022-05-14,v3_boosting,v1.0.0,"[2, 14, 21, 27, 34, 49]",5,0,0,0,0,[],0.111297089203197,0.38713867801143304,31.666666666666668
2022-05-14,v4_ensemble,v1.0.0,"[2, 14, 21, 27, 34, 49]",5,0,0,0,2,[],0.10843910198446696,0.37447618958578954,24.0
2022-05-18,random,v1.0.0,"[14, 22, 24, 28, 42, 48]",23,0,0,0,1,[],0.10745522698875466,0.37177617994345324,29.666666666666668
2022-05-18,ema_gap,v1.0.0,"[14, 22, 24, 28, 42, 48]",23,1,1,2,3,[14],0.11008401166889385,0.38603700460448265,26.5
2022-05-18,logistic,v1.0.0,"[14, 22, 24, 28, 42, 48]",23,1,1,1,2,[24],0.10876849777106101,0.3787194462347439,30.333333333333332
2022-05-18,ensemble,v1.0.0,"[14, 22, 24, 28, 42, 48]",23,0,0,1,2,[],0.10863929083363945,0.37740758365513977,31.833333333333332
2022-05-18,v2_statistical,v1.0.0,"[14, 22, 24, 28, 42, 48]",23,1,1,1,1,[42],0.11505233774316168,0.4121243239873607,31.666666666666668
2022-05-18,v3_boosting,v1.0.0,"[14, 22, 24, 28, 42, 48]",23,1,1,1,1,[48],0.10928315351783975,0.3809309294281642,31.166666666666668
2022-05-18,v4_ensemble,v1.0.0,"[14, 22, 24, 28, 42, 48]",23,0,0,1,1,[],0.11043583622261592,0.38602384662920836,33.833333333333336
2022-05-21,random,v1.0.0,"[4, 5, 26, 33, 35, 44]",30,2,2,2,2,"[4, 5]",0.10745522698875465,0.3717761799434532,24.5
2022-05-21,ema_gap,v1.0.0,"[4, 5, 26, 33, 35, 44]",30,0,0,2,2,[],0.10854954684067555,0.3743611842451683,24.5
2022-05-21,logistic,v1.0.0,"[4, 5, 26, 33, 35, 44]",30,0,0,2,3,[],0.1075695511172931,0.3721175195654367,24.333333333333332
2022-05-21,ensemble,v1.0.0,"[4, 5, 26, 33, 35, 44]",30,0,0,1,3,[],0.10742239133154528,0.3715409854373088,22.833333333333332
2022-05-21,v2_statistical,v1.0.0,"[4, 5, 26, 33, 35, 44]",30,0,0,0,1,[],0.11147911747304018,0.38393197471900936,25.833333333333332
2022-05-21,v3_boosting,v1.0.0,"[4, 5, 26, 33, 35, 44]",30,0,0,0,2,[],0.11087459357492442,0.38542414824687554,28.166666666666668
2022-05-21,v4_ensemble,v1.0.0,"[4, 5, 26, 33, 35, 44]",30,0,0,0,2,[],0.10918853592837975,0.37900793459501014,28.666666666666668
2022-05-25,random,v1.0.0,"[14, 15, 22, 35, 36, 47]",19,0,0,0,2,[],0.10745522698875466,0.37177617994345324,28.166666666666668
2022-05-25,ema_gap,v1.0.0,"[14, 15, 22, 35, 36, 47]",19,1,1,3,3,[14],0.10666814773440882,0.3698297752682905,21.833333333333332
2022-05-25,logistic,v1.0.0,"[14, 15, 22, 35, 36, 47]",19,2,2,4,4,"[35, 36]",0.10636994271807579,0.3668457552449091,17.333333333333332
2022-05-25,ensemble,v1.0.0,"[14, 15, 22, 35, 36, 47]",19,1,1,3,4,[36],0.10665788930242542,0.36813282726693647,19.166666666666668
2022-05-25,v2_statistical,v1.0.0,"[14, 15, 22, 35, 36, 47]",19,0,0,1,1,[],0.111499654267206,0.38677445391201987,26.833333333333332
2022-05-25,v3_boosting,v1.0.0,"[14, 15, 22, 35, 36, 47]",19,2,2,3,4,"[15, 22]",0.10369050373581394,0.35644221993442876,15.666666666666666
2022-05-25,v4_ensemble,v1.0.0,"[14, 15, 22, 35, 36, 47]",19,1,1,2,4,[36],0.10641403148843699,0.36616333584093924,18.833333333333332
2022-05-28,random,v1.0.0,"[6, 13, 15, 29, 45, 48]",1,1,1,1,3,[6],0.10745522698875465,0.37177617994345336,26.0
2022-05-28,ema_gap,v1.0.0,"[6, 13, 15, 29, 45, 48]",1,0,0,1,1,[],0.11182824398418,0.3911640882710915,31.0
2022-05-28,logistic,v1.0.0,"[6, 13, 15, 29, 45, 48]",1,1,1,1,1,[48],0.10885064758102275,0.3786629259755906,35.166666666666664
2022-05-28,ensemble,v1.0.0,"[6, 13, 15, 29, 45, 48]",1,0,0,1,2,[],0.10905425143357589,0.3792982658813741,31.833333333333332
2022-05-28,v2_statistical,v1.0.0,"[6, 13, 15, 29, 45, 48]",1,1,1,1,1,[45],0.11241006813718078,0.3973750749452198,29.333333333333332
2022-05-28,v3_boosting,v1.0.0,"[6, 13, 15, 29, 45, 48]",1,1,1,2,3,[45],0.10847337782697053,0.3746162486912101,21.833333333333332
2022-05-28,v4_ensemble,v1.0.0,"[6, 13, 15, 29, 45, 48]",1,0,0,1,1,[],0.10978384555811395,0.38244797751885923,29.166666666666668
2022-06-01,random,v1.0.0,"[1, 15, 16, 19, 44, 48]",5,1,1,1,3,[1],0.10745522698875463,0.37177617994345336,23.833333333333332
2022-06-01,ema_gap,v1.0.0,"[1, 15, 16, 19, 44, 48]",5,1,1,1,3,[15],0.10779043330628117,0.37328632243270965,24.0
2022-06-01,logistic,v1.0.0,"[1, 15, 16, 19, 44, 48]",5,1,1,1,1,[16],0.10950396224910895,0.3820537667842992,32.333333333333336
2022-06-01,ensemble,v1.0.0,"[1, 15, 16, 19, 44, 48]",5,0,0,0,1,[],0.10800302241399093,0.37419963660421285,27.5
2022-06-01,v2_statistical,v1.0.0,"[1, 15, 16, 19, 44, 48]",5,1,1,1,2,[15],0.10683503759598756,0.37224817982885877,24.0
2022-06-01,v3_boosting,v1.0.0,"[1, 15, 16, 19, 44, 48]",5,1,1,1,2,[1],0.10737163327264632,0.3724739735911486,27.166666666666668
2022-06-01,v4_ensemble,v1.0.0,"[1, 15, 16, 19, 44, 48]",5,1,1,1,1,[15],0.10699691497678354,0.3698497190133631,24.666666666666668
2022-06-04,random,v1.0.0,"[14, 24, 32, 36, 37, 48]",17,0,0,0,1,[],0.10745522698875466,0.37177617994345313,31.833333333333332
2022-06-04,ema_gap,v1.0.0,"[14, 24, 32, 36, 37, 48]",17,2,2,3,3,"[14, 36]",0.10513145096131941,0.36407074787090105,21.666666666666668
2022-06-04,logistic,v1.0.0,"[14, 24, 32, 36, 37, 48]",17,2,2,2,3,"[24, 48]",0.10518135134949164,0.3610589954065716,14.333333333333334
2022-06-04,ensemble,v1.0.0,"[14, 24, 32, 36, 37, 48]",17,3,3,3,3,"[14, 36, 48]",0.10590220314100447,0.3648251834434262,16.833333333333332
2022-06-04,v2_statistical,v1.0.0,"[14, 24, 32, 36, 37, 48]",17,2,2,3,3,"[36, 48]",0.10699673896425849,0.3727411801190356,22.5
2022-06-04,v3_boosting,v1.0.0,"[14, 24, 32, 36, 37, 48]",17,2,2,2,2,"[24, 48]",0.10562610579448359,0.3669142874763573,24.666666666666668
2022-06-04,v4_ensemble,v1.0.0,"[14, 24, 32, 36, 37, 48]",17,2,2,3,4,"[36, 48]",0.10514324638492718,0.3614587965009178,17.5
2022-06-08,random,v1.0.0,"[6, 22, 32, 39, 40, 46]",26,1,1,1,1,[6],0.10745522698875466,0.3717761799434531,30.833333333333332
2022-06-08,ema_gap,v1.0.0,"[6, 22, 32, 39, 40, 46]",26,0,0,0,0,[],0.11121094122963243,0.38564880693227244,28.333333333333332
2022-06-08,logistic,v1.0.0,"[6, 22, 32, 39, 40, 46]",26,2,2,3,3,"[22, 39]",0.10680189507209348,0.36877642370093017,19.833333333333332
2022-06-08,ensemble,v1.0.0,"[6, 22, 32, 39, 40, 46]",26,0,0,0,1,[],0.1081743395050563,0.3747661301319849,27.666666666666668
2022-06-08,v2_statistical,v1.0.0,"[6, 22, 32, 39, 40, 46]",26,1,1,1,1,[40],0.11222813421216125,0.39334387019727424,28.833333333333332
2022-06-08,v3_boosting,v1.0.0,"[6, 22, 32, 39, 40, 46]",26,1,1,1,2,[46],0.10846835448910729,0.3784885793333693,27.166666666666668
2022-06-08,v4_ensemble,v1.0.0,"[6, 22, 32, 39, 40, 46]",26,0,0,1,1,[],0.10919513807459211,0.37897752417544456,28.5
2022-06-11,random,v1.0.0,"[14, 15, 22, 25, 32, 44]",45,0,0,0,2,[],0.10745522698875465,0.37177617994345324,25.333333333333332
2022-06-11,ema_gap,v1.0.0,"[14, 15, 22, 25, 32, 44]",45,2,2,3,4,"[14, 15]",0.10156066033958677,0.3484503170039197,15.666666666666666
2022-06-11,logistic,v1.0.0,"[14, 15, 22, 25, 32, 44]",45,3,3,3,5,"[14, 15, 44]",0.10458050332711394,0.35899570939051123,10.333333333333334
2022-06-11,ensemble,v1.0.0,"[14, 15, 22, 25, 32, 44]",45,3,3,3,4,"[14, 15, 44]",0.10468164678599189,0.35968548223572283,15.5
2022-06-11,v2_statistical,v1.0.0,"[14, 15, 22, 25, 32, 44]",45,1,1,4,4,[15],0.10526383764495537,0.36428734854108097,19.0
2022-06-11,v3_boosting,v1.0.0,"[14, 15, 22, 25, 32, 44]",45,0,0,0,2,[],0.10881488571712615,0.3768117961287635,25.0
2022-06-11,v4_ensemble,v1.0.0,"[14, 15, 22, 25, 32, 44]",45,2,2,4,4,"[14, 15]",0.10531600468075054,0.36266157543694927,17.166666666666668
2022-06-15,random,v1.0.0,"[3, 5, 9, 12, 16, 29]",32,2,2,4,5,"[3, 5]",0.10745522698875463,0.3717761799434534,12.333333333333334
2022-06-15,ema_gap,v1.0.0,"[3, 5, 9, 12, 16, 29]",32,0,0,2,2,[],0.10665571312308149,0.364668384933893,18.833333333333332
2022-06-15,logistic,v1.0.0,"[3, 5, 9, 12, 16, 29]",32,0,0,0,0,[],0.10930117921414452,0.3797248337378707,32.5
2022-06-15,ensemble,v1.0.0,"[3, 5, 9, 12, 16, 29]",32,0,0,2,3,[],0.1074693038703776,0.3716228935719824,23.166666666666668
2022-06-15,v2_statistical,v1.0.0,"[3, 5, 9, 12, 16, 29]",32,0,0,2,3,[],0.10815688496949724,0.3700073648235838,21.0
2022-06-15,v3_boosting,v1.0.0,"[3, 5, 9, 12, 16, 29]",32,0,0,0,2,[],0.10950469435453966,0.3797909808464181,28.333333333333332
2022-06-15,v4_ensemble,v1.0.0,"[3, 5, 9, 12, 16, 29]",32,0,0,1,1,[],0.10796905361393444,0.37316724198206835,23.5
2022-06-18,random,v1.0.0,"[4, 6, 20, 21, 24, 44]",5,2,2,2,2,"[4, 6]",0.10745522698875463,0.37177617994345324,19.833333333333332
2022-06-18,ema_gap,v1.0.0,"[4, 6, 20, 21, 24, 44]",5,1,1,1,1,[44],0.1111106408892393,0.38871378783201355,29.166666666666668
2022-06-18,logistic,v1.0.0,"[4, 6, 20, 21, 24, 44]",5,1,1,2,2,[24],0.10683652576831917,0.3684524837639178,22.666666666666668
2022-06-18,ensemble,v1.0.0,"[4, 6, 20, 21, 24, 44]",5,0,0,1,1,[],0.10833895068925779,0.37582925932906786,29.166666666666668
2022-06-18,v2_statistical,v1.0.0,"[4, 6, 20, 21, 24, 44]",5,0,0,0,1,[],0.11426861512510463,0.4046344169700218,31.5
2022-06-18,v3_boosting,v1.0.0,"[4, 6, 20, 21, 24, 44]",5,0,0,2,2,[],0.11013703134157636,0.38369980256772473,28.5
2022-06-18,v4_ensemble,v1.0.0,"[4, 6, 20, 21, 24, 44]",5,0,0,0,1,[],0.11024521109427747,0.3836863389744432,31.666666666666668
2022-06-22,random,v1.0.0,"[7, 10, 11, 18, 27, 42]",25,0,0,3,4,[],0.10745522698875465,0.37177617994345336,19.166666666666668
2022-06-22,ema_gap,v1.0.0,"[7, 10, 11, 18, 27, 42]",25,0,0,1,2,[],0.11119234953799094,0.38763460787358095,26.833333333333332
2022-06-22,logistic,v1.0.0,"[7, 10, 11, 18, 27, 42]",25,0,0,0,0,[],0.11010503611299521,0.38434874794399215,37.166666666666664
2022-06-22,ensemble,v1.0.0,"[7, 10, 11, 18, 27, 42]",25,0,0,0,1,[],0.10857006733433773,0.37698514531394955,29.0
2022-06-22,v2_statistical,v1.0.0,"[7, 10, 11, 18, 27, 42]",25,1,1,1,2,[7],0.11131365352118261,0.39254543573527845,27.166666666666668
2022-06-22,v3_boosting,v1.0.0,"[7, 10, 11, 18, 27, 42]",25,0,0,1,1,[],0.11347420260970215,0.40017259268794025,36.0
2022-06-22,v4_ensemble,v1.0.0,"[7, 10, 11, 18, 27, 42]",25,0,0,1,1,[],0.11112489600660734,0.3902818832513972,32.333333333333336
2022-06-25,random,v1.0.0,"[9, 14, 23, 36, 38, 44]",19,0,0,1,2,[],0.10745522698875466,0.3717761799434532,27.333333333333332
2022-06-25,ema_gap,v1.0.0,"[9, 14, 23, 36, 38, 44]",19,3,3,4,4,"[14, 36, 44]",0.10288223382405046,0.3557670216773967,18.833333333333332
2022-06-25,logistic,v1.0.0,"[9, 14, 23, 36, 38, 44]",19,1,1,3,4,[44],0.10582531572214737,0.3642658427084167,14.833333333333334
2022-06-25,ensemble,v1.0.0,"[9, 14, 23, 36, 38, 44]",19,2,2,4,4,"[14, 44]",0.10511804481564255,0.361524979966804,16.166666666666668
2022-06-25,v2_statistical,v1.0.0,"[9, 14, 23, 36, 38, 44]",19,2,2,4,4,"[36, 44]",0.1021643250326857,0.351035783150124,17.0
2022-06-25,v3_boosting,v1.0.0,"[9, 14, 23, 36, 38, 44]",19,0,0,2,5,[],0.10614945162431694,0.36312006786394774,14.333333333333334
2022-06-25,v4_ensemble,v1.0.0,"[9, 14, 23, 36, 38, 44]",19,2,2,4,4,"[14, 44]",0.10391655048424055,0.35616823754376553,15.833333333333334
2022-06-29,random,v1.0.0,"[6, 7, 16, 26, 31, 35]",13,1,1,2,3,[6],0.10745522698875465,0.37177617994345336,20.166666666666668
2022-06-29,ema_gap,v1.0.0,"[6, 7, 16, 26, 31, 35]",13,1,1,2,3,[7],0.1070671558359163,0.3675608549931556,19.666666666666668
2022-06-29,logistic,v1.0.0,"[6, 7, 16, 26, 31, 35]",13,0,0,0,1,[],0.10809470364963977,0.37417361977593855,26.5
2022-06-29,ensemble,v1.0.0,"[6, 7, 16, 26, 31, 35]",13,0,0,2,4,[],0.10685709771463697,0.36891168889746745,18.833333333333332
2022-06-29,v2_statistical,v1.0.0,"[6, 7, 16, 26, 31, 35]",13,1,1,1,1,[7],0.10683863751789212,0.36766884817054135,23.833333333333332
2022-06-29,v3_boosting,v1.0.0,"[6, 7, 16, 26, 31, 35]",13,1,1,2,2,[35],0.10874874921921633,0.3764687556228294,23.666666666666668
2022-06-29,v4_ensemble,v1.0.0,"[6, 7, 16, 26, 31, 35]",13,1,1,1,2,[7],0.10698469118707235,0.36928794311790303,22.166666666666668
2022-07-02,random,v1.0.0,"[1, 4, 7, 33, 36, 47]",2,2,2,3,3,"[1, 4]",0.10745522698875466,0.37177617994345336,21.333333333333332
2022-07-02,ema_gap,v1.0.0,"[1, 4, 7, 33, 36, 47]",2,2,2,2,2,"[7, 36]",0.10825803023284895,0.3783804548805362,27.333333333333332
2022-07-02,logistic,v1.0.0,"[1, 4, 7, 33, 36, 47]",2,0,0,1,2,[],0.10920850507572398,0.38042476562713995,28.166666666666668
2022-07-02,ensemble,v1.0.0,"[1, 4, 7, 33, 36, 47]",2,0,0,2,2,[],0.10803095484992847,0.37437823743854776,27.5
2022-07-02,v2_statistical,v1.0.0,"[1, 4, 7, 33, 36, 47]",2,2,2,2,2,"[7, 36]",0.10633616158832067,0.3757489628416857,25.666666666666668
2022-07-02,v3_boosting,v1.0.0,"[1, 4, 7, 33, 36, 47]",2,0,0,0,1,[],0.11362228767710147,0.3970333328747095,31.5
2022-07-02,v4_ensemble,v1.0.0,"[1, 4, 7, 33, 36, 47]",2,2,2,2,2,"[7, 36]",0.10875228606254979,0.37885864793911866,27.833333333333332
2022-07-06,random,v1.0.0,"[25, 33, 34, 35, 37, 46]",30,0,0,0,0,[],0.10745522698875466,0.3717761799434531,35.0
2022-07-06,ema_gap,v1.0.0,"[25, 33, 34, 35, 37, 46]",30,0,0,1,1,[],0.11144265365521303,0.3873712337568477,29.5
2022-07-06,logistic,v1.0.0,"[25, 33, 34, 35, 37, 46]",30,1,1,3,3,[33],0.10635771464898235,0.3665699314819641,19.333333333333332
2022-07-06,ensemble,v1.0.0,"[25, 33, 34, 35, 37, 46]",30,1,1,1,2,[35],0.10782954377095824,0.3733617476040375,27.666666666666668
2022-07-06,v2_statistical,v1.0.0,"[25, 33, 34, 35, 37, 46]",30,0,0,1,2,[],0.11057523408418882,0.38141339898299903,27.333333333333332
2022-07-06,v3_boosting,v1.0.0,"[25, 33, 34, 35, 37, 46]",30,0,0,0,1,[],0.11165779542525951,0.3901263253153889,33.833333333333336
2022-07-06,v4_ensemble,v1.0.0,"[25, 33, 34, 35, 37, 46]",30,0,0,0,1,[],0.10958467681166376,0.3808102381768057,29.666666666666668
2022-07-09,random,v1.0.0,"[8, 12, 21, 33, 34, 45]",23,0,0,2,2,[],0.10745522698875465,0.37177617994345324,25.5
2022-07-09,ema_gap,v1.0.0,"[8, 12, 21, 33, 34, 45]",23,0,0,1,2,[],0.10931877084754583,0.3776079301245086,24.833333333333332
2022-07-09,logistic,v1.0.0,"[8, 12, 21, 33, 34, 45]",23,0,0,1,1,[],0.10880710308887388,0.3778721087367323,31.333333333333332
2022-07-09,ensemble,v1.0.0,"[8, 12, 21, 33, 34, 45]",23,0,0,1,1,[],0.10848415385040948,0.376039412973455,28.166666666666668
2022-07-09,v2_statistical,v1.0.0,"[8, 12, 21, 33, 34, 45]",23,0,0,0,3,[],0.10747032888963363,0.3651227954739076,20.0
2022-07-09,v3_boosting,v1.0.0,"[8, 12, 21, 33, 34, 45]",23,2,2,3,4,"[12, 45]",0.10357071323232193,0.3547768260395337,15.166666666666666
2022-07-09,v4_ensemble,v1.0.0,"[8, 12, 21, 33, 34, 45]",23,1,1,2,2,[12],0.10613757839812962,0.3645122436428674,19.166666666666668
2022-07-13,random,v1.0.0,"[13, 18, 19, 21, 35, 40]",29,0,0,0,2,[],0.10745522698875466,0.37177617994345336,24.333333333333332
2022-07-13,ema_gap,v1.0.0,"[13, 18, 19, 21, 35, 40]",29,1,1,2,2,[35],0.11010865067054737,0.38358397447124143,28.0
2022-07-13,logistic,v1.0.0,"[13, 18, 19, 21, 35, 40]",29,1,1,1,2,[13],0.10720263806497402,0.3701344521745885,24.0
2022-07-13,ensemble,v1.0.0,"[13, 18, 19, 21, 35, 40]",29,1,1,1,1,[35],0.10764893430753987,0.3724445026374489,25.0
2022-07-13,v2_statistical,v1.0.0,"[13, 18, 19, 21, 35, 40]",29,0,0,1,2,[],0.1125282316782018,0.3984175055097485,28.833333333333332
2022-07-13,v3_boosting,v1.0.0,"[13, 18, 19, 21, 35, 40]",29,1,1,1,1,[19],0.11062532345568689,0.3893592179015755,33.666666666666664
2022-07-13,v4_ensemble,v1.0.0,"[13, 18, 19, 21, 35, 40]",29,0,0,1,1,[],0.10974504534637312,0.3826961497936196,30.5
2022-07-16,random,v1.0.0,"[8, 19, 23, 34, 37, 44]",21,0,0,1,1,[],0.10745522698875466,0.3717761799434532,27.5
2022-07-16,ema_gap,v1.0.0,"[8, 19, 23, 34, 37, 44]",21,1,1,1,1,[44],0.10685081873070754,0.3662845988974259,21.0
2022-07-16,logistic,v1.0.0,"[8, 19, 23, 34, 37, 44]",21,1,1,1,2,[44],0.1091996191468745,0.3808506030718542,29.666666666666668
2022-07-16,ensemble,v1.0.0,"[8, 19, 23, 34, 37, 44]",21,1,1,1,1,[44],0.10749531310247706,0.3720791347270262,28.0
2022-07-16,v2_statistical,v1.0.0,"[8, 19, 23, 34, 37, 44]",21,1,1,1,2,[44],0.10626231560668524,0.3631546302453448,21.0
2022-07-16,v3_boosting,v1.0.0,"[8, 19, 23, 34, 37, 44]",21,0,0,1,3,[],0.10883497270355884,0.37628184054893593,23.666666666666668
2022-07-16,v4_ensemble,v1.0.0,"[8, 19, 23, 34, 37, 44]",21,1,1,2,3,[44],0.10710578941716192,0.3697242571580204,23.166666666666668
2022-07-20,random,v1.0.0,"[1, 15, 17, 25, 26, 40]",39,1,1,1,3,[1],0.10745522698875465,0.37177617994345336,20.666666666666668
2022-07-20,ema_gap,v1.0.0,"[1, 15, 17, 25, 26, 40]",39,0,0,1,1,[],0.1106856618674902,0.3871087797534526,27.833333333333332
2022-07-20,logistic,v1.0.0,"[1, 15, 17, 25, 26, 40]",39,0,0,2,3,[],0.10678492822349182,0.36834146847274174,18.666666666666668
2022-07-20,ensemble,v1.0.0,"[1, 15, 17, 25, 26, 40]",39,1,1,1,2,[15],0.1078508108505448,0.37365717181051705,24.0
2022-07-20,v2_statistical,v1.0.0,"[1, 15, 17, 25, 26, 40]",39,1,1,1,1,[40],0.11344053972973855,0.40282874451170886,31.666666666666668
2022-07-20,v3_boosting,v1.0.0,"[1, 15, 17, 25, 26, 40]",39,0,0,3,4,[],0.10702914190247574,0.36923913046950674,21.333333333333332
2022-07-20,v4_ensemble,v1.0.0,"[1, 15, 17, 25, 26, 40]",39,1,1,1,2,[40],0.10886269512462801,0.3782418527331807,29.0
2022-07-23,random,v1.0.0,"[6, 23, 24, 26, 39, 42]",21,1,1,1,1,[6],0.10745522698875465,0.3717761799434532,26.666666666666668
2022-07-23,ema_gap,v1.0.0,"[6, 23, 24, 26, 39, 42]",21,0,0,1,2,[],0.10942809896965659,0.3794793474523045,25.333333333333332
2022-07-23,logistic,v1.0.0,"[6, 23, 24, 26, 39, 42]",21,0,0,0,3,[],0.10791786481621579,0.37353546966443557,23.5
2022-07-23,ensemble,v1.0.0,"[6, 23, 24, 26, 39, 42]",21,0,0,0,2,[],0.10823722107169301,0.3752173743570134,26.666666666666668
2022-07-23,v2_statistical,v1.0.0,"[6, 23, 24, 26, 39, 42]",21,0,0,1,1,[],0.11393104345516834,0.4018089322665626,30.5
2022-07-23,v3_boosting,v1.0.0,"[6, 23, 24, 26, 39, 42]",21,0,0,0,0,[],0.11268353833370406,0.3947627774663232,35.0
2022-07-23,v4_ensemble,v1.0.0,"[6, 23, 24, 26, 39, 42]",21,0,0,1,1,[],0.11101312482878935,0.38831189622724244,31.666666666666668
2022-07-27,random,v1.0.0,"[6, 19, 29, 42, 45, 49]",21,1,1,1,1,[6],0.10745522698875466,0.37177617994345313,31.666666666666668
2022-07-27,ema_gap,v1.0.0,"[6, 19, 29, 42, 45, 49]",21,0,0,2,3,[],0.10753738777603815,0.37044190512556996,23.333333333333332
2022-07-27,logistic,v1.0.0,"[6, 19, 29, 42, 45, 49]",21,0,0,0,2,[],0.10918510596288553,0.3799706954401308,30.0
2022-07-27,ensemble,v1.0.0,"[6, 19, 29, 42, 45, 49]",21,0,0,1,2,[],0.10774620456022804,0.37284129324197346,25.333333333333332
2022-07-27,v2_statistical,v1.0.0,"[6, 19, 29, 42, 45, 49]",21,0,0,1,2,[],0.10735983827149129,0.36596863892327586,20.833333333333332
2022-07-27,v3_boosting,v1.0.0,"[6, 19, 29, 42, 45, 49]",21,1,1,1,1,[6],0.11064717727001064,0.3880411197618301,33.166666666666664
2022-07-27,v4_ensemble,v1.0.0,"[6, 19, 29, 42, 45, 49]",21,1,1,1,1,[6],0.10825475015065293,0.3749267831031648,25.666666666666668
2022-07-30,random,v1.0.0,"[9, 21, 22, 27, 35, 47]",31,0,0,1,1,[],0.10745522698875465,0.37177617994345324,26.833333333333332
2022-07-30,ema_gap,v1.0.0,"[9, 21, 22, 27, 35, 47]",31,0,0,2,2,[],0.10860756750426248,0.3760940023970997,25.666666666666668
2022-07-30,logistic,v1.0.0,"[9, 21, 22, 27, 35, 47]",31,1,1,3,3,[47],0.106371100337832,0.3671866561348513,19.833333333333332
2022-07-30,ensemble,v1.0.0,"[9, 21, 22, 27, 35, 47]",31,1,1,1,2,[35],0.10704950877957328,0.36981827682527896,22.833333333333332
2022-07-30,v2_statistical,v1.0.0,"[9, 21, 22, 27, 35, 47]",31,0,0,2,2,[],0.10836137686222665,0.37270939483821486,23.0
2022-07-30,v3_boosting,v1.0.0,"[9, 21, 22, 27, 35, 47]",31,0,0,1,2,[],0.10894873693362549,0.37596015700671953,22.833333333333332
2022-07-30,v4_ensemble,v1.0.0,"[9, 21, 22, 27, 35, 47]",31,1,1,2,2,[21],0.10738070956143678,0.37115902599215356,24.333333333333332
2022-08-03,random,v1.0.0,"[10, 15, 24, 27, 42, 46]",36,0,0,1,2,[],0.10745522698875465,0.3717761799434532,27.333333333333332
2022-08-03,ema_gap,v1.0.0,"[10, 15, 24, 27, 42, 46]",36,1,1,2,2,[42],0.10676266025130002,0.36727425300742994,22.333333333333332
2022-08-03,logistic,v1.0.0,"[10, 15, 24, 27, 42, 46]",36,2,2,2,2,"[15, 27]",0.10653461233683441,0.367366486495055,19.833333333333332
2022-08-03,ensemble,v1.0.0,"[10, 15, 24, 27, 42, 46]",36,2,2,3,3,"[15, 42]",0.106374363204636,0.3668388765574982,19.666666666666668
2022-08-03,v2_statistical,v1.0.0,"[10, 15, 24, 27, 42, 46]",36,1,1,2,3,[42],0.10712582817858966,0.37005040320466964,22.0
2022-08-03,v3_boosting,v1.0.0,"[10, 15, 24, 27, 42, 46]",36,1,1,1,1,[15],0.11045615033479,0.3848681438477634,28.5
2022-08-03,v4_ensemble,v1.0.0,"[10, 15, 24, 27, 42, 46]",36,1,1,2,2,[42],0.10759573014495351,0.37210968030011143,23.666666666666668
2022-08-06,random,v1.0.0,"[10, 18, 21, 31, 34, 48]",9,0,0,1,2,[],0.10745522698875466,0.37177617994345324,27.0
2022-08-06,ema_gap,v1.0.0,"[10, 18, 21, 31, 34, 48]",9,1,1,1,2,[21],0.10900451639532191,0.3769380394950391,25.333333333333332
2022-08-06,logistic,v1.0.0,"[10, 18, 21, 31, 34, 48]",9,1,1,1,1,[21],0.10884285689114061,0.37837966285944613,33.833333333333336
2022-08-06,ensemble,v1.0.0,"[10, 18, 21, 31, 34, 48]",9,1,1,1,1,[21],0.1082643454522502,0.3752570934849667,27.166666666666668
2022-08-06,v2_statistical,v1.0.0,"[10, 18, 21, 31, 34, 48]",9,1,1,1,2,[21],0.10724796451869532,0.36803434796718165,21.333333333333332
2022-08-06,v3_boosting,v1.0.0,"[10, 18, 21, 31, 34, 48]",9,0,0,0,0,[],0.11309462734013069,0.3973874809418777,39.333333333333336
2022-08-06,v4_ensemble,v1.0.0,"[10, 18, 21, 31, 34, 48]",9,1,1,1,1,[21],0.10936030140103298,0.37980740040422795,28.833333333333332
2022-08-10,random,v1.0.0,"[8, 9, 36, 38, 44, 45]",29,0,0,2,2,[],0.10745522698875465,0.3717761799434531,30.0
2022-08-10,ema_gap,v1.0.0,"[8, 9, 36, 38, 44, 45]",29,1,1,2,3,[44],0.10606275828229438,0.364268256111992,19.833333333333332
2022-08-10,logistic,v1.0.0,"[8, 9, 36, 38, 44, 45]",29,0,0,0,1,[],0.10830659458499065,0.37545944273887744,28.0
2022-08-10,ensemble,v1.0.0,"[8, 9, 36, 38, 44, 45]",29,1,1,3,3,[44],0.10672752878808182,0.36846580205658513,21.333333333333332
2022-08-10,v2_statistical,v1.0.0,"[8, 9, 36, 38, 44, 45]",29,1,1,3,3,[44],0.10425226020028605,0.3555416415875711,17.666666666666668
2022-08-10,v3_boosting,v1.0.0,"[8, 9, 36, 38, 44, 45]",29,0,0,1,2,[],0.10854635794410204,0.37611130384951136,25.666666666666668
2022-08-10,v4_ensemble,v1.0.0,"[8, 9, 36, 38, 44, 45]",29,1,1,2,4,[36],0.10622162741475437,0.3656738545522211,19.833333333333332
2022-08-13,random,v1.0.0,"[5, 8, 13, 35, 37, 40]",3,1,1,2,3,[5],0.10745522698875466,0.37177617994345336,23.0
2022-08-13,ema_gap,v1.0.0,"[5, 8, 13, 35, 37, 40]",3,1,1,2,2,[35],0.10746237172870472,0.3704670188157117,22.333333333333332
2022-08-13,logistic,v1.0.0,"[5, 8, 13, 35, 37, 40]",3,2,2,2,4,"[13, 37]",0.10670595919764622,0.36896587490110233,21.833333333333332
2022-08-13,ensemble,v1.0.0,"[5, 8, 13, 35, 37, 40]",3,1,1,3,3,[35],0.10669922630716484,0.3682047964761802,20.5
2022-08-13,v2_statistical,v1.0.0,"[5, 8, 13, 35, 37, 40]",3,1,1,2,3,[40],0.1073582733023345,0.3738918670403388,23.0
2022-08-13,v3_boosting,v1.0.0,"[5, 8, 13, 35, 37, 40]",3,1,1,1,2,[13],0.107388224995672,0.3718986791753614,25.5
2022-08-13,v4_ensemble,v1.0.0,"[5, 8, 13, 35, 37, 40]",3,1,1,2,3,[40],0.10649115476297885,0.3671813071329939,19.166666666666668
2022-08-17,random,v1.0.0,"[6, 7, 13, 30, 31, 43]",20,1,1,2,3,[6],0.10745522698875466,0.37177617994345336,21.666666666666668
2022-08-17,ema_gap,v1.0.0,"[6, 7, 13, 30, 31, 43]",20,0,0,2,2,[],0.11256008145993175,0.4001869810420577,30.833333333333332
2022-08-17,logistic,v1.0.0,"[6, 7, 13, 30, 31, 43]",20,1,1,1,1,[13],0.10839359054110156,0.3763746930838449,31.833333333333332
2022-08-17,ensemble,v1.0.0,"[6, 7, 13, 30, 31, 43]",20,0,0,1,2,[],0.10922232513100115,0.3805522566609329,30.833333333333332
2022-08-17,v2_statistical,v1.0.0,"[6, 7, 13, 30, 31, 43]",20,1,1,1,2,[7],0.11172656792569888,0.39745436056778927,28.166666666666668
2022-08-17,v3_boosting,v1.0.0,"[6, 7, 13, 30, 31, 43]",20,1,1,1,1,[6],0.11084817818368556,0.38729902690754514,31.833333333333332
2022-08-17,v4_ensemble,v1.0.0,"[6, 7, 13, 30, 31, 43]",20,0,0,1,2,[],0.11031758945418196,0.3866832790149115,30.666666666666668
2022-08-20,random,v1.0.0,"[1, 5, 11, 29, 40, 49]",22,2,2,3,3,"[1, 5]",0.10745522698875466,0.37177617994345336,22.5
2022-08-20,ema_gap,v1.0.0,"[1, 5, 11, 29, 40, 49]",22,0,0,1,2,[],0.11058494124264033,0.3841810520283853,28.166666666666668
2022-08-20,logistic,v1.0.0,"[1, 5, 11, 29, 40, 49]",22,0,0,1,2,[],0.10826852416899857,0.37535210762272647,28.5
2022-08-20,ensemble,v1.0.0,"[1, 5, 11, 29, 40, 49]",22,0,0,1,2,[],0.10829618165594725,0.37540108521115406,28.166666666666668
2022-08-20,v2_statistical,v1.0.0,"[1, 5, 11, 29, 40, 49]",22,0,0,1,1,[],0.11431810113328637,0.4028979672395546,31.0
2022-08-20,v3_boosting,v1.0.0,"[1, 5, 11, 29, 40, 49]",22,0,0,2,2,[],0.10945845142446517,0.3803280212397379,26.333333333333332
2022-08-20,v4_ensemble,v1.0.0,"[1, 5, 11, 29, 40, 49]",22,0,0,1,1,[],0.11041361970918113,0.3848552627648134,29.5
2022-08-24,random,v1.0.0,"[9, 15, 22, 24, 26, 41]",16,0,0,1,2,[],0.10745522698875463,0.37177617994345324,22.833333333333332
2022-08-24,ema_gap,v1.0.0,"[9, 15, 22, 24, 26, 41]",16,0,0,2,3,[],0.1082673409416432,0.3760597512725404,24.333333333333332
2022-08-24,logistic,v1.0.0,"[9, 15, 22, 24, 26, 41]",16,0,0,0,2,[],0.10703223517950355,0.3691933029384728,22.166666666666668
2022-08-24,ensemble,v1.0.0,"[9, 15, 22, 24, 26, 41]",16,0,0,3,3,[],0.10735667678294013,0.3712116973509496,23.166666666666668
2022-08-24,v2_statistical,v1.0.0,"[9, 15, 22, 24, 26, 41]",16,1,1,1,2,[9],0.11134713804903908,0.39153912134420427,27.666666666666668
2022-08-24,v3_boosting,v1.0.0,"[9, 15, 22, 24, 26, 41]",16,1,1,1,4,[41],0.10576510965813526,0.36320786969688285,18.333333333333332
2022-08-24,v4_ensemble,v1.0.0,"[9, 15, 22, 24, 26, 41]",16,1,1,1,2,[9],0.1075496931211123,0.37145192832858887,23.666666666666668
2022-08-27,random,v1.0.0,"[9, 12, 19, 20, 23, 28]",31,0,0,2,2,[],0.10745522698875466,0.37177617994345324,18.5
2022-08-27,ema_gap,v1.0.0,"[9, 12, 19, 20, 23, 28]",31,1,1,1,1,[9],0.1109244356000275,0.39057719296349597,28.5
2022-08-27,logistic,v1.0.0,"[9, 12, 19, 20, 23, 28]",31,0,0,0,1,[],0.10935145122540504,0.3803002251796665,31.166666666666668
2022-08-27,ensemble,v1.0.0,"[9, 12, 19, 20, 23, 28]",31,0,0,0,1,[],0.10875965192421606,0.3779372186435805,32.166666666666664
2022-08-27,v2_statistical,v1.0.0,"[9, 12, 19, 20, 23, 28]",31,1,1,1,2,[9],0.11154382036807745,0.39328389406327796,27.166666666666668
2022-08-27,v3_boosting,v1.0.0,"[9, 12, 19, 20, 23, 28]",31,0,0,2,3,[],0.10879329008995953,0.37439984151973055,22.166666666666668
2022-08-27,v4_ensemble,v1.0.0,"[9, 12, 19, 20, 23, 28]",31,0,0,2,2,[],0.10897833724593196,0.37875327152120664,28.666666666666668
2022-08-31,random,v1.0.0,"[9, 18, 25, 33, 35, 41]",19,0,0,1,2,[],0.10745522698875465,0.3717761799434532,26.833333333333332
2022-08-31,ema_gap,v1.0.0,"[9, 18, 25, 33, 35, 41]",19,2,2,2,2,"[9, 35]",0.10688610280695365,0.37118367433495086,24.666666666666668
2022-08-31,logistic,v1.0.0,"[9, 18, 25, 33, 35, 41]",19,0,0,0,1,[],0.1080297732929582,0.3741607112699704,25.833333333333332
2022-08-31,ensemble,v1.0.0,"[9, 18, 25, 33, 35, 41]",19,2,2,2,2,"[9, 35]",0.10707690085184271,0.3700814530520847,23.0
2022-08-31,v2_statistical,v1.0.0,"[9, 18, 25, 33, 35, 41]",19,1,1,2,2,[9],0.11050681306035043,0.38959772115705005,29.166666666666668
2022-08-31,v3_boosting,v1.0.0,"[9, 18, 25, 33, 35, 41]",19,1,1,2,2,[35],0.10702129316627064,0.3681275129800404,22.833333333333332
2022-08-31,v4_ensemble,v1.0.0,"[9, 18, 25, 33, 35, 41]",19,2,2,2,2,"[9, 35]",0.10760585399581397,0.3731557924955423,27.5
2022-09-03,random,v1.0.0,"[5, 8, 13, 21, 22, 46]",9,1,1,2,3,[5],0.10745522698875466,0.37177617994345336,19.166666666666668
2022-09-03,ema_gap,v1.0.0,"[5, 8, 13, 21, 22, 46]",9,0,0,1,3,[],0.10678999747727064,0.36563432247861466,21.333333333333332
2022-09-03,logistic,v1.0.0,"[5, 8, 13, 21, 22, 46]",9,1,1,2,2,[22],0.10698957032234216,0.3695304371361598,22.166666666666668
2022-09-03,ensemble,v1.0.0,"[5, 8, 13, 21, 22, 46]",9,0,0,2,4,[],0.10707381356484717,0.3696199570531325,20.5
2022-09-03,v2_statistical,v1.0.0,"[5, 8, 13, 21, 22, 46]",9,1,1,1,3,[21],0.10707776748558821,0.36695567681863395,21.166666666666668
2022-09-03,v3_boosting,v1.0.0,"[5, 8, 13, 21, 22, 46]",9,3,3,3,3,"[5, 8, 21]",0.10228891209838208,0.351601926685123,17.166666666666668
2022-09-03,v4_ensemble,v1.0.0,"[5, 8, 13, 21, 22, 46]",9,2,2,2,3,"[8, 21]",0.10485094893788739,0.35996346333295026,17.333333333333332
2022-09-07,random,v1.0.0,"[11, 12, 13, 16, 29, 35]",7,0,0,2,4,[],0.10745522698875465,0.37177617994345336,19.333333333333332
2022-09-07,ema_gap,v1.0.0,"[11, 12, 13, 16, 29, 35]",7,1,1,1,2,[35],0.10679593562807678,0.36809908700653365,22.5
2022-09-07,logistic,v1.0.0,"[11, 12, 13, 16, 29, 35]",7,0,0,1,1,[],0.10973788036462528,0.382673687319866,33.666666666666664
2022-09-07,ensemble,v1.0.0,"[11, 12, 13, 16, 29, 35]",7,1,1,2,2,[35],0.10821705936969377,0.3755465869040441,29.666666666666668
2022-09-07,v2_statistical,v1.0.0,"[11, 12, 13, 16, 29, 35]",7,0,0,2,2,[],0.1113352108263477,0.3904863386232804,28.0
2022-09-07,v3_boosting,v1.0.0,"[11, 12, 13, 16, 29, 35]",7,0,0,0,1,[],0.11152038391293662,0.3896141756543782,32.166666666666664
2022-09-07,v4_ensemble,v1.0.0,"[11, 12, 13, 16, 29, 35]",7,0,0,2,2,[],0.10981798064911745,0.3828177127497783,30.666666666666668
2022-09-10,random,v1.0.0,"[11, 15, 19, 29, 41, 49]",38,0,0,1,2,[],0.10745522698875466,0.37177617994345336,27.333333333333332
2022-09-10,ema_gap,v1.0.0,"[11, 15, 19, 29, 41, 49]",38,1,1,1,3,[15],0.10672187157215128,0.36540435924630904,21.0
2022-09-10,logistic,v1.0.0,"[11, 15, 19, 29, 41, 49]",38,1,1,1,1,[49],0.10776649934077948,0.37267642027356296,24.666666666666668
2022-09-10,ensemble,v1.0.0,"[11, 15, 19, 29, 41, 49]",38,0,0,1,3,[],0.10706273805218712,0.36969723339328575,20.333333333333332
2022-09-10,v2_statistical,v1.0.0,"[11, 15, 19, 29, 41, 49]",38,0,0,0,1,[],0.10952913732638675,0.3742864816400864,23.166666666666668
2022-09-10,v3_boosting,v1.0.0,"[11, 15, 19, 29, 41, 49]",38,0,0,1,2,[],0.11151925881933221,0.3873125203776468,27.833333333333332
2022-09-10,v4_ensemble,v1.0.0,"[11, 15, 19, 29, 41, 49]",38,0,0,1,2,[],0.10870194078573103,0.37582910731144276,25.333333333333332
2022-09-14,random,v1.0.0,"[7, 8, 14, 22, 23, 39]",11,0,0,2,3,[],0.10745522698875465,0.37177617994345336,18.833333333333332
2022-09-14,ema_gap,v1.0.0,"[7, 8, 14, 22, 23, 39]",11,1,1,2,3,[8],0.10774229215661166,0.37119772180721067,21.666666666666668
2022-09-14,logistic,v1.0.0,"[7, 8, 14, 22, 23, 39]",11,1,1,1,2,[23],0.10882310368532813,0.3785763620906562,31.5
2022-09-14,ensemble,v1.0.0,"[7, 8, 14, 22, 23, 39]",11,0,0,2,2,[],0.10766041385579642,0.3725035612463746,25.333333333333332
2022-09-14,v2_statistical,v1.0.0,"[7, 8, 14, 22, 23, 39]",11,0,0,1,2,[],0.10968640573440254,0.37881373717107386,24.0
2022-09-14,v3_boosting,v1.0.0,"[7, 8, 14, 22, 23, 39]",11,1,1,3,3,[14],0.1060737972506685,0.36417501255052054,18.166666666666668
2022-09-14,v4_ensemble,v1.0.0,"[7, 8, 14, 22, 23, 39]",11,0,0,1,3,[],0.1073621317328378,0.37026124299401514,21.5
2022-09-17,random,v1.0.0,"[3, 9, 15, 21, 33, 49]",13,1,1,2,3,[3],0.10745522698875466,0.37177617994345336,21.666666666666668
2022-09-17,ema_gap,v1.0.0,"[3, 9, 15, 21, 33, 49]",13,3,3,3,3,"[9, 15, 21]",0.1032663593486836,0.3548378302313689,17.333333333333332
2022-09-17,logistic,v1.0.0,"[3, 9, 15, 21, 33, 49]",13,1,1,2,3,[15],0.10703431170905554,0.36978644933319565,22.333333333333332
2022-09-17,ensemble,v1.0.0,"[3, 9, 15, 21, 33, 49]",13,2,2,2,4,"[9, 15]",0.1058882875245853,0.3646341424559987,18.666666666666668
2022-09-17,v2_statistical,v1.0.0,"[3, 9, 15, 21, 33, 49]",13,2,2,3,4,"[9, 21]",0.10028888502772139,0.34150830062655135,15.333333333333334
2022-09-17,v3_boosting,v1.0.0,"[3, 9, 15, 21, 33, 49]",13,1,1,2,2,[21],0.10485862940791346,0.3626999508536329,22.833333333333332
2022-09-17,v4_ensemble,v1.0.0,"[3, 9, 15, 21, 33, 49]",13,3,3,3,3,"[9, 15, 21]",0.10308725542590466,0.3536700474819172,17.5
2022-09-21,random,v1.0.0,"[1, 26, 33, 37, 44, 49]",31,1,1,1,1,[1],0.10745522698875466,0.3717761799434531,31.666666666666668
2022-09-21,ema_gap,v1.0.0,"[1, 26, 33, 37, 44, 49]",31,0,0,1,4,[],0.10755102411131037,0.3687952363407194,20.833333333333332
2022-09-21,logistic,v1.0.0,"[1, 26, 33, 37, 44, 49]",31,0,0,1,3,[],0.10824606956961215,0.37584756956640575,26.666666666666668
2022-09-21,ensemble,v1.0.0,"[1, 26, 33, 37, 44, 49]",31,0,0,1,3,[],0.10738767915693134,0.3712155724848805,23.166666666666668
2022-09-21,v2_statistical,v1.0.0,"[1, 26, 33, 37, 44, 49]",31,0,0,0,2,[],0.1117137670355578,0.3836559487777691,24.333333333333332
2022-09-21,v3_boosting,v1.0.0,"[1, 26, 33, 37, 44, 49]",31,1,1,3,5,[26],0.10514262057038504,0.36060816267539725,15.666666666666666
2022-09-21,v4_ensemble,v1.0.0,"[1, 26, 33, 37, 44, 49]",31,0,0,2,2,[],0.10745460830187455,0.37027581288654277,20.5
2022-09-24,random,v1.0.0,"[10, 13, 21, 37, 40, 41]",48,0,0,1,2,[],0.10745522698875466,0.37177617994345324,27.0
2022-09-24,ema_gap,v1.0.0,"[10, 13, 21, 37, 40, 41]",48,1,1,1,2,[21],0.10672234353126309,0.3657506776008297,21.166666666666668
2022-09-24,logistic,v1.0.0,"[10, 13, 21, 37, 40, 41]",48,2,2,2,2,"[13, 41]",0.10718225135823882,0.370631806966112,23.5
2022-09-24,ensemble,v1.0.0,"[10, 13, 21, 37, 40, 41]",48,0,0,1,2,[],0.10706787985392903,0.36976222521955837,22.5
2022-09-24,v2_statistical,v1.0.0,"[10, 13, 21, 37, 40, 41]",48,1,1,2,2,[21],0.10824326516039953,0.3731988864654573,24.0
2022-09-24,v3_boosting,v1.0.0,"[10, 13, 21, 37, 40, 41]",48,1,1,3,5,[10],0.10462504313526233,0.3567355703605565,12.666666666666666
2022-09-24,v4_ensemble,v1.0.0,"[10, 13, 21, 37, 40, 41]",48,1,1,2,2,[21],0.10564629839064543,0.3623892599115856,17.833333333333332
2022-09-28,random,v1.0.0,"[7, 10, 11, 24, 32, 40]",25,0,0,3,3,[],0.10745522698875465,0.37177617994345336,20.666666666666668
2022-09-28,ema_gap,v1.0.0,"[7, 10, 11, 24, 32, 40]",25,0,0,2,2,[],0.10842690721522208,0.374716988615535,23.5
2022-09-28,logistic,v1.0.0,"[7, 10, 11, 24, 32, 40]",25,2,2,2,3,"[10, 40]",0.10637906628867347,0.3669320980959717,19.5
2022-09-28,ensemble,v1.0.0,"[7, 10, 11, 24, 32, 40]",25,2,2,2,3,"[7, 40]",0.10679718590311295,0.3689039438657773,21.166666666666668
2022-09-28,v2_statistical,v1.0.0,"[7, 10, 11, 24, 32, 40]",25,2,2,2,3,"[7, 40]",0.10688467698068818,0.36839058939151675,21.5
2022-09-28,v3_boosting,v1.0.0,"[7, 10, 11, 24, 32, 40]",25,1,1,2,2,[7],0.10824598367732462,0.37705281326394136,26.333333333333332
2022-09-28,v4_ensemble,v1.0.0,"[7, 10, 11, 24, 32, 40]",25,2,2,2,2,"[7, 40]",0.1068268072365348,0.37064300364709996,24.0
2022-10-01,random,v1.0.0,"[4, 19, 21, 24, 25, 36]",9,1,1,1,1,[4],0.10745522698875466,0.37177617994345324,21.5
2022-10-01,ema_gap,v1.0.0,"[4, 19, 21, 24, 25, 36]",9,1,1,1,1,[21],0.1079397462596413,0.3742331240662264,25.166666666666668
2022-10-01,logistic,v1.0.0,"[4, 19, 21, 24, 25, 36]",9,1,1,2,3,[21],0.10720041018289822,0.37066177141814766,23.666666666666668
2022-10-01,ensemble,v1.0.0,"[4, 19, 21, 24, 25, 36]",9,1,1,2,2,[21],0.10738595462508295,0.37141775954029627,24.833333333333332
2022-10-01,v2_statistical,v1.0.0,"[4, 19, 21, 24, 25, 36]",9,1,1,1,1,[21],0.10991481191824752,0.38178221513335914,26.166666666666668
2022-10-01,v3_boosting,v1.0.0,"[4, 19, 21, 24, 25, 36]",9,0,0,1,3,[],0.10879802991668418,0.37668609607767767,25.166666666666668
2022-10-01,v4_ensemble,v1.0.0,"[4, 19, 21, 24, 25, 36]",9,1,1,1,1,[21],0.10821108433835701,0.37503827116666266,25.333333333333332
2022-10-05,random,v1.0.0,"[3, 6, 10, 19, 28, 31]",2,2,2,3,3,"[3, 6]",0.10745522698875465,0.37177617994345336,16.166666666666668
2022-10-05,ema_gap,v1.0.0,"[3, 6, 10, 19, 28, 31]",2,0,0,1,2,[],0.10990793279026341,0.38156740086846186,27.833333333333332
2022-10-05,logistic,v1.0.0,"[3, 6, 10, 19, 28, 31]",2,0,0,1,2,[],0.10775613878563099,0.37264199273177234,25.666666666666668
2022-10-05,ensemble,v1.0.0,"[3, 6, 10, 19, 28, 31]",2,0,0,1,3,[],0.10791221952597806,0.37366257817683396,25.666666666666668
2022-10-05,v2_statistical,v1.0.0,"[3, 6, 10, 19, 28, 31]",2,0,0,1,2,[],0.11045403367035286,0.38388057728274183,25.333333333333332
2022-10-05,v3_boosting,v1.0.0,"[3, 6, 10, 19, 28, 31]",2,1,1,2,2,[31],0.10759108877388998,0.37232467748126336,25.333333333333332
2022-10-05,v4_ensemble,v1.0.0,"[3, 6, 10, 19, 28, 31]",2,1,1,1,2,[19],0.10827753520394227,0.3755288702686012,26.333333333333332
2022-10-08,random,v1.0.0,"[1, 5, 21, 35, 37, 41]",6,2,2,2,2,"[1, 5]",0.10745522698875465,0.37177617994345324,23.333333333333332
2022-10-08,ema_gap,v1.0.0,"[1, 5, 21, 35, 37, 41]",6,2,2,2,3,"[21, 35]",0.10314957441175866,0.3520986782952138,17.5
2022-10-08,logistic,v1.0.0,"[1, 5, 21, 35, 37, 41]",6,1,1,2,2,[41],0.10778251893823813,0.3730119338825455,25.666666666666668
2022-10-08,ensemble,v1.0.0,"[1, 5, 21, 35, 37, 41]",6,3,3,4,4,"[21, 35, 37]",0.10596604817909837,0.36484874942256695,15.0
2022-10-08,v2_statistical,v1.0.0,"[1, 5, 21, 35, 37, 41]",6,1,1,2,2,[21],0.1066770985446678,0.36748625588873546,23.0
2022-10-08,v3_boosting,v1.0.0,"[1, 5, 21, 35, 37, 41]",6,0,0,2,2,[],0.1102689520478164,0.3834598015597985,26.0
2022-10-08,v4_ensemble,v1.0.0,"[1, 5, 21, 35, 37, 41]",6,1,1,3,3,[21],0.10673443888801538,0.36789307220090084,22.0
2022-10-12,random,v1.0.0,"[8, 10, 25, 36, 38, 41]",42,0,0,2,2,[],0.10745522698875466,0.3717761799434532,26.333333333333332
2022-10-12,ema_gap,v1.0.0,"[8, 10, 25, 36, 38, 41]",42,0,0,2,4,[],0.10715041802736593,0.36863034981416526,20.5
2022-10-12,logistic,v1.0.0,"[8, 10, 25, 36, 38, 41]",42,0,0,1,2,[],0.10800076042538241,0.37414862806205496,27.5
2022-10-12,ensemble,v1.0.0,"[8, 10, 25, 36, 38, 41]",42,0,0,1,4,[],0.10747924876404955,0.3716147436933065,22.5
2022-10-12,v2_statistical,v1.0.0,"[8, 10, 25, 36, 38, 41]",42,0,0,0,1,[],0.11094146817714787,0.38436459750112245,26.333333333333332
2022-10-12,v3_boosting,v1.0.0,"[8, 10, 25, 36, 38, 41]",42,0,0,0,1,[],0.11256801348573983,0.3935834436486751,32.333333333333336
2022-10-12,v4_ensemble,v1.0.0,"[8, 10, 25, 36, 38, 41]",42,0,0,0,0,[],0.10960760582489405,0.381327686002002,31.0
2022-10-15,random,v1.0.0,"[7, 9, 12, 33, 35, 36]",6,0,0,3,3,[],0.10745522698875465,0.37177617994345336,22.0
2022-10-15,ema_gap,v1.0.0,"[7, 9, 12, 33, 35, 36]",6,2,2,4,5,"[9, 35]",0.10095698258635906,0.34142753578353074,10.833333333333334
2022-10-15,logistic,v1.0.0,"[7, 9, 12, 33, 35, 36]",6,1,1,3,3,[33],0.10649424497339571,0.36703617860456766,15.333333333333334
2022-10-15,ensemble,v1.0.0,"[7, 9, 12, 33, 35, 36]",6,2,2,4,5,"[35, 36]",0.10441100115947909,0.3575940171300431,10.0
2022-10-15,v2_statistical,v1.0.0,"[7, 9, 12, 33, 35, 36]",6,2,2,4,4,"[7, 9]",0.10081819650218346,0.3388224681463955,11.666666666666666
2022-10-15,v3_boosting,v1.0.0,"[7, 9, 12, 33, 35, 36]",6,0,0,0,1,[],0.11017053549379136,0.3809461847880381,26.333333333333332
2022-10-15,v4_ensemble,v1.0.0,"[7, 9, 12, 33, 35, 36]",6,1,1,3,4,[35],0.1046959994186548,0.35745463574361996,14.5
2022-10-19,random,v1.0.0,"[4, 15, 30, 35, 42, 43]",24,1,1,1,2,[4],0.10745522698875466,0.37177617994345313,28.166666666666668
2022-10-19,ema_gap,v1.0.0,"[4, 15, 30, 35, 42, 43]",24,1,1,2,2,[35],0.10972573238969272,0.38608030202946964,28.333333333333332
2022-10-19,logistic,v1.0.0,"[4, 15, 30, 35, 42, 43]",24,2,2,2,3,"[30, 42]",0.1069971388230727,0.36984718899551494,21.5
2022-10-19,ensemble,v1.0.0,"[4, 15, 30, 35, 42, 43]",24,2,2,3,3,"[15, 35]",0.10762124748731394,0.373001826405203,25.833333333333332
2022-10-19,v2_statistical,v1.0.0,"[4, 15, 30, 35, 42, 43]",24,1,1,1,1,[35],0.112928496718312,0.39939937818578947,29.333333333333332
2022-10-19,v3_boosting,v1.0.0,"[4, 15, 30, 35, 42, 43]",24,1,1,3,3,[4],0.10713695008388133,0.3711776419767951,22.833333333333332
2022-10-19,v4_ensemble,v1.0.0,"[4, 15, 30, 35, 42, 43]",24,1,1,1,2,[35],0.10860769065959143,0.3772985820447038,26.666666666666668
2022-10-22,random,v1.0.0,"[2, 17, 24, 36, 40, 49]",30,1,1,1,2,[2],0.10745522698875466,0.3717761799434532,28.0
2022-10-22,ema_gap,v1.0.0,"[2, 17, 24, 36, 40, 49]",30,1,1,1,3,[36],0.11043971501092394,0.389896612828062,26.166666666666668
2022-10-22,logistic,v1.0.0,"[2, 17, 24, 36, 40, 49]",30,1,1,3,4,[49],0.1062807008456396,0.36682354629717745,20.5
2022-10-22,ensemble,v1.0.0,"[2, 17, 24, 36, 40, 49]",30,1,1,4,4,[49],0.10763261002726311,0.37339455450699416,21.0
2022-10-22,v2_statistical,v1.0.0,"[2, 17, 24, 36, 40, 49]",30,2,2,2,3,"[36, 40]",0.10814826477445968,0.38836343228147663,24.0
2022-10-22,v3_boosting,v1.0.0,"[2, 17, 24, 36, 40, 49]",30,1,1,3,4,[49],0.10266652412413055,0.3569662080866527,18.666666666666668
2022-10-22,v4_ensemble,v1.0.0,"[2, 17, 24, 36, 40, 49]",30,3,3,3,3,"[36, 40, 49]",0.10538974064362001,0.36701635672845595,20.333333333333332
2022-10-26,random,v1.0.0,"[10, 15, 23, 38, 39, 45]",37,0,0,1,2,[],0.10745522698875465,0.3717761799434532,28.333333333333332
2022-10-26,ema_gap,v1.0.0,"[10, 15, 23, 38, 39, 45]",37,1,1,2,2,[15],0.10989946582980932,0.3835880415358946,27.5
2022-10-26,logistic,v1.0.0,"[10, 15, 23, 38, 39, 45]",37,2,2,3,3,"[15, 38]",0.10700692348941565,0.36978005800071784,22.5
2022-10-26,ensemble,v1.0.0,"[10, 15, 23, 38, 39, 45]",37,1,1,1,2,[15],0.10782780912328278,0.3735577328607652,27.166666666666668
2022-10-26,v2_statistical,v1.0.0,"[10, 15, 23, 38, 39, 45]",37,0,0,2,2,[],0.11015588113656741,0.3823320476071272,25.333333333333332
2022-10-26,v3_boosting,v1.0.0,"[10, 15, 23, 38, 39, 45]",37,0,0,1,3,[],0.11113978029782898,0.3865359334508589,26.0
2022-10-26,v4_ensemble,v1.0.0,"[10, 15, 23, 38, 39, 45]",37,0,0,1,2,[],0.10933575311355145,0.3792726096981918,26.833333333333332
2022-10-29,random,v1.0.0,"[9, 13, 20, 26, 28, 40]",44,0,0,1,2,[],0.10745522698875465,0.37177617994345324,22.666666666666668
2022-10-29,ema_gap,v1.0.0,"[9, 13, 20, 26, 28, 40]",44,1,1,2,2,[9],0.10835673871636876,0.376955373158778,23.833333333333332
2022-10-29,logistic,v1.0.0,"[9, 13, 20, 26, 28, 40]",44,1,1,1,1,[40],0.10842264244836475,0.37611067463657977,28.833333333333332
2022-10-29,ensemble,v1.0.0,"[9, 13, 20, 26, 28, 40]",44,1,1,2,2,[40],0.10814432174070852,0.3751774250715676,26.166666666666668
2022-10-29,v2_statistical,v1.0.0,"[9, 13, 20, 26, 28, 40]",44,2,2,2,3,"[9, 40]",0.10764180132959456,0.37598352285988784,24.833333333333332
2022-10-29,v3_boosting,v1.0.0,"[9, 13, 20, 26, 28, 40]",44,1,1,4,5,[9],0.1044171868598458,0.357510613417425,14.333333333333334
2022-10-29,v4_ensemble,v1.0.0,"[9, 13, 20, 26, 28, 40]",44,2,2,2,3,"[9, 40]",0.10621243558160641,0.3667024380343778,21.333333333333332
2022-11-02,random,v1.0.0,"[19, 25, 38, 40, 47, 48]",20,0,0,0,0,[],0.10745522698875466,0.37177617994345313,36.166666666666664
2022-11-02,ema_gap,v1.0.0,"[19, 25, 38, 40, 47, 48]",20,1,1,2,2,[40],0.11022897690501676,0.3865507945795254,28.0
2022-11-02,logistic,v1.0.0,"[19, 25, 38, 40, 47, 48]",20,1,1,1,2,[47],0.1069974337636853,0.36927571128137815,20.333333333333332
2022-11-02,ensemble,v1.0.0,"[19, 25, 38, 40, 47, 48]",20,1,1,2,2,[40],0.1079156148133756,0.373868906943504,27.333333333333332
2022-11-02,v2_statistical,v1.0.0,"[19, 25, 38, 40, 47, 48]",20,1,1,2,2,[40],0.10830561606109203,0.38040988984024443,26.166666666666668
2022-11-02,v3_boosting,v1.0.0,"[19, 25, 38, 40, 47, 48]",20,0,0,0,2,[],0.10852583704036244,0.37473059047060747,23.833333333333332
2022-11-02,v4_ensemble,v1.0.0,"[19, 25, 38, 40, 47, 48]",20,1,1,2,2,[40],0.10776979719137454,0.3733209901868487,25.333333333333332
2022-11-05,random,v1.0.0,"[2, 20, 31, 40, 48, 49]",44,1,1,1,1,[2],0.10745522698875466,0.3717761799434531,31.666666666666668
2022-11-05,ema_gap,v1.0.0,"[2, 20, 31, 40, 48, 49]",44,1,1,2,2,[40],0.10907038901636733,0.3810838751318234,27.333333333333332
2022-11-05,logistic,v1.0.0,"[2, 20, 31, 40, 48, 49]",44,0,0,1,3,[],0.10719140965325978,0.36986480863647553,20.333333333333332
2022-11-05,ensemble,v1.0.0,"[2, 20, 31, 40, 48, 49]",44,1,1,2,2,[40],0.10765936309668854,0.37298436597433754,26.0
2022-11-05,v2_statistical,v1.0.0,"[2, 20, 31, 40, 48, 49]",44,1,1,2,3,[40],0.10710736669102416,0.3761281135671016,23.166666666666668
2022-11-05,v3_boosting,v1.0.0,"[2, 20, 31, 40, 48, 49]",44,0,0,1,3,[],0.10888572626620772,0.37739086065461575,25.333333333333332
2022-11-05,v4_ensemble,v1.0.0,"[2, 20, 31, 40, 48, 49]",44,1,1,2,3,[40],0.10725946793709445,0.37135314724631335,24.0
2022-11-09,random,v1.0.0,"[21, 23, 30, 34, 41, 49]",13,0,0,0,0,[],0.10745522698875466,0.37177617994345313,33.0
2022-11-09,ema_gap,v1.0.0,"[21, 23, 30, 34, 41, 49]",13,1,1,2,3,[21],0.1079733961703003,0.3753666499825585,24.166666666666668
2022-11-09,logistic,v1.0.0,"[21, 23, 30, 34, 41, 49]",13,2,2,2,2,"[23, 49]",0.10684717455118964,0.3691419787005852,22.166666666666668
2022-11-09,ensemble,v1.0.0,"[21, 23, 30, 34, 41, 49]",13,2,2,3,3,"[21, 49]",0.10719675120645332,0.3709851178490619,23.333333333333332
2022-11-09,v2_statistical,v1.0.0,"[21, 23, 30, 34, 41, 49]",13,0,0,2,4,[],0.10878985985678041,0.3734221604442666,20.5
2022-11-09,v3_boosting,v1.0.0,"[21, 23, 30, 34, 41, 49]",13,1,1,1,3,[23],0.10808079747867315,0.37319579034368666,23.833333333333332
2022-11-09,v4_ensemble,v1.0.0,"[21, 23, 30, 34, 41, 49]",13,0,0,2,3,[],0.10724828342501419,0.36973624048759673,21.333333333333332
2022-11-12,random,v1.0.0,"[1, 20, 24, 32, 36, 37]",5,1,1,1,1,[1],0.10745522698875466,0.3717761799434532,25.0
2022-11-12,ema_gap,v1.0.0,"[1, 20, 24, 32, 36, 37]",5,0,0,1,1,[],0.11010830114124748,0.3822337700886623,26.666666666666668
2022-11-12,logistic,v1.0.0,"[1, 20, 24, 32, 36, 37]",5,1,1,1,2,[36],0.1073920082013466,0.37129781408791557,24.5
2022-11-12,ensemble,v1.0.0,"[1, 20, 24, 32, 36, 37]",5,1,1,1,2,[36],0.10797214455809902,0.37399510736121383,27.333333333333332
2022-11-12,v2_statistical,v1.0.0,"[1, 20, 24, 32, 36, 37]",5,1,1,1,1,[36],0.11294138418133054,0.3948977516748348,28.5
2022-11-12,v3_boosting,v1.0.0,"[1, 20, 24, 32, 36, 37]",5,0,0,1,2,[],0.11057198174729996,0.38650490481881256,29.5
2022-11-12,v4_ensemble,v1.0.0,"[1, 20, 24, 32, 36, 37]",5,1,1,1,2,[36],0.1100235070340041,0.3835849526310568,29.333333333333332
2022-11-16,random,v1.0.0,"[4, 6, 12, 20, 41, 44]",31,2,2,3,3,"[4, 6]",0.10745522698875465,0.37177617994345336,21.166666666666668
2022-11-16,ema_gap,v1.0.0,"[4, 6, 12, 20, 41, 44]",31,0,0,1,1,[],0.10995013961802914,0.3797762944840113,25.0
2022-11-16,logistic,v1.0.0,"[4, 6, 12, 20, 41, 44]",31,1,1,1,3,[41],0.10733340687318098,0.37113321142008787,24.333333333333332
2022-11-16,ensemble,v1.0.0,"[4, 6, 12, 20, 41, 44]",31,1,1,2,2,[41],0.1075209643667148,0.371861376444115,23.5
2022-11-16,v2_statistical,v1.0.0,"[4, 6, 12, 20, 41, 44]",31,0,0,0,3,[],0.11167710294130427,0.383405405843471,24.666666666666668
2022-11-16,v3_boosting,v1.0.0,"[4, 6, 12, 20, 41, 44]",31,0,0,2,4,[],0.10731108829744465,0.37055458857971174,21.666666666666668
2022-11-16,v4_ensemble,v1.0.0,"[4, 6, 12, 20, 41, 44]",31,0,0,2,3,[],0.10827630038470192,0.37473554371703766,23.833333333333332
2022-11-19,random,v1.0.0,"[12, 16, 21, 32, 38, 45]",15,0,0,1,2,[],0.10745522698875465,0.37177617994345324,27.333333333333332
2022-11-19,ema_gap,v1.0.0,"[12, 16, 21, 32, 38, 45]",15,1,1,2,2,[21],0.10851800585154976,0.377477087386963,26.0
2022-11-19,logistic,v1.0.0,"[12, 16, 21, 32, 38, 45]",15,0,0,1,2,[],0.10888864649749525,0.3788824569450221,28.166666666666668
2022-11-19,ensemble,v1.0.0,"[12, 16, 21, 32, 38, 45]",15,0,0,2,3,[],0.10783191148813297,0.37338545469480955,24.833333333333332
2022-11-19,v2_statistical,v1.0.0,"[12, 16, 21, 32, 38, 45]",15,1,1,1,3,[21],0.1083853428761835,0.37483996849601703,23.166666666666668
2022-11-19,v3_boosting,v1.0.0,"[12, 16, 21, 32, 38, 45]",15,0,0,0,1,[],0.11485759484176324,0.40242994993659265,32.833333333333336
2022-11-19,v4_ensemble,v1.0.0,"[12, 16, 21, 32, 38, 45]",15,0,0,1,2,[],0.10944936886630283,0.3806947994991447,28.833333333333332
2022-11-23,random,v1.0.0,"[3, 14, 19, 20, 28, 47]",37,1,1,1,2,[3],0.10745522698875466,0.37177617994345324,21.833333333333332
2022-11-23,ema_gap,v1.0.0,"[3, 14, 19, 20, 28, 47]",37,0,0,1,1,[],0.11280840575049508,0.395744229031478,31.833333333333332
2022-11-23,logistic,v1.0.0,"[3, 14, 19, 20, 28, 47]",37,0,0,1,2,[],0.10783185715091984,0.3735105620563764,27.5
2022-11-23,ensemble,v1.0.0,"[3, 14, 19, 20, 28, 47]",37,0,0,1,1,[],0.10931741657805849,0.38035884033727047,33.833333333333336
2022-11-23,v2_statistical,v1.0.0,"[3, 14, 19, 20, 28, 47]",37,0,0,1,1,[],0.11537668471874744,0.40870105253518757,32.333333333333336
2022-11-23,v3_boosting,v1.0.0,"[3, 14, 19, 20, 28, 47]",37,0,0,0,2,[],0.11018629719666018,0.3830781608966454,28.5
2022-11-23,v4_ensemble,v1.0.0,"[3, 14, 19, 20, 28, 47]",37,0,0,1,2,[],0.11101660770468574,0.38862373881389023,33.833333333333336
2022-11-26,random,v1.0.0,"[18, 26, 32, 37, 42, 43]",10,0,0,0,1,[],0.10745522698875466,0.37177617994345313,33.0
2022-11-26,ema_gap,v1.0.0,"[18, 26, 32, 37, 42, 43]",10,0,0,1,1,[],0.11262644224511985,0.3954419351860668,31.166666666666668
2022-11-26,logistic,v1.0.0,"[18, 26, 32, 37, 42, 43]",10,0,0,0,1,[],0.10875694084096282,0.37758616016060426,29.833333333333332
2022-11-26,ensemble,v1.0.0,"[18, 26, 32, 37, 42, 43]",10,0,0,0,1,[],0.10924826732105326,0.37981748031354756,29.833333333333332
2022-11-26,v2_statistical,v1.0.0,"[18, 26, 32, 37, 42, 43]",10,0,0,0,1,[],0.11467385780146727,0.4012054807072331,28.833333333333332
2022-11-26,v3_boosting,v1.0.0,"[18, 26, 32, 37, 42, 43]",10,1,1,1,1,[43],0.10485055636320063,0.3634302825232619,23.666666666666668
2022-11-26,v4_ensemble,v1.0.0,"[18, 26, 32, 37, 42, 43]",10,1,1,1,1,[43],0.10890241292338015,0.3776342282685737,25.5
2022-11-30,random,v1.0.0,"[4, 11, 16, 19, 27, 35]",25,1,1,2,3,[4],0.10745522698875465,0.37177617994345336,18.666666666666668
2022-11-30,ema_gap,v1.0.0,"[4, 11, 16, 19, 27, 35]",25,2,2,2,2,"[19, 35]",0.10973308738051221,0.3844156390174275,27.833333333333332
2022-11-30,logistic,v1.0.0,"[4, 11, 16, 19, 27, 35]",25,2,2,2,3,"[11, 27]",0.10659474883035541,0.3678808584652882,21.666666666666668
2022-11-30,ensemble,v1.0.0,"[4, 11, 16, 19, 27, 35]",25,1,1,2,3,[35],0.10755529357766111,0.37220268016764685,25.0
2022-11-30,v2_statistical,v1.0.0,"[4, 11, 16, 19, 27, 35]",25,1,1,2,2,[19],0.11185130013181298,0.3967176193950832,28.833333333333332
2022-11-30,v3_boosting,v1.0.0,"[4, 11, 16, 19, 27, 35]",25,1,1,1,1,[27],0.10945689214448386,0.3802581622387247,29.5
2022-11-30,v4_ensemble,v1.0.0,"[4, 11, 16, 19, 27, 35]",25,0,0,2,2,[],0.10892064414851998,0.37850526996598177,27.833333333333332
2022-12-03,random,v1.0.0,"[4, 18, 26, 36, 41, 42]",32,1,1,1,2,[4],0.10745522698875466,0.3717761799434532,27.833333333333332
2022-12-03,ema_gap,v1.0.0,"[4, 18, 26, 36, 41, 42]",32,1,1,3,4,[36],0.10511509239549197,0.3589906333155558,16.5
2022-12-03,logistic,v1.0.0,"[4, 18, 26, 36, 41, 42]",32,0,0,0,1,[],0.1083549667152097,0.3748791863494152,27.166666666666668
2022-12-03,ensemble,v1.0.0,"[4, 18, 26, 36, 41, 42]",32,0,0,2,4,[],0.10694973269061714,0.3693600604741725,20.5
2022-12-03,v2_statistical,v1.0.0,"[4, 18, 26, 36, 41, 42]",32,1,1,3,3,[36],0.10620420746699673,0.3653078403317532,20.833333333333332
2022-12-03,v3_boosting,v1.0.0,"[4, 18, 26, 36, 41, 42]",32,1,1,2,3,[36],0.10543259681777299,0.36248734334339544,19.0
2022-12-03,v4_ensemble,v1.0.0,"[4, 18, 26, 36, 41, 42]",32,1,1,3,3,[36],0.10543499486782526,0.3631709511432762,20.0
2022-12-07,random,v1.0.0,"[22, 23, 38, 41, 44, 48]",8,0,0,0,0,[],0.10745522698875466,0.37177617994345313,36.0
2022-12-07,ema_gap,v1.0.0,"[22, 23, 38, 41, 44, 48]",8,1,1,1,1,[41],0.10912567644034898,0.37805856207345506,25.166666666666668
2022-12-07,logistic,v1.0.0,"[22, 23, 38, 41, 44, 48]",8,1,1,1,2,[38],0.10775172891340247,0.3730597721091189,25.666666666666668
2022-12-07,ensemble,v1.0.0,"[22, 23, 38, 41, 44, 48]",8,1,1,1,1,[41],0.10773791259202418,0.37288668055520074,24.833333333333332
2022-12-07,v2_statistical,v1.0.0,"[22, 23, 38, 41, 44, 48]",8,0,0,0,2,[],0.11199487130738792,0.38544074422636454,25.0
2022-12-07,v3_boosting,v1.0.0,"[22, 23, 38, 41, 44, 48]",8,0,0,1,2,[],0.10996798527573078,0.38020279900357107,25.0
2022-12-07,v4_ensemble,v1.0.0,"[22, 23, 38, 41, 44, 48]",8,0,0,0,2,[],0.10917333665260552,0.37834431913055183,26.166666666666668
2022-12-10,random,v1.0.0,"[10, 14, 20, 35, 37, 40]",48,0,0,1,2,[],0.10745522698875465,0.37177617994345324,26.0
2022-12-10,ema_gap,v1.0.0,"[10, 14, 20, 35, 37, 40]",48,2,2,3,4,"[35, 40]",0.10278680926566709,0.3496888744318655,14.0
2022-12-10,logistic,v1.0.0,"[10, 14, 20, 35, 37, 40]",48,1,1,1,2,[35],0.10730460776177436,0.3714775357951583,26.166666666666668
2022-12-10,ensemble,v1.0.0,"[10, 14, 20, 35, 37, 40]",48,2,2,2,3,"[35, 40]",0.10580775694710387,0.36425857442054843,18.5
2022-12-10,v2_statistical,v1.0.0,"[10, 14, 20, 35, 37, 40]",48,2,2,2,3,"[35, 40]",0.103248816830709,0.3515658165833951,17.5
2022-12-10,v3_boosting,v1.0.0,"[10, 14, 20, 35, 37, 40]",48,1,1,1,2,[10],0.10771669697305541,0.37191416212069306,22.666666666666668
2022-12-10,v4_ensemble,v1.0.0,"[10, 14, 20, 35, 37, 40]",48,2,2,3,3,"[35, 40]",0.10498555145677983,0.36002742948371164,17.666666666666668
2022-12-14,random,v1.0.0,"[9, 21, 34, 37, 41, 44]",24,0,0,1,1,[],0.10745522698875466,0.3717761799434531,31.0
2022-12-14,ema_gap,v1.0.0,"[9, 21, 34, 37, 41, 44]",24,2,2,4,5,"[21, 41]",0.10126526969049654,0.3446422713459233,13.166666666666666
2022-12-14,logistic,v1.0.0,"[9, 21, 34, 37, 41, 44]",24,0,0,0,0,[],0.10852411278633946,0.37664124593550874,30.833333333333332
2022-12-14,ensemble,v1.0.0,"[9, 21, 34, 37, 41, 44]",24,2,2,4,4,"[21, 41]",0.10544563976488384,0.36271628751113266,14.0
2022-12-14,v2_statistical,v1.0.0,"[9, 21, 34, 37, 41, 44]",24,2,2,4,6,"[21, 41]",0.1003882718500051,0.33583987609612065,10.666666666666666
2022-12-14,v3_boosting,v1.0.0,"[9, 21, 34, 37, 41, 44]",24,1,1,2,3,[9],0.1081644814983192,0.37488131349245424,24.5
2022-12-14,v4_ensemble,v1.0.0,"[9, 21, 34, 37, 41, 44]",24,3,3,4,4,"[9, 21, 41]",0.10413362545994258,0.3565960286797996,13.666666666666666
2022-12-17,random,v1.0.0,"[11, 18, 20, 23, 29, 42]",6,0,0,1,2,[],0.10745522698875465,0.37177617994345324,23.833333333333332
2022-12-17,ema_gap,v1.0.0,"[11, 18, 20, 23, 29, 42]",6,0,0,1,3,[],0.11002210632331257,0.3806347178249733,24.0
2022-12-17,logistic,v1.0.0,"[11, 18, 20, 23, 29, 42]",6,2,2,3,3,"[18, 20]",0.10606478688838313,0.3651844045718834,20.833333333333332
2022-12-17,ensemble,v1.0.0,"[11, 18, 20, 23, 29, 42]",6,1,1,2,2,[20],0.10754150293821048,0.372127209098008,24.0
2022-12-17,v2_statistical,v1.0.0,"[11, 18, 20, 23, 29, 42]",6,0,0,0,1,[],0.11390116353574076,0.39676311754770494,28.0
2022-12-17,v3_boosting,v1.0.0,"[11, 18, 20, 23, 29, 42]",6,1,1,2,4,[18],0.10517941386265571,0.35998071441839063,16.833333333333332
2022-12-17,v4_ensemble,v1.0.0,"[11, 18, 20, 23, 29, 42]",6,0,0,2,3,[],0.10771211946995284,0.3726375651181546,23.833333333333332
2022-12-21,random,v1.0.0,"[29, 34, 37, 38, 42, 49]",41,0,0,0,0,[],0.10745522698875469,0.3717761799434531,38.166666666666664
2022-12-21,ema_gap,v1.0.0,"[29, 34, 37, 38, 42, 49]",41,1,1,2,3,[37],0.10552299632049753,0.3603790680550278,17.666666666666668
2022-12-21,logistic,v1.0.0,"[29, 34, 37, 38, 42, 49]",41,3,3,3,4,"[38, 42, 49]",0.10570710645033882,0.3636117700814395,12.0
2022-12-21,ensemble,v1.0.0,"[29, 34, 37, 38, 42, 49]",41,1,1,3,4,[37],0.10581088389153029,0.3639992287377836,14.333333333333334
2022-12-21,v2_statistical,v1.0.0,"[29, 34, 37, 38, 42, 49]",41,0,0,3,4,[],0.10351638089550963,0.3480569972308265,15.166666666666666
2022-12-21,v3_boosting,v1.0.0,"[29, 34, 37, 38, 42, 49]",41,2,2,4,4,"[34, 38]",0.10508954776001816,0.3621090671826293,20.666666666666668
2022-12-21,v4_ensemble,v1.0.0,"[29, 34, 37, 38, 42, 49]",41,0,0,3,5,[],0.10419677057622743,0.3554377717831536,13.666666666666666
2022-12-24,random,v1.0.0,"[10, 11, 21, 22, 24, 30]",32,0,0,2,2,[],0.10745522698875465,0.37177617994345324,19.666666666666668
2022-12-24,ema_gap,v1.0.0,"[10, 11, 21, 22, 24, 30]",32,1,1,1,3,[21],0.10756925718472322,0.3725431190126654,22.666666666666668
2022-12-24,logistic,v1.0.0,"[10, 11, 21, 22, 24, 30]",32,1,1,1,2,[21],0.10789336574737571,0.37454602760193223,28.833333333333332
2022-12-24,ensemble,v1.0.0,"[10, 11, 21, 22, 24, 30]",32,1,1,1,2,[21],0.10750541362335683,0.3725911148429032,24.833333333333332
2022-12-24,v2_statistical,v1.0.0,"[10, 11, 21, 22, 24, 30]",32,1,1,1,2,[21],0.1103306170295819,0.38596092643911656,25.5
2022-12-24,v3_boosting,v1.0.0,"[10, 11, 21, 22, 24, 30]",32,0,0,0,0,[],0.11197769854418707,0.39155318301872344,33.166666666666664
2022-12-24,v4_ensemble,v1.0.0,"[10, 11, 21, 22, 24, 30]",32,0,0,1,1,[],0.1094842049339371,0.38082510034759975,27.666666666666668
2023-01-04,random,v1.0.0,"[4, 17, 21, 22, 31, 38]",46,1,1,1,2,[4],0.10745522698875466,0.37177617994345324,22.166666666666668
2023-01-04,ema_gap,v1.0.0,"[4, 17, 21, 22, 31, 38]",46,1,1,1,2,[21],0.10765934341093597,0.3764098513659768,25.333333333333332
2023-01-04,logistic,v1.0.0,"[4, 17, 21, 22, 31, 38]",46,2,2,3,4,"[4, 17]",0.10679691930457508,0.36917153309908735,20.333333333333332
2023-01-04,ensemble,v1.0.0,"[4, 17, 21, 22, 31, 38]",46,1,1,3,3,[21],0.10695856452853897,0.3697440577028381,22.5
2023-01-04,v2_statistical,v1.0.0,"[4, 17, 21, 22, 31, 38]",46,1,1,1,2,[21],0.10894386373636215,0.38402438425207924,23.333333333333332
2023-01-04,v3_boosting,v1.0.0,"[4, 17, 21, 22, 31, 38]",46,1,1,3,3,[31],0.10567708232825031,0.3648508439980922,21.833333333333332
2023-01-04,v4_ensemble,v1.0.0,"[4, 17, 21, 22, 31, 38]",46,1,1,2,2,[21],0.10649070336550745,0.3688953525544713,21.833333333333332
2023-01-07,random,v1.0.0,"[5, 6, 14, 16, 45, 48]",18,2,2,2,4,"[5, 6]",0.10745522698875465,0.37177617994345336,22.333333333333332
2023-01-07,ema_gap,v1.0.0,"[5, 6, 14, 16, 45, 48]",18,0,0,0,0,[],0.11366041859375137,0.39803179033209996,32.666666666666664
2023-01-07,logistic,v1.0.0,"[5, 6, 14, 16, 45, 48]",18,1,1,1,3,[48],0.10694654169154856,0.36924655021390373,23.166666666666668
2023-01-07,ensemble,v1.0.0,"[5, 6, 14, 16, 45, 48]",18,0,0,1,2,[],0.10853739019881926,0.37671290023853793,29.5
2023-01-07,v2_statistical,v1.0.0,"[5, 6, 14, 16, 45, 48]",18,0,0,0,0,[],0.11798604388382669,0.4170174814224372,34.166666666666664
2023-01-07,v3_boosting,v1.0.0,"[5, 6, 14, 16, 45, 48]",18,1,1,2,2,[14],0.10673699895863044,0.368199325152452,22.333333333333332
2023-01-07,v4_ensemble,v1.0.0,"[5, 6, 14, 16, 45, 48]",18,0,0,0,1,[],0.11048097293947147,0.3848104614679377,31.5
2023-01-11,random,v1.0.0,"[13, 17, 22, 30, 31, 47]",7,0,0,0,2,[],0.10745522698875466,0.37177617994345324,26.666666666666668
2023-01-11,ema_gap,v1.0.0,"[13, 17, 22, 30, 31, 47]",7,0,0,0,1,[],0.11469120386973004,0.4058684005670905,36.166666666666664
2023-01-11,logistic,v1.0.0,"[13, 17, 22, 30, 31, 47]",7,0,0,1,2,[],0.10786115311353854,0.37345438423319427,28.166666666666668
2023-01-11,ensemble,v1.0.0,"[13, 17, 22, 30, 31, 47]",7,0,0,0,0,[],0.10988469089910494,0.38315788849238747,37.666666666666664
2023-01-11,v2_statistical,v1.0.0,"[13, 17, 22, 30, 31, 47]",7,0,0,0,0,[],0.1200188661311538,0.43062240600346346,36.666666666666664
2023-01-11,v3_boosting,v1.0.0,"[13, 17, 22, 30, 31, 47]",7,0,0,0,1,[],0.11247154221427393,0.3911741037198196,29.333333333333332
2023-01-11,v4_ensemble,v1.0.0,"[13, 17, 22, 30, 31, 47]",7,0,0,0,0,[],0.11328465533455992,0.39875680456964246,38.333333333333336
2023-01-14,random,v1.0.0,"[1, 10, 11, 13, 29, 37]",47,1,1,3,4,[1],0.10745522698875463,0.3717761799434534,16.833333333333332
2023-01-14,ema_gap,v1.0.0,"[1, 10, 11, 13, 29, 37]",47,1,1,2,3,[37],0.10630717944740156,0.3653531473782088,20.666666666666668
2023-01-14,logistic,v1.0.0,"[1, 10, 11, 13, 29, 37]",47,1,1,1,3,[37],0.1066548351723173,0.3674781579180527,18.833333333333332
2023-01-14,ensemble,v1.0.0,"[1, 10, 11, 13, 29, 37]",47,1,1,2,2,[37],0.10682087430496427,0.36838476774772244,21.5
2023-01-14,v2_statistical,v1.0.0,"[1, 10, 11, 13, 29, 37]",47,1,1,1,2,[37],0.11207544740346288,0.39092373114888135,26.833333333333332
2023-01-14,v3_boosting,v1.0.0,"[1, 10, 11, 13, 29, 37]",47,0,0,1,2,[],0.10878260848941092,0.3767789507023209,26.166666666666668
2023-01-14,v4_ensemble,v1.0.0,"[1, 10, 11, 13, 29, 37]",47,1,1,2,2,[37],0.10837271435123447,0.3757480604760362,26.0
2023-01-18,random,v1.0.0,"[6, 13, 25, 31, 41, 47]",46,1,1,1,2,[6],0.10745522698875465,0.3717761799434532,27.166666666666668
2023-01-18,ema_gap,v1.0.0,"[6, 13, 25, 31, 41, 47]",46,1,1,1,2,[41],0.10879660415083911,0.3763320629445228,25.0
2023-01-18,logistic,v1.0.0,"[6, 13, 25, 31, 41, 47]",46,0,0,0,1,[],0.10897201101182988,0.3787307424930593,31.5
2023-01-18,ensemble,v1.0.0,"[6, 13, 25, 31, 41, 47]",46,1,1,1,1,[41],0.10835624174021383,0.3759358780915084,30.833333333333332
2023-01-18,v2_statistical,v1.0.0,"[6, 13, 25, 31, 41, 47]",46,1,1,1,2,[41],0.11154788286581438,0.38853573177951994,27.166666666666668
2023-01-18,v3_boosting,v1.0.0,"[6, 13, 25, 31, 41, 47]",46,0,0,0,1,[],0.11260704799658643,0.39656215665473166,34.166666666666664
2023-01-18,v4_ensemble,v1.0.0,"[6, 13, 25, 31, 41, 47]",46,1,1,1,1,[41],0.1102150743873264,0.38482455106378294,32.666666666666664
2023-01-21,random,v1.0.0,"[8, 11, 27, 35, 38, 45]",48,0,0,2,2,[],0.10745522698875465,0.37177617994345313,27.333333333333332
2023-01-21,ema_gap,v1.0.0,"[8, 11, 27, 35, 38, 45]",48,1,1,3,3,[35],0.10885045366735865,0.3777994557627793,24.166666666666668
2023-01-21,logistic,v1.0.0,"[8, 11, 27, 35, 38, 45]",48,0,0,1,3,[],0.10764862976062771,0.3723475253305343,23.166666666666668
2023-01-21,ensemble,v1.0.0,"[8, 11, 27, 35, 38, 45]",48,2,2,3,3,"[35, 38]",0.1075927982974178,0.37247832848778983,22.666666666666668
2023-01-21,v2_statistical,v1.0.0,"[8, 11, 27, 35, 38, 45]",48,0,0,1,4,[],0.10779045992859472,0.3658531751871789,18.833333333333332
2023-01-21,v3_boosting,v1.0.0,"[8, 11, 27, 35, 38, 45]",48,1,1,2,3,[27],0.1069467742504276,0.3678227585323993,19.833333333333332
2023-01-21,v4_ensemble,v1.0.0,"[8, 11, 27, 35, 38, 45]",48,0,0,1,4,[],0.10663653265165601,0.3666661374138649,19.333333333333332
2023-01-25,random,v1.0.0,"[5, 13, 24, 33, 35, 41]",43,1,1,1,2,[5],0.10745522698875466,0.3717761799434532,25.166666666666668
2023-01-25,ema_gap,v1.0.0,"[5, 13, 24, 33, 35, 41]",43,2,2,3,3,"[35, 41]",0.1042538674350272,0.3589524535470258,19.833333333333332
2023-01-25,logistic,v1.0.0,"[5, 13, 24, 33, 35, 41]",43,0,0,2,2,[],0.1072817711375706,0.3707337716814832,24.0
2023-01-25,ensemble,v1.0.0,"[5, 13, 24, 33, 35, 41]",43,2,2,2,3,"[35, 41]",0.10617236351097953,0.36627446391233565,21.5
2023-01-25,v2_statistical,v1.0.0,"[5, 13, 24, 33, 35, 41]",43,2,2,2,2,"[35, 41]",0.10901588784668999,0.37845058011447896,23.833333333333332
2023-01-25,v3_boosting,v1.0.0,"[5, 13, 24, 33, 35, 41]",43,0,0,0,0,[],0.11062563861809098,0.3830203649125785,26.333333333333332
2023-01-25,v4_ensemble,v1.0.0,"[5, 13, 24, 33, 35, 41]",43,2,2,2,2,"[35, 41]",0.10774918192033177,0.37351526609156693,25.166666666666668
2023-01-28,random,v1.0.0,"[5, 12, 15, 26, 46, 48]",17,1,1,2,3,[5],0.10745522698875465,0.37177617994345336,25.333333333333332
2023-01-28,ema_gap,v1.0.0,"[5, 12, 15, 26, 46, 48]",17,0,0,0,0,[],0.11297382350230625,0.39667736733556325,31.833333333333332
2023-01-28,logistic,v1.0.0,"[5, 12, 15, 26, 46, 48]",17,0,0,1,1,[],0.10844077132216477,0.37607014289222984,27.166666666666668
2023-01-28,ensemble,v1.0.0,"[5, 12, 15, 26, 46, 48]",17,0,0,0,0,[],0.10908881540467813,0.3787872744452087,29.5
2023-01-28,v2_statistical,v1.0.0,"[5, 12, 15, 26, 46, 48]",17,0,0,0,0,[],0.11604809225661922,0.40459044998831106,30.833333333333332
2023-01-28,v3_boosting,v1.0.0,"[5, 12, 15, 26, 46, 48]",17,0,0,1,1,[],0.11183965729791476,0.39012169308902056,29.5
2023-01-28,v4_ensemble,v1.0.0,"[5, 12, 15, 26, 46, 48]",17,0,0,0,0,[],0.1118593842646229,0.3905262760889618,33.333333333333336
2023-02-01,random,v1.0.0,"[8, 22, 23, 24, 34, 38]",41,0,0,1,1,[],0.10745522698875466,0.3717761799434532,24.833333333333332
2023-02-01,ema_gap,v1.0.0,"[8, 22, 23, 24, 34, 38]",41,0,0,1,3,[],0.1076790513169173,0.3695893833295694,22.5
2023-02-01,logistic,v1.0.0,"[8, 22, 23, 24, 34, 38]",41,1,1,2,2,[23],0.10795041952240131,0.37409867473102887,24.833333333333332
2023-02-01,ensemble,v1.0.0,"[8, 22, 23, 24, 34, 38]",41,0,0,1,3,[],0.10729373859488771,0.3707581418837026,21.333333333333332
2023-02-01,v2_statistical,v1.0.0,"[8, 22, 23, 24, 34, 38]",41,1,1,1,3,[38],0.10609903331069045,0.3612482162959247,20.833333333333332
2023-02-01,v3_boosting,v1.0.0,"[8, 22, 23, 24, 34, 38]",41,1,1,3,4,[22],0.10581585004678783,0.36265879981618904,17.333333333333332
2023-02-01,v4_ensemble,v1.0.0,"[8, 22, 23, 24, 34, 38]",41,1,1,2,3,[38],0.10597044938768116,0.36389096978980834,18.333333333333332
2023-02-04,random,v1.0.0,"[11, 13, 29, 31, 42, 47]",17,0,0,1,2,[],0.10745522698875466,0.37177617994345313,28.833333333333332
2023-02-04,ema_gap,v1.0.0,"[11, 13, 29, 31, 42, 47]",17,0,0,2,3,[],0.10662028512709215,0.3651570641416652,20.166666666666668
2023-02-04,logistic,v1.0.0,"[11, 13, 29, 31, 42, 47]",17,1,1,2,5,[47],0.10463165204469824,0.35824796205794623,13.833333333333334
2023-02-04,ensemble,v1.0.0,"[11, 13, 29, 31, 42, 47]",17,1,1,4,5,[11],0.1056399438932966,0.3633237881248467,12.0
2023-02-04,v2_statistical,v1.0.0,"[11, 13, 29, 31, 42, 47]",17,0,0,1,2,[],0.10921915297377477,0.3729160530191002,22.833333333333332
2023-02-04,v3_boosting,v1.0.0,"[11, 13, 29, 31, 42, 47]",17,2,2,4,4,"[11, 13]",0.10440974121452692,0.3597531824841096,16.833333333333332
2023-02-04,v4_ensemble,v1.0.0,"[11, 13, 29, 31, 42, 47]",17,1,1,2,3,[11],0.1053284256346557,0.36140092954346537,15.666666666666666
2023-02-08,random,v1.0.0,"[6, 12, 19, 24, 38, 47]",27,1,1,2,2,[6],0.10745522698875465,0.37177617994345324,24.333333333333332
2023-02-08,ema_gap,v1.0.0,"[6, 12, 19, 24, 38, 47]",27,1,1,2,2,[38],0.10569977045932664,0.3609252890950714,18.833333333333332
2023-02-08,logistic,v1.0.0,"[6, 12, 19, 24, 38, 47]",27,0,0,1,2,[],0.10806582316976508,0.3746372698457257,27.333333333333332
2023-02-08,ensemble,v1.0.0,"[6, 12, 19, 24, 38, 47]",27,1,1,2,2,[38],0.10691494782451341,0.3689468434137822,21.5
2023-02-08,v2_statistical,v1.0.0,"[6, 12, 19, 24, 38, 47]",27,1,1,1,3,[38],0.10613589624391036,0.36034185896726045,19.666666666666668
2023-02-08,v3_boosting,v1.0.0,"[6, 12, 19, 24, 38, 47]",27,1,1,2,3,[6],0.10597616600611404,0.36436218401593,21.0
2023-02-08,v4_ensemble,v1.0.0,"[6, 12, 19, 24, 38, 47]",27,1,1,1,3,[38],0.1057479486786458,0.3629723920587402,17.5
2023-02-11,random,v1.0.0,"[4, 17, 21, 27, 32, 42]",30,1,1,1,2,[4],0.10745522698875465,0.37177617994345324,23.833333333333332
2023-02-11,ema_gap,v1.0.0,"[4, 17, 21, 27, 32, 42]",30,1,1,2,2,[21],0.10991745623487643,0.38438164159090044,28.0
2023-02-11,logistic,v1.0.0,"[4, 17, 21, 27, 32, 42]",30,0,0,0,1,[],0.11037672467858689,0.38547716281149985,37.166666666666664
2023-02-11,ensemble,v1.0.0,"[4, 17, 21, 27, 32, 42]",30,1,1,1,2,[21],0.10919339056474377,0.38031664125050385,30.833333333333332
2023-02-11,v2_statistical,v1.0.0,"[4, 17, 21, 27, 32, 42]",30,1,1,1,1,[21],0.10998097678540103,0.3855791919363914,27.0
2023-02-11,v3_boosting,v1.0.0,"[4, 17, 21, 27, 32, 42]",30,1,1,2,2,[21],0.10814368193569948,0.3748743080996457,24.833333333333332
2023-02-11,v4_ensemble,v1.0.0,"[4, 17, 21, 27, 32, 42]",30,1,1,1,1,[21],0.10868740177803679,0.37949332378455886,28.666666666666668
2023-02-15,random,v1.0.0,"[1, 3, 8, 37, 41, 43]",16,2,2,3,3,"[1, 3]",0.10745522698875465,0.37177617994345336,22.166666666666668
2023-02-15,ema_gap,v1.0.0,"[1, 3, 8, 37, 41, 43]",16,1,1,2,2,[41],0.10975417724052688,0.3861323052326613,28.166666666666668
2023-02-15,logistic,v1.0.0,"[1, 3, 8, 37, 41, 43]",16,1,1,3,3,[43],0.10631809204442462,0.3667056938256171,19.0
2023-02-15,ensemble,v1.0.0,"[1, 3, 8, 37, 41, 43]",16,2,2,2,2,"[37, 41]",0.10747064270334279,0.3720175730072519,26.333333333333332
2023-02-15,v2_statistical,v1.0.0,"[1, 3, 8, 37, 41, 43]",16,1,1,1,2,[41],0.1127697634116715,0.39824106453719216,28.0
2023-02-15,v3_boosting,v1.0.0,"[1, 3, 8, 37, 41, 43]",16,1,1,1,1,[3],0.1103116987839236,0.38541956009616785,29.333333333333332
2023-02-15,v4_ensemble,v1.0.0,"[1, 3, 8, 37, 41, 43]",16,0,0,0,2,[],0.10945217237710966,0.3805538748629732,29.833333333333332
2023-02-18,random,v1.0.0,"[3, 5, 7, 10, 26, 39]",22,2,2,4,4,"[3, 5]",0.10745522698875465,0.37177617994345347,15.0
2023-02-18,ema_gap,v1.0.0,"[3, 5, 7, 10, 26, 39]",22,0,0,0,1,[],0.11326799200282138,0.40007672460511584,32.166666666666664
2023-02-18,logistic,v1.0.0,"[3, 5, 7, 10, 26, 39]",22,0,0,1,3,[],0.10752515507297991,0.37133183576258155,24.666666666666668
2023-02-18,ensemble,v1.0.0,"[3, 5, 7, 10, 26, 39]",22,0,0,0,2,[],0.10878052710423755,0.37798122014409963,31.666666666666668
2023-02-18,v2_statistical,v1.0.0,"[3, 5, 7, 10, 26, 39]",22,0,0,0,0,[],0.11753884242426917,0.4175916393447157,35.5
2023-02-18,v3_boosting,v1.0.0,"[3, 5, 7, 10, 26, 39]",22,1,1,2,3,[5],0.10775022510392353,0.3742543771377382,24.0
2023-02-18,v4_ensemble,v1.0.0,"[3, 5, 7, 10, 26, 39]",22,0,0,1,1,[],0.11039745885428805,0.38626646422697797,30.666666666666668
2023-02-22,random,v1.0.0,"[3, 19, 24, 25, 27, 43]",34,1,1,1,1,[3],0.10745522698875466,0.3717761799434532,23.5
2023-02-22,ema_gap,v1.0.0,"[3, 19, 24, 25, 27, 43]",34,0,0,1,2,[],0.11089570436551142,0.3862806265305614,29.5
2023-02-22,logistic,v1.0.0,"[3, 19, 24, 25, 27, 43]",34,1,1,2,2,[43],0.10750045500482336,0.37223167403396407,24.5
2023-02-22,ensemble,v1.0.0,"[3, 19, 24, 25, 27, 43]",34,0,0,2,2,[],0.10862109374135769,0.3770959505682441,30.5
2023-02-22,v2_statistical,v1.0.0,"[3, 19, 24, 25, 27, 43]",34,0,0,0,1,[],0.11419385553043052,0.39738260760828187,30.0
2023-02-22,v3_boosting,v1.0.0,"[3, 19, 24, 25, 27, 43]",34,1,1,1,2,[27],0.11063913999924509,0.38877432216143726,30.166666666666668
2023-02-22,v4_ensemble,v1.0.0,"[3, 19, 24, 25, 27, 43]",34,0,0,1,1,[],0.1101592040724873,0.3843594935797846,32.0
2023-02-25,random,v1.0.0,"[2, 23, 24, 25, 39, 40]",21,1,1,1,1,[2],0.10745522698875465,0.3717761799434532,25.5
2023-02-25,ema_gap,v1.0.0,"[2, 23, 24, 25, 39, 40]",21,1,1,1,1,[24],0.11121896203561925,0.39271363102040463,28.666666666666668
2023-02-25,logistic,v1.0.0,"[2, 23, 24, 25, 39, 40]",21,0,0,2,2,[],0.10741426099173534,0.3711983140021133,23.5
2023-02-25,ensemble,v1.0.0,"[2, 23, 24, 25, 39, 40]",21,1,1,1,2,[24],0.10860212710967565,0.37729765988343944,28.333333333333332
2023-02-25,v2_statistical,v1.0.0,"[2, 23, 24, 25, 39, 40]",21,0,0,1,2,[],0.11474510738602653,0.40993931127558325,28.833333333333332
2023-02-25,v3_boosting,v1.0.0,"[2, 23, 24, 25, 39, 40]",21,0,0,1,2,[],0.10973235568453206,0.378200085049421,23.666666666666668
2023-02-25,v4_ensemble,v1.0.0,"[2, 23, 24, 25, 39, 40]",21,0,0,1,2,[],0.11041910196412205,0.3836989417352737,28.833333333333332
2023-03-01,random,v1.0.0,"[3, 8, 10, 14, 34, 35]",44,1,1,3,4,[3],0.10745522698875465,0.37177617994345336,17.333333333333332
2023-03-01,ema_gap,v1.0.0,"[3, 8, 10, 14, 34, 35]",44,1,1,2,3,[35],0.10716576640166807,0.36836192613651086,21.333333333333332
2023-03-01,logistic,v1.0.0,"[3, 8, 10, 14, 34, 35]",44,0,0,1,1,[],0.10828410481844697,0.37539730964019,27.833333333333332
2023-03-01,ensemble,v1.0.0,"[3, 8, 10, 14, 34, 35]",44,1,1,1,2,[35],0.10725854998166853,0.3706459075132388,23.666666666666668
2023-03-01,v2_statistical,v1.0.0,"[3, 8, 10, 14, 34, 35]",44,0,0,2,4,[],0.10760926096088948,0.3697805531599212,19.333333333333332
2023-03-01,v3_boosting,v1.0.0,"[3, 8, 10, 14, 34, 35]",44,1,1,1,3,[35],0.10863375332996017,0.3765094243221661,25.5
2023-03-01,v4_ensemble,v1.0.0,"[3, 8, 10, 14, 34, 35]",44,1,1,2,3,[35],0.10734898192699327,0.3706561259834923,23.0
2023-03-04,random,v1.0.0,"[3, 9, 19, 22, 37, 43]",27,1,1,2,2,[3],0.10745522698875465,0.37177617994345324,22.166666666666668
2023-03-04,ema_gap,v1.0.0,"[3, 9, 19, 22, 37, 43]",27,1,1,2,4,[37],0.10646472345100935,0.36543807932812217,20.0
2023-03-04,logistic,v1.0.0,"[3, 9, 19, 22, 37, 43]",27,0,0,2,2,[],0.10845642396388122,0.3763762171195086,30.0
2023-03-04,ensemble,v1.0.0,"[3, 9, 19, 22, 37, 43]",27,1,1,2,3,[3],0.10718413689836365,0.37046812940513224,22.0
2023-03-04,v2_statistical,v1.0.0,"[3, 9, 19, 22, 37, 43]",27,0,0,1,2,[],0.1085351906859957,0.36970169780004036,22.0
2023-03-04,v3_boosting,v1.0.0,"[3, 9, 19, 22, 37, 43]",27,1,1,2,3,[22],0.10683531944462654,0.37172530476165977,26.166666666666668
2023-03-04,v4_ensemble,v1.0.0,"[3, 9, 19, 22, 37, 43]",27,1,1,2,3,[22],0.10679349821222105,0.3683944370442901,21.333333333333332
2023-03-08,random,v1.0.0,"[6, 9, 25, 34, 36, 43]",38,1,1,2,2,[6],0.10745522698875465,0.3717761799434532,25.5
2023-03-08,ema_gap,v1.0.0,"[6, 9, 25, 34, 36, 43]",38,0,0,0,1,[],0.10967187406859072,0.37805616822458293,24.166666666666668
2023-03-08,logistic,v1.0.0,"[6, 9, 25, 34, 36, 43]",38,0,0,1,3,[],0.10794878460621621,0.37404525614615125,27.0
2023-03-08,ensemble,v1.0.0,"[6, 9, 25, 34, 36, 43]",38,0,0,1,2,[],0.10784761600379794,0.3732040538653299,26.0
2023-03-08,v2_statistical,v1.0.0,"[6, 9, 25, 34, 36, 43]",38,0,0,1,2,[],0.10883478349546961,0.3719151391647102,22.0
2023-03-08,v3_boosting,v1.0.0,"[6, 9, 25, 34, 36, 43]",38,2,2,3,3,"[34, 43]",0.10396671473551428,0.3572368599883462,18.5
2023-03-08,v4_ensemble,v1.0.0,"[6, 9, 25, 34, 36, 43]",38,1,1,2,3,[34],0.10649835870520964,0.3668275386023981,21.333333333333332
2023-03-11,random,v1.0.0,"[6, 13, 21, 29, 33, 49]",22,1,1,1,2,[6],0.10745522698875466,0.37177617994345324,25.166666666666668
2023-03-11,ema_gap,v1.0.0,"[6, 13, 21, 29, 33, 49]",22,1,1,2,3,[21],0.10789849795782522,0.37297977125896786,23.666666666666668
2023-03-11,logistic,v1.0.0,"[6, 13, 21, 29, 33, 49]",22,0,0,2,2,[],0.10847504358813188,0.37602716966997696,27.0
2023-03-11,ensemble,v1.0.0,"[6, 13, 21, 29, 33, 49]",22,1,1,1,2,[21],0.10715655494351439,0.3700842784853668,23.0
2023-03-11,v2_statistical,v1.0.0,"[6, 13, 21, 29, 33, 49]",22,1,1,1,2,[21],0.10744391181565013,0.3717075786274979,23.5
2023-03-11,v3_boosting,v1.0.0,"[6, 13, 21, 29, 33, 49]",22,0,0,1,3,[],0.10589391464212727,0.3625002265125047,18.5
2023-03-11,v4_ensemble,v1.0.0,"[6, 13, 21, 29, 33, 49]",22,1,1,2,2,[21],0.10642944127906412,0.36703432374796097,22.333333333333332
2023-03-15,random,v1.0.0,"[4, 9, 26, 27, 28, 33]",30,1,1,2,2,[4],0.10745522698875465,0.3717761799434532,21.166666666666668
2023-03-15,ema_gap,v1.0.0,"[4, 9, 26, 27, 28, 33]",30,0,0,1,1,[],0.11174157675420138,0.39148396723139567,30.0
2023-03-15,logistic,v1.0.0,"[4, 9, 26, 27, 28, 33]",30,0,0,0,2,[],0.1078835868462562,0.37316390140562533,26.0
2023-03-15,ensemble,v1.0.0,"[4, 9, 26, 27, 28, 33]",30,0,0,0,1,[],0.10849618087200477,0.3765064697092972,31.5
2023-03-15,v2_statistical,v1.0.0,"[4, 9, 26, 27, 28, 33]",30,1,1,1,1,[9],0.11198422805135368,0.3931651143372048,28.166666666666668
2023-03-15,v3_boosting,v1.0.0,"[4, 9, 26, 27, 28, 33]",30,2,2,2,2,"[4, 28]",0.10719177484716638,0.37283956549435376,27.166666666666668
2023-03-15,v4_ensemble,v1.0.0,"[4, 9, 26, 27, 28, 33]",30,1,1,1,2,[9],0.10874410131193042,0.3772611985754404,27.5
2023-03-18,random,v1.0.0,"[4, 7, 8, 15, 34, 45]",1,1,1,3,4,[4],0.10745522698875466,0.37177617994345336,18.833333333333332
2023-03-18,ema_gap,v1.0.0,"[4, 7, 8, 15, 34, 45]",1,0,0,0,1,[],0.11073537136676018,0.3850622916502525,27.833333333333332
2023-03-18,logistic,v1.0.0,"[4, 7, 8, 15, 34, 45]",1,0,0,0,2,[],0.10885046701022484,0.3769428584810948,26.5
2023-03-18,ensemble,v1.0.0,"[4, 7, 8, 15, 34, 45]",1,0,0,0,2,[],0.10835946688764402,0.37581679675026286,29.833333333333332
2023-03-18,v2_statistical,v1.0.0,"[4, 7, 8, 15, 34, 45]",1,0,0,1,1,[],0.10939189804739274,0.37294400664309324,23.333333333333332
2023-03-18,v3_boosting,v1.0.0,"[4, 7, 8, 15, 34, 45]",1,0,0,1,1,[],0.10955628814474429,0.3806478168615632,28.666666666666668
2023-03-18,v4_ensemble,v1.0.0,"[4, 7, 8, 15, 34, 45]",1,0,0,1,2,[],0.10863803161039318,0.37668886447414607,28.833333333333332
2023-03-22,random,v1.0.0,"[2, 7, 9, 11, 39, 41]",48,1,1,4,4,[2],0.10745522698875465,0.3717761799434534,18.166666666666668
2023-03-22,ema_gap,v1.0.0,"[2, 7, 9, 11, 39, 41]",48,2,2,2,2,"[9, 41]",0.10870786555145914,0.3792435727732129,25.5
2023-03-22,logistic,v1.0.0,"[2, 7, 9, 11, 39, 41]",48,0,0,0,1,[],0.1079887516107916,0.3740574450306108,27.166666666666668
2023-03-22,ensemble,v1.0.0,"[2, 7, 9, 11, 39, 41]",48,2,2,2,2,"[9, 41]",0.10797396410123448,0.3745245380019308,25.333333333333332
2023-03-22,v2_statistical,v1.0.0,"[2, 7, 9, 11, 39, 41]",48,1,1,2,2,[9],0.11117057476927111,0.39612882078204004,26.833333333333332
2023-03-22,v3_boosting,v1.0.0,"[2, 7, 9, 11, 39, 41]",48,1,1,4,6,[39],0.10241996705093699,0.3463824203336179,11.0
2023-03-22,v4_ensemble,v1.0.0,"[2, 7, 9, 11, 39, 41]",48,2,2,2,3,"[9, 41]",0.10618573397928113,0.3661171923091705,20.833333333333332
2023-03-25,random,v1.0.0,"[11, 12, 13, 16, 22, 28]",27,0,0,2,4,[],0.10745522698875463,0.37177617994345336,17.0
2023-03-25,ema_gap,v1.0.0,"[11, 12, 13, 16, 22, 28]",27,0,0,2,3,[],0.10937641040124949,0.3810858170243345,25.333333333333332
2023-03-25,logistic,v1.0.0,"[11, 12, 13, 16, 22, 28]",27,0,0,0,0,[],0.1087259070644161,0.37735416735010807,31.666666666666668
2023-03-25,ensemble,v1.0.0,"[11, 12, 13, 16, 22, 28]",27,0,0,0,2,[],0.10845344211380244,0.3759848286062521,27.5
2023-03-25,v2_statistical,v1.0.0,"[11, 12, 13, 16, 22, 28]",27,0,0,0,1,[],0.11421599560489919,0.40090271721727383,29.5
2023-03-25,v3_boosting,v1.0.0,"[11, 12, 13, 16, 22, 28]",27,0,0,1,3,[],0.1091643359413206,0.3772124577643062,22.833333333333332
2023-03-25,v4_ensemble,v1.0.0,"[11, 12, 13, 16, 22, 28]",27,0,0,0,1,[],0.11004420213716745,0.38188292868941215,28.833333333333332
2023-03-29,random,v1.0.0,"[9, 10, 12, 17, 30, 45]",44,0,0,3,4,[],0.10745522698875465,0.37177617994345336,20.5
2023-03-29,ema_gap,v1.0.0,"[9, 10, 12, 17, 30, 45]",44,1,1,2,3,[9],0.10958819387962196,0.3852662419536753,26.5
2023-03-29,logistic,v1.0.0,"[9, 10, 12, 17, 30, 45]",44,2,2,2,2,"[17, 30]",0.10641195828043487,0.36675389085069393,20.666666666666668
2023-03-29,ensemble,v1.0.0,"[9, 10, 12, 17, 30, 45]",44,1,1,1,2,[9],0.10743895467514009,0.3717131854478972,25.666666666666668
2023-03-29,v2_statistical,v1.0.0,"[9, 10, 12, 17, 30, 45]",44,1,1,1,2,[9],0.11126083111940523,0.3952942877218518,26.833333333333332
2023-03-29,v3_boosting,v1.0.0,"[9, 10, 12, 17, 30, 45]",44,0,0,0,1,[],0.1130187266984705,0.39782984717364445,34.833333333333336
2023-03-29,v4_ensemble,v1.0.0,"[9, 10, 12, 17, 30, 45]",44,1,1,1,1,[9],0.10985469278402582,0.3844656812688377,29.833333333333332
2023-04-01,random,v1.0.0,"[5, 11, 23, 31, 45, 49]",6,1,1,2,2,[5],0.10745522698875466,0.3717761799434532,27.333333333333332
2023-04-01,ema_gap,v1.0.0,"[5, 11, 23, 31, 45, 49]",6,1,1,1,1,[11],0.10887408510197145,0.3761692727599754,25.0
2023-04-01,logistic,v1.0.0,"[5, 11, 23, 31, 45, 49]",6,0,0,0,2,[],0.10833982405718785,0.3752722559044735,28.666666666666668
2023-04-01,ensemble,v1.0.0,"[5, 11, 23, 31, 45, 49]",6,0,0,1,2,[],0.10789736410660218,0.3737091651101562,27.0
2023-04-01,v2_statistical,v1.0.0,"[5, 11, 23, 31, 45, 49]",6,0,0,2,2,[],0.10864491107620441,0.3743682555821794,23.166666666666668
2023-04-01,v3_boosting,v1.0.0,"[5, 11, 23, 31, 45, 49]",6,0,0,1,2,[],0.10872133296918164,0.3758831850398976,26.0
2023-04-01,v4_ensemble,v1.0.0,"[5, 11, 23, 31, 45, 49]",6,0,0,2,2,[],0.10785013672335586,0.373153712275131,24.833333333333332
2023-04-05,random,v1.0.0,"[10, 17, 21, 22, 41, 42]",3,0,0,1,2,[],0.10745522698875466,0.37177617994345324,25.5
2023-04-05,ema_gap,v1.0.0,"[10, 17, 21, 22, 41, 42]",3,3,3,4,4,"[10, 21, 41]",0.10245757540889358,0.34973275180268226,14.333333333333334
2023-04-05,logistic,v1.0.0,"[10, 17, 21, 22, 41, 42]",3,1,1,2,4,[17],0.1074181223730248,0.3719106062359001,22.666666666666668
2023-04-05,ensemble,v1.0.0,"[10, 17, 21, 22, 41, 42]",3,3,3,3,3,"[10, 21, 41]",0.10549104279564271,0.3628378684521574,15.833333333333334
2023-04-05,v2_statistical,v1.0.0,"[10, 17, 21, 22, 41, 42]",3,3,3,3,4,"[10, 21, 41]",0.10069647235823118,0.34345692248381765,15.166666666666666
2023-04-05,v3_boosting,v1.0.0,"[10, 17, 21, 22, 41, 42]",3,0,0,0,0,[],0.11215166905205926,0.3949761017377062,36.5
2023-04-05,v4_ensemble,v1.0.0,"[10, 17, 21, 22, 41, 42]",3,2,2,2,3,"[10, 41]",0.10569047126397382,0.36353865953403186,19.333333333333332
2023-04-08,random,v1.0.0,"[8, 13, 16, 27, 31, 46]",41,0,0,1,3,[],0.10745522698875466,0.37177617994345336,23.5
2023-04-08,ema_gap,v1.0.0,"[8, 13, 16, 27, 31, 46]",41,0,0,1,2,[],0.11074244941851874,0.3874665998733354,27.833333333333332
2023-04-08,logistic,v1.0.0,"[8, 13, 16, 27, 31, 46]",41,0,0,0,0,[],0.11022911957327106,0.3849154765624138,39.333333333333336
2023-04-08,ensemble,v1.0.0,"[8, 13, 16, 27, 31, 46]",41,0,0,1,1,[],0.1096851653915729,0.3823859706267665,32.333333333333336
2023-04-08,v2_statistical,v1.0.0,"[8, 13, 16, 27, 31, 46]",41,0,0,2,3,[],0.10984860596767745,0.37948138904987117,22.5
2023-04-08,v3_boosting,v1.0.0,"[8, 13, 16, 27, 31, 46]",41,0,0,1,1,[],0.11110412842250318,0.3864359566185316,27.833333333333332
2023-04-08,v4_ensemble,v1.0.0,"[8, 13, 16, 27, 31, 46]",41,0,0,0,3,[],0.1097506604066242,0.3824350586940855,27.0
2023-04-12,random,v1.0.0,"[9, 10, 19, 23, 32, 37]",46,0,0,2,2,[],0.10745522698875463,0.37177617994345324,21.666666666666668
2023-04-12,ema_gap,v1.0.0,"[9, 10, 19, 23, 32, 37]",46,2,2,3,5,"[9, 10]",0.10359360521314828,0.35530720466415594,16.166666666666668
2023-04-12,logistic,v1.0.0,"[9, 10, 19, 23, 32, 37]",46,0,0,0,1,[],0.10834366994323658,0.3755987802464842,28.833333333333332
2023-04-12,ensemble,v1.0.0,"[9, 10, 19, 23, 32, 37]",46,1,1,3,4,[10],0.10625548987944734,0.3661847613761869,18.666666666666668
2023-04-12,v2_statistical,v1.0.0,"[9, 10, 19, 23, 32, 37]",46,2,2,2,3,"[9, 10]",0.1025532405219621,0.35187855244913,18.0
2023-04-12,v3_boosting,v1.0.0,"[9, 10, 19, 23, 32, 37]",46,2,2,3,3,"[10, 37]",0.10702275281504631,0.3713690570811558,23.5
2023-04-12,v4_ensemble,v1.0.0,"[9, 10, 19, 23, 32, 37]",46,1,1,2,3,[10],0.10476115335639273,0.3599603019155523,18.166666666666668
2023-04-15,random,v1.0.0,"[1, 20, 30, 35, 36, 44]",48,1,1,1,1,[1],0.10745522698875466,0.3717761799434531,27.666666666666668
2023-04-15,ema_gap,v1.0.0,"[1, 20, 30, 35, 36, 44]",48,0,0,0,1,[],0.115880883783214,0.41296490193849594,38.5
2023-04-15,logistic,v1.0.0,"[1, 20, 30, 35, 36, 44]",48,0,0,1,1,[],0.10968773597388685,0.382081606511105,33.833333333333336
2023-04-15,ensemble,v1.0.0,"[1, 20, 30, 35, 36, 44]",48,0,0,0,0,[],0.11016718176353216,0.3847715788648598,39.333333333333336
2023-04-15,v2_statistical,v1.0.0,"[1, 20, 30, 35, 36, 44]",48,0,0,0,1,[],0.11784961022176249,0.4237871592893789,35.0
2023-04-15,v3_boosting,v1.0.0,"[1, 20, 30, 35, 36, 44]",48,1,1,1,1,[30],0.11065706931877942,0.3921215134837368,35.0
2023-04-15,v4_ensemble,v1.0.0,"[1, 20, 30, 35, 36, 44]",48,0,0,1,1,[],0.1123396146235472,0.3967301730994674,35.333333333333336
2023-04-19,random,v1.0.0,"[1, 6, 13, 17, 43, 44]",28,2,2,2,4,"[1, 6]",0.10745522698875465,0.37177617994345336,20.666666666666668
2023-04-19,ema_gap,v1.0.0,"[1, 6, 13, 17, 43, 44]",28,1,1,1,1,[13],0.11008357070772654,0.3823124708090497,28.166666666666668
2023-04-19,logistic,v1.0.0,"[1, 6, 13, 17, 43, 44]",28,1,1,2,4,[44],0.10730270809615206,0.3711732960581809,23.0
2023-04-19,ensemble,v1.0.0,"[1, 6, 13, 17, 43, 44]",28,0,0,0,2,[],0.10808807005879081,0.37425493941088367,26.0
2023-04-19,v2_statistical,v1.0.0,"[1, 6, 13, 17, 43, 44]",28,0,0,0,0,[],0.11627944849169147,0.4115034163471527,34.0
2023-04-19,v3_boosting,v1.0.0,"[1, 6, 13, 17, 43, 44]",28,2,2,2,2,"[6, 13]",0.1086728434859726,0.37646544069257787,24.5
2023-04-19,v4_ensemble,v1.0.0,"[1, 6, 13, 17, 43, 44]",28,0,0,1,2,[],0.11028051277583226,0.38384010995772494,29.666666666666668
2023-04-22,random,v1.0.0,"[4, 8, 21, 38, 46, 49]",36,1,1,2,2,[4],0.10745522698875466,0.37177617994345324,27.666666666666668
2023-04-22,ema_gap,v1.0.0,"[4, 8, 21, 38, 46, 49]",36,1,1,2,2,[21],0.10804032499274978,0.3736717412300647,24.0
2023-04-22,logistic,v1.0.0,"[4, 8, 21, 38, 46, 49]",36,0,0,1,2,[],0.1084694075939489,0.3766526128756655,26.166666666666668
2023-04-22,ensemble,v1.0.0,"[4, 8, 21, 38, 46, 49]",36,1,1,1,4,[21],0.10760796516164564,0.37253905679968546,21.166666666666668
2023-04-22,v2_statistical,v1.0.0,"[4, 8, 21, 38, 46, 49]",36,1,1,2,3,[21],0.10644784295167553,0.3634123395795764,20.166666666666668
2023-04-22,v3_boosting,v1.0.0,"[4, 8, 21, 38, 46, 49]",36,1,1,2,3,[46],0.10433077026224673,0.3583980351240837,18.333333333333332
2023-04-22,v4_ensemble,v1.0.0,"[4, 8, 21, 38, 46, 49]",36,0,0,2,4,[],0.1057647036866328,0.3625031402829726,17.666666666666668
2023-04-26,random,v1.0.0,"[5, 9, 25, 29, 39, 48]",22,1,1,2,2,[5],0.10745522698875466,0.3717761799434532,25.833333333333332
2023-04-26,ema_gap,v1.0.0,"[5, 9, 25, 29, 39, 48]",22,1,1,1,1,[9],0.11133393129052505,0.39196597336798816,31.666666666666668
2023-04-26,logistic,v1.0.0,"[5, 9, 25, 29, 39, 48]",22,0,0,1,4,[],0.10580364091295896,0.36356463524745547,16.333333333333332
2023-04-26,ensemble,v1.0.0,"[5, 9, 25, 29, 39, 48]",22,1,1,1,1,[9],0.10757153292162036,0.3723023048170894,24.5
2023-04-26,v2_statistical,v1.0.0,"[5, 9, 25, 29, 39, 48]",22,1,1,1,1,[9],0.11372821097710104,0.40629657824115334,32.166666666666664
2023-04-26,v3_boosting,v1.0.0,"[5, 9, 25, 29, 39, 48]",22,0,0,0,1,[],0.11080512847488107,0.38718767157570844,33.0
2023-04-26,v4_ensemble,v1.0.0,"[5, 9, 25, 29, 39, 48]",22,1,1,1,1,[9],0.10997326866093945,0.3853529127358176,34.666666666666664
2023-04-29,random,v1.0.0,"[6, 11, 28, 29, 39, 43]",34,1,1,2,2,[6],0.10745522698875465,0.37177617994345313,26.0
2023-04-29,ema_gap,v1.0.0,"[6, 11, 28, 29, 39, 43]",34,0,0,2,2,[],0.10920006780446306,0.37779125580550427,24.166666666666668
2023-04-29,logistic,v1.0.0,"[6, 11, 28, 29, 39, 43]",34,1,1,2,4,[28],0.10667819857134021,0.36859437131659223,20.833333333333332
2023-04-29,ensemble,v1.0.0,"[6, 11, 28, 29, 39, 43]",34,1,1,1,1,[11],0.1076899070632967,0.37269107180668254,25.5
2023-04-29,v2_statistical,v1.0.0,"[6, 11, 28, 29, 39, 43]",34,0,0,0,1,[],0.11578589261019104,0.40559959066365686,31.0
2023-04-29,v3_boosting,v1.0.0,"[6, 11, 28, 29, 39, 43]",34,0,0,0,1,[],0.11261069026740654,0.39374587595698624,34.5
2023-04-29,v4_ensemble,v1.0.0,"[6, 11, 28, 29, 39, 43]",34,0,0,0,1,[],0.11094692884771416,0.3872109689626984,33.833333333333336
2023-05-03,random,v1.0.0,"[7, 15, 21, 34, 46, 48]",16,0,0,1,2,[],0.10745522698875466,0.37177617994345324,28.5
2023-05-03,ema_gap,v1.0.0,"[7, 15, 21, 34, 46, 48]",16,1,1,1,1,[21],0.11066738190404325,0.3870956571821184,31.5
2023-05-03,logistic,v1.0.0,"[7, 15, 21, 34, 46, 48]",16,1,1,1,2,[48],0.10810497922901997,0.37510676705661683,27.666666666666668
2023-05-03,ensemble,v1.0.0,"[7, 15, 21, 34, 46, 48]",16,1,1,1,2,[21],0.10806167303800365,0.37462183815634376,27.666666666666668
2023-05-03,v2_statistical,v1.0.0,"[7, 15, 21, 34, 46, 48]",16,2,2,2,2,"[21, 34]",0.1073130911804345,0.3767592880084223,26.666666666666668
2023-05-03,v3_boosting,v1.0.0,"[7, 15, 21, 34, 46, 48]",16,1,1,1,3,[15],0.10733538674739318,0.37058916595261554,22.0
2023-05-03,v4_ensemble,v1.0.0,"[7, 15, 21, 34, 46, 48]",16,1,1,2,2,[21],0.10718611001669849,0.3705698810947939,25.0
2023-05-06,random,v1.0.0,"[3, 19, 23, 30, 37, 42]",1,1,1,1,1,[3],0.10745522698875466,0.3717761799434532,25.666666666666668
2023-05-06,ema_gap,v1.0.0,"[3, 19, 23, 30, 37, 42]",1,0,0,1,2,[],0.10960955512911098,0.37902764056925264,25.166666666666668
2023-05-06,logistic,v1.0.0,"[3, 19, 23, 30, 37, 42]",1,0,0,1,1,[],0.10747104159408388,0.3715440273084569,24.333333333333332
2023-05-06,ensemble,v1.0.0,"[3, 19, 23, 30, 37, 42]",1,0,0,1,3,[],0.10780204804534127,0.37307376473934495,24.333333333333332
2023-05-06,v2_statistical,v1.0.0,"[3, 19, 23, 30, 37, 42]",1,1,1,1,2,[37],0.11224254822694836,0.3905397126215495,26.666666666666668
2023-05-06,v3_boosting,v1.0.0,"[3, 19, 23, 30, 37, 42]",1,1,1,3,3,[3],0.10752544251867324,0.3697859947316918,20.5
2023-05-06,v4_ensemble,v1.0.0,"[3, 19, 23, 30, 37, 42]",1,1,1,1,2,[37],0.10851107623008824,0.3754501470008116,25.166666666666668
2023-05-10,random,v1.0.0,"[27, 34, 36, 41, 44, 47]",38,0,0,0,0,[],0.10745522698875466,0.3717761799434531,38.166666666666664
2023-05-10,ema_gap,v1.0.0,"[27, 34, 36, 41, 44, 47]",38,0,0,1,2,[],0.1108961561934894,0.3867508098526124,28.333333333333332
2023-05-10,logistic,v1.0.0,"[27, 34, 36, 41, 44, 47]",38,1,1,2,3,[47],0.10668398436033398,0.36782490008167484,20.333333333333332
2023-05-10,ensemble,v1.0.0,"[27, 34, 36, 41, 44, 47]",38,1,1,2,2,[41],0.10747150067187558,0.3716261726725622,22.5
2023-05-10,v2_statistical,v1.0.0,"[27, 34, 36, 41, 44, 47]",38,1,1,1,2,[34],0.10801462299857365,0.37147112791490294,23.666666666666668
2023-05-10,v3_boosting,v1.0.0,"[27, 34, 36, 41, 44, 47]",38,1,1,1,1,[41],0.10742914855688976,0.37417014964592393,27.833333333333332
2023-05-10,v4_ensemble,v1.0.0,"[27, 34, 36, 41, 44, 47]",38,2,2,2,2,"[34, 41]",0.10724678889947567,0.37123985607455134,26.333333333333332
2023-05-13,random,v1.0.0,"[13, 14, 27, 29, 31, 42]",45,0,0,0,2,[],0.10745522698875466,0.3717761799434532,26.0
2023-05-13,ema_gap,v1.0.0,"[13, 14, 27, 29, 31, 42]",45,1,1,1,3,[13],0.10807244630407738,0.37363421250798845,22.333333333333332
2023-05-13,logistic,v1.0.0,"[13, 14, 27, 29, 31, 42]",45,0,0,0,3,[],0.10769110313499469,0.37183890890401117,23.666666666666668
2023-05-13,ensemble,v1.0.0,"[13, 14, 27, 29, 31, 42]",45,0,0,1,2,[],0.10743608442157983,0.3715645666240691,24.333333333333332
2023-05-13,v2_statistical,v1.0.0,"[13, 14, 27, 29, 31, 42]",45,0,0,2,3,[],0.11091664911302437,0.38525939222196637,22.833333333333332
2023-05-13,v3_boosting,v1.0.0,"[13, 14, 27, 29, 31, 42]",45,1,1,1,3,[27],0.1091585973892139,0.37738877017542977,24.833333333333332
2023-05-13,v4_ensemble,v1.0.0,"[13, 14, 27, 29, 31, 42]",45,0,0,1,2,[],0.10826538655797646,0.3750835361321403,24.666666666666668
2023-05-17,random,v1.0.0,"[16, 25, 28, 40, 47, 49]",7,0,0,0,1,[],0.10745522698875466,0.3717761799434532,34.166666666666664
2023-05-17,ema_gap,v1.0.0,"[16, 25, 28, 40, 47, 49]",7,0,0,0,0,[],0.11439384367674159,0.4030660715280512,37.0
2023-05-17,logistic,v1.0.0,"[16, 25, 28, 40, 47, 49]",7,1,1,2,2,[47],0.10693767151822929,0.36929015419598626,22.166666666666668
2023-05-17,ensemble,v1.0.0,"[16, 25, 28, 40, 47, 49]",7,0,0,0,0,[],0.1090121292069431,0.3786627541139632,33.166666666666664
2023-05-17,v2_statistical,v1.0.0,"[16, 25, 28, 40, 47, 49]",7,0,0,0,0,[],0.11694668385406543,0.4138951045705136,34.666666666666664
2023-05-17,v3_boosting,v1.0.0,"[16, 25, 28, 40, 47, 49]",7,1,1,2,2,[49],0.10826661375901792,0.3760117073035876,27.5
2023-05-17,v4_ensemble,v1.0.0,"[16, 25, 28, 40, 47, 49]",7,0,0,1,1,[],0.11085865705716044,0.38737599452406996,32.5
2023-05-20,random,v1.0.0,"[4, 6, 23, 27, 41, 48]",28,2,2,2,2,"[4, 6]",0.10745522698875465,0.3717761799434532,24.833333333333332
2023-05-20,ema_gap,v1.0.0,"[4, 6, 23, 27, 41, 48]",28,1,1,2,4,[41],0.10474799691918986,0.35759228006551,17.666666666666668
2023-05-20,logistic,v1.0.0,"[4, 6, 23, 27, 41, 48]",28,1,1,1,4,[41],0.10643720781573958,0.36694995792396484,19.166666666666668
2023-05-20,ensemble,v1.0.0,"[4, 6, 23, 27, 41, 48]",28,1,1,2,3,[41],0.10593917751881265,0.3646173033464046,17.0
2023-05-20,v2_statistical,v1.0.0,"[4, 6, 23, 27, 41, 48]",28,2,2,3,3,"[27, 41]",0.10381659407151715,0.3513527018811379,16.5
2023-05-20,v3_boosting,v1.0.0,"[4, 6, 23, 27, 41, 48]",28,0,0,1,1,[],0.10861701790767182,0.37580252387127994,25.333333333333332
2023-05-20,v4_ensemble,v1.0.0,"[4, 6, 23, 27, 41, 48]",28,1,1,3,4,[41],0.10554128573073805,0.36229146247079747,17.333333333333332
2023-05-24,random,v1.0.0,"[3, 7, 37, 43, 45, 46]",31,1,1,2,2,[3],0.10745522698875466,0.3717761799434531,30.166666666666668
2023-05-24,ema_gap,v1.0.0,"[3, 7, 37, 43, 45, 46]",31,0,0,1,1,[],0.11072362760043591,0.3847581724904424,29.666666666666668
2023-05-24,logistic,v1.0.0,"[3, 7, 37, 43, 45, 46]",31,2,2,3,3,"[43, 45]",0.1069162971319083,0.3701138472461554,21.166666666666668
2023-05-24,ensemble,v1.0.0,"[3, 7, 37, 43, 45, 46]",31,0,0,1,2,[],0.10788451481112055,0.3735649223270237,25.833333333333332
2023-05-24,v2_statistical,v1.0.0,"[3, 7, 37, 43, 45, 46]",31,1,1,1,2,[37],0.10853436256462168,0.3705954070590675,22.833333333333332
2023-05-24,v3_boosting,v1.0.0,"[3, 7, 37, 43, 45, 46]",31,0,0,1,3,[],0.10899401449939905,0.37713543490252543,25.0
2023-05-24,v4_ensemble,v1.0.0,"[3, 7, 37, 43, 45, 46]",31,1,1,1,1,[37],0.10797708312611795,0.37303110518924665,24.666666666666668
2023-05-27,random,v1.0.0,"[11, 20, 26, 38, 44, 45]",41,0,0,1,1,[],0.10745522698875466,0.3717761799434532,30.666666666666668
2023-05-27,ema_gap,v1.0.0,"[11, 20, 26, 38, 44, 45]",41,0,0,1,1,[],0.11107712152473481,0.3874677377991995,29.666666666666668
2023-05-27,logistic,v1.0.0,"[11, 20, 26, 38, 44, 45]",41,0,0,0,1,[],0.10883370737274507,0.3769790369044509,27.5
2023-05-27,ensemble,v1.0.0,"[11, 20, 26, 38, 44, 45]",41,0,0,0,0,[],0.1084713708959757,0.37640240212219267,31.666666666666668
2023-05-27,v2_statistical,v1.0.0,"[11, 20, 26, 38, 44, 45]",41,1,1,1,2,[45],0.10992640861141845,0.37859631293897283,22.666666666666668
2023-05-27,v3_boosting,v1.0.0,"[11, 20, 26, 38, 44, 45]",41,2,2,3,5,"[44, 45]",0.10382396969032459,0.35494343134391493,14.5
2023-05-27,v4_ensemble,v1.0.0,"[11, 20, 26, 38, 44, 45]",41,1,1,2,3,[45],0.1068761679605508,0.3692816881306269,23.0
2023-05-31,random,v1.0.0,"[9, 22, 23, 25, 30, 37]",48,0,0,1,1,[],0.10745522698875466,0.3717761799434532,24.333333333333332
2023-05-31,ema_gap,v1.0.0,"[9, 22, 23, 25, 30, 37]",48,2,2,3,3,"[9, 37]",0.1046334821069399,0.35900984411439557,19.0
2023-05-31,logistic,v1.0.0,"[9, 22, 23, 25, 30, 37]",48,1,1,1,1,[37],0.10822598830971498,0.37525169282109894,29.833333333333332
2023-05-31,ensemble,v1.0.0,"[9, 22, 23, 25, 30, 37]",48,1,1,2,2,[37],0.10658210618421418,0.3677483452599444,21.666666666666668
2023-05-31,v2_statistical,v1.0.0,"[9, 22, 23, 25, 30, 37]",48,2,2,3,3,"[9, 37]",0.10356493415294318,0.35679508015171585,19.666666666666668
2023-05-31,v3_boosting,v1.0.0,"[9, 22, 23, 25, 30, 37]",48,0,0,0,2,[],0.11206075072715047,0.3912424967710161,30.166666666666668
2023-05-31,v4_ensemble,v1.0.0,"[9, 22, 23, 25, 30, 37]",48,1,1,2,3,[37],0.10693183818254182,0.3691741872179369,22.666666666666668
2023-06-03,random,v1.0.0,"[22, 31, 33, 34, 43, 49]",21,0,0,0,0,[],0.10745522698875466,0.37177617994345313,35.333333333333336
2023-06-03,ema_gap,v1.0.0,"[22, 31, 33, 34, 43, 49]",21,0,0,1,1,[],0.10934542724141827,0.37857758182780304,25.0
2023-06-03,logistic,v1.0.0,"[22, 31, 33, 34, 43, 49]",21,1,1,1,2,[43],0.10785305633517853,0.373557076133852,26.666666666666668
2023-06-03,ensemble,v1.0.0,"[22, 31, 33, 34, 43, 49]",21,0,0,0,3,[],0.10782183960849641,0.3730977148511636,24.833333333333332
2023-06-03,v2_statistical,v1.0.0,"[22, 31, 33, 34, 43, 49]",21,0,0,1,2,[],0.10886285324451814,0.3714319249604242,22.166666666666668
2023-06-03,v3_boosting,v1.0.0,"[22, 31, 33, 34, 43, 49]",21,1,1,2,3,[22],0.10535575146711205,0.3619919479482119,18.5
2023-06-03,v4_ensemble,v1.0.0,"[22, 31, 33, 34, 43, 49]",21,0,0,2,3,[],0.10682614749243532,0.36804647518643946,20.166666666666668
2023-06-07,random,v1.0.0,"[1, 15, 19, 24, 32, 44]",31,1,1,1,2,[1],0.10745522698875465,0.37177617994345324,22.5
2023-06-07,ema_gap,v1.0.0,"[1, 15, 19, 24, 32, 44]",31,0,0,0,0,[],0.11401460315509827,0.4027270250377666,36.666666666666664
2023-06-07,logistic,v1.0.0,"[1, 15, 19, 24, 32, 44]",31,1,1,3,3,[32],0.10573957414634769,0.36362595027929606,16.333333333333332
2023-06-07,ensemble,v1.0.0,"[1, 15, 19, 24, 32, 44]",31,0,0,0,1,[],0.10817601978058439,0.3749961481039168,29.166666666666668
2023-06-07,v2_statistical,v1.0.0,"[1, 15, 19, 24, 32, 44]",31,0,0,1,1,[],0.11625765778466701,0.4117653201042784,32.333333333333336
2023-06-07,v3_boosting,v1.0.0,"[1, 15, 19, 24, 32, 44]",31,1,1,1,1,[32],0.10811707422859175,0.37345270438700356,23.333333333333332
2023-06-07,v4_ensemble,v1.0.0,"[1, 15, 19, 24, 32, 44]",31,0,0,0,1,[],0.10998836720117369,0.38284332030389806,30.0
2023-06-10,random,v1.0.0,"[14, 23, 26, 31, 32, 42]",25,0,0,0,1,[],0.10745522698875465,0.3717761799434532,28.0
2023-06-10,ema_gap,v1.0.0,"[14, 23, 26, 31, 32, 42]",25,1,1,1,3,[23],0.10903822206625052,0.3784579492051909,26.5
2023-06-10,logistic,v1.0.0,"[14, 23, 26, 31, 32, 42]",25,3,3,3,4,"[14, 32, 42]",0.10497921597105463,0.3607916718025336,16.166666666666668
2023-06-10,ensemble,v1.0.0,"[14, 23, 26, 31, 32, 42]",25,2,2,2,3,"[23, 42]",0.10657818900876255,0.3676404942479475,19.833333333333332
2023-06-10,v2_statistical,v1.0.0,"[14, 23, 26, 31, 32, 42]",25,0,0,2,2,[],0.11105245642184254,0.3899137788481638,27.833333333333332
2023-06-10,v3_boosting,v1.0.0,"[14, 23, 26, 31, 32, 42]",25,1,1,3,3,[14],0.10327371547856432,0.35210000941106334,14.5
2023-06-10,v4_ensemble,v1.0.0,"[14, 23, 26, 31, 32, 42]",25,1,1,2,3,[31],0.10600240157758523,0.3645425472934627,20.166666666666668
2023-06-14,random,v1.0.0,"[12, 18, 22, 24, 25, 47]",21,0,0,1,2,[],0.10745522698875466,0.37177617994345324,24.666666666666668
2023-06-14,ema_gap,v1.0.0,"[12, 18, 22, 24, 25, 47]",21,0,0,1,2,[],0.11225041632840538,0.39896319154250814,30.666666666666668
2023-06-14,logistic,v1.0.0,"[12, 18, 22, 24, 25, 47]",21,1,1,1,1,[24],0.1091591376537806,0.3802649011464326,34.166666666666664
2023-06-14,ensemble,v1.0.0,"[12, 18, 22, 24, 25, 47]",21,0,0,1,1,[],0.10944349281441634,0.3816577477423258,31.166666666666668
2023-06-14,v2_statistical,v1.0.0,"[12, 18, 22, 24, 25, 47]",21,0,0,1,1,[],0.11473282916126074,0.4119108466558385,29.5
2023-06-14,v3_boosting,v1.0.0,"[12, 18, 22, 24, 25, 47]",21,1,1,1,2,[18],0.10845453291605557,0.3716910912367904,21.0
2023-06-14,v4_ensemble,v1.0.0,"[12, 18, 22, 24, 25, 47]",21,0,0,0,2,[],0.1101403971185886,0.3838926212272137,30.666666666666668
2023-06-17,random,v1.0.0,"[16, 31, 42, 44, 45, 48]",15,0,0,0,1,[],0.10745522698875466,0.37177617994345313,37.666666666666664
2023-06-17,ema_gap,v1.0.0,"[16, 31, 42, 44, 45, 48]",15,0,0,2,3,[],0.10707664522415189,0.36892684493643224,21.833333333333332
2023-06-17,logistic,v1.0.0,"[16, 31, 42, 44, 45, 48]",15,1,1,3,3,[31],0.10664462525122513,0.36792864556311705,19.5
2023-06-17,ensemble,v1.0.0,"[16, 31, 42, 44, 45, 48]",15,1,1,2,3,[31],0.10704416913145878,0.3697796906285142,22.833333333333332
2023-06-17,v2_statistical,v1.0.0,"[16, 31, 42, 44, 45, 48]",15,2,2,3,4,"[31, 45]",0.10401599913094685,0.3590361909964163,19.166666666666668
2023-06-17,v3_boosting,v1.0.0,"[16, 31, 42, 44, 45, 48]",15,0,0,1,2,[],0.10858291578071796,0.37523264611666535,26.0
2023-06-17,v4_ensemble,v1.0.0,"[16, 31, 42, 44, 45, 48]",15,2,2,3,3,"[31, 45]",0.10594219123115155,0.3651811194173037,20.333333333333332
2023-06-21,random,v1.0.0,"[4, 5, 13, 14, 33, 35]",8,2,2,2,4,"[4, 5]",0.10745522698875466,0.3717761799434534,17.333333333333332
2023-06-21,ema_gap,v1.0.0,"[4, 5, 13, 14, 33, 35]",8,0,0,0,1,[],0.1125012855133355,0.3940188744094122,33.166666666666664
2023-06-21,logistic,v1.0.0,"[4, 5, 13, 14, 33, 35]",8,0,0,0,2,[],0.10882194792468351,0.3779301476677385,29.166666666666668
2023-06-21,ensemble,v1.0.0,"[4, 5, 13, 14, 33, 35]",8,0,0,1,1,[],0.1090383044985155,0.3793270067173035,32.333333333333336
2023-06-21,v2_statistical,v1.0.0,"[4, 5, 13, 14, 33, 35]",8,0,0,0,0,[],0.11850899853533155,0.42531956626341577,36.0
2023-06-21,v3_boosting,v1.0.0,"[4, 5, 13, 14, 33, 35]",8,0,0,1,2,[],0.11016054079658733,0.3825926756076834,29.5
2023-06-21,v4_ensemble,v1.0.0,"[4, 5, 13, 14, 33, 35]",8,0,0,0,1,[],0.11196978217726397,0.3931088157564588,37.0
2023-06-24,random,v1.0.0,"[5, 7, 15, 18, 21, 29]",17,1,1,2,4,[5],0.10745522698875466,0.37177617994345336,15.833333333333334
2023-06-24,ema_gap,v1.0.0,"[5, 7, 15, 18, 21, 29]",17,0,0,0,1,[],0.11195145050209793,0.39203369778641156,31.333333333333332
2023-06-24,logistic,v1.0.0,"[5, 7, 15, 18, 21, 29]",17,1,1,2,3,[18],0.10771301632747085,0.37386556146045463,23.833333333333332
2023-06-24,ensemble,v1.0.0,"[5, 7, 15, 18, 21, 29]",17,0,0,0,1,[],0.10845731660883759,0.37619247539735623,32.0
2023-06-24,v2_statistical,v1.0.0,"[5, 7, 15, 18, 21, 29]",17,1,1,1,1,[21],0.11466974820804184,0.4087115888573395,32.833333333333336
2023-06-24,v3_boosting,v1.0.0,"[5, 7, 15, 18, 21, 29]",17,0,0,1,2,[],0.11071731657551719,0.3855641283410479,28.666666666666668
2023-06-24,v4_ensemble,v1.0.0,"[5, 7, 15, 18, 21, 29]",17,0,0,1,1,[],0.11076781396105058,0.38695357728573926,33.0
2023-06-28,random,v1.0.0,"[8, 13, 16, 40, 42, 47]",22,0,0,1,3,[],0.10745522698875466,0.37177617994345336,27.666666666666668
2023-06-28,ema_gap,v1.0.0,"[8, 13, 16, 40, 42, 47]",22,2,2,2,2,"[13, 42]",0.1079223019611923,0.37485333653906094,25.5
2023-06-28,logistic,v1.0.0,"[8, 13, 16, 40, 42, 47]",22,1,1,2,2,[13],0.1073307728463336,0.3713241718456772,26.5
2023-06-28,ensemble,v1.0.0,"[8, 13, 16, 40, 42, 47]",22,1,1,2,2,[13],0.10715784152407892,0.3705084605608622,25.666666666666668
2023-06-28,v2_statistical,v1.0.0,"[8, 13, 16, 40, 42, 47]",22,0,0,1,2,[],0.11053943679262607,0.38207916108307083,26.0
2023-06-28,v3_boosting,v1.0.0,"[8, 13, 16, 40, 42, 47]",22,2,2,2,3,"[40, 47]",0.10407241854427537,0.35719673783248146,16.166666666666668
2023-06-28,v4_ensemble,v1.0.0,"[8, 13, 16, 40, 42, 47]",22,0,0,2,4,[],0.10657551751991523,0.36749858895076387,22.166666666666668
2023-07-01,random,v1.0.0,"[10, 21, 30, 32, 35, 49]",41,0,0,1,1,[],0.10745522698875466,0.37177617994345313,29.5
2023-07-01,ema_gap,v1.0.0,"[10, 21, 30, 32, 35, 49]",41,1,1,1,1,[21],0.10939450240785091,0.3800227525235148,28.0
2023-07-01,logistic,v1.0.0,"[10, 21, 30, 32, 35, 49]",41,0,0,0,0,[],0.10810924871676385,0.3746268807749623,31.666666666666668
2023-07-01,ensemble,v1.0.0,"[10, 21, 30, 32, 35, 49]",41,1,1,1,2,[21],0.1076742531195298,0.37267038881674963,25.0
2023-07-01,v2_statistical,v1.0.0,"[10, 21, 30, 32, 35, 49]",41,1,1,1,3,[21],0.10744002019940205,0.37200781870127464,24.0
2023-07-01,v3_boosting,v1.0.0,"[10, 21, 30, 32, 35, 49]",41,0,0,1,2,[],0.10994992103735247,0.3809455046281317,27.333333333333332
2023-07-01,v4_ensemble,v1.0.0,"[10, 21, 30, 32, 35, 49]",41,1,1,1,3,[21],0.10801294904048753,0.3746854633044713,25.0
2023-07-05,random,v1.0.0,"[3, 4, 10, 12, 30, 34]",14,2,2,4,4,"[3, 4]",0.10745522698875466,0.3717761799434534,15.5
2023-07-05,ema_gap,v1.0.0,"[3, 4, 10, 12, 30, 34]",14,0,0,1,1,[],0.10952061645074912,0.37841898325096496,27.666666666666668
2023-07-05,logistic,v1.0.0,"[3, 4, 10, 12, 30, 34]",14,0,0,1,2,[],0.1087955800342738,0.37787178213448375,28.833333333333332
2023-07-05,ensemble,v1.0.0,"[3, 4, 10, 12, 30, 34]",14,0,0,1,1,[],0.1083553758432613,0.37583406042828704,31.166666666666668
2023-07-05,v2_statistical,v1.0.0,"[3, 4, 10, 12, 30, 34]",14,1,1,2,2,[34],0.10915905917282641,0.3777678641488398,25.0
2023-07-05,v3_boosting,v1.0.0,"[3, 4, 10, 12, 30, 34]",14,0,0,2,4,[],0.10847467361330938,0.3760907303763399,23.333333333333332
2023-07-05,v4_ensemble,v1.0.0,"[3, 4, 10, 12, 30, 34]",14,1,1,1,2,[34],0.1081100536975723,0.37486423348233355,24.0
2023-07-08,random,v1.0.0,"[10, 11, 23, 30, 44, 49]",6,0,0,2,2,[],0.10745522698875466,0.3717761799434532,27.833333333333332
2023-07-08,ema_gap,v1.0.0,"[10, 11, 23, 30, 44, 49]",6,2,2,3,6,"[10, 23]",0.102707670446418,0.3482205699964903,11.666666666666666
2023-07-08,logistic,v1.0.0,"[10, 11, 23, 30, 44, 49]",6,1,1,1,2,[44],0.10918795457917778,0.37986787750965906,29.166666666666668
2023-07-08,ensemble,v1.0.0,"[10, 11, 23, 30, 44, 49]",6,1,1,2,4,[44],0.10636779782842959,0.36662669036464446,16.833333333333332
2023-07-08,v2_statistical,v1.0.0,"[10, 11, 23, 30, 44, 49]",6,1,1,4,4,[23],0.10364926934798735,0.3492793204665034,15.333333333333334
2023-07-08,v3_boosting,v1.0.0,"[10, 11, 23, 30, 44, 49]",6,1,1,2,2,[44],0.10775459135294257,0.3729250725222525,24.5
2023-07-08,v4_ensemble,v1.0.0,"[10, 11, 23, 30, 44, 49]",6,2,2,2,3,"[44, 49]",0.10517884057353245,0.36098282309921886,18.166666666666668
2023-07-12,random,v1.0.0,"[9, 18, 22, 23, 28, 46]",11,0,0,1,2,[],0.10745522698875465,0.37177617994345324,24.333333333333332
2023-07-12,ema_gap,v1.0.0,"[9, 18, 22, 23, 28, 46]",11,1,1,1,3,[23],0.10943860209901264,0.383914848035013,27.0
2023-07-12,logistic,v1.0.0,"[9, 18, 22, 23, 28, 46]",11,0,0,1,2,[],0.1073890551862057,0.3713148778998681,23.666666666666668
2023-07-12,ensemble,v1.0.0,"[9, 18, 22, 23, 28, 46]",11,1,1,2,3,[23],0.10791831310223832,0.374237758071741,26.333333333333332
2023-07-12,v2_statistical,v1.0.0,"[9, 18, 22, 23, 28, 46]",11,1,1,3,3,[23],0.10944938576497125,0.3908945481958519,25.666666666666668
2023-07-12,v3_boosting,v1.0.0,"[9, 18, 22, 23, 28, 46]",11,0,0,0,1,[],0.11103440673950792,0.38808093517021414,28.833333333333332
2023-07-12,v4_ensemble,v1.0.0,"[9, 18, 22, 23, 28, 46]",11,1,1,1,3,[23],0.10901923851828563,0.3804388997876174,28.5
2023-07-15,random,v1.0.0,"[17, 24, 31, 32, 35, 47]",20,0,0,0,1,[],0.10745522698875466,0.37177617994345313,31.0
2023-07-15,ema_gap,v1.0.0,"[17, 24, 31, 32, 35, 47]",20,0,0,0,2,[],0.11085793680482717,0.3866922508558645,26.833333333333332
2023-07-15,logistic,v1.0.0,"[17, 24, 31, 32, 35, 47]",20,0,0,0,2,[],0.10739880953440507,0.37126036257221434,22.833333333333332
2023-07-15,ensemble,v1.0.0,"[17, 24, 31, 32, 35, 47]",20,0,0,0,2,[],0.1081060296085747,0.3745461323349725,27.0
2023-07-15,v2_statistical,v1.0.0,"[17, 24, 31, 32, 35, 47]",20,1,1,1,1,[31],0.11197761351971713,0.39612669583089866,28.833333333333332
2023-07-15,v3_boosting,v1.0.0,"[17, 24, 31, 32, 35, 47]",20,0,0,2,2,[],0.10732853252691227,0.3705377942878416,23.666666666666668
2023-07-15,v4_ensemble,v1.0.0,"[17, 24, 31, 32, 35, 47]",20,1,1,2,2,[31],0.10859968507268933,0.37738730823483135,26.666666666666668
2023-07-19,random,v1.0.0,"[15, 25, 30, 31, 40, 48]",22,0,0,0,1,[],0.10745522698875466,0.37177617994345313,31.5
2023-07-19,ema_gap,v1.0.0,"[15, 25, 30, 31, 40, 48]",22,1,1,1,2,[31],0.10838558571436156,0.3742666341296157,23.833333333333332
2023-07-19,logistic,v1.0.0,"[15, 25, 30, 31, 40, 48]",22,0,0,0,3,[],0.10674511254591962,0.3678063195371645,22.5
2023-07-19,ensemble,v1.0.0,"[15, 25, 30, 31, 40, 48]",22,1,1,1,2,[31],0.10711128940347601,0.37012713053592255,22.666666666666668
2023-07-19,v2_statistical,v1.0.0,"[15, 25, 30, 31, 40, 48]",22,1,1,1,1,[31],0.10964350209963301,0.3834197322389848,27.333333333333332
2023-07-19,v3_boosting,v1.0.0,"[15, 25, 30, 31, 40, 48]",22,0,0,0,0,[],0.1125087883472645,0.39429976010404855,36.166666666666664
2023-07-19,v4_ensemble,v1.0.0,"[15, 25, 30, 31, 40, 48]",22,1,1,1,1,[31],0.109102475805252,0.37940788821589205,29.5
2023-07-22,random,v1.0.0,"[3, 7, 8, 25, 35, 48]",32,1,1,3,3,[3],0.10745522698875465,0.37177617994345336,21.0
2023-07-22,ema_gap,v1.0.0,"[3, 7, 8, 25, 35, 48]",32,0,0,1,2,[],0.10746066188686794,0.3687056405782449,21.166666666666668
2023-07-22,logistic,v1.0.0,"[3, 7, 8, 25, 35, 48]",32,1,1,1,3,[48],0.10698675035240642,0.3692111683217537,22.0
2023-07-22,ensemble,v1.0.0,"[3, 7, 8, 25, 35, 48]",32,1,1,2,3,[35],0.1070002044436458,0.36955186301787635,22.5
2023-07-22,v2_statistical,v1.0.0,"[3, 7, 8, 25, 35, 48]",32,0,0,1,1,[],0.11126044441329296,0.37936699464070284,23.833333333333332
2023-07-22,v3_boosting,v1.0.0,"[3, 7, 8, 25, 35, 48]",32,0,0,0,1,[],0.11014807893416753,0.38204631154021673,26.833333333333332
2023-07-22,v4_ensemble,v1.0.0,"[3, 7, 8, 25, 35, 48]",32,0,0,1,2,[],0.10866600358607449,0.37553448496161157,23.5
2023-07-26,random,v1.0.0,"[10, 19, 20, 30, 38, 45]",7,0,0,1,1,[],0.10745522698875466,0.37177617994345324,27.0
2023-07-26,ema_gap,v1.0.0,"[10, 19, 20, 30, 38, 45]",7,1,1,2,2,[10],0.10957375399767864,0.3825731519550737,27.166666666666668
2023-07-26,logistic,v1.0.0,"[10, 19, 20, 30, 38, 45]",7,0,0,1,1,[],0.10816713084769608,0.3750420829281609,29.5
2023-07-26,ensemble,v1.0.0,"[10, 19, 20, 30, 38, 45]",7,0,0,1,2,[],0.10775532587879781,0.37295241278246744,26.166666666666668
2023-07-26,v2_statistical,v1.0.0,"[10, 19, 20, 30, 38, 45]",7,1,1,1,2,[10],0.10785958265907249,0.3692413832206876,22.166666666666668
2023-07-26,v3_boosting,v1.0.0,"[10, 19, 20, 30, 38, 45]",7,1,1,1,1,[38],0.10694166740417464,0.37070025909739046,24.666666666666668
2023-07-26,v4_ensemble,v1.0.0,"[10, 19, 20, 30, 38, 45]",7,1,1,3,3,[38],0.10715861038360266,0.3700121069961201,22.166666666666668
2023-07-29,random,v1.0.0,"[2, 7, 8, 18, 33, 36]",14,1,1,3,4,[2],0.10745522698875466,0.37177617994345336,17.333333333333332
2023-07-29,ema_gap,v1.0.0,"[2, 7, 8, 18, 33, 36]",14,0,0,0,1,[],0.11565096645418313,0.41652042761079694,37.333333333333336
2023-07-29,logistic,v1.0.0,"[2, 7, 8, 18, 33, 36]",14,0,0,1,1,[],0.10828551121902252,0.3754280893944854,33.666666666666664
2023-07-29,ensemble,v1.0.0,"[2, 7, 8, 18, 33, 36]",14,0,0,0,1,[],0.11027849661039558,0.38538920345553324,37.333333333333336
2023-07-29,v2_statistical,v1.0.0,"[2, 7, 8, 18, 33, 36]",14,0,0,0,0,[],0.11936073704041003,0.43413409939099873,36.166666666666664
2023-07-29,v3_boosting,v1.0.0,"[2, 7, 8, 18, 33, 36]",14,0,0,1,2,[],0.10985254385567722,0.3826386405901873,28.166666666666668
2023-07-29,v4_ensemble,v1.0.0,"[2, 7, 8, 18, 33, 36]",14,0,0,0,1,[],0.11253993374818712,0.3961102239144636,37.333333333333336
2023-08-02,random,v1.0.0,"[4, 7, 9, 25, 34, 48]",42,1,1,3,3,[4],0.10745522698875466,0.37177617994345336,21.166666666666668
2023-08-02,ema_gap,v1.0.0,"[4, 7, 9, 25, 34, 48]",42,1,1,3,4,[25],0.10383290087688427,0.35280849750313853,14.833333333333334
2023-08-02,logistic,v1.0.0,"[4, 7, 9, 25, 34, 48]",42,1,1,1,2,[34],0.10881291371895181,0.3782341229701167,29.166666666666668
2023-08-02,ensemble,v1.0.0,"[4, 7, 9, 25, 34, 48]",42,0,0,0,3,[],0.10686149294401269,0.368656698609585,20.0
2023-08-02,v2_statistical,v1.0.0,"[4, 7, 9, 25, 34, 48]",42,2,2,4,4,"[9, 34]",0.10085476702100907,0.33804547349124814,13.0
2023-08-02,v3_boosting,v1.0.0,"[4, 7, 9, 25, 34, 48]",42,1,1,1,1,[4],0.10908465355082174,0.3768483032673289,24.666666666666668
2023-08-02,v4_ensemble,v1.0.0,"[4, 7, 9, 25, 34, 48]",42,0,0,3,5,[],0.10504949238551292,0.3594656415837803,14.833333333333334
2023-08-05,random,v1.0.0,"[1, 5, 10, 20, 28, 39]",26,2,2,3,3,"[1, 5]",0.10745522698875465,0.37177617994345336,17.166666666666668
2023-08-05,ema_gap,v1.0.0,"[1, 5, 10, 20, 28, 39]",26,1,1,1,1,[10],0.11379544946391024,0.4067443200783865,35.833333333333336
2023-08-05,logistic,v1.0.0,"[1, 5, 10, 20, 28, 39]",26,0,0,1,2,[],0.10784809511814418,0.37321780871400595,25.0
2023-08-05,ensemble,v1.0.0,"[1, 5, 10, 20, 28, 39]",26,1,1,1,1,[10],0.10922183781219708,0.38034844111513755,33.833333333333336
2023-08-05,v2_statistical,v1.0.0,"[1, 5, 10, 20, 28, 39]",26,0,0,1,1,[],0.11962012047942064,0.43817952920694364,37.0
2023-08-05,v3_boosting,v1.0.0,"[1, 5, 10, 20, 28, 39]",26,0,0,0,2,[],0.11177188604403025,0.38991385605588513,31.333333333333332
2023-08-05,v4_ensemble,v1.0.0,"[1, 5, 10, 20, 28, 39]",26,0,0,0,0,[],0.11274385588306952,0.39776180061755584,39.0
2023-08-09,random,v1.0.0,"[17, 35, 37, 40, 45, 47]",44,0,0,0,1,[],0.10745522698875466,0.3717761799434531,36.833333333333336
2023-08-09,ema_gap,v1.0.0,"[17, 35, 37, 40, 45, 47]",44,0,0,1,1,[],0.11022286270998204,0.3830345946970185,26.833333333333332
2023-08-09,logistic,v1.0.0,"[17, 35, 37, 40, 45, 47]",44,0,0,1,3,[],0.10708877336338225,0.36990223903790254,21.0
2023-08-09,ensemble,v1.0.0,"[17, 35, 37, 40, 45, 47]",44,0,0,1,2,[],0.10766949084825297,0.3726348925720775,25.0
2023-08-09,v2_statistical,v1.0.0,"[17, 35, 37, 40, 45, 47]",44,0,0,2,3,[],0.11052503829939166,0.38000690461846537,22.333333333333332
2023-08-09,v3_boosting,v1.0.0,"[17, 35, 37, 40, 45, 47]",44,2,2,3,4,"[17, 47]",0.10756305341421159,0.37655863584713395,21.666666666666668
2023-08-09,v4_ensemble,v1.0.0,"[17, 35, 37, 40, 45, 47]",44,1,1,2,2,[47],0.10771430423597317,0.37170293471962684,22.833333333333332
2023-08-12,random,v1.0.0,"[2, 5, 7, 12, 31, 44]",29,2,2,4,4,"[2, 5]",0.10745522698875465,0.3717761799434534,16.833333333333332
2023-08-12,ema_gap,v1.0.0,"[2, 5, 7, 12, 31, 44]",29,0,0,2,2,[],0.10846185869236788,0.37816001938788063,24.5
2023-08-12,logistic,v1.0.0,"[2, 5, 7, 12, 31, 44]",29,1,1,2,4,[7],0.10718595598353083,0.37038148439803587,21.666666666666668
2023-08-12,ensemble,v1.0.0,"[2, 5, 7, 12, 31, 44]",29,1,1,2,3,[7],0.10779671034133345,0.37361139519795183,24.0
2023-08-12,v2_statistical,v1.0.0,"[2, 5, 7, 12, 31, 44]",29,1,1,2,2,[31],0.11019376184475858,0.3970157676851179,27.166666666666668
2023-08-12,v3_boosting,v1.0.0,"[2, 5, 7, 12, 31, 44]",29,0,0,1,1,[],0.10996658028069703,0.3835838089913033,31.166666666666668
2023-08-12,v4_ensemble,v1.0.0,"[2, 5, 7, 12, 31, 44]",29,1,1,2,2,[31],0.10863531694362771,0.378394131783044,26.5
2023-08-16,random,v1.0.0,"[2, 3, 6, 7, 17, 27]",24,3,3,4,5,"[2, 3, 6]",0.10745522698875465,0.37177617994345347,10.333333333333334
2023-08-16,ema_gap,v1.0.0,"[2, 3, 6, 7, 17, 27]",24,1,1,1,1,[7],0.11222052998437798,0.39691511059296103,34.0
2023-08-16,logistic,v1.0.0,"[2, 3, 6, 7, 17, 27]",24,2,2,2,2,"[6, 27]",0.10649740764272798,0.36701487210606604,21.0
2023-08-16,ensemble,v1.0.0,"[2, 3, 6, 7, 17, 27]",24,0,0,1,1,[],0.10849805264611392,0.3766299343725564,29.333333333333332
2023-08-16,v2_statistical,v1.0.0,"[2, 3, 6, 7, 17, 27]",24,1,1,1,1,[7],0.11643835525570885,0.41808181729200194,33.666666666666664
2023-08-16,v3_boosting,v1.0.0,"[2, 3, 6, 7, 17, 27]",24,0,0,1,1,[],0.11134384882405186,0.3898660551490283,31.166666666666668
2023-08-16,v4_ensemble,v1.0.0,"[2, 3, 6, 7, 17, 27]",24,0,0,1,1,[],0.11114599702499588,0.3905513419839887,34.166666666666664
2023-08-19,random,v1.0.0,"[22, 23, 25, 35, 36, 41]",21,0,0,0,0,[],0.10745522698875466,0.3717761799434532,30.333333333333332
2023-08-19,ema_gap,v1.0.0,"[22, 23, 25, 35, 36, 41]",21,2,2,3,3,"[25, 35]",0.10559667797214375,0.3633725270159803,19.666666666666668
2023-08-19,logistic,v1.0.0,"[22, 23, 25, 35, 36, 41]",21,0,0,3,3,[],0.10875666919894998,0.3790975484781695,27.5
2023-08-19,ensemble,v1.0.0,"[22, 23, 25, 35, 36, 41]",21,2,2,2,3,"[25, 35]",0.10666789048775549,0.3684113881073212,23.333333333333332
2023-08-19,v2_statistical,v1.0.0,"[22, 23, 25, 35, 36, 41]",21,1,1,2,3,[23],0.10644165736679674,0.3622583329248627,20.0
2023-08-19,v3_boosting,v1.0.0,"[22, 23, 25, 35, 36, 41]",21,1,1,1,1,[22],0.1102560100713876,0.38160085910750985,25.666666666666668
2023-08-19,v4_ensemble,v1.0.0,"[22, 23, 25, 35, 36, 41]",21,0,0,2,4,[],0.10711056501019371,0.3690548977603132,21.5
2023-08-23,random,v1.0.0,"[3, 13, 14, 19, 26, 36]",25,1,1,1,3,[3],0.10745522698875465,0.37177617994345336,18.5
2023-08-23,ema_gap,v1.0.0,"[3, 13, 14, 19, 26, 36]",25,0,0,0,1,[],0.11316698244189109,0.397932973866993,32.333333333333336
2023-08-23,logistic,v1.0.0,"[3, 13, 14, 19, 26, 36]",25,0,0,1,1,[],0.10794774293375879,0.37384852765680654,27.333333333333332
2023-08-23,ensemble,v1.0.0,"[3, 13, 14, 19, 26, 36]",25,0,0,0,1,[],0.10892060884836743,0.3786059477829139,31.333333333333332
2023-08-23,v2_statistical,v1.0.0,"[3, 13, 14, 19, 26, 36]",25,0,0,1,1,[],0.11506064112064761,0.40731434826242385,30.5
2023-08-23,v3_boosting,v1.0.0,"[3, 13, 14, 19, 26, 36]",25,0,0,1,1,[],0.11021085095863827,0.3811009422965935,24.666666666666668
2023-08-23,v4_ensemble,v1.0.0,"[3, 13, 14, 19, 26, 36]",25,0,0,0,1,[],0.11064275933375758,0.3863487547171825,32.833333333333336
2023-08-26,random,v1.0.0,"[6, 10, 11, 22, 32, 43]",27,1,1,3,3,[6],0.10745522698875466,0.37177617994345336,20.666666666666668
2023-08-26,ema_gap,v1.0.0,"[6, 10, 11, 22, 32, 43]",27,1,1,2,2,[10],0.10898374644650097,0.37972333075725584,26.666666666666668
2023-08-26,logistic,v1.0.0,"[6, 10, 11, 22, 32, 43]",27,0,0,2,3,[],0.1068031356744597,0.36843206599538414,19.833333333333332
2023-08-26,ensemble,v1.0.0,"[6, 10, 11, 22, 32, 43]",27,1,1,2,2,[10],0.1070907764155521,0.3699747754841141,22.666666666666668
2023-08-26,v2_statistical,v1.0.0,"[6, 10, 11, 22, 32, 43]",27,0,0,2,2,[],0.11178729269116941,0.38563731199678386,24.166666666666668
2023-08-26,v3_boosting,v1.0.0,"[6, 10, 11, 22, 32, 43]",27,0,0,1,3,[],0.10925111815214042,0.3790652546586889,24.0
2023-08-26,v4_ensemble,v1.0.0,"[6, 10, 11, 22, 32, 43]",27,0,0,1,2,[],0.10863460487491952,0.3757382784116777,26.166666666666668
2023-08-30,random,v1.0.0,"[3, 16, 22, 25, 27, 46]",19,1,1,1,2,[3],0.10745522698875466,0.3717761799434532,23.166666666666668
2023-08-30,ema_gap,v1.0.0,"[3, 16, 22, 25, 27, 46]",19,2,2,3,3,"[22, 25]",0.1069199842190097,0.3733753287952759,24.5
2023-08-30,logistic,v1.0.0,"[3, 16, 22, 25, 27, 46]",19,1,1,2,3,[16],0.10727617156689784,0.370934323363046,23.166666666666668
2023-08-30,ensemble,v1.0.0,"[3, 16, 22, 25, 27, 46]",19,2,2,3,3,"[3, 22]",0.10723230132481021,0.3708681731284618,23.0
2023-08-30,v2_statistical,v1.0.0,"[3, 16, 22, 25, 27, 46]",19,1,1,3,3,[25],0.10833518054375915,0.37998506631935736,22.833333333333332
2023-08-30,v3_boosting,v1.0.0,"[3, 16, 22, 25, 27, 46]",19,2,2,2,3,"[3, 16]",0.1070104887497011,0.36975234521856476,21.833333333333332
2023-08-30,v4_ensemble,v1.0.0,"[3, 16, 22, 25, 27, 46]",19,2,2,3,3,"[3, 25]",0.10663832197637903,0.36901155639979405,24.166666666666668
2023-09-02,random,v1.0.0,"[12, 13, 30, 33, 35, 43]",17,0,0,1,2,[],0.10745522698875465,0.37177617994345313,27.666666666666668
2023-09-02,ema_gap,v1.0.0,"[12, 13, 30, 33, 35, 43]",17,1,1,2,3,[35],0.10771952760381268,0.37198708467353453,22.166666666666668
2023-09-02,logistic,v1.0.0,"[12, 13, 30, 33, 35, 43]",17,0,0,3,3,[],0.10853181248043871,0.3769782405271561,26.666666666666668
2023-09-02,ensemble,v1.0.0,"[12, 13, 30, 33, 35, 43]",17,1,1,1,1,[35],0.10774830921698104,0.37324395382261155,29.0
2023-09-02,v2_statistical,v1.0.0,"[12, 13, 30, 33, 35, 43]",17,0,0,1,2,[],0.1102926567018964,0.380681757173934,24.5
2023-09-02,v3_boosting,v1.0.0,"[12, 13, 30, 33, 35, 43]",17,0,0,1,2,[],0.11140090760576994,0.3887527233960864,29.666666666666668
2023-09-02,v4_ensemble,v1.0.0,"[12, 13, 30, 33, 35, 43]",17,1,1,1,2,[35],0.10916715431498827,0.3793933120647229,27.5
2023-09-06,random,v1.0.0,"[3, 10, 31, 38, 39, 41]",34,1,1,2,2,[3],0.10745522698875466,0.3717761799434531,27.0
2023-09-06,ema_gap,v1.0.0,"[3, 10, 31, 38, 39, 41]",34,1,1,3,3,[10],0.10556922162902628,0.36606770372242947,22.666666666666668
2023-09-06,logistic,v1.0.0,"[3, 10, 31, 38, 39, 41]",34,1,1,1,2,[41],0.10797226593926956,0.37420667001657704,26.833333333333332
2023-09-06,ensemble,v1.0.0,"[3, 10, 31, 38, 39, 41]",34,1,1,4,4,[10],0.10642211694846253,0.3669670413010796,18.0
2023-09-06,v2_statistical,v1.0.0,"[3, 10, 31, 38, 39, 41]",34,3,3,3,4,"[3, 10, 31]",0.10135389054027673,0.34916938475622084,17.333333333333332
2023-09-06,v3_boosting,v1.0.0,"[3, 10, 31, 38, 39, 41]",34,4,4,4,5,"[3, 10, 38, 39]",0.09963040290998619,0.34223495012062843,13.0
2023-09-06,v4_ensemble,v1.0.0,"[3, 10, 31, 38, 39, 41]",34,2,2,4,5,"[3, 10]",0.10201487012447716,0.3484646351182283,12.166666666666666
2023-09-09,random,v1.0.0,"[8, 17, 20, 26, 42, 44]",3,0,0,1,2,[],0.10745522698875465,0.37177617994345324,26.166666666666668
2023-09-09,ema_gap,v1.0.0,"[8, 17, 20, 26, 42, 44]",3,0,0,0,1,[],0.11373025994270133,0.3983007543307257,32.833333333333336
2023-09-09,logistic,v1.0.0,"[8, 17, 20, 26, 42, 44]",3,0,0,2,2,[],0.10738477501013712,0.3713029037117918,24.166666666666668
2023-09-09,ensemble,v1.0.0,"[8, 17, 20, 26, 42, 44]",3,0,0,1,1,[],0.10884950491392004,0.3779250590021089,30.5
2023-09-09,v2_statistical,v1.0.0,"[8, 17, 20, 26, 42, 44]",3,0,0,0,1,[],0.11655562822066391,0.40801325380200953,31.666666666666668
2023-09-09,v3_boosting,v1.0.0,"[8, 17, 20, 26, 42, 44]",3,1,1,1,3,[42],0.1057172686470045,0.36616505738893534,24.166666666666668
2023-09-09,v4_ensemble,v1.0.0,"[8, 17, 20, 26, 42, 44]",3,0,0,1,1,[],0.10980750749048789,0.3814134048580517,29.333333333333332
2023-09-13,random,v1.0.0,"[8, 10, 18, 32, 33, 42]",40,0,0,2,3,[],0.10745522698875466,0.37177617994345336,23.833333333333332
2023-09-13,ema_gap,v1.0.0,"[8, 10, 18, 32, 33, 42]",40,1,1,2,3,[10],0.10620357972323681,0.36827931842516026,23.333333333333332
2023-09-13,logistic,v1.0.0,"[8, 10, 18, 32, 33, 42]",40,1,1,1,1,[18],0.1087591939022234,0.3780027980120652,29.0
2023-09-13,ensemble,v1.0.0,"[8, 10, 18, 32, 33, 42]",40,1,1,1,2,[10],0.1076130885597826,0.3727794959608133,28.333333333333332
2023-09-13,v2_statistical,v1.0.0,"[8, 10, 18, 32, 33, 42]",40,1,1,1,1,[10],0.10984861550373175,0.3883199359763755,27.666666666666668
2023-09-13,v3_boosting,v1.0.0,"[8, 10, 18, 32, 33, 42]",40,1,1,3,3,[33],0.10679038040670666,0.3713210053213255,22.666666666666668
2023-09-13,v4_ensemble,v1.0.0,"[8, 10, 18, 32, 33, 42]",40,1,1,1,2,[10],0.10713853853717042,0.37032280028817455,24.0
2023-09-16,random,v1.0.0,"[5, 9, 14, 29, 37, 38]",18,1,1,2,3,[5],0.10745522698875465,0.37177617994345336,22.0
2023-09-16,ema_gap,v1.0.0,"[5, 9, 14, 29, 37, 38]",18,0,0,0,1,[],0.1138457961928396,0.39960388875728364,32.5
2023-09-16,logistic,v1.0.0,"[5, 9, 14, 29, 37, 38]",18,1,1,1,1,[14],0.10754401635510488,0.3722100097646871,26.333333333333332
2023-09-16,ensemble,v1.0.0,"[5, 9, 14, 29, 37, 38]",18,0,0,0,1,[],0.10874498362511938,0.3775438455419859,31.0
2023-09-16,v2_statistical,v1.0.0,"[5, 9, 14, 29, 37, 38]",18,0,0,0,1,[],0.117469128720636,0.418880877703123,34.0
2023-09-16,v3_boosting,v1.0.0,"[5, 9, 14, 29, 37, 38]",18,1,1,3,4,[14],0.10663083451164788,0.36597051106293893,18.5
2023-09-16,v4_ensemble,v1.0.0,"[5, 9, 14, 29, 37, 38]",18,0,0,0,1,[],0.11018105362488645,0.38325028353047896,31.0
2023-09-20,random,v1.0.0,"[10, 14, 17, 22, 25, 38]",24,0,0,1,3,[],0.10745522698875465,0.37177617994345336,21.0
2023-09-20,ema_gap,v1.0.0,"[10, 14, 17, 22, 25, 38]",24,3,3,3,4,"[10, 22, 25]",0.09973477318347848,0.3407999022543158,13.0
2023-09-20,logistic,v1.0.0,"[10, 14, 17, 22, 25, 38]",24,1,1,2,2,[38],0.10829056837903928,0.37582980998380394,29.0
2023-09-20,ensemble,v1.0.0,"[10, 14, 17, 22, 25, 38]",24,1,1,4,4,[10],0.10559129954036806,0.3636194987178598,16.666666666666668
2023-09-20,v2_statistical,v1.0.0,"[10, 14, 17, 22, 25, 38]",24,1,1,4,4,[10],0.09925436653785495,0.34648253463038836,17.833333333333332
2023-09-20,v3_boosting,v1.0.0,"[10, 14, 17, 22, 25, 38]",24,1,1,1,2,[38],0.10831949821647328,0.3760276489435511,25.833333333333332
2023-09-20,v4_ensemble,v1.0.0,"[10, 14, 17, 22, 25, 38]",24,2,2,3,4,"[10, 38]",0.1036211409565605,0.3566307587246778,18.833333333333332
2023-09-23,random,v1.0.0,"[5, 18, 22, 26, 28, 45]",14,1,1,1,2,[5],0.10745522698875466,0.37177617994345324,24.0
2023-09-23,ema_gap,v1.0.0,"[5, 18, 22, 26, 28, 45]",14,1,1,1,2,[22],0.10936042341456312,0.380494939066489,27.166666666666668
2023-09-23,logistic,v1.0.0,"[5, 18, 22, 26, 28, 45]",14,0,0,0,1,[],0.10779241884998404,0.37323496317708826,28.166666666666668
2023-09-23,ensemble,v1.0.0,"[5, 18, 22, 26, 28, 45]",14,1,1,1,2,[22],0.10817886225336572,0.3751907225883221,28.5
2023-09-23,v2_statistical,v1.0.0,"[5, 18, 22, 26, 28, 45]",14,2,2,2,2,"[22, 45]",0.11168010576124554,0.39057237956251917,25.666666666666668
2023-09-23,v3_boosting,v1.0.0,"[5, 18, 22, 26, 28, 45]",14,0,0,2,3,[],0.1093849927245702,0.38038785180966983,24.833333333333332
2023-09-23,v4_ensemble,v1.0.0,"[5, 18, 22, 26, 28, 45]",14,1,1,2,3,[45],0.10869361343378998,0.3773293240464839,25.666666666666668
2023-09-27,random,v1.0.0,"[9, 17, 25, 30, 38, 48]",35,0,0,1,2,[],0.10745522698875466,0.3717761799434532,27.833333333333332
2023-09-27,ema_gap,v1.0.0,"[9, 17, 25, 30, 38, 48]",35,1,1,3,5,[25],0.10404273153812031,0.3539250480882151,15.0
2023-09-27,logistic,v1.0.0,"[9, 17, 25, 30, 38, 48]",35,0,0,1,2,[],0.10781981330378371,0.37282049670563266,25.0
2023-09-27,ensemble,v1.0.0,"[9, 17, 25, 30, 38, 48]",35,1,1,3,4,[25],0.10615840873033121,0.36555335977122977,14.833333333333334
2023-09-27,v2_statistical,v1.0.0,"[9, 17, 25, 30, 38, 48]",35,1,1,3,4,[38],0.1039823554496986,0.3502004923674801,15.666666666666666
2023-09-27,v3_boosting,v1.0.0,"[9, 17, 25, 30, 38, 48]",35,2,2,2,2,"[25, 48]",0.10553230529005604,0.36442917136424097,21.5
2023-09-27,v4_ensemble,v1.0.0,"[9, 17, 25, 30, 38, 48]",35,1,1,3,6,[25],0.10439173412596288,0.3569864529607474,11.0
2023-09-30,random,v1.0.0,"[30, 31, 34, 43, 45, 47]",14,0,0,0,0,[],0.10745522698875466,0.37177617994345313,38.333333333333336
2023-09-30,ema_gap,v1.0.0,"[30, 31, 34, 43, 45, 47]",14,1,1,2,3,[30],0.10868466898325148,0.3746682241970822,23.0
2023-09-30,logistic,v1.0.0,"[30, 31, 34, 43, 45, 47]",14,0,0,0,1,[],0.11156035785099924,0.3918540853792221,39.333333333333336
2023-09-30,ensemble,v1.0.0,"[30, 31, 34, 43, 45, 47]",14,0,0,0,1,[],0.1087656712736703,0.37771825128313585,30.833333333333332
2023-09-30,v2_statistical,v1.0.0,"[30, 31, 34, 43, 45, 47]",14,2,2,2,4,"[31, 45]",0.10117061973191048,0.3440501495128898,15.333333333333334
2023-09-30,v3_boosting,v1.0.0,"[30, 31, 34, 43, 45, 47]",14,0,0,0,0,[],0.1145732060043887,0.4037325948047195,34.0
2023-09-30,v4_ensemble,v1.0.0,"[30, 31, 34, 43, 45, 47]",14,1,1,2,2,[31],0.10815812685479612,0.3750829363410296,24.333333333333332
2023-10-04,random,v1.0.0,"[18, 19, 26, 27, 29, 30]",34,0,0,0,1,[],0.10745522698875466,0.3717761799434532,24.833333333333332
2023-10-04,ema_gap,v1.0.0,"[18, 19, 26, 27, 29, 30]",34,1,1,1,1,[30],0.10968462454829457,0.3801163670307363,26.5
2023-10-04,logistic,v1.0.0,"[18, 19, 26, 27, 29, 30]",34,0,0,1,2,[],0.1081625740107045,0.37494221265037553,27.333333333333332
2023-10-04,ensemble,v1.0.0,"[18, 19, 26, 27, 29, 30]",34,1,1,1,1,[30],0.10837413522683931,0.3759101243873304,28.333333333333332
2023-10-04,v2_statistical,v1.0.0,"[18, 19, 26, 27, 29, 30]",34,0,0,1,1,[],0.11377006180569785,0.39681319537103554,28.333333333333332
2023-10-04,v3_boosting,v1.0.0,"[18, 19, 26, 27, 29, 30]",34,0,0,0,1,[],0.11098559941807433,0.3866039240431166,30.833333333333332
2023-10-04,v4_ensemble,v1.0.0,"[18, 19, 26, 27, 29, 30]",34,0,0,1,1,[],0.11043986672166857,0.38464301571979553,30.333333333333332
2023-10-07,random,v1.0.0,"[4, 6, 20, 40, 45, 46]",33,2,2,2,2,"[4, 6]",0.10745522698875466,0.37177617994345324,26.833333333333332
2023-10-07,ema_gap,v1.0.0,"[4, 6, 20, 40, 45, 46]",33,0,0,1,1,[],0.11436593818373464,0.40352323039539595,34.833333333333336
2023-10-07,logistic,v1.0.0,"[4, 6, 20, 40, 45, 46]",33,0,0,0,1,[],0.10817093551328791,0.3749054388095867,32.0
2023-10-07,ensemble,v1.0.0,"[4, 6, 20, 40, 45, 46]",33,0,0,1,1,[],0.10916798160652263,0.37961956966524585,33.0
2023-10-07,v2_statistical,v1.0.0,"[4, 6, 20, 40, 45, 46]",33,1,1,1,1,[45],0.11128286479800722,0.3880833728465047,28.666666666666668
2023-10-07,v3_boosting,v1.0.0,"[4, 6, 20, 40, 45, 46]",33,0,0,0,0,[],0.11249222096292548,0.395595192357128,39.333333333333336
2023-10-07,v4_ensemble,v1.0.0,"[4, 6, 20, 40, 45, 46]",33,1,1,1,1,[45],0.11096063148323611,0.3880890617724408,33.5
2023-10-11,random,v1.0.0,"[9, 17, 22, 28, 37, 43]",25,0,0,1,2,[],0.10745522698875466,0.37177617994345324,26.0
2023-10-11,ema_gap,v1.0.0,"[9, 17, 22, 28, 37, 43]",25,1,1,3,3,[22],0.1052483432054328,0.3606827430704041,19.0
2023-10-11,logistic,v1.0.0,"[9, 17, 22, 28, 37, 43]",25,0,0,0,0,[],0.11169937374718054,0.3919558171579216,40.0
2023-10-11,ensemble,v1.0.0,"[9, 17, 22, 28, 37, 43]",25,0,0,1,1,[],0.10835314638456346,0.37609176515613474,27.166666666666668
2023-10-11,v2_statistical,v1.0.0,"[9, 17, 22, 28, 37, 43]",25,1,1,3,4,[22],0.10664885674690303,0.3665760563623089,19.0
2023-10-11,v3_boosting,v1.0.0,"[9, 17, 22, 28, 37, 43]",25,1,1,1,2,[17],0.10733402318420204,0.3712278267124345,24.333333333333332
2023-10-11,v4_ensemble,v1.0.0,"[9, 17, 22, 28, 37, 43]",25,0,0,2,4,[],0.10693896548709504,0.36930960585153055,20.833333333333332
2023-10-14,random,v1.0.0,"[15, 17, 23, 32, 37, 47]",49,0,0,0,2,[],0.10745522698875466,0.37177617994345324,28.5
2023-10-14,ema_gap,v1.0.0,"[15, 17, 23, 32, 37, 47]",49,0,0,1,2,[],0.1098073642298091,0.3811660925705307,26.5
2023-10-14,logistic,v1.0.0,"[15, 17, 23, 32, 37, 47]",49,0,0,3,4,[],0.10686786954126315,0.36887627823079205,19.833333333333332
2023-10-14,ensemble,v1.0.0,"[15, 17, 23, 32, 37, 47]",49,1,1,2,2,[17],0.10734560817628733,0.3711756693615494,23.833333333333332
2023-10-14,v2_statistical,v1.0.0,"[15, 17, 23, 32, 37, 47]",49,0,0,2,2,[],0.1115153565446379,0.3867222555874671,23.833333333333332
2023-10-14,v3_boosting,v1.0.0,"[15, 17, 23, 32, 37, 47]",49,0,0,0,2,[],0.11041866846662517,0.38282355067011486,26.666666666666668
2023-10-14,v4_ensemble,v1.0.0,"[15, 17, 23, 32, 37, 47]",49,0,0,0,2,[],0.10894033877130183,0.37770502192130395,26.333333333333332
2023-10-18,random,v1.0.0,"[3, 4, 9, 27, 30, 37]",48,2,2,3,3,"[3, 4]",0.10745522698875465,0.37177617994345336,18.333333333333332
2023-10-18,ema_gap,v1.0.0,"[3, 4, 9, 27, 30, 37]",48,2,2,3,4,"[9, 30]",0.10246115583430435,0.3482668736100119,14.333333333333334
2023-10-18,logistic,v1.0.0,"[3, 4, 9, 27, 30, 37]",48,0,0,1,2,[],0.10791647896337478,0.3737889626993237,27.333333333333332
2023-10-18,ensemble,v1.0.0,"[3, 4, 9, 27, 30, 37]",48,2,2,3,3,"[9, 37]",0.10584401382120236,0.364241147805686,15.666666666666666
2023-10-18,v2_statistical,v1.0.0,"[3, 4, 9, 27, 30, 37]",48,0,0,4,4,[],0.10253989607276333,0.3440070786100447,14.833333333333334
2023-10-18,v3_boosting,v1.0.0,"[3, 4, 9, 27, 30, 37]",48,2,2,2,4,"[9, 27]",0.10500863944208427,0.3603286891210894,17.166666666666668
2023-10-18,v4_ensemble,v1.0.0,"[3, 4, 9, 27, 30, 37]",48,1,1,3,4,[9],0.10370971885043966,0.35448443577024513,13.333333333333334
2023-10-21,random,v1.0.0,"[1, 12, 17, 19, 23, 39]",37,1,1,2,3,[1],0.10745522698875465,0.37177617994345336,18.5
2023-10-21,ema_gap,v1.0.0,"[1, 12, 17, 19, 23, 39]",37,0,0,2,2,[],0.11142301526198625,0.3922747709320128,30.333333333333332
2023-10-21,logistic,v1.0.0,"[1, 12, 17, 19, 23, 39]",37,1,1,2,2,[17],0.1072818723707001,0.37106570531536065,26.166666666666668
2023-10-21,ensemble,v1.0.0,"[1, 12, 17, 19, 23, 39]",37,1,1,2,2,[17],0.1085222499640556,0.3771989960020328,31.166666666666668
2023-10-21,v2_statistical,v1.0.0,"[1, 12, 17, 19, 23, 39]",37,0,0,1,2,[],0.11631803798382907,0.4188632433602453,32.166666666666664
2023-10-21,v3_boosting,v1.0.0,"[1, 12, 17, 19, 23, 39]",37,0,0,0,0,[],0.11456978090224698,0.4042516826151866,35.666666666666664
2023-10-21,v4_ensemble,v1.0.0,"[1, 12, 17, 19, 23, 39]",37,0,0,0,2,[],0.11229435442242403,0.39659347508045956,34.333333333333336
2023-10-25,random,v1.0.0,"[1, 4, 16, 22, 29, 47]",43,2,2,2,3,"[1, 4]",0.10745522698875465,0.37177617994345336,19.833333333333332
2023-10-25,ema_gap,v1.0.0,"[1, 4, 16, 22, 29, 47]",43,1,1,1,3,[22],0.10897237877978203,0.3797904360985614,26.666666666666668
2023-10-25,logistic,v1.0.0,"[1, 4, 16, 22, 29, 47]",43,0,0,1,2,[],0.10857556158134045,0.3767345686436056,28.0
2023-10-25,ensemble,v1.0.0,"[1, 4, 16, 22, 29, 47]",43,0,0,1,2,[],0.10805435010316665,0.37446974861344345,28.166666666666668
2023-10-25,v2_statistical,v1.0.0,"[1, 4, 16, 22, 29, 47]",43,1,1,1,3,[22],0.10971798604226055,0.38765732184705587,26.166666666666668
2023-10-25,v3_boosting,v1.0.0,"[1, 4, 16, 22, 29, 47]",43,0,0,1,1,[],0.10770053465012987,0.37072613236383956,22.5
2023-10-25,v4_ensemble,v1.0.0,"[1, 4, 16, 22, 29, 47]",43,1,1,2,3,[22],0.10771797237452899,0.3740890087900238,26.166666666666668
2023-10-28,random,v1.0.0,"[4, 9, 17, 30, 36, 43]",37,1,1,2,3,[4],0.10745522698875466,0.37177617994345336,23.166666666666668
2023-10-28,ema_gap,v1.0.0,"[4, 9, 17, 30, 36, 43]",37,3,3,4,5,"[9, 17, 30]",0.10013546508141004,0.34184290269056355,13.833333333333334
2023-10-28,logistic,v1.0.0,"[4, 9, 17, 30, 36, 43]",37,0,0,0,3,[],0.10738452982630578,0.37068778632902044,22.333333333333332
2023-10-28,ensemble,v1.0.0,"[4, 9, 17, 30, 36, 43]",37,2,2,5,5,"[9, 30]",0.1051789048878292,0.36149410076610683,12.166666666666666
2023-10-28,v2_statistical,v1.0.0,"[4, 9, 17, 30, 36, 43]",37,0,0,3,5,[],0.10320061320600171,0.3494965982460776,17.333333333333332
2023-10-28,v3_boosting,v1.0.0,"[4, 9, 17, 30, 36, 43]",37,0,0,0,2,[],0.11316685759255697,0.39664212597697934,28.833333333333332
2023-10-28,v4_ensemble,v1.0.0,"[4, 9, 17, 30, 36, 43]",37,0,0,2,4,[],0.10611356279569323,0.3654159075927843,18.833333333333332
2023-11-01,random,v1.0.0,"[7, 12, 31, 34, 41, 48]",25,0,0,2,2,[],0.10745522698875466,0.3717761799434531,28.833333333333332
2023-11-01,ema_gap,v1.0.0,"[7, 12, 31, 34, 41, 48]",25,0,0,0,1,[],0.1116668958818771,0.3873788809723597,28.0
2023-11-01,logistic,v1.0.0,"[7, 12, 31, 34, 41, 48]",25,0,0,2,2,[],0.10754517586087224,0.3720695182370564,25.5
2023-11-01,ensemble,v1.0.0,"[7, 12, 31, 34, 41, 48]",25,0,0,0,1,[],0.10795316881307997,0.37367634670330985,25.5
2023-11-01,v2_statistical,v1.0.0,"[7, 12, 31, 34, 41, 48]",25,0,0,1,2,[],0.10893259316542062,0.3713262869687839,20.833333333333332
2023-11-01,v3_boosting,v1.0.0,"[7, 12, 31, 34, 41, 48]",25,0,0,1,2,[],0.11193156053045705,0.39153194970565885,30.166666666666668
2023-11-01,v4_ensemble,v1.0.0,"[7, 12, 31, 34, 41, 48]",25,0,0,0,1,[],0.10924257396932073,0.3782973253845086,25.333333333333332
2023-11-04,random,v1.0.0,"[1, 10, 15, 17, 35, 45]",34,1,1,2,4,[1],0.10745522698875466,0.37177617994345336,20.5
2023-11-04,ema_gap,v1.0.0,"[1, 10, 15, 17, 35, 45]",34,2,2,2,3,"[10, 17]",0.105092992279726,0.3615625331559333,20.333333333333332
2023-11-04,logistic,v1.0.0,"[1, 10, 15, 17, 35, 45]",34,1,1,1,3,[17],0.1067663774207867,0.36849487691234795,21.0
2023-11-04,ensemble,v1.0.0,"[1, 10, 15, 17, 35, 45]",34,2,2,2,4,"[10, 17]",0.10643509699248853,0.36741536718157014,20.833333333333332
2023-11-04,v2_statistical,v1.0.0,"[1, 10, 15, 17, 35, 45]",34,1,1,2,4,[45],0.10905877442507177,0.38082980815649087,22.5
2023-11-04,v3_boosting,v1.0.0,"[1, 10, 15, 17, 35, 45]",34,0,0,0,0,[],0.11017735429111626,0.3801357090484501,26.0
2023-11-04,v4_ensemble,v1.0.0,"[1, 10, 15, 17, 35, 45]",34,0,0,2,3,[],0.1075959066436194,0.3715897942097036,22.666666666666668
2023-11-08,random,v1.0.0,"[25, 29, 37, 43, 46, 48]",15,0,0,0,0,[],0.10745522698875466,0.37177617994345313,38.0
2023-11-08,ema_gap,v1.0.0,"[25, 29, 37, 43, 46, 48]",15,0,0,2,4,[],0.10754418712795051,0.368988135098202,20.0
2023-11-08,logistic,v1.0.0,"[25, 29, 37, 43, 46, 48]",15,0,0,1,1,[],0.10836376264011094,0.3756061885859898,27.5
2023-11-08,ensemble,v1.0.0,"[25, 29, 37, 43, 46, 48]",15,0,0,2,3,[],0.10743224588659624,0.37152385188034226,23.666666666666668
2023-11-08,v2_statistical,v1.0.0,"[25, 29, 37, 43, 46, 48]",15,0,0,1,3,[],0.10764452037340759,0.3655792260167696,19.333333333333332
2023-11-08,v3_boosting,v1.0.0,"[25, 29, 37, 43, 46, 48]",15,0,0,2,3,[],0.10873975416173066,0.3777913237072032,24.166666666666668
2023-11-08,v4_ensemble,v1.0.0,"[25, 29, 37, 43, 46, 48]",15,0,0,2,3,[],0.10739202888995311,0.3697722354359465,19.5
2023-11-11,random,v1.0.0,"[3, 17, 25, 26, 41, 42]",18,1,1,1,2,[3],0.10745522698875465,0.3717761799434532,25.666666666666668
2023-11-11,ema_gap,v1.0.0,"[3, 17, 25, 26, 41, 42]",18,2,2,2,3,"[17, 25]",0.10343778303626722,0.35449092102559965,17.5
2023-11-11,logistic,v1.0.0,"[3, 17, 25, 26, 41, 42]",18,0,0,0,0,[],0.11002439495984995,0.38331674017803913,33.166666666666664
2023-11-11,ensemble,v1.0.0,"[3, 17, 25, 26, 41, 42]",18,1,1,1,3,[17],0.1069608403749111,0.3694443787611487,22.5
2023-11-11,v2_statistical,v1.0.0,"[3, 17, 25, 26, 41, 42]",18,1,1,1,3,[17],0.10749246318052345,0.3638538551189488,17.5
2023-11-11,v3_boosting,v1.0.0,"[3, 17, 25, 26, 41, 42]",18,2,2,2,3,"[17, 26]",0.10856813719593864,0.3781823803959071,24.5
2023-11-11,v4_ensemble,v1.0.0,"[3, 17, 25, 26, 41, 42]",18,1,1,1,4,[17],0.10698845567258104,0.3689133207594585,20.333333333333332
2023-11-15,random,v1.0.0,"[16, 20, 23, 32, 37, 39]",13,0,0,0,1,[],0.10745522698875466,0.37177617994345324,27.833333333333332
2023-11-15,ema_gap,v1.0.0,"[16, 20, 23, 32, 37, 39]",13,0,0,1,2,[],0.11089017265157355,0.3862170916818181,28.833333333333332
2023-11-15,logistic,v1.0.0,"[16, 20, 23, 32, 37, 39]",13,0,0,1,1,[],0.10810190487320716,0.37452632955840814,29.666666666666668
2023-11-15,ensemble,v1.0.0,"[16, 20, 23, 32, 37, 39]",13,1,1,1,1,[37],0.10856618206922375,0.37695363978864077,30.166666666666668
2023-11-15,v2_statistical,v1.0.0,"[16, 20, 23, 32, 37, 39]",13,0,0,1,2,[],0.11395382909957222,0.4025306222989026,29.666666666666668
2023-11-15,v3_boosting,v1.0.0,"[16, 20, 23, 32, 37, 39]",13,1,1,4,4,[39],0.10406690037122056,0.35838651624615636,16.333333333333332
2023-11-15,v4_ensemble,v1.0.0,"[16, 20, 23, 32, 37, 39]",13,1,1,1,2,[37],0.10816835782630949,0.3750129141632278,25.5
2023-11-18,random,v1.0.0,"[6, 22, 26, 30, 35, 36]",25,1,1,1,1,[6],0.10745522698875466,0.3717761799434532,25.833333333333332
2023-11-18,ema_gap,v1.0.0,"[6, 22, 26, 30, 35, 36]",25,2,2,2,4,"[22, 30]",0.1050543028399763,0.36007413155268775,19.5
2023-11-18,logistic,v1.0.0,"[6, 22, 26, 30, 35, 36]",25,1,1,1,3,[30],0.10758062672477771,0.3721680058129927,25.166666666666668
2023-11-18,ensemble,v1.0.0,"[6, 22, 26, 30, 35, 36]",25,2,2,2,4,"[22, 30]",0.10655892495212597,0.3678349307543672,20.666666666666668
2023-11-18,v2_statistical,v1.0.0,"[6, 22, 26, 30, 35, 36]",25,0,0,2,2,[],0.10853571210658047,0.3696866439412491,20.333333333333332
2023-11-18,v3_boosting,v1.0.0,"[6, 22, 26, 30, 35, 36]",25,0,0,1,2,[],0.1122186010467079,0.38979505929417946,29.666666666666668
2023-11-18,v4_ensemble,v1.0.0,"[6, 22, 26, 30, 35, 36]",25,0,0,2,3,[],0.10820294333482153,0.3738584747320305,23.0
2023-11-22,random,v1.0.0,"[7, 12, 13, 17, 20, 36]",11,0,0,2,4,[],0.10745522698875465,0.37177617994345336,17.5
2023-11-22,ema_gap,v1.0.0,"[7, 12, 13, 17, 20, 36]",11,1,1,1,2,[17],0.10667144708485576,0.36828341587586,22.666666666666668
2023-11-22,logistic,v1.0.0,"[7, 12, 13, 17, 20, 36]",11,1,1,2,3,[20],0.10669837625837117,0.36821747180763476,22.166666666666668
2023-11-22,ensemble,v1.0.0,"[7, 12, 13, 17, 20, 36]",11,1,1,1,2,[17],0.10677325282692211,0.36903920138216456,24.5
2023-11-22,v2_statistical,v1.0.0,"[7, 12, 13, 17, 20, 36]",11,1,1,1,2,[17],0.10937731558857622,0.3760549744064063,22.5
2023-11-22,v3_boosting,v1.0.0,"[7, 12, 13, 17, 20, 36]",11,0,0,1,2,[],0.11029511831696828,0.38563340833091875,28.166666666666668
2023-11-22,v4_ensemble,v1.0.0,"[7, 12, 13, 17, 20, 36]",11,1,1,1,1,[17],0.10786001144837652,0.373249980229342,25.333333333333332
2023-11-25,random,v1.0.0,"[5, 9, 18, 29, 39, 42]",48,1,1,2,3,[5],0.10745522698875466,0.37177617994345336,23.666666666666668
2023-11-25,ema_gap,v1.0.0,"[5, 9, 18, 29, 39, 42]",48,0,0,1,1,[],0.11039819611480459,0.3821566674377251,27.166666666666668
2023-11-25,logistic,v1.0.0,"[5, 9, 18, 29, 39, 42]",48,1,1,2,3,[39],0.1070427382951547,0.37000405057483166,25.0
2023-11-25,ensemble,v1.0.0,"[5, 9, 18, 29, 39, 42]",48,0,0,1,4,[],0.10771121854666191,0.37283917215330953,24.333333333333332
2023-11-25,v2_statistical,v1.0.0,"[5, 9, 18, 29, 39, 42]",48,0,0,1,1,[],0.11577166451426517,0.40780132902893157,32.166666666666664
2023-11-25,v3_boosting,v1.0.0,"[5, 9, 18, 29, 39, 42]",48,1,1,2,2,[42],0.10654704754885451,0.36652446308961734,20.833333333333332
2023-11-25,v4_ensemble,v1.0.0,"[5, 9, 18, 29, 39, 42]",48,1,1,1,2,[42],0.1090179551112607,0.3786626882471975,28.166666666666668
2023-11-29,random,v1.0.0,"[11, 13, 16, 18, 21, 43]",37,0,0,1,4,[],0.10745522698875465,0.37177617994345336,20.333333333333332
2023-11-29,ema_gap,v1.0.0,"[11, 13, 16, 18, 21, 43]",37,0,0,1,1,[],0.11308281041891526,0.3970190220729248,32.0
2023-11-29,logistic,v1.0.0,"[11, 13, 16, 18, 21, 43]",37,1,1,1,1,[13],0.10788619995849869,0.3739427157799558,29.166666666666668
2023-11-29,ensemble,v1.0.0,"[11, 13, 16, 18, 21, 43]",37,0,0,1,2,[],0.10894242743010676,0.3786484252868362,31.666666666666668
2023-11-29,v2_statistical,v1.0.0,"[11, 13, 16, 18, 21, 43]",37,0,0,1,1,[],0.11666704811811912,0.41758999182478673,32.5
2023-11-29,v3_boosting,v1.0.0,"[11, 13, 16, 18, 21, 43]",37,2,2,3,3,"[18, 43]",0.10667135426262599,0.3673544336859853,21.166666666666668
2023-11-29,v4_ensemble,v1.0.0,"[11, 13, 16, 18, 21, 43]",37,1,1,1,2,[43],0.10996568727922175,0.3835378507649601,29.166666666666668
2023-12-02,random,v1.0.0,"[1, 2, 20, 26, 39, 49]",18,2,2,2,2,"[1, 2]",0.10745522698875466,0.37177617994345324,22.833333333333332
2023-12-02,ema_gap,v1.0.0,"[1, 2, 20, 26, 39, 49]",18,0,0,0,1,[],0.1145215183447334,0.40700149608733505,34.166666666666664
2023-12-02,logistic,v1.0.0,"[1, 2, 20, 26, 39, 49]",18,3,3,4,4,"[2, 39, 49]",0.10578732941321597,0.3637844677296708,12.666666666666666
2023-12-02,ensemble,v1.0.0,"[1, 2, 20, 26, 39, 49]",18,0,0,0,0,[],0.1090534169696157,0.37888570225284823,32.0
2023-12-02,v2_statistical,v1.0.0,"[1, 2, 20, 26, 39, 49]",18,0,0,0,0,[],0.12047963112476837,0.4392314814651821,36.833333333333336
2023-12-02,v3_boosting,v1.0.0,"[1, 2, 20, 26, 39, 49]",18,0,0,1,3,[],0.1077614524561992,0.3703163477368856,21.666666666666668
2023-12-02,v4_ensemble,v1.0.0,"[1, 2, 20, 26, 39, 49]",18,0,0,0,1,[],0.11140898928463905,0.3896536172066981,32.833333333333336
2023-12-06,random,v1.0.0,"[1, 11, 31, 36, 38, 45]",46,1,1,2,2,[1],0.10745522698875466,0.3717761799434531,27.0
2023-12-06,ema_gap,v1.0.0,"[1, 11, 31, 36, 38, 45]",46,0,0,0,0,[],0.11034079514253231,0.38121763269862846,27.0
2023-12-06,logistic,v1.0.0,"[1, 11, 31, 36, 38, 45]",46,1,1,2,2,[38],0.10730630257064265,0.3709018775174471,24.0
2023-12-06,ensemble,v1.0.0,"[1, 11, 31, 36, 38, 45]",46,0,0,2,3,[],0.10761195192477017,0.3723425285421582,24.333333333333332
2023-12-06,v2_statistical,v1.0.0,"[1, 11, 31, 36, 38, 45]",46,0,0,2,2,[],0.10973951651568371,0.37652554974285957,22.666666666666668
2023-12-06,v3_boosting,v1.0.0,"[1, 11, 31, 36, 38, 45]",46,0,0,1,2,[],0.11003720096219578,0.3839225550534332,27.833333333333332
2023-12-06,v4_ensemble,v1.0.0,"[1, 11, 31, 36, 38, 45]",46,0,0,1,2,[],0.10873875999661811,0.3768788091784994,25.833333333333332
2023-12-09,random,v1.0.0,"[4, 5, 14, 21, 27, 30]",41,2,2,2,3,"[4, 5]",0.10745522698875465,0.37177617994345336,16.833333333333332
2023-12-09,ema_gap,v1.0.0,"[4, 5, 14, 21, 27, 30]",41,1,1,1,1,[30],0.11018020298512875,0.384783357190329,29.166666666666668
2023-12-09,logistic,v1.0.0,"[4, 5, 14, 21, 27, 30]",41,0,0,0,2,[],0.11008396473872022,0.3842944725397277,33.333333333333336
2023-12-09,ensemble,v1.0.0,"[4, 5, 14, 21, 27, 30]",41,0,0,1,1,[],0.10897555060017095,0.3787824078175564,34.666666666666664
2023-12-09,v2_statistical,v1.0.0,"[4, 5, 14, 21, 27, 30]",41,1,1,1,2,[30],0.11298611428513036,0.3983039346086783,28.0
2023-12-09,v3_boosting,v1.0.0,"[4, 5, 14, 21, 27, 30]",41,1,1,2,4,[30],0.10469277576650617,0.3581518262149496,16.166666666666668
2023-12-09,v4_ensemble,v1.0.0,"[4, 5, 14, 21, 27, 30]",41,1,1,1,1,[30],0.10833177168037318,0.3751693297581893,25.333333333333332
2023-12-13,random,v1.0.0,"[7, 16, 20, 33, 46, 47]",5,0,0,1,2,[],0.10745522698875465,0.37177617994345324,28.166666666666668
2023-12-13,ema_gap,v1.0.0,"[7, 16, 20, 33, 46, 47]",5,0,0,0,1,[],0.11294860423143877,0.39659555645694405,32.5
2023-12-13,logistic,v1.0.0,"[7, 16, 20, 33, 46, 47]",5,0,0,0,1,[],0.10851399332743505,0.37673330600933397,30.0
2023-12-13,ensemble,v1.0.0,"[7, 16, 20, 33, 46, 47]",5,0,0,0,0,[],0.10938785514576733,0.3806397933281624,35.666666666666664
2023-12-13,v2_statistical,v1.0.0,"[7, 16, 20, 33, 46, 47]",5,0,0,0,3,[],0.11208992695243253,0.3893269692839991,26.333333333333332
2023-12-13,v3_boosting,v1.0.0,"[7, 16, 20, 33, 46, 47]",5,1,1,2,5,[47],0.10480471075075215,0.35843586991399407,14.833333333333334
2023-12-13,v4_ensemble,v1.0.0,"[7, 16, 20, 33, 46, 47]",5,0,0,2,3,[],0.10815770556910605,0.3747425063954904,25.0
2023-12-16,random,v1.0.0,"[7, 8, 13, 20, 43, 44]",2,0,0,2,3,[],0.10745522698875465,0.37177617994345336,22.5
2023-12-16,ema_gap,v1.0.0,"[7, 8, 13, 20, 43, 44]",2,0,0,3,3,[],0.1086750561824413,0.3775280338066391,23.0
2023-12-16,logistic,v1.0.0,"[7, 8, 13, 20, 43, 44]",2,0,0,1,2,[],0.10839166414915333,0.37599229307073156,29.666666666666668
2023-12-16,ensemble,v1.0.0,"[7, 8, 13, 20, 43, 44]",2,0,0,1,2,[],0.10782324282716485,0.3730305489515059,25.0
2023-12-16,v2_statistical,v1.0.0,"[7, 8, 13, 20, 43, 44]",2,1,1,2,3,[43],0.10940755298034109,0.3786216119539079,24.0
2023-12-16,v3_boosting,v1.0.0,"[7, 8, 13, 20, 43, 44]",2,1,1,2,2,[43],0.10707606248861112,0.3706265965666664,22.0
2023-12-16,v4_ensemble,v1.0.0,"[7, 8, 13, 20, 43, 44]",2,1,1,2,2,[43],0.10738248728140937,0.3714534893146448,24.5
2023-12-20,random,v1.0.0,"[10, 12, 13, 17, 35, 44]",47,0,0,2,4,[],0.10745522698875465,0.37177617994345336,21.833333333333332
2023-12-20,ema_gap,v1.0.0,"[10, 12, 13, 17, 35, 44]",47,1,1,2,4,[17],0.10391692459144494,0.3556946936326454,18.0
2023-12-20,logistic,v1.0.0,"[10, 12, 13, 17, 35, 44]",47,1,1,1,1,[17],0.10792445518525068,0.3743605230102912,28.166666666666668
2023-12-20,ensemble,v1.0.0,"[10, 12, 13, 17, 35, 44]",47,1,1,1,2,[17],0.1062456263685394,0.3666554048190666,21.666666666666668
2023-12-20,v2_statistical,v1.0.0,"[10, 12, 13, 17, 35, 44]",47,1,1,2,2,[17],0.10625671432383345,0.3634893746244308,20.0
2023-12-20,v3_boosting,v1.0.0,"[10, 12, 13, 17, 35, 44]",47,0,0,0,2,[],0.11147782235517097,0.3895246578972288,31.833333333333332
2023-12-20,v4_ensemble,v1.0.0,"[10, 12, 13, 17, 35, 44]",47,1,1,1,1,[17],0.10718256939785355,0.37047171160684084,23.0
2023-12-23,random,v1.0.0,"[7, 10, 15, 21, 29, 31]",17,0,0,2,3,[],0.10745522698875465,0.37177617994345336,18.833333333333332
2023-12-23,ema_gap,v1.0.0,"[7, 10, 15, 21, 29, 31]",17,2,2,2,3,"[7, 10]",0.10696679532637303,0.3687781801961244,21.333333333333332
2023-12-23,logistic,v1.0.0,"[7, 10, 15, 21, 29, 31]",17,1,1,1,3,[21],0.10901690042540442,0.3799099647625884,28.166666666666668
2023-12-23,ensemble,v1.0.0,"[7, 10, 15, 21, 29, 31]",17,0,0,1,1,[],0.10751984838183577,0.3718509131267069,25.166666666666668
2023-12-23,v2_statistical,v1.0.0,"[7, 10, 15, 21, 29, 31]",17,2,2,3,3,"[7, 31]",0.1045705015881474,0.36609772888426595,21.5
2023-12-23,v3_boosting,v1.0.0,"[7, 10, 15, 21, 29, 31]",17,2,2,3,3,"[21, 29]",0.10551532825006588,0.3649572966849666,21.5
2023-12-23,v4_ensemble,v1.0.0,"[7, 10, 15, 21, 29, 31]",17,2,2,3,4,"[7, 31]",0.10538259379243686,0.3625033087954903,16.833333333333332
2023-12-27,random,v1.0.0,"[3, 11, 21, 40, 46, 48]",36,1,1,2,2,[3],0.10745522698875466,0.37177617994345324,28.166666666666668
2023-12-27,ema_gap,v1.0.0,"[3, 11, 21, 40, 46, 48]",36,0,0,0,0,[],0.11347959282645917,0.3985088805982708,33.666666666666664
2023-12-27,logistic,v1.0.0,"[3, 11, 21, 40, 46, 48]",36,0,0,1,2,[],0.1072942314290221,0.370784557082899,21.666666666666668
2023-12-27,ensemble,v1.0.0,"[3, 11, 21, 40, 46, 48]",36,0,0,0,0,[],0.10885222464278575,0.3780070967500229,30.833333333333332
2023-12-27,v2_statistical,v1.0.0,"[3, 11, 21, 40, 46, 48]",36,0,0,0,0,[],0.11674406146044396,0.4080034330538347,32.166666666666664
2023-12-27,v3_boosting,v1.0.0,"[3, 11, 21, 40, 46, 48]",36,1,1,1,1,[40],0.10788350953162945,0.3734445444574651,25.666666666666668
2023-12-27,v4_ensemble,v1.0.0,"[3, 11, 21, 40, 46, 48]",36,0,0,0,0,[],0.11040936491059365,0.38467080929057623,33.166666666666664
2023-12-28,random,v1.0.0,"[2, 10, 16, 17, 24, 26]",18,1,1,2,4,[2],0.10745522698875466,0.37177617994345336,15.833333333333334
2023-12-28,ema_gap,v1.0.0,"[2, 10, 16, 17, 24, 26]",18,2,2,2,2,"[10, 17]",0.10626178539723875,0.3772594256678329,24.833333333333332
2023-12-28,logistic,v1.0.0,"[2, 10, 16, 17, 24, 26]",18,3,3,4,4,"[10, 17, 24]",0.10415046278733313,0.3570114700727501,10.5
2023-12-28,ensemble,v1.0.0,"[2, 10, 16, 17, 24, 26]",18,2,2,2,3,"[10, 17]",0.10577650400964471,0.3650161862638694,20.333333333333332
2023-12-28,v2_statistical,v1.0.0,"[2, 10, 16, 17, 24, 26]",18,2,2,2,3,"[10, 17]",0.10760695583528268,0.3873501820284874,25.5
2023-12-28,v3_boosting,v1.0.0,"[2, 10, 16, 17, 24, 26]",18,1,1,1,2,[17],0.10863929975978918,0.3772091015645217,26.666666666666668
2023-12-28,v4_ensemble,v1.0.0,"[2, 10, 16, 17, 24, 26]",18,2,2,2,3,"[10, 17]",0.1066314539531398,0.3711708671752992,24.666666666666668
2023-12-31,random,v1.0.0,"[2, 5, 7, 11, 15, 21]",25,2,2,4,5,"[2, 5]",0.10745522698875465,0.3717761799434534,10.166666666666666
2023-12-31,ema_gap,v1.0.0,"[2, 5, 7, 11, 15, 21]",25,1,1,1,2,[7],0.10862388920142926,0.3751877292572001,24.166666666666668
2023-12-31,logistic,v1.0.0,"[2, 5, 7, 11, 15, 21]",25,0,0,0,0,[],0.10987978836481432,0.38283671776635586,38.0
2023-12-31,ensemble,v1.0.0,"[2, 5, 7, 11, 15, 21]",25,0,0,1,1,[],0.10891477071167792,0.3784305011806374,32.166666666666664
2023-12-31,v2_statistical,v1.0.0,"[2, 5, 7, 11, 15, 21]",25,1,1,1,1,[7],0.11195573018131287,0.3923313827206842,28.0
2023-12-31,v3_boosting,v1.0.0,"[2, 5, 7, 11, 15, 21]",25,1,1,2,2,[21],0.11188239147644381,0.3956563234409226,34.5
2023-12-31,v4_ensemble,v1.0.0,"[2, 5, 7, 11, 15, 21]",25,1,1,2,2,[7],0.11035079866001746,0.38649610553772884,31.0
2024-01-03,random,v1.0.0,"[2, 12, 23, 30, 32, 35]",47,1,1,2,2,[2],0.10745522698875465,0.3717761799434532,22.333333333333332
2024-01-03,ema_gap,v1.0.0,"[2, 12, 23, 30, 32, 35]",47,1,1,1,2,[30],0.10900119226828943,0.3766308494877966,25.0
2024-01-03,logistic,v1.0.0,"[2, 12, 23, 30, 32, 35]",47,0,0,1,1,[],0.1085741998360769,0.37647436593745076,28.333333333333332
2024-01-03,ensemble,v1.0.0,"[2, 12, 23, 30, 32, 35]",47,0,0,2,2,[],0.10791548012621205,0.3737699553444673,26.0
2024-01-03,v2_statistical,v1.0.0,"[2, 12, 23, 30, 32, 35]",47,1,1,1,1,[30],0.11175000542221719,0.3903225739694953,27.833333333333332
2024-01-03,v3_boosting,v1.0.0,"[2, 12, 23, 30, 32, 35]",47,0,0,1,2,[],0.11114734080209047,0.3857664991070852,28.0
2024-01-03,v4_ensemble,v1.0.0,"[2, 12, 23, 30, 32, 35]",47,0,0,1,2,[],0.10964119268210813,0.38082546586953914,27.833333333333332
2024-01-06,random,v1.0.0,"[18, 19, 33, 38, 48, 49]",27,0,0,0,1,[],0.10745522698875469,0.37177617994345313,34.166666666666664
2024-01-06,ema_gap,v1.0.0,"[18, 19, 33, 38, 48, 49]",27,0,0,0,0,[],0.11600438292257098,0.4121391619844448,39.166666666666664
2024-01-06,logistic,v1.0.0,"[18, 19, 33, 38, 48, 49]",27,2,2,3,4,"[38, 49]",0.10627888074963039,0.3663132877717758,15.5
2024-01-06,ensemble,v1.0.0,"[18, 19, 33, 38, 48, 49]",27,0,0,0,0,[],0.1092117546333175,0.37986606032602943,36.166666666666664
2024-01-06,v2_statistical,v1.0.0,"[18, 19, 33, 38, 48, 49]",27,0,0,0,0,[],0.11774015028583303,0.4189962822924074,36.166666666666664
2024-01-06,v3_boosting,v1.0.0,"[18, 19, 33, 38, 48, 49]",27,1,1,1,1,[38],0.10783984719543115,0.37289391020208695,24.5
2024-01-06,v4_ensemble,v1.0.0,"[18, 19, 33, 38, 48, 49]",27,0,0,1,1,[],0.11104275110443786,0.38847946950533396,35.833333333333336
2024-01-10,random,v1.0.0,"[3, 18, 25, 31, 35, 39]",1,1,1,1,2,[3],0.10745522698875466,0.3717761799434532,25.166666666666668
2024-01-10,ema_gap,v1.0.0,"[3, 18, 25, 31, 35, 39]",1,1,1,2,3,[35],0.10716868831214747,0.3670443263442972,19.333333333333332
2024-01-10,logistic,v1.0.0,"[3, 18, 25, 31, 35, 39]",1,1,1,3,3,[35],0.10761595297264337,0.3722620444032468,23.166666666666668
2024-01-10,ensemble,v1.0.0,"[3, 18, 25, 31, 35, 39]",1,1,1,2,4,[35],0.10699722427494301,0.369130183081905,19.5
2024-01-10,v2_statistical,v1.0.0,"[3, 18, 25, 31, 35, 39]",1,0,0,2,3,[],0.1092920539329168,0.3754094529709253,22.666666666666668
2024-01-10,v3_boosting,v1.0.0,"[3, 18, 25, 31, 35, 39]",1,1,1,2,4,[25],0.1055032686413812,0.36214098611013484,17.833333333333332
2024-01-10,v4_ensemble,v1.0.0,"[3, 18, 25, 31, 35, 39]",1,1,1,3,4,[35],0.10667230031910323,0.36737587261850757,19.833333333333332
2024-01-13,random,v1.0.0,"[24, 28, 31, 40, 42, 48]",43,0,0,0,0,[],0.10745522698875465,0.37177617994345313,35.5
2024-01-13,ema_gap,v1.0.0,"[24, 28, 31, 40, 42, 48]",43,1,1,2,2,[31],0.11327282699425252,0.40274368356390755,32.833333333333336
2024-01-13,logistic,v1.0.0,"[24, 28, 31, 40, 42, 48]",43,0,0,1,1,[],0.10768696059998821,0.37230766843621194,26.5
2024-01-13,ensemble,v1.0.0,"[24, 28, 31, 40, 42, 48]",43,1,1,1,1,[31],0.1089585351271052,0.3791404376022321,32.833333333333336
2024-01-13,v2_statistical,v1.0.0,"[24, 28, 31, 40, 42, 48]",43,1,1,1,2,[31],0.11332317444349875,0.41052024383540764,31.833333333333332
2024-01-13,v3_boosting,v1.0.0,"[24, 28, 31, 40, 42, 48]",43,1,1,1,2,[28],0.10768526655894732,0.3721000906301824,23.333333333333332
2024-01-13,v4_ensemble,v1.0.0,"[24, 28, 31, 40, 42, 48]",43,1,1,1,1,[31],0.1094242011717202,0.3814785049479492,33.166666666666664
2024-01-17,random,v1.0.0,"[8, 10, 11, 25, 29, 37]",45,0,0,3,3,[],0.10745522698875463,0.37177617994345336,20.0
2024-01-17,ema_gap,v1.0.0,"[8, 10, 11, 25, 29, 37]",45,1,1,2,2,[10],0.10656678526908378,0.36668895399877816,21.666666666666668
2024-01-17,logistic,v1.0.0,"[8, 10, 11, 25, 29, 37]",45,0,0,1,2,[],0.10856733155965925,0.37688546772998627,27.166666666666668
2024-01-17,ensemble,v1.0.0,"[8, 10, 11, 25, 29, 37]",45,1,1,2,2,[10],0.10710259253069657,0.3700724007737498,22.0
2024-01-17,v2_statistical,v1.0.0,"[8, 10, 11, 25, 29, 37]",45,1,1,2,2,[10],0.1072809868622815,0.37142066374675226,24.666666666666668
2024-01-17,v3_boosting,v1.0.0,"[8, 10, 11, 25, 29, 37]",45,1,1,1,3,[11],0.10599632904937296,0.3656972138155993,21.333333333333332
2024-01-17,v4_ensemble,v1.0.0,"[8, 10, 11, 25, 29, 37]",45,1,1,3,3,[10],0.10596134810939278,0.3642581497798639,18.666666666666668
2024-01-20,random,v1.0.0,"[1, 6, 12, 27, 45, 49]",47,2,2,3,3,"[1, 6]",0.10745522698875466,0.37177617994345336,23.333333333333332
2024-01-20,ema_gap,v1.0.0,"[1, 6, 12, 27, 45, 49]",47,0,0,0,1,[],0.11502645657353441,0.4068415662511948,37.0
2024-01-20,logistic,v1.0.0,"[1, 6, 12, 27, 45, 49]",47,1,1,3,3,[45],0.1075837021556493,0.37246433501904497,23.833333333333332
2024-01-20,ensemble,v1.0.0,"[1, 6, 12, 27, 45, 49]",47,0,0,0,1,[],0.10917795038318133,0.37980790972154277,33.833333333333336
2024-01-20,v2_statistical,v1.0.0,"[1, 6, 12, 27, 45, 49]",47,1,1,1,1,[45],0.11477894825270425,0.40633466730159806,30.833333333333332
2024-01-20,v3_boosting,v1.0.0,"[1, 6, 12, 27, 45, 49]",47,1,1,2,3,[6],0.10669973546234353,0.3672495085610879,22.833333333333332
2024-01-20,v4_ensemble,v1.0.0,"[1, 6, 12, 27, 45, 49]",47,0,0,0,1,[],0.10975442298159026,0.3815295777584991,30.666666666666668
2024-01-24,random,v1.0.0,"[1, 8, 20, 30, 31, 34]",41,1,1,2,2,[1],0.10745522698875463,0.37177617994345324,20.666666666666668
2024-01-24,ema_gap,v1.0.0,"[1, 8, 20, 30, 31, 34]",41,2,2,2,3,"[30, 31]",0.10653574422257522,0.36967759162009106,20.833333333333332
2024-01-24,logistic,v1.0.0,"[1, 8, 20, 30, 31, 34]",41,1,1,1,2,[20],0.10737399521233469,0.37122056080746885,25.0
2024-01-24,ensemble,v1.0.0,"[1, 8, 20, 30, 31, 34]",41,2,2,2,3,"[30, 31]",0.10679804249474911,0.36877051907410224,22.333333333333332
2024-01-24,v2_statistical,v1.0.0,"[1, 8, 20, 30, 31, 34]",41,2,2,2,3,"[30, 31]",0.10525575016775027,0.3603258012460466,19.333333333333332
2024-01-24,v3_boosting,v1.0.0,"[1, 8, 20, 30, 31, 34]",41,0,0,0,0,[],0.11211678842966565,0.39335524526252813,37.666666666666664
2024-01-24,v4_ensemble,v1.0.0,"[1, 8, 20, 30, 31, 34]",41,2,2,2,3,"[30, 31]",0.10761975258129185,0.37281212287950444,26.0
2024-01-27,random,v1.0.0,"[8, 11, 13, 23, 24, 36]",12,0,0,2,3,[],0.10745522698875465,0.37177617994345336,19.166666666666668
2024-01-27,ema_gap,v1.0.0,"[8, 11, 13, 23, 24, 36]",12,0,0,0,1,[],0.11093680189074505,0.38518489486617963,26.833333333333332
2024-01-27,logistic,v1.0.0,"[8, 11, 13, 23, 24, 36]",12,1,1,1,2,[13],0.10742060656693492,0.3714370896627778,25.833333333333332
2024-01-27,ensemble,v1.0.0,"[8, 11, 13, 23, 24, 36]",12,0,0,1,2,[],0.10821017017098206,0.3751757052746493,25.833333333333332
2024-01-27,v2_statistical,v1.0.0,"[8, 11, 13, 23, 24, 36]",12,0,0,1,2,[],0.11426248738993192,0.3979366295984948,27.833333333333332
2024-01-27,v3_boosting,v1.0.0,"[8, 11, 13, 23, 24, 36]",12,0,0,0,2,[],0.10999189103406859,0.3822319871616145,31.5
2024-01-27,v4_ensemble,v1.0.0,"[8, 11, 13, 23, 24, 36]",12,0,0,0,2,[],0.11014390872709934,0.38332401554547546,28.666666666666668
2024-01-31,random,v1.0.0,"[8, 9, 28, 29, 34, 43]",40,0,0,2,2,[],0.10745522698875466,0.37177617994345313,25.166666666666668
2024-01-31,ema_gap,v1.0.0,"[8, 9, 28, 29, 34, 43]",40,0,0,1,2,[],0.11114614989890559,0.38704746597236683,27.833333333333332
2024-01-31,logistic,v1.0.0,"[8, 9, 28, 29, 34, 43]",40,0,0,2,3,[],0.1093941185078218,0.3816701795490147,27.666666666666668
2024-01-31,ensemble,v1.0.0,"[8, 9, 28, 29, 34, 43]",40,1,1,1,2,[8],0.10857582924772821,0.3771634084007654,30.833333333333332
2024-01-31,v2_statistical,v1.0.0,"[8, 9, 28, 29, 34, 43]",40,0,0,0,4,[],0.11199920892768704,0.38546149666524315,23.5
2024-01-31,v3_boosting,v1.0.0,"[8, 9, 28, 29, 34, 43]",40,0,0,1,1,[],0.1123133151688366,0.39346175180881177,32.5
2024-01-31,v4_ensemble,v1.0.0,"[8, 9, 28, 29, 34, 43]",40,0,0,0,1,[],0.1104036344890792,0.3845157368900452,32.333333333333336
2024-02-03,random,v1.0.0,"[5, 10, 15, 27, 40, 47]",7,1,1,2,3,[5],0.10745522698875465,0.37177617994345336,24.0
2024-02-03,ema_gap,v1.0.0,"[5, 10, 15, 27, 40, 47]",7,1,1,1,1,[10],0.11124213452083823,0.39076492611768743,31.666666666666668
2024-02-03,logistic,v1.0.0,"[5, 10, 15, 27, 40, 47]",7,2,2,2,3,"[40, 47]",0.10700610099245367,0.3696506765526638,21.5
2024-02-03,ensemble,v1.0.0,"[5, 10, 15, 27, 40, 47]",7,1,1,1,1,[10],0.10804928639786761,0.3745151623359648,28.166666666666668
2024-02-03,v2_statistical,v1.0.0,"[5, 10, 15, 27, 40, 47]",7,1,1,1,1,[10],0.11452279796768251,0.4027222182013963,30.5
2024-02-03,v3_boosting,v1.0.0,"[5, 10, 15, 27, 40, 47]",7,1,1,3,3,[47],0.10564640891162953,0.36532765179555227,22.333333333333332
2024-02-03,v4_ensemble,v1.0.0,"[5, 10, 15, 27, 40, 47]",7,0,0,2,3,[],0.10830125158207042,0.37516227554262693,24.0
2024-02-07,random,v1.0.0,"[7, 19, 21, 33, 36, 45]",4,0,0,1,1,[],0.10745522698875466,0.37177617994345324,26.833333333333332
2024-02-07,ema_gap,v1.0.0,"[7, 19, 21, 33, 36, 45]",4,0,0,1,1,[],0.11120912718503764,0.38772111939695664,28.5
2024-02-07,logistic,v1.0.0,"[7, 19, 21, 33, 36, 45]",4,0,0,0,0,[],0.10871693046073674,0.37710903963691506,33.833333333333336
2024-02-07,ensemble,v1.0.0,"[7, 19, 21, 33, 36, 45]",4,0,0,0,1,[],0.10866665224524565,0.3771915483166981,29.833333333333332
2024-02-07,v2_statistical,v1.0.0,"[7, 19, 21, 33, 36, 45]",4,0,0,1,2,[],0.11322564237540901,0.39581390683487333,27.833333333333332
2024-02-07,v3_boosting,v1.0.0,"[7, 19, 21, 33, 36, 45]",4,0,0,1,2,[],0.11043576404066528,0.3828381389865564,28.166666666666668
2024-02-07,v4_ensemble,v1.0.0,"[7, 19, 21, 33, 36, 45]",4,0,0,2,2,[],0.11020895976013964,0.38391818289684343,28.833333333333332
2024-02-10,random,v1.0.0,"[1, 5, 15, 18, 22, 44]",6,2,2,2,4,"[1, 5]",0.10745522698875463,0.37177617994345336,17.5
2024-02-10,ema_gap,v1.0.0,"[1, 5, 15, 18, 22, 44]",6,0,0,0,1,[],0.11155106801335238,0.388185820643444,29.333333333333332
2024-02-10,logistic,v1.0.0,"[1, 5, 15, 18, 22, 44]",6,0,0,2,3,[],0.1069524953285737,0.3691774551795971,20.5
2024-02-10,ensemble,v1.0.0,"[1, 5, 15, 18, 22, 44]",6,0,0,0,1,[],0.10815129906881384,0.37476506650305,28.666666666666668
2024-02-10,v2_statistical,v1.0.0,"[1, 5, 15, 18, 22, 44]",6,0,0,0,0,[],0.11825540998723932,0.4155543892053878,34.166666666666664
2024-02-10,v3_boosting,v1.0.0,"[1, 5, 15, 18, 22, 44]",6,0,0,0,0,[],0.11085234848850815,0.38585365788260373,31.166666666666668
2024-02-10,v4_ensemble,v1.0.0,"[1, 5, 15, 18, 22, 44]",6,0,0,0,0,[],0.11156936272888364,0.3900544322649409,36.333333333333336
2024-02-14,random,v1.0.0,"[7, 15, 37, 41, 42, 47]",12,0,0,1,2,[],0.10745522698875466,0.3717761799434531,31.5
2024-02-14,ema_gap,v1.0.0,"[7, 15, 37, 41, 42, 47]",12,1,1,1,1,[7],0.1096249109704985,0.38350458648824287,27.333333333333332
2024-02-14,logistic,v1.0.0,"[7, 15, 37, 41, 42, 47]",12,0,0,2,2,[],0.10760940082584904,0.37269688999630995,22.333333333333332
2024-02-14,ensemble,v1.0.0,"[7, 15, 37, 41, 42, 47]",12,0,0,1,2,[],0.10778183392089148,0.3731400528070127,26.0
2024-02-14,v2_statistical,v1.0.0,"[7, 15, 37, 41, 42, 47]",12,1,1,1,1,[7],0.11117633715264902,0.38785948436032225,26.666666666666668
2024-02-14,v3_boosting,v1.0.0,"[7, 15, 37, 41, 42, 47]",12,0,0,0,3,[],0.11054785076539841,0.3836607695304168,26.833333333333332
2024-02-14,v4_ensemble,v1.0.0,"[7, 15, 37, 41, 42, 47]",12,0,0,1,1,[],0.10915241443052738,0.3790886610713729,27.333333333333332
2024-02-17,random,v1.0.0,"[3, 17, 25, 29, 36, 46]",2,1,1,1,2,[3],0.10745522698875466,0.3717761799434532,26.0
2024-02-17,ema_gap,v1.0.0,"[3, 17, 25, 29, 36, 46]",2,1,1,1,3,[17],0.10753443920301212,0.3710073332481152,22.5
2024-02-17,logistic,v1.0.0,"[3, 17, 25, 29, 36, 46]",2,0,0,1,1,[],0.1075224500424717,0.37176324770988084,25.0
2024-02-17,ensemble,v1.0.0,"[3, 17, 25, 29, 36, 46]",2,1,1,2,2,[17],0.1069863363594114,0.3693821807241619,21.5
2024-02-17,v2_statistical,v1.0.0,"[3, 17, 25, 29, 36, 46]",2,0,0,1,2,[],0.11103362276506139,0.38062441457301954,23.166666666666668
2024-02-17,v3_boosting,v1.0.0,"[3, 17, 25, 29, 36, 46]",2,2,2,2,3,"[3, 36]",0.10443738518814225,0.35911597903599385,19.166666666666668
2024-02-17,v4_ensemble,v1.0.0,"[3, 17, 25, 29, 36, 46]",2,1,1,1,4,[36],0.10660796271852045,0.3671318478610352,19.5
2024-02-21,random,v1.0.0,"[31, 32, 45, 46, 47, 49]",12,0,0,0,0,[],0.10745522698875466,0.37177617994345313,41.666666666666664
2024-02-21,ema_gap,v1.0.0,"[31, 32, 45, 46, 47, 49]",12,1,1,1,1,[31],0.1104553863276191,0.38513086112332934,28.5
2024-02-21,logistic,v1.0.0,"[31, 32, 45, 46, 47, 49]",12,1,1,1,1,[47],0.10836877369660472,0.3763537348449151,27.333333333333332
2024-02-21,ensemble,v1.0.0,"[31, 32, 45, 46, 47, 49]",12,1,1,3,3,[31],0.10802478579650208,0.3746127952890589,26.166666666666668
2024-02-21,v2_statistical,v1.0.0,"[31, 32, 45, 46, 47, 49]",12,2,2,3,3,"[31, 45]",0.10545588678814463,0.3672597313465171,21.666666666666668
2024-02-21,v3_boosting,v1.0.0,"[31, 32, 45, 46, 47, 49]",12,1,1,1,2,[49],0.10897338966666426,0.37898452319270576,28.166666666666668
2024-02-21,v4_ensemble,v1.0.0,"[31, 32, 45, 46, 47, 49]",12,2,2,2,2,"[31, 45]",0.10731389812908776,0.37152783688412994,24.5
2024-02-24,random,v1.0.0,"[2, 14, 15, 28, 42, 44]",25,1,1,1,3,[2],0.10745522698875465,0.37177617994345336,24.166666666666668
2024-02-24,ema_gap,v1.0.0,"[2, 14, 15, 28, 42, 44]",25,0,0,1,1,[],0.11493173310340658,0.40976103928620944,35.666666666666664
2024-02-24,logistic,v1.0.0,"[2, 14, 15, 28, 42, 44]",25,1,1,2,3,[2],0.10714325937665248,0.37157530677523787,24.333333333333332
2024-02-24,ensemble,v1.0.0,"[2, 14, 15, 28, 42, 44]",25,0,0,0,1,[],0.10936383623525804,0.3807558991915467,35.0
2024-02-24,v2_statistical,v1.0.0,"[2, 14, 15, 28, 42, 44]",25,0,0,0,0,[],0.12132841030935712,0.44366128333495575,36.333333333333336
2024-02-24,v3_boosting,v1.0.0,"[2, 14, 15, 28, 42, 44]",25,1,1,1,2,[14],0.10813789897789215,0.37743047096788274,28.333333333333332
2024-02-24,v4_ensemble,v1.0.0,"[2, 14, 15, 28, 42, 44]",25,0,0,0,0,[],0.11194176881545398,0.3924643831086864,39.166666666666664
2024-02-28,random,v1.0.0,"[7, 24, 34, 42, 46, 49]",1,0,0,1,1,[],0.10745522698875466,0.3717761799434531,33.666666666666664
2024-02-28,ema_gap,v1.0.0,"[7, 24, 34, 42, 46, 49]",1,1,1,2,2,[7],0.1088519001454759,0.3794364242067774,26.666666666666668
2024-02-28,logistic,v1.0.0,"[7, 24, 34, 42, 46, 49]",1,1,1,2,3,[24],0.10626152515440934,0.36597842434849925,20.833333333333332
2024-02-28,ensemble,v1.0.0,"[7, 24, 34, 42, 46, 49]",1,2,2,2,2,"[7, 42]",0.10704752946753869,0.36993114558190054,25.333333333333332
2024-02-28,v2_statistical,v1.0.0,"[7, 24, 34, 42, 46, 49]",1,1,1,1,2,[7],0.10990889794883951,0.3850566228438555,25.166666666666668
2024-02-28,v3_boosting,v1.0.0,"[7, 24, 34, 42, 46, 49]",1,0,0,0,0,[],0.1113746161556334,0.3893740582336771,34.833333333333336
2024-02-28,v4_ensemble,v1.0.0,"[7, 24, 34, 42, 46, 49]",1,1,1,1,2,[7],0.10868572176465548,0.37768381641607346,27.833333333333332
2024-03-02,random,v1.0.0,"[4, 13, 26, 34, 35, 42]",1,1,1,1,2,[4],0.10745522698875465,0.3717761799434532,25.666666666666668
2024-03-02,ema_gap,v1.0.0,"[4, 13, 26, 34, 35, 42]",1,1,1,1,1,[42],0.11112717074111446,0.38824353816548257,29.333333333333332
2024-03-02,logistic,v1.0.0,"[4, 13, 26, 34, 35, 42]",1,0,0,1,2,[],0.1073192402070349,0.37097477887492897,24.333333333333332
2024-03-02,ensemble,v1.0.0,"[4, 13, 26, 34, 35, 42]",1,0,0,1,1,[],0.10810561073784371,0.3746418194748066,28.0
2024-03-02,v2_statistical,v1.0.0,"[4, 13, 26, 34, 35, 42]",1,1,1,2,2,[42],0.11244009619517707,0.3898983088220357,26.5
2024-03-02,v3_boosting,v1.0.0,"[4, 13, 26, 34, 35, 42]",1,0,0,1,2,[],0.10964488473424273,0.38156791138840634,27.166666666666668
2024-03-02,v4_ensemble,v1.0.0,"[4, 13, 26, 34, 35, 42]",1,0,0,2,2,[],0.10932610344372597,0.38040028696321,32.166666666666664
2024-03-06,random,v1.0.0,"[20, 33, 39, 44, 48, 49]",6,0,0,0,0,[],0.10745522698875469,0.3717761799434531,38.833333333333336
2024-03-06,ema_gap,v1.0.0,"[20, 33, 39, 44, 48, 49]",6,0,0,0,0,[],0.11398598452795933,0.4012213345098276,34.5
2024-03-06,logistic,v1.0.0,"[20, 33, 39, 44, 48, 49]",6,2,2,2,3,"[20, 39]",0.10637866202358237,0.3667390942919897,19.333333333333332
2024-03-06,ensemble,v1.0.0,"[20, 33, 39, 44, 48, 49]",6,0,0,0,2,[],0.10846966463786255,0.37619106043007683,28.166666666666668
2024-03-06,v2_statistical,v1.0.0,"[20, 33, 39, 44, 48, 49]",6,0,0,0,0,[],0.11781973744803188,0.4192427582343075,33.166666666666664
2024-03-06,v3_boosting,v1.0.0,"[20, 33, 39, 44, 48, 49]",6,0,0,1,3,[],0.11009964736658889,0.381153328009897,24.0
2024-03-06,v4_ensemble,v1.0.0,"[20, 33, 39, 44, 48, 49]",6,0,0,0,1,[],0.11154895698515623,0.38968970548475046,29.5
2024-03-09,random,v1.0.0,"[6, 15, 19, 34, 45, 47]",27,1,1,1,2,[6],0.10745522698875465,0.37177617994345324,27.666666666666668
2024-03-09,ema_gap,v1.0.0,"[6, 15, 19, 34, 45, 47]",27,1,1,1,2,[15],0.10954672137713652,0.38233117087114477,25.0
2024-03-09,logistic,v1.0.0,"[6, 15, 19, 34, 45, 47]",27,1,1,2,3,[6],0.11016411465951315,0.3863671117635714,29.5
2024-03-09,ensemble,v1.0.0,"[6, 15, 19, 34, 45, 47]",27,0,0,0,1,[],0.10903763208883505,0.3790769780144303,36.833333333333336
2024-03-09,v2_statistical,v1.0.0,"[6, 15, 19, 34, 45, 47]",27,1,1,3,4,[45],0.10746628253178266,0.37776930715973434,22.166666666666668
2024-03-09,v3_boosting,v1.0.0,"[6, 15, 19, 34, 45, 47]",27,0,0,0,2,[],0.10989364529572852,0.38212139690761904,29.833333333333332
2024-03-09,v4_ensemble,v1.0.0,"[6, 15, 19, 34, 45, 47]",27,1,1,2,3,[45],0.10827931371961905,0.37572274768388714,24.666666666666668
2024-03-13,random,v1.0.0,"[4, 8, 15, 32, 40, 44]",7,1,1,2,3,[4],0.10745522698875465,0.37177617994345336,23.833333333333332
2024-03-13,ema_gap,v1.0.0,"[4, 8, 15, 32, 40, 44]",7,1,1,1,2,[15],0.109300783316784,0.3812320294304009,27.5
2024-03-13,logistic,v1.0.0,"[4, 8, 15, 32, 40, 44]",7,1,1,2,4,[15],0.10629526317682962,0.3663102657234912,20.333333333333332
2024-03-13,ensemble,v1.0.0,"[4, 8, 15, 32, 40, 44]",7,1,1,2,2,[15],0.1072627022103595,0.37115147918833363,26.0
2024-03-13,v2_statistical,v1.0.0,"[4, 8, 15, 32, 40, 44]",7,0,0,2,2,[],0.11092313030205489,0.3810421934076842,23.666666666666668
2024-03-13,v3_boosting,v1.0.0,"[4, 8, 15, 32, 40, 44]",7,1,1,2,3,[8],0.1042396624834901,0.3563727334277149,16.666666666666668
2024-03-13,v4_ensemble,v1.0.0,"[4, 8, 15, 32, 40, 44]",7,1,1,2,3,[15],0.10648686345575074,0.36703102710900753,20.166666666666668
2024-03-16,random,v1.0.0,"[12, 27, 32, 38, 39, 41]",42,0,0,1,1,[],0.10745522698875466,0.3717761799434531,31.5
2024-03-16,ema_gap,v1.0.0,"[12, 27, 32, 38, 39, 41]",42,0,0,0,0,[],0.11648929922032564,0.41591266605341615,40.166666666666664
2024-03-16,logistic,v1.0.0,"[12, 27, 32, 38, 39, 41]",42,2,2,2,4,"[38, 41]",0.10610975117812271,0.365412539703051,15.166666666666666
2024-03-16,ensemble,v1.0.0,"[12, 27, 32, 38, 39, 41]",42,0,0,0,0,[],0.10912350388095261,0.37935269522287296,35.166666666666664
2024-03-16,v2_statistical,v1.0.0,"[12, 27, 32, 38, 39, 41]",42,0,0,0,0,[],0.12009495109377274,0.42877757776222264,38.5
2024-03-16,v3_boosting,v1.0.0,"[12, 27, 32, 38, 39, 41]",42,2,2,2,4,"[27, 41]",0.10486737386008577,0.35984337987857556,18.0
2024-03-16,v4_ensemble,v1.0.0,"[12, 27, 32, 38, 39, 41]",42,0,0,0,1,[],0.11051882580754231,0.3856190437980583,32.5
2024-03-20,random,v1.0.0,"[8, 19, 33, 44, 46, 48]",21,0,0,1,1,[],0.10745522698875466,0.3717761799434531,33.0
2024-03-20,ema_gap,v1.0.0,"[8, 19, 33, 44, 46, 48]",21,0,0,2,2,[],0.10783742538652358,0.3715572014459483,23.5
2024-03-20,logistic,v1.0.0,"[8, 19, 33, 44, 46, 48]",21,0,0,0,2,[],0.10673341983307875,0.3679027833040561,20.166666666666668
2024-03-20,ensemble,v1.0.0,"[8, 19, 33, 44, 46, 48]",21,0,0,2,4,[],0.10701993561708154,0.36945416962041533,21.666666666666668
2024-03-20,v2_statistical,v1.0.0,"[8, 19, 33, 44, 46, 48]",21,0,0,2,3,[],0.10981361935923079,0.3761216324524823,21.0
2024-03-20,v3_boosting,v1.0.0,"[8, 19, 33, 44, 46, 48]",21,2,2,3,3,"[19, 46]",0.10271881947229847,0.3490414104089231,13.666666666666666
2024-03-20,v4_ensemble,v1.0.0,"[8, 19, 33, 44, 46, 48]",21,1,1,2,5,[46],0.10562516852637435,0.36252193676869,16.333333333333332
2024-03-23,random,v1.0.0,"[2, 14, 26, 27, 33, 49]",8,1,1,1,2,[2],0.10745522698875466,0.37177617994345313,25.166666666666668
2024-03-23,ema_gap,v1.0.0,"[2, 14, 26, 27, 33, 49]",8,0,0,0,0,[],0.11356169310229229,0.4004358001971615,33.166666666666664
2024-03-23,logistic,v1.0.0,"[2, 14, 26, 27, 33, 49]",8,1,1,1,4,[2],0.10651214098289577,0.3678251311228682,20.666666666666668
2024-03-23,ensemble,v1.0.0,"[2, 14, 26, 27, 33, 49]",8,0,0,0,0,[],0.10882084773528741,0.3780978546748036,33.666666666666664
2024-03-23,v2_statistical,v1.0.0,"[2, 14, 26, 27, 33, 49]",8,0,0,0,1,[],0.11756320023886713,0.4220606294985889,32.333333333333336
2024-03-23,v3_boosting,v1.0.0,"[2, 14, 26, 27, 33, 49]",8,0,0,1,2,[],0.1120499621582269,0.3938696566850734,31.333333333333332
2024-03-23,v4_ensemble,v1.0.0,"[2, 14, 26, 27, 33, 49]",8,0,0,0,1,[],0.11202126819594176,0.39398201935454064,35.166666666666664
2024-03-27,random,v1.0.0,"[14, 22, 27, 39, 40, 45]",6,0,0,0,1,[],0.10745522698875466,0.3717761799434532,31.166666666666668
2024-03-27,ema_gap,v1.0.0,"[14, 22, 27, 39, 40, 45]",6,0,0,1,2,[],0.11070083881326978,0.3856652285778177,28.666666666666668
2024-03-27,logistic,v1.0.0,"[14, 22, 27, 39, 40, 45]",6,1,1,1,4,[14],0.1053560134791601,0.3617645716483353,17.166666666666668
2024-03-27,ensemble,v1.0.0,"[14, 22, 27, 39, 40, 45]",6,0,0,1,3,[],0.10713895145903166,0.3699455666900141,20.166666666666668
2024-03-27,v2_statistical,v1.0.0,"[14, 22, 27, 39, 40, 45]",6,1,1,1,2,[45],0.11260823744884496,0.40178140483042873,28.5
2024-03-27,v3_boosting,v1.0.0,"[14, 22, 27, 39, 40, 45]",6,2,2,3,4,"[22, 40]",0.10496532423794538,0.3583445225415678,14.333333333333334
2024-03-27,v4_ensemble,v1.0.0,"[14, 22, 27, 39, 40, 45]",6,1,1,1,2,[45],0.10742573892896481,0.37128899744479926,23.166666666666668
2024-03-30,random,v1.0.0,"[7, 12, 25, 29, 39, 43]",23,0,0,2,2,[],0.10745522698875466,0.3717761799434532,25.833333333333332
2024-03-30,ema_gap,v1.0.0,"[7, 12, 25, 29, 39, 43]",23,1,1,1,2,[7],0.1070927567140828,0.36894503282490415,22.5
2024-03-30,logistic,v1.0.0,"[7, 12, 25, 29, 39, 43]",23,1,1,1,1,[43],0.10714421912532862,0.3702957797703431,24.833333333333332
2024-03-30,ensemble,v1.0.0,"[7, 12, 25, 29, 39, 43]",23,1,1,1,3,[7],0.10666837754158329,0.368052710522814,20.166666666666668
2024-03-30,v2_statistical,v1.0.0,"[7, 12, 25, 29, 39, 43]",23,1,1,1,1,[7],0.10886741147261782,0.3749482746890838,24.0
2024-03-30,v3_boosting,v1.0.0,"[7, 12, 25, 29, 39, 43]",23,1,1,2,2,[7],0.1092672637749816,0.37960071297183545,27.666666666666668
2024-03-30,v4_ensemble,v1.0.0,"[7, 12, 25, 29, 39, 43]",23,1,1,1,2,[7],0.1074035425207633,0.37248735480584644,25.833333333333332
2024-04-03,random,v1.0.0,"[2, 10, 35, 36, 38, 46]",20,1,1,2,2,[2],0.10745522698875466,0.3717761799434531,27.833333333333332
2024-04-03,ema_gap,v1.0.0,"[2, 10, 35, 36, 38, 46]",20,0,0,0,2,[],0.1106673278558489,0.3839414523536426,27.5
2024-04-03,logistic,v1.0.0,"[2, 10, 35, 36, 38, 46]",20,1,1,2,3,[46],0.10707188687662694,0.3697216523065647,22.333333333333332
2024-04-03,ensemble,v1.0.0,"[2, 10, 35, 36, 38, 46]",20,0,0,1,1,[],0.10780025778611449,0.37313397221712863,25.0
2024-04-03,v2_statistical,v1.0.0,"[2, 10, 35, 36, 38, 46]",20,1,1,1,2,[10],0.11097701519603098,0.3828593359955204,25.166666666666668
2024-04-03,v3_boosting,v1.0.0,"[2, 10, 35, 36, 38, 46]",20,1,1,1,2,[46],0.1077828673415994,0.3743930273243248,25.166666666666668
2024-04-03,v4_ensemble,v1.0.0,"[2, 10, 35, 36, 38, 46]",20,1,1,1,2,[46],0.10836863160809401,0.37518975751149025,25.666666666666668
2024-04-06,random,v1.0.0,"[16, 18, 22, 29, 36, 43]",44,0,0,0,2,[],0.10745522698875466,0.37177617994345324,27.333333333333332
2024-04-06,ema_gap,v1.0.0,"[16, 18, 22, 29, 36, 43]",44,0,0,1,2,[],0.1110012893905713,0.38919611607954724,27.666666666666668
2024-04-06,logistic,v1.0.0,"[16, 18, 22, 29, 36, 43]",44,1,1,1,2,[18],0.10726433863403059,0.370502280279711,25.5
2024-04-06,ensemble,v1.0.0,"[16, 18, 22, 29, 36, 43]",44,0,0,0,1,[],0.10786263466910899,0.37355169855918496,25.5
2024-04-06,v2_statistical,v1.0.0,"[16, 18, 22, 29, 36, 43]",44,0,0,0,2,[],0.11434148065759887,0.4014240877880651,27.166666666666668
2024-04-06,v3_boosting,v1.0.0,"[16, 18, 22, 29, 36, 43]",44,0,0,0,3,[],0.10908112228079887,0.37884447220656814,26.0
2024-04-06,v4_ensemble,v1.0.0,"[16, 18, 22, 29, 36, 43]",44,0,0,0,2,[],0.1096837006009737,0.38177688542100136,29.666666666666668
2024-04-10,random,v1.0.0,"[11, 12, 17, 23, 38, 46]",40,0,0,2,3,[],0.10745522698875465,0.37177617994345336,24.5
2024-04-10,ema_gap,v1.0.0,"[11, 12, 17, 23, 38, 46]",40,0,0,1,2,[],0.1099590081985897,0.38328845222897534,27.0
2024-04-10,logistic,v1.0.0,"[11, 12, 17, 23, 38, 46]",40,0,0,0,0,[],0.11137117285842457,0.3902305862097147,36.0
2024-04-10,ensemble,v1.0.0,"[11, 12, 17, 23, 38, 46]",40,0,0,0,0,[],0.10946340792210632,0.38108622278066523,34.166666666666664
2024-04-10,v2_statistical,v1.0.0,"[11, 12, 17, 23, 38, 46]",40,1,1,1,1,[46],0.11132457767387037,0.38677867791149917,25.833333333333332
2024-04-10,v3_boosting,v1.0.0,"[11, 12, 17, 23, 38, 46]",40,0,0,1,1,[],0.11320877478258833,0.3984958145190132,35.666666666666664
2024-04-10,v4_ensemble,v1.0.0,"[11, 12, 17, 23, 38, 46]",40,0,0,0,0,[],0.11082001397830556,0.38786818577771476,33.666666666666664
2024-04-13,random,v1.0.0,"[11, 17, 21, 27, 41, 44]",7,0,0,1,2,[],0.10745522698875466,0.37177617994345324,26.833333333333332
2024-04-13,ema_gap,v1.0.0,"[11, 17, 21, 27, 41, 44]",7,1,1,2,3,[17],0.10764787710443358,0.3736316607395279,23.5
2024-04-13,logistic,v1.0.0,"[11, 17, 21, 27, 41, 44]",7,1,1,1,3,[17],0.10766117211433092,0.3727081607201418,26.333333333333332
2024-04-13,ensemble,v1.0.0,"[11, 17, 21, 27, 41, 44]",7,1,1,1,1,[17],0.1075294843122856,0.3722455205530628,26.833333333333332
2024-04-13,v2_statistical,v1.0.0,"[11, 17, 21, 27, 41, 44]",7,1,1,2,3,[27],0.10837967979533947,0.37282228965121317,21.833333333333332
2024-04-13,v3_boosting,v1.0.0,"[11, 17, 21, 27, 41, 44]",7,1,1,1,3,[17],0.10956411313989764,0.379855879433292,24.5
2024-04-13,v4_ensemble,v1.0.0,"[11, 17, 21, 27, 41, 44]",7,1,1,1,2,[17],0.10778263386689466,0.3721539846243954,24.0
2024-04-17,random,v1.0.0,"[4, 7, 8, 14, 41, 46]",6,1,1,3,4,[4],0.10745522698875463,0.3717761799434534,20.0
2024-04-17,ema_gap,v1.0.0,"[4, 7, 8, 14, 41, 46]",6,2,2,2,3,"[7, 46]",0.1058320936740144,0.3656781307393921,22.0
2024-04-17,logistic,v1.0.0,"[4, 7, 8, 14, 41, 46]",6,1,1,1,1,[46],0.10806797706390993,0.37569600348208243,32.0
2024-04-17,ensemble,v1.0.0,"[4, 7, 8, 14, 41, 46]",6,2,2,2,2,"[7, 46]",0.10729341660104458,0.371984921267629,27.666666666666668
2024-04-17,v2_statistical,v1.0.0,"[4, 7, 8, 14, 41, 46]",6,2,2,2,2,"[7, 46]",0.10558190394648127,0.373739080703003,24.333333333333332
2024-04-17,v3_boosting,v1.0.0,"[4, 7, 8, 14, 41, 46]",6,2,2,2,2,"[8, 14]",0.10825943207998937,0.3756675664235347,26.833333333333332
2024-04-17,v4_ensemble,v1.0.0,"[4, 7, 8, 14, 41, 46]",6,2,2,2,3,"[7, 46]",0.10639613444064702,0.36915943821296154,25.0
2024-04-20,random,v1.0.0,"[9, 14, 23, 26, 30, 43]",35,0,0,1,2,[],0.10745522698875466,0.3717761799434532,24.166666666666668
2024-04-20,ema_gap,v1.0.0,"[9, 14, 23, 26, 30, 43]",35,0,0,0,1,[],0.11313242148330398,0.39619779538928773,32.5
2024-04-20,logistic,v1.0.0,"[9, 14, 23, 26, 30, 43]",35,0,0,2,2,[],0.1081070126632656,0.3746592713705425,26.5
2024-04-20,ensemble,v1.0.0,"[9, 14, 23, 26, 30, 43]",35,0,0,0,1,[],0.10859955072779943,0.3769029541426881,33.166666666666664
2024-04-20,v2_statistical,v1.0.0,"[9, 14, 23, 26, 30, 43]",35,0,0,0,1,[],0.11600985556629956,0.4064418602875998,31.5
2024-04-20,v3_boosting,v1.0.0,"[9, 14, 23, 26, 30, 43]",35,0,0,1,2,[],0.10914118139475856,0.3783654584442793,27.666666666666668
2024-04-20,v4_ensemble,v1.0.0,"[9, 14, 23, 26, 30, 43]",35,0,0,0,1,[],0.11076402297186794,0.3866147771460766,33.0
2024-04-24,random,v1.0.0,"[10, 16, 18, 22, 39, 46]",19,0,0,1,3,[],0.10745522698875466,0.37177617994345336,25.166666666666668
2024-04-24,ema_gap,v1.0.0,"[10, 16, 18, 22, 39, 46]",19,1,1,2,3,[46],0.10547054548504312,0.3634030146283228,20.5
2024-04-24,logistic,v1.0.0,"[10, 16, 18, 22, 39, 46]",19,1,1,1,2,[22],0.10712457966065284,0.3696622267114902,22.5
2024-04-24,ensemble,v1.0.0,"[10, 16, 18, 22, 39, 46]",19,1,1,2,4,[46],0.10647495001567664,0.36716656705814327,19.0
2024-04-24,v2_statistical,v1.0.0,"[10, 16, 18, 22, 39, 46]",19,2,2,2,2,"[10, 46]",0.1044712611255175,0.3644179415211779,23.166666666666668
2024-04-24,v3_boosting,v1.0.0,"[10, 16, 18, 22, 39, 46]",19,0,0,2,2,[],0.10940385084353944,0.37697002906896016,23.5
2024-04-24,v4_ensemble,v1.0.0,"[10, 16, 18, 22, 39, 46]",19,2,2,2,3,"[10, 46]",0.10603494703208283,0.36547757352520427,20.0
2024-04-27,random,v1.0.0,"[3, 6, 18, 26, 36, 42]",17,2,2,2,3,"[3, 6]",0.10745522698875465,0.37177617994345324,21.833333333333332
2024-04-27,ema_gap,v1.0.0,"[3, 6, 18, 26, 36, 42]",17,0,0,0,1,[],0.1117249506694227,0.39116046628142603,28.5
2024-04-27,logistic,v1.0.0,"[3, 6, 18, 26, 36, 42]",17,0,0,2,4,[],0.10720885862270907,0.3703417395983429,21.666666666666668
2024-04-27,ensemble,v1.0.0,"[3, 6, 18, 26, 36, 42]",17,0,0,0,2,[],0.1082200275499389,0.3752219832646072,26.666666666666668
2024-04-27,v2_statistical,v1.0.0,"[3, 6, 18, 26, 36, 42]",17,0,0,0,2,[],0.11553572471945507,0.4074164510326348,28.666666666666668
2024-04-27,v3_boosting,v1.0.0,"[3, 6, 18, 26, 36, 42]",17,0,0,1,3,[],0.10837601559939718,0.3750555586982579,24.666666666666668
2024-04-27,v4_ensemble,v1.0.0,"[3, 6, 18, 26, 36, 42]",17,0,0,0,2,[],0.10998799038400431,0.3828396704389767,30.0
2024-05-01,random,v1.0.0,"[3, 18, 30, 34, 36, 39]",21,1,1,1,2,[3],0.10745522698875466,0.37177617994345313,26.666666666666668
2024-05-01,ema_gap,v1.0.0,"[3, 18, 30, 34, 36, 39]",21,2,2,3,3,"[36, 39]",0.10487110510823393,0.3580996128817017,16.833333333333332
2024-05-01,logistic,v1.0.0,"[3, 18, 30, 34, 36, 39]",21,1,1,2,2,[39],0.10858202938747978,0.37852488124101236,30.666666666666668
2024-05-01,ensemble,v1.0.0,"[3, 18, 30, 34, 36, 39]",21,1,1,1,4,[39],0.10693251772206509,0.3693096043050919,19.666666666666668
2024-05-01,v2_statistical,v1.0.0,"[3, 18, 30, 34, 36, 39]",21,1,1,1,5,[36],0.10388665413179236,0.34951828301183935,15.0
2024-05-01,v3_boosting,v1.0.0,"[3, 18, 30, 34, 36, 39]",21,0,0,1,1,[],0.11023279554115521,0.38338046672005754,31.0
2024-05-01,v4_ensemble,v1.0.0,"[3, 18, 30, 34, 36, 39]",21,0,0,3,4,[],0.10658992007280046,0.36610616805357715,18.333333333333332
2024-05-04,random,v1.0.0,"[2, 16, 21, 27, 38, 45]",43,1,1,1,2,[2],0.10745522698875466,0.37177617994345324,24.833333333333332
2024-05-04,ema_gap,v1.0.0,"[2, 16, 21, 27, 38, 45]",43,0,0,0,1,[],0.11110622951334641,0.38536312960407726,28.5
2024-05-04,logistic,v1.0.0,"[2, 16, 21, 27, 38, 45]",43,0,0,2,2,[],0.10669014542673601,0.3676955125451717,22.333333333333332
2024-05-04,ensemble,v1.0.0,"[2, 16, 21, 27, 38, 45]",43,0,0,2,2,[],0.10784471820926333,0.3735221414464197,26.5
2024-05-04,v2_statistical,v1.0.0,"[2, 16, 21, 27, 38, 45]",43,1,1,2,2,[45],0.10763483735927093,0.37407307973909104,23.333333333333332
2024-05-04,v3_boosting,v1.0.0,"[2, 16, 21, 27, 38, 45]",43,0,0,1,3,[],0.10617257489187389,0.36394996362546145,18.5
2024-05-04,v4_ensemble,v1.0.0,"[2, 16, 21, 27, 38, 45]",43,1,1,2,3,[45],0.1064639379928676,0.367526733856006,22.166666666666668
2024-05-08,random,v1.0.0,"[4, 7, 11, 29, 30, 31]",32,1,1,3,3,[4],0.10745522698875465,0.37177617994345336,18.666666666666668
2024-05-08,ema_gap,v1.0.0,"[4, 7, 11, 29, 30, 31]",32,1,1,2,2,[7],0.10657333305617077,0.36567164098621463,21.0
2024-05-08,logistic,v1.0.0,"[4, 7, 11, 29, 30, 31]",32,0,0,1,1,[],0.11023498913742245,0.3852098905714766,33.0
2024-05-08,ensemble,v1.0.0,"[4, 7, 11, 29, 30, 31]",32,0,0,0,1,[],0.10776379363806748,0.37278851814159264,26.166666666666668
2024-05-08,v2_statistical,v1.0.0,"[4, 7, 11, 29, 30, 31]",32,1,1,2,3,[7],0.10498450906447553,0.35687286340770663,18.5
2024-05-08,v3_boosting,v1.0.0,"[4, 7, 11, 29, 30, 31]",32,0,0,1,2,[],0.108607733071658,0.37561710464698805,23.5
2024-05-08,v4_ensemble,v1.0.0,"[4, 7, 11, 29, 30, 31]",32,1,1,1,1,[7],0.1067841942078107,0.36724331758741263,21.5
2024-05-11,random,v1.0.0,"[2, 10, 17, 18, 22, 28]",36,1,1,2,4,[2],0.10745522698875466,0.37177617994345336,16.166666666666668
2024-05-11,ema_gap,v1.0.0,"[2, 10, 17, 18, 22, 28]",36,1,1,3,4,[18],0.10629408903272008,0.3674190434089752,19.833333333333332
2024-05-11,logistic,v1.0.0,"[2, 10, 17, 18, 22, 28]",36,0,0,0,2,[],0.10748516543847117,0.3715503228014358,25.833333333333332
2024-05-11,ensemble,v1.0.0,"[2, 10, 17, 18, 22, 28]",36,2,2,4,4,"[10, 17]",0.10659527936263043,0.3679386003344328,18.166666666666668
2024-05-11,v2_statistical,v1.0.0,"[2, 10, 17, 18, 22, 28]",36,0,0,3,4,[],0.11055206796839827,0.385987466846765,22.666666666666668
2024-05-11,v3_boosting,v1.0.0,"[2, 10, 17, 18, 22, 28]",36,1,1,1,1,[17],0.10992594195475067,0.38297899930021223,29.166666666666668
2024-05-11,v4_ensemble,v1.0.0,"[2, 10, 17, 18, 22, 28]",36,1,1,1,2,[17],0.10818687559669621,0.37515000406628685,26.166666666666668
2024-05-15,random,v1.0.0,"[13, 17, 23, 24, 40, 48]",29,0,0,0,2,[],0.10745522698875466,0.37177617994345324,27.5
2024-05-15,ema_gap,v1.0.0,"[13, 17, 23, 24, 40, 48]",29,1,1,1,1,[17],0.1133357043677587,0.4028930917147231,34.333333333333336
2024-05-15,logistic,v1.0.0,"[13, 17, 23, 24, 40, 48]",29,0,0,0,2,[],0.10851066364053333,0.37665305428447854,28.5
2024-05-15,ensemble,v1.0.0,"[13, 17, 23, 24, 40, 48]",29,0,0,1,1,[],0.10919780895183,0.3797666986396966,34.666666666666664
2024-05-15,v2_statistical,v1.0.0,"[13, 17, 23, 24, 40, 48]",29,0,0,1,1,[],0.11634968107513863,0.417466317452713,33.0
2024-05-15,v3_boosting,v1.0.0,"[13, 17, 23, 24, 40, 48]",29,0,0,0,0,[],0.11309468857751062,0.3974509103766891,38.333333333333336
2024-05-15,v4_ensemble,v1.0.0,"[13, 17, 23, 24, 40, 48]",29,0,0,0,1,[],0.11249306501059589,0.39557833023009736,37.666666666666664
2024-05-18,random,v1.0.0,"[27, 29, 32, 33, 35, 39]",18,0,0,0,0,[],0.10745522698875466,0.37177617994345313,32.5
2024-05-18,ema_gap,v1.0.0,"[27, 29, 32, 33, 35, 39]",18,0,0,3,3,[],0.10857362604694709,0.37631251771080015,24.166666666666668
2024-05-18,logistic,v1.0.0,"[27, 29, 32, 33, 35, 39]",18,0,0,2,2,[],0.10837005536512863,0.3758531474184862,27.5
2024-05-18,ensemble,v1.0.0,"[27, 29, 32, 33, 35, 39]",18,0,0,1,1,[],0.10784592517340102,0.37325413497699866,24.666666666666668
2024-05-18,v2_statistical,v1.0.0,"[27, 29, 32, 33, 35, 39]",18,0,0,1,1,[],0.11204451629836677,0.38688617315803664,25.666666666666668
2024-05-18,v3_boosting,v1.0.0,"[27, 29, 32, 33, 35, 39]",18,0,0,1,1,[],0.10942933730847375,0.3794450474543055,27.5
2024-05-18,v4_ensemble,v1.0.0,"[27, 29, 32, 33, 35, 39]",18,0,0,1,2,[],0.10896415699253459,0.37823130661139187,27.166666666666668
2024-05-22,random,v1.0.0,"[3, 18, 20, 25, 39, 43]",4,1,1,1,2,[3],0.10745522698875466,0.37177617994345324,24.666666666666668
2024-05-22,ema_gap,v1.0.0,"[3, 18, 20, 25, 39, 43]",4,2,2,2,2,"[18, 39]",0.10653108748425476,0.36889148029344027,23.0
2024-05-22,logistic,v1.0.0,"[3, 18, 20, 25, 39, 43]",4,1,1,2,3,[39],0.10704445939229168,0.36990768220439635,22.166666666666668
2024-05-22,ensemble,v1.0.0,"[3, 18, 20, 25, 39, 43]",4,2,2,2,2,"[18, 39]",0.10654285015169909,0.3679522748290128,21.0
2024-05-22,v2_statistical,v1.0.0,"[3, 18, 20, 25, 39, 43]",4,0,0,1,4,[],0.10829548625982845,0.36936644952602904,22.0
2024-05-22,v3_boosting,v1.0.0,"[3, 18, 20, 25, 39, 43]",4,0,0,0,0,[],0.10989662006691266,0.3824111641985586,31.0
2024-05-22,v4_ensemble,v1.0.0,"[3, 18, 20, 25, 39, 43]",4,1,1,1,2,[39],0.10774274819356143,0.37254806970100907,24.166666666666668
2024-05-25,random,v1.0.0,"[14, 21, 31, 37, 39, 42]",19,0,0,0,1,[],0.10745522698875466,0.37177617994345313,30.666666666666668
2024-05-25,ema_gap,v1.0.0,"[14, 21, 31, 37, 39, 42]",19,1,1,1,1,[39],0.10833051406886754,0.37788075457805353,26.333333333333332
2024-05-25,logistic,v1.0.0,"[14, 21, 31, 37, 39, 42]",19,2,2,2,2,"[31, 37]",0.10787829814571756,0.37462557341909836,24.333333333333332
2024-05-25,ensemble,v1.0.0,"[14, 21, 31, 37, 39, 42]",19,1,1,1,2,[31],0.1078077048441748,0.37342800037741336,26.166666666666668
2024-05-25,v2_statistical,v1.0.0,"[14, 21, 31, 37, 39, 42]",19,1,1,2,2,[39],0.11016153495180071,0.38686287540476194,24.5
2024-05-25,v3_boosting,v1.0.0,"[14, 21, 31, 37, 39, 42]",19,0,0,3,4,[],0.1058062865584234,0.3635731139908845,18.666666666666668
2024-05-25,v4_ensemble,v1.0.0,"[14, 21, 31, 37, 39, 42]",19,1,1,2,2,[39],0.1070489829433307,0.37065642189124953,23.333333333333332
2024-05-29,random,v1.0.0,"[4, 26, 27, 32, 38, 40]",10,1,1,1,1,[4],0.10745522698875465,0.37177617994345313,27.833333333333332
2024-05-29,ema_gap,v1.0.0,"[4, 26, 27, 32, 38, 40]",10,1,1,1,1,[27],0.10966240094250478,0.37892707887484905,27.0
2024-05-29,logistic,v1.0.0,"[4, 26, 27, 32, 38, 40]",10,1,1,1,1,[27],0.107701947187555,0.37250731001642695,26.0
2024-05-29,ensemble,v1.0.0,"[4, 26, 27, 32, 38, 40]",10,1,1,1,1,[27],0.10793073001742746,0.37368642119797896,28.0
2024-05-29,v2_statistical,v1.0.0,"[4, 26, 27, 32, 38, 40]",10,0,0,1,1,[],0.11038150211603072,0.37966815886864064,23.5
2024-05-29,v3_boosting,v1.0.0,"[4, 26, 27, 32, 38, 40]",10,0,0,2,2,[],0.10954800263394389,0.3794841480632646,25.0
2024-05-29,v4_ensemble,v1.0.0,"[4, 26, 27, 32, 38, 40]",10,0,0,1,2,[],0.10882403515032091,0.3768271941806851,24.333333333333332
2024-06-01,random,v1.0.0,"[17, 22, 28, 35, 37, 41]",18,0,0,0,1,[],0.10745522698875466,0.3717761799434532,30.0
2024-06-01,ema_gap,v1.0.0,"[17, 22, 28, 35, 37, 41]",18,1,1,1,2,[17],0.109760701077376,0.3826161930411841,28.333333333333332
2024-06-01,logistic,v1.0.0,"[17, 22, 28, 35, 37, 41]",18,1,1,2,4,[41],0.10834346816562715,0.3772447284713344,23.0
2024-06-01,ensemble,v1.0.0,"[17, 22, 28, 35, 37, 41]",18,0,0,2,2,[],0.10808414587631943,0.37455643607297917,27.666666666666668
2024-06-01,v2_statistical,v1.0.0,"[17, 22, 28, 35, 37, 41]",18,0,0,1,3,[],0.11160011190936239,0.39122061379559286,26.0
2024-06-01,v3_boosting,v1.0.0,"[17, 22, 28, 35, 37, 41]",18,1,1,2,2,[35],0.10689938632900321,0.3683011641595177,21.833333333333332
2024-06-01,v4_ensemble,v1.0.0,"[17, 22, 28, 35, 37, 41]",18,0,0,1,2,[],0.10818875588551169,0.37457001469913703,25.166666666666668
2024-06-05,random,v1.0.0,"[4, 6, 24, 27, 32, 41]",34,2,2,2,2,"[4, 6]",0.10745522698875465,0.3717761799434532,22.333333333333332
2024-06-05,ema_gap,v1.0.0,"[4, 6, 24, 27, 32, 41]",34,1,1,1,2,[27],0.10968840536564871,0.38333368162372194,27.333333333333332
2024-06-05,logistic,v1.0.0,"[4, 6, 24, 27, 32, 41]",34,2,2,2,3,"[24, 41]",0.10717573270592941,0.37061779016921953,23.333333333333332
2024-06-05,ensemble,v1.0.0,"[4, 6, 24, 27, 32, 41]",34,0,0,1,1,[],0.1082510728109117,0.3751817442688758,29.166666666666668
2024-06-05,v2_statistical,v1.0.0,"[4, 6, 24, 27, 32, 41]",34,1,1,1,1,[27],0.11335672594414174,0.405312305725542,29.5
2024-06-05,v3_boosting,v1.0.0,"[4, 6, 24, 27, 32, 41]",34,1,1,1,1,[24],0.1076162763344603,0.3703091652570075,22.166666666666668
2024-06-05,v4_ensemble,v1.0.0,"[4, 6, 24, 27, 32, 41]",34,1,1,1,1,[27],0.10879128812075807,0.37713644473512514,29.5
2024-06-08,random,v1.0.0,"[3, 6, 26, 28, 39, 40]",29,2,2,2,2,"[3, 6]",0.10745522698875463,0.37177617994345313,23.666666666666668
2024-06-08,ema_gap,v1.0.0,"[3, 6, 26, 28, 39, 40]",29,1,1,1,2,[39],0.10660955106138782,0.3688242565162137,24.666666666666668
2024-06-08,logistic,v1.0.0,"[3, 6, 26, 28, 39, 40]",29,0,0,0,2,[],0.10899306011234255,0.3794650923981263,30.0
2024-06-08,ensemble,v1.0.0,"[3, 6, 26, 28, 39, 40]",29,0,0,1,1,[],0.10789091427846396,0.37365133967227876,29.0
2024-06-08,v2_statistical,v1.0.0,"[3, 6, 26, 28, 39, 40]",29,1,1,1,1,[39],0.10997207858578985,0.3854713623942058,26.0
2024-06-08,v3_boosting,v1.0.0,"[3, 6, 26, 28, 39, 40]",29,0,0,2,2,[],0.11005713832839885,0.38338345520387795,27.666666666666668
2024-06-08,v4_ensemble,v1.0.0,"[3, 6, 26, 28, 39, 40]",29,1,1,2,3,[39],0.10838465960304186,0.3762613825170123,25.333333333333332
2024-06-12,random,v1.0.0,"[7, 8, 10, 17, 43, 48]",26,0,0,3,4,[],0.10745522698875463,0.37177617994345336,22.166666666666668
2024-06-12,ema_gap,v1.0.0,"[7, 8, 10, 17, 43, 48]",26,1,1,2,3,[17],0.10497408347895688,0.35900640089190117,18.833333333333332
2024-06-12,logistic,v1.0.0,"[7, 8, 10, 17, 43, 48]",26,0,0,0,0,[],0.1089289565481539,0.37842064548220333,30.833333333333332
2024-06-12,ensemble,v1.0.0,"[7, 8, 10, 17, 43, 48]",26,1,1,2,3,[17],0.10642051845623944,0.36684941871746024,17.833333333333332
2024-06-12,v2_statistical,v1.0.0,"[7, 8, 10, 17, 43, 48]",26,3,3,3,4,"[7, 10, 17]",0.10073587765421832,0.3419521068324559,15.166666666666666
2024-06-12,v3_boosting,v1.0.0,"[7, 8, 10, 17, 43, 48]",26,0,0,1,1,[],0.10988839286265253,0.38223191139524704,29.833333333333332
2024-06-12,v4_ensemble,v1.0.0,"[7, 8, 10, 17, 43, 48]",26,1,1,3,4,[17],0.10549938242575697,0.36246756704750427,18.333333333333332
2024-06-15,random,v1.0.0,"[4, 11, 27, 30, 33, 34]",42,1,1,2,2,[4],0.10745522698875466,0.37177617994345313,23.166666666666668
2024-06-15,ema_gap,v1.0.0,"[4, 11, 27, 30, 33, 34]",42,1,1,2,2,[27],0.10730782942494836,0.36991691789609243,23.0
2024-06-15,logistic,v1.0.0,"[4, 11, 27, 30, 33, 34]",42,0,0,1,2,[],0.10729273023268357,0.37053346360681794,25.166666666666668
2024-06-15,ensemble,v1.0.0,"[4, 11, 27, 30, 33, 34]",42,1,1,2,3,[27],0.10694666086640035,0.36927400058453874,21.666666666666668
2024-06-15,v2_statistical,v1.0.0,"[4, 11, 27, 30, 33, 34]",42,1,1,1,2,[27],0.10626088103933022,0.36550218706806387,22.166666666666668
2024-06-15,v3_boosting,v1.0.0,"[4, 11, 27, 30, 33, 34]",42,1,1,2,2,[30],0.10822353005849593,0.37527178672376627,27.166666666666668
2024-06-15,v4_ensemble,v1.0.0,"[4, 11, 27, 30, 33, 34]",42,1,1,3,3,[27],0.10651973477730492,0.3678603879116868,21.0
2024-06-19,random,v1.0.0,"[8, 12, 19, 28, 42, 48]",5,0,0,2,2,[],0.10745522698875466,0.37177617994345324,26.166666666666668
2024-06-19,ema_gap,v1.0.0,"[8, 12, 19, 28, 42, 48]",5,0,0,0,1,[],0.11244003483534364,0.39307608024115104,30.166666666666668
2024-06-19,logistic,v1.0.0,"[8, 12, 19, 28, 42, 48]",5,0,0,0,1,[],0.10912990399723033,0.3792304068195087,29.833333333333332
2024-06-19,ensemble,v1.0.0,"[8, 12, 19, 28, 42, 48]",5,0,0,0,1,[],0.10939464863440794,0.38069962480462494,34.166666666666664
2024-06-19,v2_statistical,v1.0.0,"[8, 12, 19, 28, 42, 48]",5,0,0,0,1,[],0.11562207120012212,0.4076767751019356,31.833333333333332
2024-06-19,v3_boosting,v1.0.0,"[8, 12, 19, 28, 42, 48]",5,0,0,0,2,[],0.10956991875971961,0.37944312832615007,26.166666666666668
2024-06-19,v4_ensemble,v1.0.0,"[8, 12, 19, 28, 42, 48]",5,0,0,0,1,[],0.11099493173450471,0.38766711337448195,33.0
2024-06-22,random,v1.0.0,"[20, 23, 29, 34, 37, 43]",33,0,0,0,0,[],0.10745522698875466,0.37177617994345313,31.0
2024-06-22,ema_gap,v1.0.0,"[20, 23, 29, 34, 37, 43]",33,0,0,0,2,[],0.1109978515496735,0.3850009094211673,28.666666666666668
2024-06-22,logistic,v1.0.0,"[20, 23, 29, 34, 37, 43]",33,2,2,2,3,"[20, 34]",0.10675412412149204,0.36842806516299886,21.666666666666668
2024-06-22,ensemble,v1.0.0,"[20, 23, 29, 34, 37, 43]",33,0,0,1,2,[],0.10763739657238948,0.3724132387518298,24.666666666666668
2024-06-22,v2_statistical,v1.0.0,"[20, 23, 29, 34, 37, 43]",33,0,0,1,2,[],0.11213716365416487,0.38529019462570185,24.833333333333332
2024-06-22,v3_boosting,v1.0.0,"[20, 23, 29, 34, 37, 43]",33,0,0,1,2,[],0.10941217590694077,0.37952867014166947,27.166666666666668
2024-06-22,v4_ensemble,v1.0.0,"[20, 23, 29, 34, 37, 43]",33,0,0,1,2,[],0.10910695918559832,0.3783956494511713,27.666666666666668
2024-06-26,random,v1.0.0,"[2, 7, 10, 23, 25, 29]",40,1,1,3,3,[2],0.10745522698875466,0.37177617994345336,16.0
2024-06-26,ema_gap,v1.0.0,"[2, 7, 10, 23, 25, 29]",40,1,1,3,3,[7],0.10603742270244426,0.363181399210971,19.333333333333332
2024-06-26,logistic,v1.0.0,"[2, 7, 10, 23, 25, 29]",40,0,0,0,1,[],0.11095335650633699,0.388499714933978,37.666666666666664
2024-06-26,ensemble,v1.0.0,"[2, 7, 10, 23, 25, 29]",40,0,0,1,1,[],0.10805853053223041,0.3741681397472173,25.333333333333332
2024-06-26,v2_statistical,v1.0.0,"[2, 7, 10, 23, 25, 29]",40,1,1,2,3,[10],0.10738282013112374,0.3673941717183051,20.666666666666668
2024-06-26,v3_boosting,v1.0.0,"[2, 7, 10, 23, 25, 29]",40,1,1,1,2,[2],0.11051353791427858,0.3869376071458326,30.166666666666668
2024-06-26,v4_ensemble,v1.0.0,"[2, 7, 10, 23, 25, 29]",40,0,0,1,2,[],0.10833177563039006,0.3748658849748584,24.5
2024-06-29,random,v1.0.0,"[6, 7, 30, 33, 35, 39]",15,1,1,2,2,[6],0.10745522698875466,0.37177617994345313,25.0
2024-06-29,ema_gap,v1.0.0,"[6, 7, 30, 33, 35, 39]",15,2,2,3,3,"[7, 39]",0.10333856241753614,0.35406220620271583,19.0
2024-06-29,logistic,v1.0.0,"[6, 7, 30, 33, 35, 39]",15,0,0,0,1,[],0.10979150053246646,0.3831468196144527,33.0
2024-06-29,ensemble,v1.0.0,"[6, 7, 30, 33, 35, 39]",15,2,2,2,2,"[7, 39]",0.10692923047269629,0.3697547817565436,22.5
2024-06-29,v2_statistical,v1.0.0,"[6, 7, 30, 33, 35, 39]",15,2,2,2,2,"[7, 39]",0.10503188297787272,0.35975948609062414,20.166666666666668
2024-06-29,v3_boosting,v1.0.0,"[6, 7, 30, 33, 35, 39]",15,1,1,3,3,[35],0.10617376058783923,0.36490124553234193,19.166666666666668
2024-06-29,v4_ensemble,v1.0.0,"[6, 7, 30, 33, 35, 39]",15,2,2,3,4,"[7, 39]",0.105126596440457,0.3608584610176924,16.166666666666668
2024-07-03,random,v1.0.0,"[2, 3, 7, 22, 28, 31]",20,2,2,3,3,"[2, 3]",0.10745522698875465,0.37177617994345336,15.5
2024-07-03,ema_gap,v1.0.0,"[2, 3, 7, 22, 28, 31]",20,1,1,1,2,[7],0.10551482910673328,0.36153745685161104,20.333333333333332
2024-07-03,logistic,v1.0.0,"[2, 3, 7, 22, 28, 31]",20,1,1,1,1,[28],0.1078173059428193,0.3736290480310345,26.5
2024-07-03,ensemble,v1.0.0,"[2, 3, 7, 22, 28, 31]",20,1,1,2,2,[7],0.10652234836084372,0.3674297971779398,21.166666666666668
2024-07-03,v2_statistical,v1.0.0,"[2, 3, 7, 22, 28, 31]",20,1,1,1,4,[7],0.10302595323225533,0.353167330942207,18.333333333333332
2024-07-03,v3_boosting,v1.0.0,"[2, 3, 7, 22, 28, 31]",20,1,1,2,4,[3],0.10694358073551662,0.36921072680587647,21.166666666666668
2024-07-03,v4_ensemble,v1.0.0,"[2, 3, 7, 22, 28, 31]",20,1,1,2,2,[7],0.10473541678988732,0.35866090059836014,18.5
2024-07-06,random,v1.0.0,"[5, 6, 8, 16, 18, 38]",30,2,2,3,5,"[5, 6]",0.10745522698875466,0.37177617994345336,15.166666666666666
2024-07-06,ema_gap,v1.0.0,"[5, 6, 8, 16, 18, 38]",30,0,0,0,2,[],0.11252920921989695,0.3954099290136359,30.333333333333332
2024-07-06,logistic,v1.0.0,"[5, 6, 8, 16, 18, 38]",30,0,0,0,1,[],0.1085063807730902,0.3765529114790755,30.5
2024-07-06,ensemble,v1.0.0,"[5, 6, 8, 16, 18, 38]",30,0,0,0,0,[],0.10910929374119462,0.3794645703251887,34.5
2024-07-06,v2_statistical,v1.0.0,"[5, 6, 8, 16, 18, 38]",30,0,0,0,2,[],0.11602834343572285,0.4100612515565262,30.5
2024-07-06,v3_boosting,v1.0.0,"[5, 6, 8, 16, 18, 38]",30,1,1,1,1,[18],0.11083226765381018,0.38774446870956375,31.333333333333332
2024-07-06,v4_ensemble,v1.0.0,"[5, 6, 8, 16, 18, 38]",30,0,0,1,1,[],0.11111272700037565,0.3896898617738942,33.666666666666664
2024-07-10,random,v1.0.0,"[7, 11, 18, 37, 38, 45]",31,0,0,2,3,[],0.10745522698875466,0.37177617994345336,26.0
2024-07-10,ema_gap,v1.0.0,"[7, 11, 18, 37, 38, 45]",31,2,2,2,2,"[7, 18]",0.10396306828381763,0.357533228667124,20.166666666666668
2024-07-10,logistic,v1.0.0,"[7, 11, 18, 37, 38, 45]",31,0,0,1,2,[],0.10850462510385046,0.3763167305279247,28.166666666666668
2024-07-10,ensemble,v1.0.0,"[7, 11, 18, 37, 38, 45]",31,1,1,2,2,[7],0.10655361824494278,0.36778391568679347,22.833333333333332
2024-07-10,v2_statistical,v1.0.0,"[7, 11, 18, 37, 38, 45]",31,1,1,2,2,[7],0.1040223476284834,0.35590068109829714,19.5
2024-07-10,v3_boosting,v1.0.0,"[7, 11, 18, 37, 38, 45]",31,1,1,2,2,[18],0.10847834623460735,0.3752541237249425,24.0
2024-07-10,v4_ensemble,v1.0.0,"[7, 11, 18, 37, 38, 45]",31,1,1,2,2,[7],0.10570808738492816,0.3640253388906607,20.666666666666668
2024-07-13,random,v1.0.0,"[5, 18, 27, 31, 32, 35]",23,1,1,1,2,[5],0.10745522698875466,0.37177617994345313,24.666666666666668
2024-07-13,ema_gap,v1.0.0,"[5, 18, 27, 31, 32, 35]",23,2,2,2,2,"[18, 27]",0.10550970991057651,0.3621238421362902,20.0
2024-07-13,logistic,v1.0.0,"[5, 18, 27, 31, 32, 35]",23,2,2,3,3,"[5, 32]",0.10684619790745427,0.3690750441364233,19.833333333333332
2024-07-13,ensemble,v1.0.0,"[5, 18, 27, 31, 32, 35]",23,2,2,2,3,"[18, 27]",0.10625650516037351,0.3663233217374069,18.333333333333332
2024-07-13,v2_statistical,v1.0.0,"[5, 18, 27, 31, 32, 35]",23,2,2,2,3,"[27, 31]",0.10614297592924693,0.36521314886805367,19.833333333333332
2024-07-13,v3_boosting,v1.0.0,"[5, 18, 27, 31, 32, 35]",23,2,2,3,3,"[5, 18]",0.10649842858864252,0.3694129985654915,23.333333333333332
2024-07-13,v4_ensemble,v1.0.0,"[5, 18, 27, 31, 32, 35]",23,2,2,3,3,"[18, 27]",0.10546606469577718,0.36233956303920845,17.5
2024-07-17,random,v1.0.0,"[11, 13, 25, 28, 34, 42]",44,0,0,1,2,[],0.10745522698875465,0.3717761799434532,25.5
2024-07-17,ema_gap,v1.0.0,"[11, 13, 25, 28, 34, 42]",44,0,0,0,1,[],0.11077922942531106,0.3837096393300937,27.5
2024-07-17,logistic,v1.0.0,"[11, 13, 25, 28, 34, 42]",44,2,2,2,4,"[25, 34]",0.10554229418790691,0.36254599813381955,16.333333333333332
2024-07-17,ensemble,v1.0.0,"[11, 13, 25, 28, 34, 42]",44,0,0,0,3,[],0.10752771345161943,0.37159723906614006,24.0
2024-07-17,v2_statistical,v1.0.0,"[11, 13, 25, 28, 34, 42]",44,0,0,1,1,[],0.114666971567912,0.3998837442380361,30.0
2024-07-17,v3_boosting,v1.0.0,"[11, 13, 25, 28, 34, 42]",44,0,0,1,1,[],0.11155678242670974,0.3898598125015345,32.666666666666664
2024-07-17,v4_ensemble,v1.0.0,"[11, 13, 25, 28, 34, 42]",44,0,0,0,1,[],0.11048078849702955,0.38442550368737016,30.5
2024-07-20,random,v1.0.0,"[5, 12, 15, 23, 37, 42]",21,1,1,2,3,[5],0.10745522698875466,0.37177617994345336,22.333333333333332
2024-07-20,ema_gap,v1.0.0,"[5, 12, 15, 23, 37, 42]",21,0,0,0,1,[],0.11138655210936203,0.38767049871978454,29.5
2024-07-20,logistic,v1.0.0,"[5, 12, 15, 23, 37, 42]",21,2,2,2,2,"[5, 12]",0.10643733309385582,0.36690553060278697,19.166666666666668
2024-07-20,ensemble,v1.0.0,"[5, 12, 15, 23, 37, 42]",21,0,0,1,1,[],0.10783552290683238,0.3733528573819205,26.5
2024-07-20,v2_statistical,v1.0.0,"[5, 12, 15, 23, 37, 42]",21,0,0,0,1,[],0.11524989517519757,0.40484719334383834,30.833333333333332
2024-07-20,v3_boosting,v1.0.0,"[5, 12, 15, 23, 37, 42]",21,1,1,1,4,[15],0.10801735008230741,0.3723423971533485,20.833333333333332
2024-07-20,v4_ensemble,v1.0.0,"[5, 12, 15, 23, 37, 42]",21,0,0,0,0,[],0.10946558805213835,0.379960521442632,30.0
2024-07-24,random,v1.0.0,"[1, 6, 34, 36, 40, 48]",27,2,2,2,2,"[1, 6]",0.10745522698875465,0.3717761799434531,27.5
2024-07-24,ema_gap,v1.0.0,"[1, 6, 34, 36, 40, 48]",27,0,0,0,1,[],0.11315599951857815,0.39873949796497776,32.833333333333336
2024-07-24,logistic,v1.0.0,"[1, 6, 34, 36, 40, 48]",27,0,0,2,2,[],0.10661707206320317,0.3672464882682381,19.333333333333332
2024-07-24,ensemble,v1.0.0,"[1, 6, 34, 36, 40, 48]",27,0,0,1,1,[],0.10853735717185681,0.37634996478150273,28.166666666666668
2024-07-24,v2_statistical,v1.0.0,"[1, 6, 34, 36, 40, 48]",27,0,0,1,1,[],0.1136914492252231,0.4028334309243354,29.0
2024-07-24,v3_boosting,v1.0.0,"[1, 6, 34, 36, 40, 48]",27,1,1,3,4,[34],0.10507579523186236,0.3614162140281378,17.833333333333332
2024-07-24,v4_ensemble,v1.0.0,"[1, 6, 34, 36, 40, 48]",27,1,1,1,1,[34],0.10845439150087344,0.3770776973044234,27.0
2024-07-27,random,v1.0.0,"[5, 23, 26, 33, 36, 39]",8,1,1,1,1,[5],0.10745522698875466,0.3717761799434532,27.0
2024-07-27,ema_gap,v1.0.0,"[5, 23, 26, 33, 36, 39]",8,1,1,2,2,[39],0.10666898779295415,0.3659139777736968,22.666666666666668
2024-07-27,logistic,v1.0.0,"[5, 23, 26, 33, 36, 39]",8,0,0,0,2,[],0.10695221654810964,0.368717100277538,24.333333333333332
2024-07-27,ensemble,v1.0.0,"[5, 23, 26, 33, 36, 39]",8,1,1,2,2,[39],0.10662211223796741,0.36783013083715216,20.5
2024-07-27,v2_statistical,v1.0.0,"[5, 23, 26, 33, 36, 39]",8,1,1,2,2,[39],0.10700748958468893,0.3637984531949948,19.333333333333332
2024-07-27,v3_boosting,v1.0.0,"[5, 23, 26, 33, 36, 39]",8,1,1,2,3,[33],0.10489134773697978,0.35858774792081766,15.666666666666666
2024-07-27,v4_ensemble,v1.0.0,"[5, 23, 26, 33, 36, 39]",8,1,1,2,4,[39],0.10539759657347199,0.361487450241835,16.166666666666668
2024-07-31,random,v1.0.0,"[12, 18, 19, 26, 40, 42]",35,0,0,1,2,[],0.10745522698875466,0.37177617994345336,26.166666666666668
2024-07-31,ema_gap,v1.0.0,"[12, 18, 19, 26, 40, 42]",35,2,2,2,3,"[18, 42]",0.10633041128029254,0.36653462285840116,21.5
2024-07-31,logistic,v1.0.0,"[12, 18, 19, 26, 40, 42]",35,0,0,0,1,[],0.10894417481684227,0.37803786824542435,29.833333333333332
2024-07-31,ensemble,v1.0.0,"[12, 18, 19, 26, 40, 42]",35,1,1,1,1,[18],0.10761022305026695,0.3723218600905949,26.166666666666668
2024-07-31,v2_statistical,v1.0.0,"[12, 18, 19, 26, 40, 42]",35,0,0,1,4,[],0.10740313265950392,0.36786497126938755,20.666666666666668
2024-07-31,v3_boosting,v1.0.0,"[12, 18, 19, 26, 40, 42]",35,1,1,1,2,[19],0.1061204401578014,0.3628861872691369,19.0
2024-07-31,v4_ensemble,v1.0.0,"[12, 18, 19, 26, 40, 42]",35,0,0,1,3,[],0.10633573889220298,0.3650795175245215,21.5
2024-08-03,random,v1.0.0,"[3, 11, 18, 32, 39, 42]",28,1,1,2,3,[3],0.10745522698875466,0.37177617994345336,24.166666666666668
2024-08-03,ema_gap,v1.0.0,"[3, 11, 18, 32, 39, 42]",28,3,3,4,4,"[18, 39, 42]",0.09900078139482041,0.336558292868655,13.333333333333334
2024-08-03,logistic,v1.0.0,"[3, 11, 18, 32, 39, 42]",28,0,0,0,0,[],0.10950027691453547,0.3811643829961099,37.166666666666664
2024-08-03,ensemble,v1.0.0,"[3, 11, 18, 32, 39, 42]",28,3,3,3,3,"[18, 39, 42]",0.10579448271164764,0.3642887794268364,15.833333333333334
2024-08-03,v2_statistical,v1.0.0,"[3, 11, 18, 32, 39, 42]",28,2,2,3,3,"[18, 39]",0.10181825189177501,0.3448700324664876,15.333333333333334
2024-08-03,v3_boosting,v1.0.0,"[3, 11, 18, 32, 39, 42]",28,0,0,1,2,[],0.1118017960265559,0.392019190704736,30.0
2024-08-03,v4_ensemble,v1.0.0,"[3, 11, 18, 32, 39, 42]",28,1,1,3,4,[39],0.10547823386510531,0.3621895042535302,17.166666666666668
2024-08-07,random,v1.0.0,"[3, 6, 16, 35, 41, 42]",23,2,2,2,3,"[3, 6]",0.10745522698875465,0.37177617994345336,23.833333333333332
2024-08-07,ema_gap,v1.0.0,"[3, 6, 16, 35, 41, 42]",23,1,1,2,3,[42],0.10707602428560907,0.36917705725340444,21.0
2024-08-07,logistic,v1.0.0,"[3, 6, 16, 35, 41, 42]",23,0,0,0,1,[],0.10948063438945053,0.3811842889889728,34.0
2024-08-07,ensemble,v1.0.0,"[3, 6, 16, 35, 41, 42]",23,1,1,1,1,[42],0.1082805120247497,0.37539766010443093,29.5
2024-08-07,v2_statistical,v1.0.0,"[3, 6, 16, 35, 41, 42]",23,1,1,1,2,[42],0.11084168425684045,0.387200015872127,27.666666666666668
2024-08-07,v3_boosting,v1.0.0,"[3, 6, 16, 35, 41, 42]",23,1,1,2,3,[35],0.10667838676663241,0.3678369346705888,21.0
2024-08-07,v4_ensemble,v1.0.0,"[3, 6, 16, 35, 41, 42]",23,1,1,1,3,[42],0.10768061855454848,0.37238208100768583,25.166666666666668
2024-08-10,random,v1.0.0,"[9, 15, 17, 20, 25, 49]",28,0,0,1,3,[],0.10745522698875466,0.37177617994345336,22.5
2024-08-10,ema_gap,v1.0.0,"[9, 15, 17, 20, 25, 49]",28,0,0,0,1,[],0.11555618691293901,0.4118722018050741,36.666666666666664
2024-08-10,logistic,v1.0.0,"[9, 15, 17, 20, 25, 49]",28,1,1,2,3,[20],0.10615657789820306,0.36538634417585736,19.166666666666668
2024-08-10,ensemble,v1.0.0,"[9, 15, 17, 20, 25, 49]",28,0,0,1,1,[],0.10859107025235079,0.3771179273313815,29.666666666666668
2024-08-10,v2_statistical,v1.0.0,"[9, 15, 17, 20, 25, 49]",28,0,0,0,0,[],0.11920691106127487,0.4271936768719769,37.5
2024-08-10,v3_boosting,v1.0.0,"[9, 15, 17, 20, 25, 49]",28,2,2,3,3,"[20, 49]",0.10528485018684121,0.3632958202866649,20.166666666666668
2024-08-10,v4_ensemble,v1.0.0,"[9, 15, 17, 20, 25, 49]",28,0,0,0,0,[],0.11042056776818719,0.3846666463333371,32.833333333333336
2024-08-14,random,v1.0.0,"[10, 11, 29, 30, 36, 48]",18,0,0,2,2,[],0.10745522698875465,0.37177617994345313,27.333333333333332
2024-08-14,ema_gap,v1.0.0,"[10, 11, 29, 30, 36, 48]",18,0,0,1,2,[],0.10795288017875138,0.3696900808392664,20.666666666666668
2024-08-14,logistic,v1.0.0,"[10, 11, 29, 30, 36, 48]",18,0,0,3,3,[],0.10750868038543042,0.3717601763127162,24.333333333333332
2024-08-14,ensemble,v1.0.0,"[10, 11, 29, 30, 36, 48]",18,0,0,2,3,[],0.10695559818860544,0.3691035976749084,22.166666666666668
2024-08-14,v2_statistical,v1.0.0,"[10, 11, 29, 30, 36, 48]",18,0,0,0,3,[],0.11038125470033054,0.3768917271659478,22.0
2024-08-14,v3_boosting,v1.0.0,"[10, 11, 29, 30, 36, 48]",18,1,1,1,1,[30],0.11024510999425495,0.3850667505036869,28.666666666666668
2024-08-14,v4_ensemble,v1.0.0,"[10, 11, 29, 30, 36, 48]",18,0,0,0,2,[],0.10862222395453193,0.3760293886159701,26.0
2024-08-17,random,v1.0.0,"[7, 8, 9, 10, 26, 33]",19,0,0,4,4,[],0.10745522698875465,0.37177617994345347,15.5
2024-08-17,ema_gap,v1.0.0,"[7, 8, 9, 10, 26, 33]",19,1,1,2,3,[7],0.10680359918256574,0.3673002957347751,20.833333333333332
2024-08-17,logistic,v1.0.0,"[7, 8, 9, 10, 26, 33]",19,1,1,2,2,[9],0.10738748666785482,0.37134797076827797,24.333333333333332
2024-08-17,ensemble,v1.0.0,"[7, 8, 9, 10, 26, 33]",19,0,0,2,3,[],0.10674169361746799,0.3682838786941272,19.0
2024-08-17,v2_statistical,v1.0.0,"[7, 8, 9, 10, 26, 33]",19,1,1,2,3,[7],0.10524400551208485,0.3601224703019514,20.166666666666668
2024-08-17,v3_boosting,v1.0.0,"[7, 8, 9, 10, 26, 33]",19,1,1,2,2,[10],0.10781324331346845,0.37365360808387504,25.333333333333332
2024-08-17,v4_ensemble,v1.0.0,"[7, 8, 9, 10, 26, 33]",19,1,1,2,3,[10],0.10611700391449601,0.36556762863349385,20.5
2024-08-21,random,v1.0.0,"[4, 6, 13, 14, 34, 36]",40,2,2,2,4,"[4, 6]",0.10745522698875466,0.37177617994345336,17.833333333333332
2024-08-21,ema_gap,v1.0.0,"[4, 6, 13, 14, 34, 36]",40,0,0,1,2,[],0.11098850838697066,0.38697922359595305,28.166666666666668
2024-08-21,logistic,v1.0.0,"[4, 6, 13, 14, 34, 36]",40,0,0,1,3,[],0.10712950694206967,0.37002634848603816,22.0
2024-08-21,ensemble,v1.0.0,"[4, 6, 13, 14, 34, 36]",40,0,0,1,3,[],0.10828084341694913,0.37547427987401577,26.5
2024-08-21,v2_statistical,v1.0.0,"[4, 6, 13, 14, 34, 36]",40,1,1,1,2,[34],0.1121659965039323,0.3960448767711337,27.666666666666668
2024-08-21,v3_boosting,v1.0.0,"[4, 6, 13, 14, 34, 36]",40,2,2,2,4,"[4, 34]",0.10525114426019902,0.3638251396746068,19.666666666666668
2024-08-21,v4_ensemble,v1.0.0,"[4, 6, 13, 14, 34, 36]",40,2,2,2,3,"[4, 34]",0.10788392545612102,0.3742833607622543,23.666666666666668
2024-08-24,random,v1.0.0,"[16, 21, 29, 32, 42, 49]",5,0,0,0,1,[],0.10745522698875466,0.37177617994345313,31.5
2024-08-24,ema_gap,v1.0.0,"[16, 21, 29, 32, 42, 49]",5,1,1,1,2,[42],0.1092847974545374,0.38159026953767705,27.833333333333332
2024-08-24,logistic,v1.0.0,"[16, 21, 29, 32, 42, 49]",5,0,0,1,1,[],0.11033722243546797,0.38586312826363356,34.166666666666664
2024-08-24,ensemble,v1.0.0,"[16, 21, 29, 32, 42, 49]",5,0,0,1,2,[],0.10904883034057616,0.37947496054104424,31.0
2024-08-24,v2_statistical,v1.0.0,"[16, 21, 29, 32, 42, 49]",5,1,1,1,2,[42],0.11062053189109525,0.3838400155579964,26.0
2024-08-24,v3_boosting,v1.0.0,"[16, 21, 29, 32, 42, 49]",5,0,0,2,2,[],0.1087538380092507,0.37757132813269934,26.666666666666668
2024-08-24,v4_ensemble,v1.0.0,"[16, 21, 29, 32, 42, 49]",5,0,0,2,2,[],0.10886179510120221,0.378555188888448,29.166666666666668
2024-08-28,random,v1.0.0,"[4, 20, 29, 40, 41, 48]",47,1,1,1,1,[4],0.10745522698875466,0.37177617994345313,30.333333333333332
2024-08-28,ema_gap,v1.0.0,"[4, 20, 29, 40, 41, 48]",47,1,1,1,1,[29],0.10892325514504289,0.3756003014729593,24.833333333333332
2024-08-28,logistic,v1.0.0,"[4, 20, 29, 40, 41, 48]",47,1,1,2,3,[41],0.10635852521839759,0.3663975812160309,19.333333333333332
2024-08-28,ensemble,v1.0.0,"[4, 20, 29, 40, 41, 48]",47,1,1,2,3,[29],0.10692311839236515,0.3689012737440909,21.0
2024-08-28,v2_statistical,v1.0.0,"[4, 20, 29, 40, 41, 48]",47,1,1,1,3,[29],0.10753723905802227,0.3675131279491,21.0
2024-08-28,v3_boosting,v1.0.0,"[4, 20, 29, 40, 41, 48]",47,1,1,2,2,[48],0.10355431094074107,0.35398501288752554,18.333333333333332
2024-08-28,v4_ensemble,v1.0.0,"[4, 20, 29, 40, 41, 48]",47,1,1,2,4,[48],0.10518360298489546,0.36067369326779564,17.666666666666668
2024-08-31,random,v1.0.0,"[7, 24, 25, 34, 43, 44]",13,0,0,1,1,[],0.10745522698875465,0.3717761799434532,29.5
2024-08-31,ema_gap,v1.0.0,"[7, 24, 25, 34, 43, 44]",13,1,1,1,2,[7],0.11048183593589399,0.3900167854825792,28.5
2024-08-31,logistic,v1.0.0,"[7, 24, 25, 34, 43, 44]",13,0,0,0,1,[],0.10869105894287541,0.3773842595555286,30.833333333333332
2024-08-31,ensemble,v1.0.0,"[7, 24, 25, 34, 43, 44]",13,1,1,1,1,[7],0.10850381669538887,0.3769521574282218,29.5
2024-08-31,v2_statistical,v1.0.0,"[7, 24, 25, 34, 43, 44]",13,1,1,2,2,[7],0.1088879308587819,0.39215382554621103,27.333333333333332
2024-08-31,v3_boosting,v1.0.0,"[7, 24, 25, 34, 43, 44]",13,0,0,1,2,[],0.10983896058128059,0.38301854504141863,29.333333333333332
2024-08-31,v4_ensemble,v1.0.0,"[7, 24, 25, 34, 43, 44]",13,1,1,2,2,[7],0.10871002074166944,0.37972442115913146,29.0
2024-09-04,random,v1.0.0,"[31, 34, 38, 41, 43, 48]",47,0,0,0,0,[],0.10745522698875466,0.3717761799434531,39.166666666666664
2024-09-04,ema_gap,v1.0.0,"[31, 34, 38, 41, 43, 48]",47,1,1,2,2,[34],0.1078696667947786,0.37099995881634157,21.833333333333332
2024-09-04,logistic,v1.0.0,"[31, 34, 38, 41, 43, 48]",47,0,0,1,2,[],0.10804187806448765,0.3743952665120803,27.333333333333332
2024-09-04,ensemble,v1.0.0,"[31, 34, 38, 41, 43, 48]",47,1,1,1,2,[48],0.1074216899753128,0.3711515839062081,23.833333333333332
2024-09-04,v2_statistical,v1.0.0,"[31, 34, 38, 41, 43, 48]",47,1,1,2,3,[34],0.1050181481383947,0.3573237719978412,18.333333333333332
2024-09-04,v3_boosting,v1.0.0,"[31, 34, 38, 41, 43, 48]",47,1,1,1,1,[48],0.11018405220964063,0.3825507144457073,29.666666666666668
2024-09-04,v4_ensemble,v1.0.0,"[31, 34, 38, 41, 43, 48]",47,1,1,2,2,[34],0.10710974171136829,0.3692308240548292,22.333333333333332
2024-09-07,random,v1.0.0,"[8, 21, 33, 34, 37, 47]",24,0,0,1,1,[],0.10745522698875466,0.3717761799434531,30.0
2024-09-07,ema_gap,v1.0.0,"[8, 21, 33, 34, 37, 47]",24,1,1,1,1,[34],0.11067372248704796,0.3901516815373897,28.833333333333332
2024-09-07,logistic,v1.0.0,"[8, 21, 33, 34, 37, 47]",24,0,0,3,4,[],0.10688459278992715,0.369154446545511,20.333333333333332
2024-09-07,ensemble,v1.0.0,"[8, 21, 33, 34, 37, 47]",24,1,1,1,2,[34],0.1077834034591741,0.37350296840341013,25.5
2024-09-07,v2_statistical,v1.0.0,"[8, 21, 33, 34, 37, 47]",24,1,1,1,2,[34],0.11176526150519664,0.3935796813605101,27.333333333333332
2024-09-07,v3_boosting,v1.0.0,"[8, 21, 33, 34, 37, 47]",24,0,0,0,1,[],0.10992205387113146,0.3820088733346507,28.833333333333332
2024-09-07,v4_ensemble,v1.0.0,"[8, 21, 33, 34, 37, 47]",24,1,1,1,1,[34],0.10917831963627134,0.38072325145001934,30.5
2024-09-11,random,v1.0.0,"[1, 8, 19, 33, 46, 49]",2,1,1,2,2,[1],0.10745522698875466,0.37177617994345324,26.0
2024-09-11,ema_gap,v1.0.0,"[1, 8, 19, 33, 46, 49]",2,0,0,2,2,[],0.11403307479328455,0.4062050998813035,33.166666666666664
2024-09-11,logistic,v1.0.0,"[1, 8, 19, 33, 46, 49]",2,1,1,1,1,[49],0.10776390453789016,0.37453255966403254,24.0
2024-09-11,ensemble,v1.0.0,"[1, 8, 19, 33, 46, 49]",2,0,0,3,3,[],0.1091994068521988,0.3805766769332245,28.666666666666668
2024-09-11,v2_statistical,v1.0.0,"[1, 8, 19, 33, 46, 49]",2,0,0,0,1,[],0.11840587428663145,0.42517345955756314,35.333333333333336
2024-09-11,v3_boosting,v1.0.0,"[1, 8, 19, 33, 46, 49]",2,0,0,0,3,[],0.10883299439834515,0.3765107115622719,25.833333333333332
2024-09-11,v4_ensemble,v1.0.0,"[1, 8, 19, 33, 46, 49]",2,0,0,0,2,[],0.11153083106669709,0.3908707856138479,35.166666666666664
2024-09-14,random,v1.0.0,"[11, 14, 19, 25, 26, 28]",21,0,0,1,2,[],0.10745522698875465,0.37177617994345336,20.5
2024-09-14,ema_gap,v1.0.0,"[11, 14, 19, 25, 26, 28]",21,0,0,0,3,[],0.11095747036799644,0.38593950610246036,26.833333333333332
2024-09-14,logistic,v1.0.0,"[11, 14, 19, 25, 26, 28]",21,0,0,0,2,[],0.10806320866946759,0.3741932528430878,27.0
2024-09-14,ensemble,v1.0.0,"[11, 14, 19, 25, 26, 28]",21,0,0,0,1,[],0.10874202318489845,0.37773359320481265,33.666666666666664
2024-09-14,v2_statistical,v1.0.0,"[11, 14, 19, 25, 26, 28]",21,0,0,0,0,[],0.11894413192044181,0.42852374872874693,37.166666666666664
2024-09-14,v3_boosting,v1.0.0,"[11, 14, 19, 25, 26, 28]",21,1,1,1,4,[19],0.10864601413192343,0.374533139975707,20.333333333333332
2024-09-14,v4_ensemble,v1.0.0,"[11, 14, 19, 25, 26, 28]",21,0,0,0,0,[],0.11097825307526266,0.38799029223508225,37.166666666666664
2024-09-18,random,v1.0.0,"[2, 13, 14, 18, 20, 39]",40,1,1,1,4,[2],0.10745522698875466,0.37177617994345336,17.666666666666668
2024-09-18,ema_gap,v1.0.0,"[2, 13, 14, 18, 20, 39]",40,0,0,2,2,[],0.11020490288677258,0.3848347252342151,28.833333333333332
2024-09-18,logistic,v1.0.0,"[2, 13, 14, 18, 20, 39]",40,3,3,3,3,"[2, 18, 39]",0.10643701505086264,0.3676933236066506,21.0
2024-09-18,ensemble,v1.0.0,"[2, 13, 14, 18, 20, 39]",40,2,2,2,2,"[18, 39]",0.10750850955937868,0.3724871459599978,27.333333333333332
2024-09-18,v2_statistical,v1.0.0,"[2, 13, 14, 18, 20, 39]",40,1,1,1,2,[39],0.1139188868856157,0.4036006950208587,30.0
2024-09-18,v3_boosting,v1.0.0,"[2, 13, 14, 18, 20, 39]",40,0,0,2,2,[],0.10992655435583093,0.38185819818270833,27.666666666666668
2024-09-18,v4_ensemble,v1.0.0,"[2, 13, 14, 18, 20, 39]",40,0,0,1,2,[],0.10993875226461221,0.3824654316375694,29.166666666666668
2024-09-21,random,v1.0.0,"[5, 10, 11, 15, 27, 49]",25,1,1,3,4,[5],0.10745522698875466,0.37177617994345336,19.5
2024-09-21,ema_gap,v1.0.0,"[5, 10, 11, 15, 27, 49]",25,1,1,1,2,[11],0.1108273888092795,0.3861873927187008,28.333333333333332
2024-09-21,logistic,v1.0.0,"[5, 10, 11, 15, 27, 49]",25,3,3,3,3,"[5, 15, 49]",0.1047090615158744,0.35909795072547424,15.833333333333334
2024-09-21,ensemble,v1.0.0,"[5, 10, 11, 15, 27, 49]",25,1,1,2,3,[11],0.1066951787543432,0.3680322593321003,18.0
2024-09-21,v2_statistical,v1.0.0,"[5, 10, 11, 15, 27, 49]",25,0,0,1,3,[],0.11060238646920163,0.38238633117186543,24.0
2024-09-21,v3_boosting,v1.0.0,"[5, 10, 11, 15, 27, 49]",25,0,0,0,3,[],0.11111070522653362,0.3847747785218787,25.833333333333332
2024-09-21,v4_ensemble,v1.0.0,"[5, 10, 11, 15, 27, 49]",25,0,0,0,1,[],0.10861872428815669,0.3762186737952107,26.166666666666668
2024-09-25,random,v1.0.0,"[2, 4, 8, 11, 14, 40]",36,2,2,4,5,"[2, 4]",0.10745522698875463,0.3717761799434534,13.166666666666666
2024-09-25,ema_gap,v1.0.0,"[2, 4, 8, 11, 14, 40]",36,1,1,2,2,[11],0.10561868117876867,0.3618231592503398,18.833333333333332
2024-09-25,logistic,v1.0.0,"[2, 4, 8, 11, 14, 40]",36,0,0,1,2,[],0.1074158378304509,0.3710123621200244,24.0
2024-09-25,ensemble,v1.0.0,"[2, 4, 8, 11, 14, 40]",36,1,1,2,3,[11],0.10674783890555312,0.36837721490399217,19.0
2024-09-25,v2_statistical,v1.0.0,"[2, 4, 8, 11, 14, 40]",36,0,0,3,4,[],0.10857969580473922,0.3732221354225906,20.166666666666668
2024-09-25,v3_boosting,v1.0.0,"[2, 4, 8, 11, 14, 40]",36,1,1,1,2,[11],0.10743733480802133,0.37123668766548557,23.5
2024-09-25,v4_ensemble,v1.0.0,"[2, 4, 8, 11, 14, 40]",36,1,1,2,4,[11],0.10670605093076495,0.3685028996608136,22.0
2024-09-28,random,v1.0.0,"[7, 15, 23, 29, 41, 46]",22,0,0,1,2,[],0.10745522698875466,0.3717761799434532,26.833333333333332
2024-09-28,ema_gap,v1.0.0,"[7, 15, 23, 29, 41, 46]",22,1,1,1,2,[7],0.10828726410542817,0.37417067800019926,25.5
2024-09-28,logistic,v1.0.0,"[7, 15, 23, 29, 41, 46]",22,1,1,2,2,[46],0.10642434600047762,0.3668626864869592,19.166666666666668
2024-09-28,ensemble,v1.0.0,"[7, 15, 23, 29, 41, 46]",22,1,1,2,3,[7],0.1065285727635721,0.36750978831112024,19.166666666666668
2024-09-28,v2_statistical,v1.0.0,"[7, 15, 23, 29, 41, 46]",22,1,1,1,2,[7],0.10549334798893528,0.3619269588499663,20.5
2024-09-28,v3_boosting,v1.0.0,"[7, 15, 23, 29, 41, 46]",22,0,0,2,3,[],0.10800704807695082,0.3729032969473887,24.333333333333332
2024-09-28,v4_ensemble,v1.0.0,"[7, 15, 23, 29, 41, 46]",22,1,1,1,3,[7],0.10621929044993793,0.3664799071106501,21.333333333333332
2024-10-02,random,v1.0.0,"[26, 28, 33, 41, 42, 49]",45,0,0,0,0,[],0.10745522698875466,0.37177617994345313,36.5
2024-10-02,ema_gap,v1.0.0,"[26, 28, 33, 41, 42, 49]",45,0,0,2,4,[],0.10553558749526767,0.35972301515620014,16.5
2024-10-02,logistic,v1.0.0,"[26, 28, 33, 41, 42, 49]",45,1,1,1,3,[42],0.10663610348232269,0.3678397434717023,20.0
2024-10-02,ensemble,v1.0.0,"[26, 28, 33, 41, 42, 49]",45,1,1,1,3,[42],0.10647277237318403,0.3668726078805704,18.333333333333332
2024-10-02,v2_statistical,v1.0.0,"[26, 28, 33, 41, 42, 49]",45,1,1,1,2,[42],0.10865502782741261,0.3724319295954719,21.666666666666668
2024-10-02,v3_boosting,v1.0.0,"[26, 28, 33, 41, 42, 49]",45,1,1,2,3,[42],0.10291989905260894,0.3548614577255146,20.166666666666668
2024-10-02,v4_ensemble,v1.0.0,"[26, 28, 33, 41, 42, 49]",45,1,1,1,3,[42],0.10509376080146156,0.361589228113516,19.833333333333332
2024-10-05,random,v1.0.0,"[17, 18, 20, 29, 32, 35]",38,0,0,0,2,[],0.10745522698875466,0.37177617994345336,25.166666666666668
2024-10-05,ema_gap,v1.0.0,"[17, 18, 20, 29, 32, 35]",38,2,2,2,2,"[18, 29]",0.10762283883596038,0.3712938633611612,23.166666666666668
2024-10-05,logistic,v1.0.0,"[17, 18, 20, 29, 32, 35]",38,0,0,2,2,[],0.1085976917408301,0.3779260930763319,25.833333333333332
2024-10-05,ensemble,v1.0.0,"[17, 18, 20, 29, 32, 35]",38,1,1,1,2,[29],0.1073259304255912,0.371234066368632,23.666666666666668
2024-10-05,v2_statistical,v1.0.0,"[17, 18, 20, 29, 32, 35]",38,0,0,1,2,[],0.1094632095824398,0.37517809653230594,21.5
2024-10-05,v3_boosting,v1.0.0,"[17, 18, 20, 29, 32, 35]",38,0,0,1,2,[],0.10938492995850357,0.3800261358033476,28.5
2024-10-05,v4_ensemble,v1.0.0,"[17, 18, 20, 29, 32, 35]",38,1,1,1,2,[29],0.10821885909023335,0.37473589547826125,26.5
2024-10-09,random,v1.0.0,"[20, 22, 23, 36, 46, 47]",42,0,0,0,0,[],0.10745522698875466,0.37177617994345324,32.333333333333336
2024-10-09,ema_gap,v1.0.0,"[20, 22, 23, 36, 46, 47]",42,0,0,0,1,[],0.11303214247375137,0.3975099876705944,32.5
2024-10-09,logistic,v1.0.0,"[20, 22, 23, 36, 46, 47]",42,1,1,1,2,[47],0.10806528463491989,0.3753400372378788,28.666666666666668
2024-10-09,ensemble,v1.0.0,"[20, 22, 23, 36, 46, 47]",42,0,0,0,1,[],0.10884560705303024,0.37832414039781714,32.333333333333336
2024-10-09,v2_statistical,v1.0.0,"[20, 22, 23, 36, 46, 47]",42,0,0,1,3,[],0.11096676109956925,0.3843279969382783,24.833333333333332
2024-10-09,v3_boosting,v1.0.0,"[20, 22, 23, 36, 46, 47]",42,0,0,0,1,[],0.10790450504231834,0.37212739079075235,22.333333333333332
2024-10-09,v4_ensemble,v1.0.0,"[20, 22, 23, 36, 46, 47]",42,0,0,0,1,[],0.10899989223461716,0.37786092776450925,26.166666666666668
2024-10-12,random,v1.0.0,"[3, 16, 21, 28, 39, 43]",8,1,1,1,2,[3],0.10745522698875465,0.37177617994345324,25.0
2024-10-12,ema_gap,v1.0.0,"[3, 16, 21, 28, 39, 43]",8,0,0,1,1,[],0.11155318752425772,0.38972841948686116,30.0
2024-10-12,logistic,v1.0.0,"[3, 16, 21, 28, 39, 43]",8,0,0,0,3,[],0.1065394471541672,0.36707159508501835,21.666666666666668
2024-10-12,ensemble,v1.0.0,"[3, 16, 21, 28, 39, 43]",8,1,1,1,1,[39],0.10770283721569064,0.37285867292089864,26.666666666666668
2024-10-12,v2_statistical,v1.0.0,"[3, 16, 21, 28, 39, 43]",8,0,0,0,1,[],0.11354446825215063,0.39802839983691163,30.0
2024-10-12,v3_boosting,v1.0.0,"[3, 16, 21, 28, 39, 43]",8,1,1,3,3,[43],0.10547016205634117,0.3620873505822862,17.833333333333332
2024-10-12,v4_ensemble,v1.0.0,"[3, 16, 21, 28, 39, 43]",8,0,0,1,2,[],0.1084101529982421,0.3755400042283683,25.833333333333332
2024-10-16,random,v1.0.0,"[1, 17, 26, 35, 44, 48]",19,1,1,1,2,[1],0.10745522698875466,0.37177617994345313,28.5
2024-10-16,ema_gap,v1.0.0,"[1, 17, 26, 35, 44, 48]",19,0,0,1,2,[],0.1113351347993921,0.3905641239680016,28.666666666666668
2024-10-16,logistic,v1.0.0,"[1, 17, 26, 35, 44, 48]",19,1,1,1,2,[48],0.1079334759317224,0.3739985159472631,28.166666666666668
2024-10-16,ensemble,v1.0.0,"[1, 17, 26, 35, 44, 48]",19,0,0,2,2,[],0.10849366440723741,0.3766340683847242,28.333333333333332
2024-10-16,v2_statistical,v1.0.0,"[1, 17, 26, 35, 44, 48]",19,0,0,1,1,[],0.11337555840599413,0.3987238597669118,28.833333333333332
2024-10-16,v3_boosting,v1.0.0,"[1, 17, 26, 35, 44, 48]",19,1,1,1,2,[48],0.10809062033013792,0.3734886918905489,23.5
2024-10-16,v4_ensemble,v1.0.0,"[1, 17, 26, 35, 44, 48]",19,0,0,1,2,[],0.10953376197412816,0.38089917390364675,28.333333333333332
2024-10-19,random,v1.0.0,"[2, 12, 20, 23, 28, 41]",43,1,1,2,2,[2],0.10745522698875466,0.37177617994345324,21.0
2024-10-19,ema_gap,v1.0.0,"[2, 12, 20, 23, 28, 41]",43,0,0,0,4,[],0.10817962307981349,0.3737877800038244,23.166666666666668
2024-10-19,logistic,v1.0.0,"[2, 12, 20, 23, 28, 41]",43,0,0,1,1,[],0.10889271275336378,0.3783959248337832,30.666666666666668
2024-10-19,ensemble,v1.0.0,"[2, 12, 20, 23, 28, 41]",43,0,0,0,2,[],0.10802464390336627,0.37425893240417424,27.666666666666668
2024-10-19,v2_statistical,v1.0.0,"[2, 12, 20, 23, 28, 41]",43,0,0,2,3,[],0.1100640546150031,0.38395855121412903,25.166666666666668
2024-10-19,v3_boosting,v1.0.0,"[2, 12, 20, 23, 28, 41]",43,0,0,0,0,[],0.11227468791065365,0.39339103300313494,34.666666666666664
2024-10-19,v4_ensemble,v1.0.0,"[2, 12, 20, 23, 28, 41]",43,0,0,1,2,[],0.10950220983652455,0.3813829650369842,31.5
2024-10-23,random,v1.0.0,"[4, 15, 18, 20, 37, 40]",43,1,1,1,3,[4],0.10745522698875466,0.37177617994345336,22.333333333333332
2024-10-23,ema_gap,v1.0.0,"[4, 15, 18, 20, 37, 40]",43,1,1,2,2,[18],0.10679318428091467,0.36801171702526225,22.333333333333332
2024-10-23,logistic,v1.0.0,"[4, 15, 18, 20, 37, 40]",43,1,1,2,4,[15],0.10635708143621214,0.36653845321224976,18.166666666666668
2024-10-23,ensemble,v1.0.0,"[4, 15, 18, 20, 37, 40]",43,2,2,2,3,"[18, 20]",0.1064436798706656,0.36705833983873687,19.166666666666668
2024-10-23,v2_statistical,v1.0.0,"[4, 15, 18, 20, 37, 40]",43,1,1,2,3,[20],0.105435133836866,0.36106339305258117,20.0
2024-10-23,v3_boosting,v1.0.0,"[4, 15, 18, 20, 37, 40]",43,1,1,2,3,[18],0.10545536504960756,0.3609996510423074,16.833333333333332
2024-10-23,v4_ensemble,v1.0.0,"[4, 15, 18, 20, 37, 40]",43,2,2,2,2,"[18, 20]",0.10520683167101405,0.36159230666042835,19.333333333333332
2024-10-26,random,v1.0.0,"[7, 16, 19, 25, 28, 29]",15,0,0,1,2,[],0.10745522698875463,0.37177617994345324,20.666666666666668
2024-10-26,ema_gap,v1.0.0,"[7, 16, 19, 25, 28, 29]",15,2,2,3,3,"[7, 29]",0.10642803787129004,0.36695009916300564,21.5
2024-10-26,logistic,v1.0.0,"[7, 16, 19, 25, 28, 29]",15,0,0,1,2,[],0.10800314867967178,0.37411880812073695,28.666666666666668
2024-10-26,ensemble,v1.0.0,"[7, 16, 19, 25, 28, 29]",15,1,1,2,3,[7],0.10723248564356815,0.37096956691853983,25.333333333333332
2024-10-26,v2_statistical,v1.0.0,"[7, 16, 19, 25, 28, 29]",15,1,1,2,2,[7],0.10974794499171142,0.3841429693945137,25.333333333333332
2024-10-26,v3_boosting,v1.0.0,"[7, 16, 19, 25, 28, 29]",15,0,0,2,3,[],0.10641652539967882,0.3650925856788802,21.5
2024-10-26,v4_ensemble,v1.0.0,"[7, 16, 19, 25, 28, 29]",15,1,1,2,3,[7],0.10710683894106712,0.37066374306784977,23.333333333333332
2024-10-30,random,v1.0.0,"[4, 9, 14, 17, 30, 44]",3,1,1,2,4,[4],0.10745522698875466,0.37177617994345336,19.666666666666668
2024-10-30,ema_gap,v1.0.0,"[4, 9, 14, 17, 30, 44]",3,0,0,1,2,[],0.11307265867423334,0.39913796760955905,32.0
2024-10-30,logistic,v1.0.0,"[4, 9, 14, 17, 30, 44]",3,0,0,1,2,[],0.10738248548966366,0.37129593023988033,23.666666666666668
2024-10-30,ensemble,v1.0.0,"[4, 9, 14, 17, 30, 44]",3,0,0,0,1,[],0.10910696616725607,0.37950131092660017,32.166666666666664
2024-10-30,v2_statistical,v1.0.0,"[4, 9, 14, 17, 30, 44]",3,0,0,1,2,[],0.11650748319977348,0.4178046330840438,34.0
2024-10-30,v3_boosting,v1.0.0,"[4, 9, 14, 17, 30, 44]",3,3,3,4,6,"[9, 14, 44]",0.10122755492224414,0.34450928330899605,8.666666666666666
2024-10-30,v4_ensemble,v1.0.0,"[4, 9, 14, 17, 30, 44]",3,0,0,1,2,[],0.10818722993464759,0.3742110778865922,24.833333333333332
2024-11-02,random,v1.0.0,"[7, 13, 37, 42, 46, 47]",48,0,0,1,2,[],0.10745522698875466,0.3717761799434531,32.0
2024-11-02,ema_gap,v1.0.0,"[7, 13, 37, 42, 46, 47]",48,1,1,2,2,[7],0.1087762928556844,0.3801555581209906,27.166666666666668
2024-11-02,logistic,v1.0.0,"[7, 13, 37, 42, 46, 47]",48,2,2,2,3,"[46, 47]",0.1063765725816094,0.36651459163864925,21.833333333333332
2024-11-02,ensemble,v1.0.0,"[7, 13, 37, 42, 46, 47]",48,1,1,2,3,[7],0.10689323075785588,0.3693138885408613,22.666666666666668
2024-11-02,v2_statistical,v1.0.0,"[7, 13, 37, 42, 46, 47]",48,2,2,2,2,"[7, 42]",0.10439939395893288,0.3669259479683201,24.0
2024-11-02,v3_boosting,v1.0.0,"[7, 13, 37, 42, 46, 47]",48,0,0,1,1,[],0.11147889072582315,0.3904996240493777,30.333333333333332
2024-11-02,v4_ensemble,v1.0.0,"[7, 13, 37, 42, 46, 47]",48,1,1,3,3,[7],0.10712825812986933,0.3724775685979493,24.5
2024-11-06,random,v1.0.0,"[2, 11, 18, 21, 23, 25]",26,1,1,2,3,[2],0.10745522698875465,0.37177617994345324,16.666666666666668
2024-11-06,ema_gap,v1.0.0,"[2, 11, 18, 21, 23, 25]",26,1,1,2,4,[18],0.10534355545238527,0.36068494370822884,18.333333333333332
2024-11-06,logistic,v1.0.0,"[2, 11, 18, 21, 23, 25]",26,0,0,0,1,[],0.10945056298340211,0.38091160426549,31.166666666666668
2024-11-06,ensemble,v1.0.0,"[2, 11, 18, 21, 23, 25]",26,1,1,1,2,[18],0.10722694845869643,0.3704898454042732,24.5
2024-11-06,v2_statistical,v1.0.0,"[2, 11, 18, 21, 23, 25]",26,0,0,1,4,[],0.10745153977700013,0.36529642688555647,18.666666666666668
2024-11-06,v3_boosting,v1.0.0,"[2, 11, 18, 21, 23, 25]",26,0,0,1,1,[],0.10907371805452422,0.3773240342618245,24.333333333333332
2024-11-06,v4_ensemble,v1.0.0,"[2, 11, 18, 21, 23, 25]",26,0,0,1,2,[],0.10757270018528542,0.3705234616990872,22.0
2024-11-09,random,v1.0.0,"[9, 12, 16, 39, 47, 49]",30,0,0,2,3,[],0.10745522698875466,0.37177617994345336,28.666666666666668
2024-11-09,ema_gap,v1.0.0,"[9, 12, 16, 39, 47, 49]",30,0,0,1,1,[],0.1126324054759784,0.394432811715284,33.0
2024-11-09,logistic,v1.0.0,"[9, 12, 16, 39, 47, 49]",30,2,2,2,2,"[12, 39]",0.10660804226650318,0.36786128057472395,21.5
2024-11-09,ensemble,v1.0.0,"[9, 12, 16, 39, 47, 49]",30,1,1,1,1,[39],0.1084469452347634,0.3766702848481822,31.833333333333332
2024-11-09,v2_statistical,v1.0.0,"[9, 12, 16, 39, 47, 49]",30,0,0,1,1,[],0.11580719752193679,0.4097110104933082,34.0
2024-11-09,v3_boosting,v1.0.0,"[9, 12, 16, 39, 47, 49]",30,1,1,2,4,[39],0.10543464776575946,0.36186858256471793,18.0
2024-11-09,v4_ensemble,v1.0.0,"[9, 12, 16, 39, 47, 49]",30,1,1,1,1,[39],0.10923968244466853,0.3800114658461995,29.5
2024-11-13,random,v1.0.0,"[5, 15, 17, 29, 35, 45]",25,1,1,1,3,[5],0.10745522698875465,0.37177617994345336,24.333333333333332
2024-11-13,ema_gap,v1.0.0,"[5, 15, 17, 29, 35, 45]",25,1,1,2,2,[29],0.11049068376691741,0.3887803821089839,27.0
2024-11-13,logistic,v1.0.0,"[5, 15, 17, 29, 35, 45]",25,0,0,1,1,[],0.10810101619559168,0.37454206982592525,29.666666666666668
2024-11-13,ensemble,v1.0.0,"[5, 15, 17, 29, 35, 45]",25,1,1,1,1,[29],0.10836827858518355,0.3759850576732925,29.0
2024-11-13,v2_statistical,v1.0.0,"[5, 15, 17, 29, 35, 45]",25,1,1,1,2,[29],0.11345041295350403,0.4011466065138579,29.666666666666668
2024-11-13,v3_boosting,v1.0.0,"[5, 15, 17, 29, 35, 45]",25,1,1,1,2,[45],0.10568656413794097,0.36279704213183706,20.333333333333332
2024-11-13,v4_ensemble,v1.0.0,"[5, 15, 17, 29, 35, 45]",25,1,1,1,1,[29],0.10850436553081542,0.37644990670976336,26.5
2024-11-16,random,v1.0.0,"[7, 14, 21, 30, 32, 42]",15,0,0,1,2,[],0.10745522698875466,0.37177617994345324,24.333333333333332
2024-11-16,ema_gap,v1.0.0,"[7, 14, 21, 30, 32, 42]",15,1,1,2,2,[7],0.10596161702478697,0.3652512183776256,22.0
2024-11-16,logistic,v1.0.0,"[7, 14, 21, 30, 32, 42]",15,0,0,1,1,[],0.11175163100336417,0.3938075114098497,37.666666666666664
2024-11-16,ensemble,v1.0.0,"[7, 14, 21, 30, 32, 42]",15,0,0,1,1,[],0.1085248117397715,0.3766225073654549,31.333333333333332
2024-11-16,v2_statistical,v1.0.0,"[7, 14, 21, 30, 32, 42]",15,2,2,2,3,"[7, 42]",0.10510699870104455,0.368699069619836,24.333333333333332
2024-11-16,v3_boosting,v1.0.0,"[7, 14, 21, 30, 32, 42]",15,2,2,3,3,"[30, 32]",0.10523654824081763,0.3612162028648407,18.166666666666668
2024-11-16,v4_ensemble,v1.0.0,"[7, 14, 21, 30, 32, 42]",15,1,1,2,3,[7],0.10567496534073852,0.36403970890165427,19.166666666666668
2024-11-20,random,v1.0.0,"[12, 13, 21, 24, 46, 49]",15,0,0,1,2,[],0.10745522698875466,0.37177617994345324,27.5
2024-11-20,ema_gap,v1.0.0,"[12, 13, 21, 24, 46, 49]",15,0,0,0,1,[],0.1129465582113077,0.39779115103051466,30.833333333333332
2024-11-20,logistic,v1.0.0,"[12, 13, 21, 24, 46, 49]",15,0,0,2,2,[],0.1074834989852243,0.37141952132424555,24.0
2024-11-20,ensemble,v1.0.0,"[12, 13, 21, 24, 46, 49]",15,0,0,0,1,[],0.10874357752282435,0.37779308295628217,29.666666666666668
2024-11-20,v2_statistical,v1.0.0,"[12, 13, 21, 24, 46, 49]",15,0,0,0,1,[],0.11616617593525992,0.4114137131776062,30.833333333333332
2024-11-20,v3_boosting,v1.0.0,"[12, 13, 21, 24, 46, 49]",15,2,2,2,3,"[21, 49]",0.10437825369798136,0.35905337450088437,20.333333333333332
2024-11-20,v4_ensemble,v1.0.0,"[12, 13, 21, 24, 46, 49]",15,1,1,1,2,[21],0.10891443582006399,0.37938652010113044,27.666666666666668
2024-11-23,random,v1.0.0,"[3, 4, 6, 11, 27, 39]",1,3,3,4,4,"[3, 4, 6]",0.10745522698875466,0.3717761799434534,15.0
2024-11-23,ema_gap,v1.0.0,"[3, 4, 6, 11, 27, 39]",1,1,1,2,3,[39],0.10886864521619995,0.37833090116666496,25.0
2024-11-23,logistic,v1.0.0,"[3, 4, 6, 11, 27, 39]",1,3,3,4,4,"[3, 27, 39]",0.10568967874442804,0.3637384951532779,15.166666666666666
2024-11-23,ensemble,v1.0.0,"[3, 4, 6, 11, 27, 39]",1,2,2,3,4,"[11, 39]",0.10649812945495986,0.36732310218594577,17.166666666666668
2024-11-23,v2_statistical,v1.0.0,"[3, 4, 6, 11, 27, 39]",1,0,0,3,3,[],0.10984057685770944,0.38040557852852674,24.0
2024-11-23,v3_boosting,v1.0.0,"[3, 4, 6, 11, 27, 39]",1,1,1,2,4,[6],0.10628297660085251,0.3668051898210574,20.166666666666668
2024-11-23,v4_ensemble,v1.0.0,"[3, 4, 6, 11, 27, 39]",1,2,2,2,2,"[4, 39]",0.10684105524570406,0.368390546537898,19.833333333333332
2024-11-27,random,v1.0.0,"[2, 3, 6, 14, 34, 44]",35,3,3,3,4,"[2, 3, 6]",0.10745522698875466,0.37177617994345336,17.166666666666668
2024-11-27,ema_gap,v1.0.0,"[2, 3, 6, 14, 34, 44]",35,0,0,0,1,[],0.110690890087158,0.3834759948262269,28.0
2024-11-27,logistic,v1.0.0,"[2, 3, 6, 14, 34, 44]",35,1,1,3,3,[14],0.10771979504904397,0.3736461999336639,22.166666666666668
2024-11-27,ensemble,v1.0.0,"[2, 3, 6, 14, 34, 44]",35,0,0,1,3,[],0.10807189818864445,0.37452543375775277,26.666666666666668
2024-11-27,v2_statistical,v1.0.0,"[2, 3, 6, 14, 34, 44]",35,0,0,1,2,[],0.11357982490919932,0.3967788807418558,29.666666666666668
2024-11-27,v3_boosting,v1.0.0,"[2, 3, 6, 14, 34, 44]",35,0,0,2,2,[],0.10660787733151816,0.36512426537858,22.333333333333332
2024-11-27,v4_ensemble,v1.0.0,"[2, 3, 6, 14, 34, 44]",35,0,0,1,2,[],0.10873263326110233,0.37684473291332027,26.666666666666668
2024-11-30,random,v1.0.0,"[1, 5, 22, 25, 36, 37]",30,2,2,2,2,"[1, 5]",0.10745522698875466,0.3717761799434532,21.0
2024-11-30,ema_gap,v1.0.0,"[1, 5, 22, 25, 36, 37]",30,0,0,0,0,[],0.11500288640129731,0.40816243140401437,36.5
2024-11-30,logistic,v1.0.0,"[1, 5, 22, 25, 36, 37]",30,2,2,2,3,"[1, 22]",0.10620325292445579,0.3661210788242944,20.0
2024-11-30,ensemble,v1.0.0,"[1, 5, 22, 25, 36, 37]",30,0,0,0,0,[],0.10908898548605804,0.37935249368449075,34.166666666666664
2024-11-30,v2_statistical,v1.0.0,"[1, 5, 22, 25, 36, 37]",30,0,0,0,0,[],0.11784453825815523,0.4248455473042642,37.833333333333336
2024-11-30,v3_boosting,v1.0.0,"[1, 5, 22, 25, 36, 37]",30,1,1,2,3,[5],0.10841671559491933,0.37855149446797537,25.333333333333332
2024-11-30,v4_ensemble,v1.0.0,"[1, 5, 22, 25, 36, 37]",30,0,0,0,1,[],0.11119663050468075,0.3897513886263812,33.833333333333336
2024-12-04,random,v1.0.0,"[19, 23, 37, 39, 41, 49]",29,0,0,0,0,[],0.10745522698875466,0.37177617994345313,34.666666666666664
2024-12-04,ema_gap,v1.0.0,"[19, 23, 37, 39, 41, 49]",29,1,1,1,3,[39],0.10646416259762366,0.366508009788169,21.0
2024-12-04,logistic,v1.0.0,"[19, 23, 37, 39, 41, 49]",29,0,0,1,2,[],0.10786637540309,0.37283002651559105,24.166666666666668
2024-12-04,ensemble,v1.0.0,"[19, 23, 37, 39, 41, 49]",29,1,1,3,3,[39],0.10701890690216055,0.3698680219002885,21.833333333333332
2024-12-04,v2_statistical,v1.0.0,"[19, 23, 37, 39, 41, 49]",29,1,1,2,2,[39],0.10906665071839859,0.37548562009093017,21.833333333333332
2024-12-04,v3_boosting,v1.0.0,"[19, 23, 37, 39, 41, 49]",29,0,0,1,1,[],0.10962425812899151,0.3807876893865492,28.333333333333332
2024-12-04,v4_ensemble,v1.0.0,"[19, 23, 37, 39, 41, 49]",29,1,1,1,1,[39],0.10791295967496731,0.3734124489175955,25.833333333333332
2024-12-07,random,v1.0.0,"[9, 22, 33, 41, 42, 45]",12,0,0,1,1,[],0.10745522698875466,0.3717761799434531,32.0
2024-12-07,ema_gap,v1.0.0,"[9, 22, 33, 41, 42, 45]",12,1,1,1,2,[42],0.11123449186740246,0.3908955604044076,31.333333333333332
2024-12-07,logistic,v1.0.0,"[9, 22, 33, 41, 42, 45]",12,0,0,3,4,[],0.1060841814766152,0.3651677266210633,16.666666666666668
2024-12-07,ensemble,v1.0.0,"[9, 22, 33, 41, 42, 45]",12,1,1,2,3,[42],0.10768698169661862,0.37294811264087446,25.333333333333332
2024-12-07,v2_statistical,v1.0.0,"[9, 22, 33, 41, 42, 45]",12,0,0,1,2,[],0.11169266793118873,0.38901835753912073,27.333333333333332
2024-12-07,v3_boosting,v1.0.0,"[9, 22, 33, 41, 42, 45]",12,1,1,1,1,[42],0.10949260988004021,0.38271599385476235,31.333333333333332
2024-12-07,v4_ensemble,v1.0.0,"[9, 22, 33, 41, 42, 45]",12,1,1,1,1,[42],0.10917064208767345,0.3802646072379392,31.333333333333332
2024-12-11,random,v1.0.0,"[26, 35, 39, 40, 41, 46]",3,0,0,0,0,[],0.10745522698875466,0.3717761799434531,37.833333333333336
2024-12-11,ema_gap,v1.0.0,"[26, 35, 39, 40, 41, 46]",3,2,2,2,2,"[39, 41]",0.10481977305864217,0.36050470295275977,19.833333333333332
2024-12-11,logistic,v1.0.0,"[26, 35, 39, 40, 41, 46]",3,0,0,2,3,[],0.10692720074455067,0.36899836517479156,21.0
2024-12-11,ensemble,v1.0.0,"[26, 35, 39, 40, 41, 46]",3,1,1,1,3,[39],0.10601227211652291,0.3650799426814383,17.5
2024-12-11,v2_statistical,v1.0.0,"[26, 35, 39, 40, 41, 46]",3,1,1,1,4,[39],0.10659809265729583,0.36262706264807765,17.666666666666668
2024-12-11,v3_boosting,v1.0.0,"[26, 35, 39, 40, 41, 46]",3,0,0,1,1,[],0.10886590832437142,0.3766264241725501,26.0
2024-12-11,v4_ensemble,v1.0.0,"[26, 35, 39, 40, 41, 46]",3,1,1,2,3,[39],0.1064394392227003,0.3665081163949471,19.166666666666668
2024-12-14,random,v1.0.0,"[3, 4, 13, 16, 27, 43]",38,2,2,2,4,"[3, 4]",0.10745522698875465,0.37177617994345336,17.666666666666668
2024-12-14,ema_gap,v1.0.0,"[3, 4, 13, 16, 27, 43]",38,0,0,0,1,[],0.11189292991373831,0.39002659165023656,30.833333333333332
2024-12-14,logistic,v1.0.0,"[3, 4, 13, 16, 27, 43]",38,1,1,2,5,[27],0.10610025781832264,0.36555572778275697,16.833333333333332
2024-12-14,ensemble,v1.0.0,"[3, 4, 13, 16, 27, 43]",38,0,0,1,2,[],0.10784741501509451,0.3734103726953752,27.5
2024-12-14,v2_statistical,v1.0.0,"[3, 4, 13, 16, 27, 43]",38,0,0,1,2,[],0.11311171675369572,0.39732479430411277,30.333333333333332
2024-12-14,v3_boosting,v1.0.0,"[3, 4, 13, 16, 27, 43]",38,0,0,0,1,[],0.10904300054133913,0.37759202699322175,26.833333333333332
2024-12-14,v4_ensemble,v1.0.0,"[3, 4, 13, 16, 27, 43]",38,0,0,2,2,[],0.10941231504771426,0.380656576818384,29.833333333333332
2024-12-18,random,v1.0.0,"[7, 9, 17, 39, 41, 45]",47,0,0,2,3,[],0.10745522698875466,0.37177617994345336,26.333333333333332
2024-12-18,ema_gap,v1.0.0,"[7, 9, 17, 39, 41, 45]",47,3,3,3,4,"[7, 39, 41]",0.10117963302975343,0.34847168354126795,17.666666666666668
2024-12-18,logistic,v1.0.0,"[7, 9, 17, 39, 41, 45]",47,0,0,1,1,[],0.10828432867603151,0.3751891558883747,26.333333333333332
2024-12-18,ensemble,v1.0.0,"[7, 9, 17, 39, 41, 45]",47,2,2,3,4,"[39, 41]",0.10593983262649202,0.3650088717016876,17.333333333333332
2024-12-18,v2_statistical,v1.0.0,"[7, 9, 17, 39, 41, 45]",47,3,3,3,3,"[7, 39, 41]",0.0972072777723681,0.336189851182318,17.0
2024-12-18,v3_boosting,v1.0.0,"[7, 9, 17, 39, 41, 45]",47,0,0,1,2,[],0.11132097925343128,0.39213741311300043,30.0
2024-12-18,v4_ensemble,v1.0.0,"[7, 9, 17, 39, 41, 45]",47,3,3,3,4,"[7, 39, 41]",0.10412077877447531,0.35737525868410047,16.333333333333332
2024-12-21,random,v1.0.0,"[6, 9, 21, 24, 41, 48]",31,1,1,2,2,[6],0.10745522698875465,0.37177617994345324,24.833333333333332
2024-12-21,ema_gap,v1.0.0,"[6, 9, 21, 24, 41, 48]",31,1,1,1,1,[41],0.10932834269594392,0.38267531343061206,28.666666666666668
2024-12-21,logistic,v1.0.0,"[6, 9, 21, 24, 41, 48]",31,1,1,2,3,[48],0.10905895030937415,0.3802998607190503,28.5
2024-12-21,ensemble,v1.0.0,"[6, 9, 21, 24, 41, 48]",31,0,0,1,2,[],0.10875006868623396,0.3777964716028308,32.0
2024-12-21,v2_statistical,v1.0.0,"[6, 9, 21, 24, 41, 48]",31,1,1,1,1,[41],0.11362009086437871,0.4031226860722186,29.5
2024-12-21,v3_boosting,v1.0.0,"[6, 9, 21, 24, 41, 48]",31,0,0,1,2,[],0.10884930369248118,0.3762097909073201,24.333333333333332
2024-12-21,v4_ensemble,v1.0.0,"[6, 9, 21, 24, 41, 48]",31,1,1,1,1,[41],0.1094525301294423,0.38057186086494754,31.333333333333332
2024-12-25,random,v1.0.0,"[5, 6, 14, 16, 18, 44]",19,2,2,2,5,"[5, 6]",0.10745522698875466,0.37177617994345336,17.166666666666668
2024-12-25,ema_gap,v1.0.0,"[5, 6, 14, 16, 18, 44]",19,0,0,1,2,[],0.10965055941782266,0.37813682936615717,24.666666666666668
2024-12-25,logistic,v1.0.0,"[5, 6, 14, 16, 18, 44]",19,1,1,3,4,[18],0.10664706276280528,0.3681460531837958,19.833333333333332
2024-12-25,ensemble,v1.0.0,"[5, 6, 14, 16, 18, 44]",19,1,1,2,3,[18],0.1076094652160476,0.3721882922115056,23.833333333333332
2024-12-25,v2_statistical,v1.0.0,"[5, 6, 14, 16, 18, 44]",19,0,0,0,1,[],0.11772433582024883,0.41393225642599696,34.666666666666664
2024-12-25,v3_boosting,v1.0.0,"[5, 6, 14, 16, 18, 44]",19,3,3,3,4,"[6, 14, 16]",0.10439964936532777,0.3559250435772471,12.5
2024-12-25,v4_ensemble,v1.0.0,"[5, 6, 14, 16, 18, 44]",19,0,0,1,2,[],0.10864929451834643,0.3760619833918341,25.5
2024-12-28,random,v1.0.0,"[8, 16, 18, 23, 34, 36]",12,0,0,1,3,[],0.10745522698875466,0.37177617994345336,22.5
2024-12-28,ema_gap,v1.0.0,"[8, 16, 18, 23, 34, 36]",12,1,1,2,3,[18],0.10778454930219765,0.3713043455602614,22.166666666666668
2024-12-28,logistic,v1.0.0,"[8, 16, 18, 23, 34, 36]",12,0,0,0,0,[],0.10876173353141252,0.3772132768789561,30.666666666666668
2024-12-28,ensemble,v1.0.0,"[8, 16, 18, 23, 34, 36]",12,1,1,1,3,[18],0.10736025521287923,0.37107588616919934,22.5
2024-12-28,v2_statistical,v1.0.0,"[8, 16, 18, 23, 34, 36]",12,1,1,3,3,[18],0.10692995908022447,0.3641800415847541,18.666666666666668
2024-12-28,v3_boosting,v1.0.0,"[8, 16, 18, 23, 34, 36]",12,2,2,3,3,"[23, 36]",0.10818217228381323,0.37683803757291956,24.0
2024-12-28,v4_ensemble,v1.0.0,"[8, 16, 18, 23, 34, 36]",12,1,1,3,4,[23],0.10717529784475197,0.37002825694929986,19.5
2025-01-01,random,v1.0.0,"[2, 10, 13, 26, 35, 46]",8,1,1,2,3,[2],0.10745522698875466,0.37177617994345336,22.0
2025-01-01,ema_gap,v1.0.0,"[2, 10, 13, 26, 35, 46]",8,0,0,0,0,[],0.11152434584327989,0.3879657392676653,29.0
2025-01-01,logistic,v1.0.0,"[2, 10, 13, 26, 35, 46]",8,1,1,1,3,[35],0.10728008245766842,0.3708636336938817,21.833333333333332
2025-01-01,ensemble,v1.0.0,"[2, 10, 13, 26, 35, 46]",8,0,0,1,3,[],0.10827276843173621,0.37542111596628186,26.0
2025-01-01,v2_statistical,v1.0.0,"[2, 10, 13, 26, 35, 46]",8,0,0,1,1,[],0.11470005977882859,0.3998751374295293,29.833333333333332
2025-01-01,v3_boosting,v1.0.0,"[2, 10, 13, 26, 35, 46]",8,0,0,1,3,[],0.10927625199807754,0.3780862125179993,24.666666666666668
2025-01-01,v4_ensemble,v1.0.0,"[2, 10, 13, 26, 35, 46]",8,0,0,1,2,[],0.10998794884387253,0.3827724738544191,29.5
2025-01-04,random,v1.0.0,"[2, 5, 9, 19, 24, 44]",10,2,2,3,3,"[2, 5]",0.10745522698875465,0.37177617994345336,17.166666666666668
2025-01-04,ema_gap,v1.0.0,"[2, 5, 9, 19, 24, 44]",10,0,0,0,1,[],0.1120557852920484,0.39144639982522134,31.0
2025-01-04,logistic,v1.0.0,"[2, 5, 9, 19, 24, 44]",10,0,0,0,2,[],0.10946895962823414,0.3813867633712812,31.166666666666668
2025-01-04,ensemble,v1.0.0,"[2, 5, 9, 19, 24, 44]",10,0,0,0,1,[],0.10985412156266901,0.38304418929000733,37.666666666666664
2025-01-04,v2_statistical,v1.0.0,"[2, 5, 9, 19, 24, 44]",10,0,0,0,1,[],0.11578656089221068,0.41148898298823433,33.5
2025-01-04,v3_boosting,v1.0.0,"[2, 5, 9, 19, 24, 44]",10,1,1,1,2,[19],0.10690644763591611,0.3674849417393687,20.833333333333332
2025-01-04,v4_ensemble,v1.0.0,"[2, 5, 9, 19, 24, 44]",10,0,0,0,0,[],0.11016095913932573,0.3836148966161443,33.833333333333336
2025-01-08,random,v1.0.0,"[9, 10, 12, 22, 32, 34]",47,0,0,3,3,[],0.10745522698875465,0.37177617994345336,19.833333333333332
2025-01-08,ema_gap,v1.0.0,"[9, 10, 12, 22, 32, 34]",47,0,0,1,2,[],0.11183885287549006,0.39086237938729856,31.333333333333332
2025-01-08,logistic,v1.0.0,"[9, 10, 12, 22, 32, 34]",47,0,0,1,1,[],0.10921009089965295,0.38017800407056374,34.833333333333336
2025-01-08,ensemble,v1.0.0,"[9, 10, 12, 22, 32, 34]",47,0,0,0,0,[],0.10927800246760715,0.38015707448452024,35.166666666666664
2025-01-08,v2_statistical,v1.0.0,"[9, 10, 12, 22, 32, 34]",47,1,1,2,2,[34],0.10990719266223063,0.38973395686870776,28.166666666666668
2025-01-08,v3_boosting,v1.0.0,"[9, 10, 12, 22, 32, 34]",47,1,1,1,2,[12],0.10967042558991515,0.3812002178698343,28.5
2025-01-08,v4_ensemble,v1.0.0,"[9, 10, 12, 22, 32, 34]",47,1,1,2,2,[34],0.10914777382130923,0.3802756424600065,30.333333333333332
2025-01-11,random,v1.0.0,"[3, 9, 18, 25, 43, 45]",31,1,1,2,3,[3],0.10745522698875466,0.37177617994345336,23.833333333333332
2025-01-11,ema_gap,v1.0.0,"[3, 9, 18, 25, 43, 45]",31,2,2,2,2,"[9, 18]",0.1067815888784996,0.36919487189550826,24.5
2025-01-11,logistic,v1.0.0,"[3, 9, 18, 25, 43, 45]",31,0,0,1,2,[],0.10844205134381169,0.3764870747601529,26.333333333333332
2025-01-11,ensemble,v1.0.0,"[3, 9, 18, 25, 43, 45]",31,1,1,1,2,[18],0.10753818996017019,0.3720062400859954,24.5
2025-01-11,v2_statistical,v1.0.0,"[3, 9, 18, 25, 43, 45]",31,1,1,2,2,[18],0.10830226304334833,0.3716774163028824,22.0
2025-01-11,v3_boosting,v1.0.0,"[3, 9, 18, 25, 43, 45]",31,1,1,1,1,[25],0.11112420112284085,0.3881835243576508,32.166666666666664
2025-01-11,v4_ensemble,v1.0.0,"[3, 9, 18, 25, 43, 45]",31,0,0,1,3,[],0.10807152350566819,0.3742078114904963,26.166666666666668
2025-01-15,random,v1.0.0,"[4, 17, 21, 32, 33, 49]",28,1,1,1,2,[4],0.10745522698875466,0.37177617994345324,26.0
2025-01-15,ema_gap,v1.0.0,"[4, 17, 21, 32, 33, 49]",28,0,0,0,1,[],0.10987395803748684,0.3791839957580343,26.833333333333332
2025-01-15,logistic,v1.0.0,"[4, 17, 21, 32, 33, 49]",28,0,0,0,2,[],0.1084605467565122,0.37587362503518523,28.333333333333332
2025-01-15,ensemble,v1.0.0,"[4, 17, 21, 32, 33, 49]",28,0,0,0,1,[],0.10815768030520165,0.3744886766263363,29.5
2025-01-15,v2_statistical,v1.0.0,"[4, 17, 21, 32, 33, 49]",28,0,0,1,2,[],0.11377853146190829,0.3927579977344154,26.666666666666668
2025-01-15,v3_boosting,v1.0.0,"[4, 17, 21, 32, 33, 49]",28,1,1,2,2,[21],0.10722892539693094,0.3707625423595637,23.166666666666668
2025-01-15,v4_ensemble,v1.0.0,"[4, 17, 21, 32, 33, 49]",28,1,1,2,2,[17],0.10887349199213628,0.37787758919455117,28.0
2025-01-18,random,v1.0.0,"[8, 13, 16, 18, 31, 43]",1,0,0,1,4,[],0.10745522698875466,0.37177617994345336,21.5
2025-01-18,ema_gap,v1.0.0,"[8, 13, 16, 18, 31, 43]",1,1,1,2,2,[18],0.10839636902522198,0.38035777660626374,26.0
2025-01-18,logistic,v1.0.0,"[8, 13, 16, 18, 31, 43]",1,2,2,2,2,"[8, 43]",0.10856456977997357,0.3772475799451814,30.666666666666668
2025-01-18,ensemble,v1.0.0,"[8, 13, 16, 18, 31, 43]",1,1,1,1,2,[18],0.10822189620948129,0.37582940248569296,28.666666666666668
2025-01-18,v2_statistical,v1.0.0,"[8, 13, 16, 18, 31, 43]",1,1,1,1,1,[18],0.1114495020134884,0.3897105089626133,29.166666666666668
2025-01-18,v3_boosting,v1.0.0,"[8, 13, 16, 18, 31, 43]",1,0,0,1,1,[],0.11202443085170424,0.39317040344000426,33.0
2025-01-18,v4_ensemble,v1.0.0,"[8, 13, 16, 18, 31, 43]",1,1,1,1,2,[18],0.10982115905884691,0.38337529930807546,30.333333333333332
2025-01-22,random,v1.0.0,"[22, 24, 28, 32, 41, 42]",25,0,0,0,0,[],0.10745522698875466,0.3717761799434532,31.5
2025-01-22,ema_gap,v1.0.0,"[22, 24, 28, 32, 41, 42]",25,1,1,1,2,[41],0.10890627436827093,0.37803773917101224,26.833333333333332
2025-01-22,logistic,v1.0.0,"[22, 24, 28, 32, 41, 42]",25,0,0,3,4,[],0.1064569584722964,0.3668074611842736,17.666666666666668
2025-01-22,ensemble,v1.0.0,"[22, 24, 28, 32, 41, 42]",25,1,1,2,3,[41],0.10702695568562219,0.3698248178948318,22.666666666666668
2025-01-22,v2_statistical,v1.0.0,"[22, 24, 28, 32, 41, 42]",25,1,1,1,2,[41],0.10941966587350478,0.38545615160158986,27.666666666666668
2025-01-22,v3_boosting,v1.0.0,"[22, 24, 28, 32, 41, 42]",25,0,0,2,3,[],0.10779079885586686,0.37193003742696756,23.166666666666668
2025-01-22,v4_ensemble,v1.0.0,"[22, 24, 28, 32, 41, 42]",25,1,1,1,3,[41],0.10760718916137313,0.3729548064355323,27.166666666666668
2025-01-25,random,v1.0.0,"[1, 14, 19, 27, 32, 40]",37,1,1,1,2,[1],0.10745522698875465,0.37177617994345324,22.166666666666668
2025-01-25,ema_gap,v1.0.0,"[1, 14, 19, 27, 32, 40]",37,0,0,1,1,[],0.11344599774891019,0.4001862922409484,34.333333333333336
2025-01-25,logistic,v1.0.0,"[1, 14, 19, 27, 32, 40]",37,2,2,3,4,"[1, 27]",0.10471814670432147,0.35900294627599194,13.833333333333334
2025-01-25,ensemble,v1.0.0,"[1, 14, 19, 27, 32, 40]",37,0,0,1,3,[],0.10761275885084506,0.37219953651801607,24.0
2025-01-25,v2_statistical,v1.0.0,"[1, 14, 19, 27, 32, 40]",37,0,0,0,1,[],0.11656421981978314,0.41752271974615923,33.5
2025-01-25,v3_boosting,v1.0.0,"[1, 14, 19, 27, 32, 40]",37,1,1,2,3,[14],0.10708386670055726,0.37129496239013204,21.5
2025-01-25,v4_ensemble,v1.0.0,"[1, 14, 19, 27, 32, 40]",37,0,0,1,2,[],0.10971955102807578,0.3825089811382618,24.833333333333332
2025-01-29,random,v1.0.0,"[3, 7, 15, 20, 31, 39]",2,1,1,2,3,[3],0.10745522698875465,0.37177617994345336,19.166666666666668
2025-01-29,ema_gap,v1.0.0,"[3, 7, 15, 20, 31, 39]",2,1,1,2,3,[39],0.11011472074348967,0.38585398167616874,26.833333333333332
2025-01-29,logistic,v1.0.0,"[3, 7, 15, 20, 31, 39]",2,0,0,1,1,[],0.11139225641124395,0.39110801115619587,37.166666666666664
2025-01-29,ensemble,v1.0.0,"[3, 7, 15, 20, 31, 39]",2,0,0,1,1,[],0.10930205478091584,0.38066503762989573,33.166666666666664
2025-01-29,v2_statistical,v1.0.0,"[3, 7, 15, 20, 31, 39]",2,2,2,3,3,"[7, 39]",0.10656170851418963,0.372262844551679,22.666666666666668
2025-01-29,v3_boosting,v1.0.0,"[3, 7, 15, 20, 31, 39]",2,1,1,1,3,[31],0.10855162821412125,0.3767604148258255,26.0
2025-01-29,v4_ensemble,v1.0.0,"[3, 7, 15, 20, 31, 39]",2,2,2,2,2,"[7, 39]",0.10801798933588383,0.37575612993387514,24.666666666666668
2025-02-01,random,v1.0.0,"[2, 28, 29, 30, 36, 49]",35,1,1,1,1,[2],0.10745522698875466,0.37177617994345313,29.0
2025-02-01,ema_gap,v1.0.0,"[2, 28, 29, 30, 36, 49]",35,0,0,0,2,[],0.11241260751476514,0.3932804582484783,30.0
2025-02-01,logistic,v1.0.0,"[2, 28, 29, 30, 36, 49]",35,0,0,2,3,[],0.10643585182204665,0.3666161682092006,19.666666666666668
2025-02-01,ensemble,v1.0.0,"[2, 28, 29, 30, 36, 49]",35,0,0,0,1,[],0.10782222485546789,0.373260795308316,25.166666666666668
2025-02-01,v2_statistical,v1.0.0,"[2, 28, 29, 30, 36, 49]",35,0,0,0,1,[],0.11564906273705261,0.4067344987854187,32.666666666666664
2025-02-01,v3_boosting,v1.0.0,"[2, 28, 29, 30, 36, 49]",35,1,1,1,3,[36],0.1087388221832102,0.37681402421315774,24.666666666666668
2025-02-01,v4_ensemble,v1.0.0,"[2, 28, 29, 30, 36, 49]",35,0,0,0,1,[],0.1102076939912107,0.3838953378922137,32.166666666666664
2025-02-05,random,v1.0.0,"[4, 13, 20, 32, 37, 46]",33,1,1,1,2,[4],0.10745522698875466,0.37177617994345324,25.333333333333332
2025-02-05,ema_gap,v1.0.0,"[4, 13, 20, 32, 37, 46]",33,1,1,1,2,[32],0.10844323804625482,0.3734342987064172,22.5
2025-02-05,logistic,v1.0.0,"[4, 13, 20, 32, 37, 46]",33,0,0,1,2,[],0.10754927620305152,0.3718048411238788,24.333333333333332
2025-02-05,ensemble,v1.0.0,"[4, 13, 20, 32, 37, 46]",33,0,0,1,3,[],0.10744990581751031,0.37130395427175195,22.5
2025-02-05,v2_statistical,v1.0.0,"[4, 13, 20, 32, 37, 46]",33,0,0,1,3,[],0.10831776413962149,0.3711018305663163,21.666666666666668
2025-02-05,v3_boosting,v1.0.0,"[4, 13, 20, 32, 37, 46]",33,0,0,0,2,[],0.10784112017373296,0.371021987924509,21.5
2025-02-05,v4_ensemble,v1.0.0,"[4, 13, 20, 32, 37, 46]",33,0,0,1,3,[],0.1073491974510344,0.3701735170097431,21.5
2025-02-08,random,v1.0.0,"[7, 17, 22, 26, 27, 32]",46,0,0,1,2,[],0.10745522698875463,0.37177617994345324,21.833333333333332
2025-02-08,ema_gap,v1.0.0,"[7, 17, 22, 26, 27, 32]",46,2,2,2,2,"[7, 32]",0.10499515261444127,0.35956840164592796,18.666666666666668
2025-02-08,logistic,v1.0.0,"[7, 17, 22, 26, 27, 32]",46,0,0,1,2,[],0.10910731283512357,0.37943416108757305,31.333333333333332
2025-02-08,ensemble,v1.0.0,"[7, 17, 22, 26, 27, 32]",46,1,1,3,4,[32],0.10697543830507059,0.36943153309410093,19.666666666666668
2025-02-08,v2_statistical,v1.0.0,"[7, 17, 22, 26, 27, 32]",46,2,2,2,3,"[7, 32]",0.1050727532084931,0.3586375584601533,18.166666666666668
2025-02-08,v3_boosting,v1.0.0,"[7, 17, 22, 26, 27, 32]",46,1,1,1,2,[26],0.10761302811271545,0.3706781907120641,20.666666666666668
2025-02-08,v4_ensemble,v1.0.0,"[7, 17, 22, 26, 27, 32]",46,1,1,3,4,[7],0.10587770307180037,0.36433990857403015,18.166666666666668
2025-02-12,random,v1.0.0,"[19, 24, 39, 40, 42, 45]",41,0,0,0,0,[],0.10745522698875466,0.37177617994345313,34.833333333333336
2025-02-12,ema_gap,v1.0.0,"[19, 24, 39, 40, 42, 45]",41,1,1,2,2,[39],0.10920817802986194,0.3799828656428481,27.833333333333332
2025-02-12,logistic,v1.0.0,"[19, 24, 39, 40, 42, 45]",41,1,1,2,5,[45],0.10615555444342485,0.3654186709641991,17.5
2025-02-12,ensemble,v1.0.0,"[19, 24, 39, 40, 42, 45]",41,1,1,2,2,[39],0.10689116160028014,0.36896218604413894,22.833333333333332
2025-02-12,v2_statistical,v1.0.0,"[19, 24, 39, 40, 42, 45]",41,1,1,2,3,[39],0.10971928323932437,0.3825635315739438,25.0
2025-02-12,v3_boosting,v1.0.0,"[19, 24, 39, 40, 42, 45]",41,0,0,1,1,[],0.1104443475760154,0.38412450365042256,29.0
2025-02-12,v4_ensemble,v1.0.0,"[19, 24, 39, 40, 42, 45]",41,1,1,2,2,[42],0.10844114296930862,0.3762501446409108,27.0
2025-02-15,random,v1.0.0,"[8, 10, 31, 37, 43, 49]",34,0,0,2,2,[],0.10745522698875466,0.3717761799434531,29.666666666666668
2025-02-15,ema_gap,v1.0.0,"[8, 10, 31, 37, 43, 49]",34,0,0,1,1,[],0.11215741994709467,0.3912629098505451,31.5
2025-02-15,logistic,v1.0.0,"[8, 10, 31, 37, 43, 49]",34,0,0,1,1,[],0.10832736640656433,0.37541103110090834,31.333333333333332
2025-02-15,ensemble,v1.0.0,"[8, 10, 31, 37, 43, 49]",34,0,0,0,0,[],0.10895435339565972,0.378614617493617,33.333333333333336
2025-02-15,v2_statistical,v1.0.0,"[8, 10, 31, 37, 43, 49]",34,0,0,0,1,[],0.11272738046924324,0.3897688534858129,27.666666666666668
2025-02-15,v3_boosting,v1.0.0,"[8, 10, 31, 37, 43, 49]",34,0,0,2,2,[],0.10665924656828714,0.3661065502120823,20.333333333333332
2025-02-15,v4_ensemble,v1.0.0,"[8, 10, 31, 37, 43, 49]",34,0,0,1,1,[],0.10894775363493449,0.37736401342343484,27.166666666666668
2025-02-19,random,v1.0.0,"[9, 10, 11, 24, 31, 37]",44,0,0,3,3,[],0.10745522698875463,0.37177617994345336,20.333333333333332
2025-02-19,ema_gap,v1.0.0,"[9, 10, 11, 24, 31, 37]",44,0,0,2,2,[],0.10993699549410019,0.38052467239964377,26.666666666666668
2025-02-19,logistic,v1.0.0,"[9, 10, 11, 24, 31, 37]",44,1,1,2,2,[9],0.10982856845535374,0.38514525302852176,29.5
2025-02-19,ensemble,v1.0.0,"[9, 10, 11, 24, 31, 37]",44,1,1,1,1,[9],0.10933029169920179,0.3808318063957539,33.5
2025-02-19,v2_statistical,v1.0.0,"[9, 10, 11, 24, 31, 37]",44,0,0,0,1,[],0.11185346145278487,0.3869826205306552,26.666666666666668
2025-02-19,v3_boosting,v1.0.0,"[9, 10, 11, 24, 31, 37]",44,0,0,0,1,[],0.11274206052818259,0.39937000079496837,34.333333333333336
2025-02-19,v4_ensemble,v1.0.0,"[9, 10, 11, 24, 31, 37]",44,0,0,1,1,[],0.11081700259285308,0.3873673133276163,34.166666666666664
2025-02-22,random,v1.0.0,"[7, 13, 29, 39, 47, 48]",26,0,0,1,2,[],0.10745522698875466,0.37177617994345313,30.5
2025-02-22,ema_gap,v1.0.0,"[7, 13, 29, 39, 47, 48]",26,2,2,2,3,"[7, 39]",0.10694933668499372,0.3763304886771724,23.833333333333332
2025-02-22,logistic,v1.0.0,"[7, 13, 29, 39, 47, 48]",26,1,1,2,2,[29],0.10856182821700955,0.37736993630867915,28.5
2025-02-22,ensemble,v1.0.0,"[7, 13, 29, 39, 47, 48]",26,2,2,2,3,"[29, 39]",0.10747292096585527,0.3725633986857463,24.833333333333332
2025-02-22,v2_statistical,v1.0.0,"[7, 13, 29, 39, 47, 48]",26,2,2,2,2,"[7, 39]",0.10685599237086474,0.381319532297951,26.833333333333332
2025-02-22,v3_boosting,v1.0.0,"[7, 13, 29, 39, 47, 48]",26,1,1,1,3,[7],0.10884931219037679,0.3783857612979515,25.5
2025-02-22,v4_ensemble,v1.0.0,"[7, 13, 29, 39, 47, 48]",26,2,2,2,3,"[7, 39]",0.10726350759477342,0.37476944226159387,26.333333333333332
2025-02-26,random,v1.0.0,"[7, 19, 20, 26, 31, 35]",40,0,0,1,1,[],0.10745522698875466,0.37177617994345324,23.0
2025-02-26,ema_gap,v1.0.0,"[7, 19, 20, 26, 31, 35]",40,1,1,1,1,[7],0.10674117760878718,0.3679223163554006,23.666666666666668
2025-02-26,logistic,v1.0.0,"[7, 19, 20, 26, 31, 35]",40,1,1,1,3,[20],0.1062022606679583,0.36559497562246834,18.666666666666668
2025-02-26,ensemble,v1.0.0,"[7, 19, 20, 26, 31, 35]",40,1,1,2,3,[7],0.10647120877634145,0.36718564585977526,19.333333333333332
2025-02-26,v2_statistical,v1.0.0,"[7, 19, 20, 26, 31, 35]",40,1,1,1,2,[7],0.10526635908570581,0.3627068881033712,21.5
2025-02-26,v3_boosting,v1.0.0,"[7, 19, 20, 26, 31, 35]",40,1,1,1,1,[31],0.10865952591340906,0.3766857734884548,27.166666666666668
2025-02-26,v4_ensemble,v1.0.0,"[7, 19, 20, 26, 31, 35]",40,2,2,2,3,"[7, 31]",0.10609617684407754,0.3657209518945497,20.666666666666668
2025-03-01,random,v1.0.0,"[15, 19, 25, 33, 40, 42]",13,0,0,0,1,[],0.10745522698875466,0.3717761799434532,29.0
2025-03-01,ema_gap,v1.0.0,"[15, 19, 25, 33, 40, 42]",13,0,0,1,2,[],0.11111935115158246,0.3868982402020906,29.666666666666668
2025-03-01,logistic,v1.0.0,"[15, 19, 25, 33, 40, 42]",13,1,1,2,3,[33],0.1065728913979137,0.36740578363756615,20.833333333333332
2025-03-01,ensemble,v1.0.0,"[15, 19, 25, 33, 40, 42]",13,0,0,1,2,[],0.10780897572238479,0.3732048245278727,27.166666666666668
2025-03-01,v2_statistical,v1.0.0,"[15, 19, 25, 33, 40, 42]",13,0,0,0,1,[],0.1153254790760341,0.4064439358846854,31.666666666666668
2025-03-01,v3_boosting,v1.0.0,"[15, 19, 25, 33, 40, 42]",13,0,0,2,4,[],0.10758608678454815,0.37088308487081223,21.166666666666668
2025-03-01,v4_ensemble,v1.0.0,"[15, 19, 25, 33, 40, 42]",13,0,0,1,2,[],0.10943106269915645,0.3799085138522613,29.0
2025-03-05,random,v1.0.0,"[9, 11, 26, 36, 37, 42]",24,0,0,2,2,[],0.10745522698875466,0.3717761799434532,26.833333333333332
2025-03-05,ema_gap,v1.0.0,"[9, 11, 26, 36, 37, 42]",24,2,2,4,4,"[9, 42]",0.10432149893838286,0.3558391627702366,15.666666666666666
2025-03-05,logistic,v1.0.0,"[9, 11, 26, 36, 37, 42]",24,1,1,1,2,[9],0.10860304274288525,0.3778202584708477,30.833333333333332
2025-03-05,ensemble,v1.0.0,"[9, 11, 26, 36, 37, 42]",24,1,1,2,3,[9],0.10674876500818656,0.3684115791054217,21.666666666666668
2025-03-05,v2_statistical,v1.0.0,"[9, 11, 26, 36, 37, 42]",24,2,2,2,3,"[9, 42]",0.10702800743316694,0.36429795334961124,18.666666666666668
2025-03-05,v3_boosting,v1.0.0,"[9, 11, 26, 36, 37, 42]",24,1,1,2,2,[9],0.10986548059978758,0.38207027521759185,27.666666666666668
2025-03-05,v4_ensemble,v1.0.0,"[9, 11, 26, 36, 37, 42]",24,1,1,2,3,[9],0.1072066095117806,0.370025195943599,22.166666666666668
2025-03-08,random,v1.0.0,"[2, 3, 13, 27, 36, 48]",15,2,2,2,3,"[2, 3]",0.10745522698875466,0.37177617994345336,21.5
2025-03-08,ema_gap,v1.0.0,"[2, 3, 13, 27, 36, 48]",15,0,0,1,1,[],0.10984515669571518,0.37905782636437174,25.333333333333332
2025-03-08,logistic,v1.0.0,"[2, 3, 13, 27, 36, 48]",15,0,0,0,2,[],0.1081580487750618,0.37495943702585666,25.5
2025-03-08,ensemble,v1.0.0,"[2, 3, 13, 27, 36, 48]",15,0,0,0,2,[],0.10796215848787928,0.3739375411083091,27.666666666666668
2025-03-08,v2_statistical,v1.0.0,"[2, 3, 13, 27, 36, 48]",15,0,0,1,1,[],0.11190640125602014,0.38623322592569254,26.333333333333332
2025-03-08,v3_boosting,v1.0.0,"[2, 3, 13, 27, 36, 48]",15,1,1,2,2,[48],0.10866399753238938,0.3757155610363209,23.5
2025-03-08,v4_ensemble,v1.0.0,"[2, 3, 13, 27, 36, 48]",15,1,1,1,1,[27],0.10861014430631577,0.37665001665427766,26.5
2025-03-12,random,v1.0.0,"[13, 15, 16, 22, 23, 46]",2,0,0,0,3,[],0.10745522698875465,0.37177617994345336,22.5
2025-03-12,ema_gap,v1.0.0,"[13, 15, 16, 22, 23, 46]",2,1,1,1,1,[13],0.11034008615261992,0.3828810174693804,29.5
2025-03-12,logistic,v1.0.0,"[13, 15, 16, 22, 23, 46]",2,0,0,0,2,[],0.1086952064699568,0.3772750572210067,29.166666666666668
2025-03-12,ensemble,v1.0.0,"[13, 15, 16, 22, 23, 46]",2,0,0,0,1,[],0.10862753544022799,0.37693234439251816,32.333333333333336
2025-03-12,v2_statistical,v1.0.0,"[13, 15, 16, 22, 23, 46]",2,0,0,0,1,[],0.11250425983379153,0.38833976397780895,27.833333333333332
2025-03-12,v3_boosting,v1.0.0,"[13, 15, 16, 22, 23, 46]",2,1,1,3,3,[22],0.10531844909051909,0.3608248182350264,16.833333333333332
2025-03-12,v4_ensemble,v1.0.0,"[13, 15, 16, 22, 23, 46]",2,0,0,1,2,[],0.10820147676866318,0.3741885889003218,27.0
2025-03-15,random,v1.0.0,"[19, 31, 32, 37, 38, 39]",34,0,0,0,0,[],0.10745522698875466,0.37177617994345313,32.666666666666664
2025-03-15,ema_gap,v1.0.0,"[19, 31, 32, 37, 38, 39]",34,2,2,4,4,"[37, 39]",0.1049061282032669,0.3669369422305727,16.0
2025-03-15,logistic,v1.0.0,"[19, 31, 32, 37, 38, 39]",34,0,0,0,0,[],0.11242825132140968,0.39606933403827516,42.333333333333336
2025-03-15,ensemble,v1.0.0,"[19, 31, 32, 37, 38, 39]",34,1,1,1,1,[39],0.10876808034145502,0.3786163955337054,32.333333333333336
2025-03-15,v2_statistical,v1.0.0,"[19, 31, 32, 37, 38, 39]",34,1,1,2,4,[39],0.10703917935482872,0.37081923601661043,19.666666666666668
2025-03-15,v3_boosting,v1.0.0,"[19, 31, 32, 37, 38, 39]",34,0,0,0,1,[],0.10995597197049829,0.381849089682804,29.833333333333332
2025-03-15,v4_ensemble,v1.0.0,"[19, 31, 32, 37, 38, 39]",34,1,1,1,2,[39],0.1081039806974236,0.37573214388734066,24.166666666666668
2025-03-19,random,v1.0.0,"[6, 7, 28, 32, 44, 48]",18,1,1,2,2,[6],0.10745522698875465,0.37177617994345313,27.5
2025-03-19,ema_gap,v1.0.0,"[6, 7, 28, 32, 44, 48]",18,2,2,2,2,"[7, 32]",0.1081076065384959,0.3779229850317972,26.666666666666668
2025-03-19,logistic,v1.0.0,"[6, 7, 28, 32, 44, 48]",18,0,0,3,4,[],0.10641073761154511,0.3670147089115194,20.5
2025-03-19,ensemble,v1.0.0,"[6, 7, 28, 32, 44, 48]",18,1,1,2,3,[32],0.10683290173084779,0.3689651814512442,23.166666666666668
2025-03-19,v2_statistical,v1.0.0,"[6, 7, 28, 32, 44, 48]",18,1,1,2,2,[7],0.10904926917575414,0.3900218528725505,28.5
2025-03-19,v3_boosting,v1.0.0,"[6, 7, 28, 32, 44, 48]",18,0,0,2,4,[],0.10578973357639464,0.36364508346845104,19.833333333333332
2025-03-19,v4_ensemble,v1.0.0,"[6, 7, 28, 32, 44, 48]",18,2,2,2,2,"[7, 32]",0.10652039395462769,0.3677484080442499,23.333333333333332
2025-03-22,random,v1.0.0,"[1, 3, 13, 16, 26, 32]",21,2,2,2,4,"[1, 3]",0.10745522698875463,0.37177617994345336,15.166666666666666
2025-03-22,ema_gap,v1.0.0,"[1, 3, 13, 16, 26, 32]",21,2,2,3,5,"[13, 32]",0.1038376960561605,0.3582901204048848,15.666666666666666
2025-03-22,logistic,v1.0.0,"[1, 3, 13, 16, 26, 32]",21,1,1,1,1,[1],0.10963893460171069,0.38223800732816776,34.833333333333336
2025-03-22,ensemble,v1.0.0,"[1, 3, 13, 16, 26, 32]",21,1,1,2,2,[32],0.1073909472888375,0.3714679244726978,24.166666666666668
2025-03-22,v2_statistical,v1.0.0,"[1, 3, 13, 16, 26, 32]",21,1,1,2,4,[32],0.10773364239879443,0.3772612939493594,20.5
2025-03-22,v3_boosting,v1.0.0,"[1, 3, 13, 16, 26, 32]",21,2,2,2,2,"[3, 32]",0.10836072760659599,0.3779645563948833,25.5
2025-03-22,v4_ensemble,v1.0.0,"[1, 3, 13, 16, 26, 32]",21,1,1,4,4,[32],0.10707332929488365,0.37174378720860446,20.833333333333332
2025-03-26,random,v1.0.0,"[9, 13, 25, 30, 45, 49]",8,0,0,1,2,[],0.10745522698875466,0.3717761799434532,28.5
2025-03-26,ema_gap,v1.0.0,"[9, 13, 25, 30, 45, 49]",8,1,1,2,2,[13],0.10875329913608689,0.3789249437068582,26.666666666666668
2025-03-26,logistic,v1.0.0,"[9, 13, 25, 30, 45, 49]",8,1,1,1,1,[25],0.10693524211959814,0.3689254203482923,22.0
2025-03-26,ensemble,v1.0.0,"[9, 13, 25, 30, 45, 49]",8,1,1,2,2,[13],0.10765779931193395,0.3727206727132419,25.833333333333332
2025-03-26,v2_statistical,v1.0.0,"[9, 13, 25, 30, 45, 49]",8,1,1,2,2,[9],0.1111256434639775,0.38644847665214255,25.5
2025-03-26,v3_boosting,v1.0.0,"[9, 13, 25, 30, 45, 49]",8,0,0,0,4,[],0.10853883129922293,0.3755616382604511,22.166666666666668
2025-03-26,v4_ensemble,v1.0.0,"[9, 13, 25, 30, 45, 49]",8,1,1,1,2,[13],0.10831364079684215,0.37517274953870067,26.0
2025-03-29,random,v1.0.0,"[14, 23, 24, 27, 34, 42]",43,0,0,0,1,[],0.10745522698875466,0.37177617994345324,27.333333333333332
2025-03-29,ema_gap,v1.0.0,"[14, 23, 24, 27, 34, 42]",43,0,0,1,1,[],0.11168453341292858,0.3894108298250143,30.5
2025-03-29,logistic,v1.0.0,"[14, 23, 24, 27, 34, 42]",43,1,1,3,3,[23],0.10618955258119486,0.3656510556333728,19.333333333333332
2025-03-29,ensemble,v1.0.0,"[14, 23, 24, 27, 34, 42]",43,1,1,2,3,[23],0.10728914580847652,0.370992005122074,22.666666666666668
2025-03-29,v2_statistical,v1.0.0,"[14, 23, 24, 27, 34, 42]",43,1,1,1,2,[42],0.11223730237366687,0.3911260909158092,26.833333333333332
2025-03-29,v3_boosting,v1.0.0,"[14, 23, 24, 27, 34, 42]",43,0,0,2,3,[],0.10676154510295878,0.36739726153951513,20.5
2025-03-29,v4_ensemble,v1.0.0,"[14, 23, 24, 27, 34, 42]",43,0,0,1,3,[],0.10825650473590843,0.37453039605720184,22.666666666666668
2025-04-02,random,v1.0.0,"[18, 26, 35, 40, 43, 47]",24,0,0,0,1,[],0.10745522698875466,0.37177617994345313,34.833333333333336
2025-04-02,ema_gap,v1.0.0,"[18, 26, 35, 40, 43, 47]",24,0,0,1,1,[],0.11218254648082089,0.39311122797491316,31.333333333333332
2025-04-02,logistic,v1.0.0,"[18, 26, 35, 40, 43, 47]",24,0,0,1,3,[],0.10768581674189838,0.3726188817672646,24.0
2025-04-02,ensemble,v1.0.0,"[18, 26, 35, 40, 43, 47]",24,0,0,2,2,[],0.10828829831241109,0.37551128493518693,26.833333333333332
2025-04-02,v2_statistical,v1.0.0,"[18, 26, 35, 40, 43, 47]",24,0,0,0,2,[],0.11321315604341471,0.394849878554872,27.666666666666668
2025-04-02,v3_boosting,v1.0.0,"[18, 26, 35, 40, 43, 47]",24,0,0,1,1,[],0.11104037895271374,0.38782735011513947,30.5
2025-04-02,v4_ensemble,v1.0.0,"[18, 26, 35, 40, 43, 47]",24,0,0,0,1,[],0.11050526858010704,0.38556524146048454,31.666666666666668
2025-04-05,random,v1.0.0,"[2, 14, 23, 29, 39, 42]",15,1,1,1,2,[2],0.10745522698875465,0.3717761799434532,24.833333333333332
2025-04-05,ema_gap,v1.0.0,"[2, 14, 23, 29, 39, 42]",15,2,2,2,3,"[39, 42]",0.10442704418525958,0.35716036542827284,17.333333333333332
2025-04-05,logistic,v1.0.0,"[2, 14, 23, 29, 39, 42]",15,2,2,3,3,"[14, 29]",0.10514069117964792,0.36088071297550617,14.0
2025-04-05,ensemble,v1.0.0,"[2, 14, 23, 29, 39, 42]",15,2,2,3,6,"[39, 42]",0.1048458212221078,0.3598754706626991,9.666666666666666
2025-04-05,v2_statistical,v1.0.0,"[2, 14, 23, 29, 39, 42]",15,2,2,2,2,"[39, 42]",0.10677719625710239,0.36978911717503304,22.666666666666668
2025-04-05,v3_boosting,v1.0.0,"[2, 14, 23, 29, 39, 42]",15,1,1,3,3,[14],0.10408856447610483,0.355616794484419,16.666666666666668
2025-04-05,v4_ensemble,v1.0.0,"[2, 14, 23, 29, 39, 42]",15,2,2,3,4,"[39, 42]",0.1042315616920027,0.3573060903197749,14.333333333333334
2025-04-09,random,v1.0.0,"[11, 18, 26, 35, 37, 39]",16,0,0,1,2,[],0.10745522698875466,0.3717761799434532,27.666666666666668
2025-04-09,ema_gap,v1.0.0,"[11, 18, 26, 35, 37, 39]",16,2,2,4,4,"[26, 39]",0.10130629309627022,0.34462837404681457,13.0
2025-04-09,logistic,v1.0.0,"[11, 18, 26, 35, 37, 39]",16,0,0,0,2,[],0.1094872723409449,0.3812499962209653,33.166666666666664
2025-04-09,ensemble,v1.0.0,"[11, 18, 26, 35, 37, 39]",16,1,1,3,4,[39],0.10591078702928566,0.3645610737613486,16.166666666666668
2025-04-09,v2_statistical,v1.0.0,"[11, 18, 26, 35, 37, 39]",16,1,1,3,4,[39],0.10280914672078491,0.35092092354995214,16.666666666666668
2025-04-09,v3_boosting,v1.0.0,"[11, 18, 26, 35, 37, 39]",16,2,2,2,3,"[18, 35]",0.1082151885136092,0.37779424303215264,24.5
2025-04-09,v4_ensemble,v1.0.0,"[11, 18, 26, 35, 37, 39]",16,2,2,3,3,"[18, 39]",0.10496509541504076,0.36007844979429654,16.333333333333332
2025-04-12,random,v1.0.0,"[17, 20, 23, 36, 40, 42]",34,0,0,0,1,[],0.10745522698875466,0.37177617994345324,29.666666666666668
2025-04-12,ema_gap,v1.0.0,"[17, 20, 23, 36, 40, 42]",34,1,1,2,2,[42],0.10720692082206866,0.36907929549409774,21.666666666666668
2025-04-12,logistic,v1.0.0,"[17, 20, 23, 36, 40, 42]",34,0,0,0,1,[],0.10797817532743192,0.3736490171459948,28.166666666666668
2025-04-12,ensemble,v1.0.0,"[17, 20, 23, 36, 40, 42]",34,1,1,2,2,[42],0.10684019848602527,0.3688753280682339,19.666666666666668
2025-04-12,v2_statistical,v1.0.0,"[17, 20, 23, 36, 40, 42]",34,2,2,2,3,"[23, 42]",0.102900337191133,0.3507615277889258,17.0
2025-04-12,v3_boosting,v1.0.0,"[17, 20, 23, 36, 40, 42]",34,1,1,3,4,[40],0.10727270438075208,0.37111163441808753,21.833333333333332
2025-04-12,v4_ensemble,v1.0.0,"[17, 20, 23, 36, 40, 42]",34,2,2,3,4,"[40, 42]",0.10517261120380715,0.361099660575755,15.333333333333334
2025-04-16,random,v1.0.0,"[3, 11, 13, 15, 17, 39]",32,1,1,2,5,[3],0.10745522698875466,0.37177617994345336,16.333333333333332
2025-04-16,ema_gap,v1.0.0,"[3, 11, 13, 15, 17, 39]",32,2,2,2,3,"[13, 39]",0.10268180431261888,0.3510712725589495,16.666666666666668
2025-04-16,logistic,v1.0.0,"[3, 11, 13, 15, 17, 39]",32,1,1,3,3,[13],0.10752295732223409,0.37243843476787286,23.333333333333332
2025-04-16,ensemble,v1.0.0,"[3, 11, 13, 15, 17, 39]",32,2,2,2,3,"[13, 39]",0.10585509848242623,0.3647892574750418,19.0
2025-04-16,v2_statistical,v1.0.0,"[3, 11, 13, 15, 17, 39]",32,1,1,1,3,[39],0.10525874813165345,0.3636360162729098,22.0
2025-04-16,v3_boosting,v1.0.0,"[3, 11, 13, 15, 17, 39]",32,1,1,2,4,[15],0.1053531331267982,0.3609246465563753,17.833333333333332
2025-04-16,v4_ensemble,v1.0.0,"[3, 11, 13, 15, 17, 39]",32,1,1,2,3,[39],0.1047120775260141,0.3597941850210195,18.166666666666668
2025-04-19,random,v1.0.0,"[1, 7, 31, 35, 46, 49]",29,1,1,2,2,[1],0.10745522698875466,0.3717761799434531,28.166666666666668
2025-04-19,ema_gap,v1.0.0,"[1, 7, 31, 35, 46, 49]",29,0,0,1,2,[],0.10974555850911417,0.3797649789576222,24.666666666666668
2025-04-19,logistic,v1.0.0,"[1, 7, 31, 35, 46, 49]",29,1,1,1,2,[1],0.10752074649291846,0.3720303569288509,25.666666666666668
2025-04-19,ensemble,v1.0.0,"[1, 7, 31, 35, 46, 49]",29,0,0,1,2,[],0.10783967635123558,0.3732957349702088,25.833333333333332
2025-04-19,v2_statistical,v1.0.0,"[1, 7, 31, 35, 46, 49]",29,1,1,1,3,[7],0.1076992524602602,0.3729080214952364,21.666666666666668
2025-04-19,v3_boosting,v1.0.0,"[1, 7, 31, 35, 46, 49]",29,0,0,0,0,[],0.11527612463571418,0.4113934216692439,40.333333333333336
2025-04-19,v4_ensemble,v1.0.0,"[1, 7, 31, 35, 46, 49]",29,0,0,1,1,[],0.10993228494488846,0.383155186588782,28.333333333333332
2025-04-23,random,v1.0.0,"[9, 15, 22, 24, 40, 49]",25,0,0,1,2,[],0.10745522698875466,0.37177617994345324,26.5
2025-04-23,ema_gap,v1.0.0,"[9, 15, 22, 24, 40, 49]",25,0,0,1,3,[],0.10838653113157001,0.37205686021557766,21.833333333333332
2025-04-23,logistic,v1.0.0,"[9, 15, 22, 24, 40, 49]",25,0,0,0,1,[],0.10802082326275889,0.3738089059614748,27.5
2025-04-23,ensemble,v1.0.0,"[9, 15, 22, 24, 40, 49]",25,0,0,0,2,[],0.1078450002882084,0.3731966320209826,27.666666666666668
2025-04-23,v2_statistical,v1.0.0,"[9, 15, 22, 24, 40, 49]",25,0,0,2,2,[],0.1093455209218244,0.3751741049610255,23.0
2025-04-23,v3_boosting,v1.0.0,"[9, 15, 22, 24, 40, 49]",25,2,2,3,3,"[9, 40]",0.10734003539445384,0.3720710412032846,24.0
2025-04-23,v4_ensemble,v1.0.0,"[9, 15, 22, 24, 40, 49]",25,1,1,2,3,[40],0.107507202609538,0.3717624609642046,23.833333333333332
2025-04-26,random,v1.0.0,"[18, 22, 28, 32, 38, 44]",20,0,0,0,1,[],0.10745522698875466,0.3717761799434532,30.333333333333332
2025-04-26,ema_gap,v1.0.0,"[18, 22, 28, 32, 38, 44]",20,0,0,2,2,[],0.11037523146340972,0.3858187180346283,27.166666666666668
2025-04-26,logistic,v1.0.0,"[18, 22, 28, 32, 38, 44]",20,2,2,3,3,"[28, 38]",0.10603730107561676,0.36486458906099434,17.5
2025-04-26,ensemble,v1.0.0,"[18, 22, 28, 32, 38, 44]",20,2,2,2,3,"[18, 32]",0.10728975571128066,0.3710785343550496,23.5
2025-04-26,v2_statistical,v1.0.0,"[18, 22, 28, 32, 38, 44]",20,0,0,1,2,[],0.11301214170108792,0.3968793009377718,29.0
2025-04-26,v3_boosting,v1.0.0,"[18, 22, 28, 32, 38, 44]",20,0,0,0,2,[],0.1084245433599775,0.37391158454048246,23.833333333333332
2025-04-26,v4_ensemble,v1.0.0,"[18, 22, 28, 32, 38, 44]",20,0,0,1,2,[],0.10883576229608026,0.3775748751497119,27.666666666666668
2025-04-30,random,v1.0.0,"[1, 9, 12, 15, 34, 35]",31,1,1,3,4,[1],0.10745522698875465,0.37177617994345336,17.666666666666668
2025-04-30,ema_gap,v1.0.0,"[1, 9, 12, 15, 34, 35]",31,0,0,1,3,[],0.11062034691416874,0.38692124883020856,27.0
2025-04-30,logistic,v1.0.0,"[1, 9, 12, 15, 34, 35]",31,0,0,3,3,[],0.10741261465797328,0.37162183724001135,22.0
2025-04-30,ensemble,v1.0.0,"[1, 9, 12, 15, 34, 35]",31,0,0,1,3,[],0.10835128237566051,0.37579086263206674,27.5
2025-04-30,v2_statistical,v1.0.0,"[1, 9, 12, 15, 34, 35]",31,0,0,2,3,[],0.11242753505992234,0.3951159592413318,26.166666666666668
2025-04-30,v3_boosting,v1.0.0,"[1, 9, 12, 15, 34, 35]",31,0,0,0,1,[],0.10992259322992742,0.38075734556853863,26.166666666666668
2025-04-30,v4_ensemble,v1.0.0,"[1, 9, 12, 15, 34, 35]",31,0,0,1,1,[],0.10953747594702481,0.3810772254204757,29.5
2025-05-03,random,v1.0.0,"[12, 22, 25, 30, 36, 41]",14,0,0,1,1,[],0.10745522698875466,0.3717761799434532,27.666666666666668
2025-05-03,ema_gap,v1.0.0,"[12, 22, 25, 30, 36, 41]",14,0,0,0,1,[],0.11317093157657347,0.3968876241142131,31.666666666666668
2025-05-03,logistic,v1.0.0,"[12, 22, 25, 30, 36, 41]",14,0,0,1,3,[],0.10677715789147088,0.36783681421603776,22.166666666666668
2025-05-03,ensemble,v1.0.0,"[12, 22, 25, 30, 36, 41]",14,0,0,0,1,[],0.10856077453783777,0.3767231834945918,31.0
2025-05-03,v2_statistical,v1.0.0,"[12, 22, 25, 30, 36, 41]",14,0,0,0,0,[],0.1174892232213332,0.4175188204527225,34.666666666666664
2025-05-03,v3_boosting,v1.0.0,"[12, 22, 25, 30, 36, 41]",14,0,0,0,1,[],0.10742488885943663,0.3696984560286803,22.833333333333332
2025-05-03,v4_ensemble,v1.0.0,"[12, 22, 25, 30, 36, 41]",14,0,0,0,0,[],0.11034029129995615,0.38459821194870286,34.166666666666664
2025-05-07,random,v1.0.0,"[1, 4, 8, 13, 16, 26]",14,2,2,3,5,"[1, 4]",0.10745522698875465,0.3717761799434534,11.333333333333334
2025-05-07,ema_gap,v1.0.0,"[1, 4, 8, 13, 16, 26]",14,1,1,2,2,[13],0.10948114218027616,0.38226452143873957,27.666666666666668
2025-05-07,logistic,v1.0.0,"[1, 4, 8, 13, 16, 26]",14,0,0,0,0,[],0.11000818955895432,0.38392558905167273,38.666666666666664
2025-05-07,ensemble,v1.0.0,"[1, 4, 8, 13, 16, 26]",14,0,0,2,2,[],0.1089877158333175,0.3791644333304319,31.333333333333332
2025-05-07,v2_statistical,v1.0.0,"[1, 4, 8, 13, 16, 26]",14,0,0,0,2,[],0.1153146572466259,0.40861203372404,32.5
2025-05-07,v3_boosting,v1.0.0,"[1, 4, 8, 13, 16, 26]",14,1,1,3,3,[4],0.1063137626790309,0.3671152107425137,21.5
2025-05-07,v4_ensemble,v1.0.0,"[1, 4, 8, 13, 16, 26]",14,1,1,1,2,[13],0.10948916849016922,0.38152940901302757,30.0
2025-05-10,random,v1.0.0,"[5, 12, 17, 19, 40, 47]",29,1,1,2,3,[5],0.10745522698875463,0.37177617994345336,23.333333333333332
2025-05-10,ema_gap,v1.0.0,"[5, 12, 17, 19, 40, 47]",29,0,0,0,1,[],0.11378571760791238,0.40271728494342424,33.166666666666664
2025-05-10,logistic,v1.0.0,"[5, 12, 17, 19, 40, 47]",29,0,0,1,2,[],0.10751281917060389,0.37140518288741614,24.0
2025-05-10,ensemble,v1.0.0,"[5, 12, 17, 19, 40, 47]",29,0,0,0,1,[],0.1090400737884323,0.37918835846768606,34.666666666666664
2025-05-10,v2_statistical,v1.0.0,"[5, 12, 17, 19, 40, 47]",29,1,1,1,1,[40],0.11459825486472627,0.4093577260505026,32.833333333333336
2025-05-10,v3_boosting,v1.0.0,"[5, 12, 17, 19, 40, 47]",29,0,0,2,2,[],0.10807914785522309,0.37448405029456894,23.666666666666668
2025-05-10,v4_ensemble,v1.0.0,"[5, 12, 17, 19, 40, 47]",29,0,0,0,1,[],0.10983089395326502,0.3833051117796115,30.5
2025-05-14,random,v1.0.0,"[1, 8, 17, 18, 41, 48]",42,1,1,2,4,[1],0.10745522698875465,0.37177617994345336,22.166666666666668
2025-05-14,ema_gap,v1.0.0,"[1, 8, 17, 18, 41, 48]",42,0,0,2,2,[],0.1088197238030485,0.3758888261832837,24.333333333333332
2025-05-14,logistic,v1.0.0,"[1, 8, 17, 18, 41, 48]",42,1,1,2,2,[1],0.10801188334950965,0.37520901232741916,26.0
2025-05-14,ensemble,v1.0.0,"[1, 8, 17, 18, 41, 48]",42,0,0,1,2,[],0.10784347294586642,0.37317147166368,25.166666666666668
2025-05-14,v2_statistical,v1.0.0,"[1, 8, 17, 18, 41, 48]",42,0,0,0,1,[],0.11289014774292196,0.39367994848747573,29.5
2025-05-14,v3_boosting,v1.0.0,"[1, 8, 17, 18, 41, 48]",42,3,3,3,3,"[17, 18, 41]",0.105760666266117,0.36528533019184667,21.0
2025-05-14,v4_ensemble,v1.0.0,"[1, 8, 17, 18, 41, 48]",42,0,0,2,3,[],0.108301300830851,0.37526664972725143,26.333333333333332
2025-05-17,random,v1.0.0,"[7, 9, 20, 34, 38, 46]",14,0,0,2,2,[],0.10745522698875465,0.37177617994345324,25.666666666666668
2025-05-17,ema_gap,v1.0.0,"[7, 9, 20, 34, 38, 46]",14,0,0,2,2,[],0.10942725148358783,0.38119378781293256,27.666666666666668
2025-05-17,logistic,v1.0.0,"[7, 9, 20, 34, 38, 46]",14,1,1,2,3,[20],0.10846069255618704,0.37794856762381784,24.333333333333332
2025-05-17,ensemble,v1.0.0,"[7, 9, 20, 34, 38, 46]",14,1,1,1,2,[7],0.1078817489205009,0.3737384732056631,27.0
2025-05-17,v2_statistical,v1.0.0,"[7, 9, 20, 34, 38, 46]",14,1,1,2,3,[7],0.10701483019309925,0.3686580550944886,20.833333333333332
2025-05-17,v3_boosting,v1.0.0,"[7, 9, 20, 34, 38, 46]",14,0,0,2,2,[],0.11182658917994787,0.3955943131809679,31.833333333333332
2025-05-17,v4_ensemble,v1.0.0,"[7, 9, 20, 34, 38, 46]",14,0,0,2,4,[],0.10864574402562624,0.37809040673274996,23.333333333333332
2025-05-21,random,v1.0.0,"[1, 2, 37, 38, 43, 46]",40,2,2,2,2,"[1, 2]",0.10745522698875466,0.3717761799434531,27.833333333333332
2025-05-21,ema_gap,v1.0.0,"[1, 2, 37, 38, 43, 46]",40,0,0,0,2,[],0.11131918918590149,0.3873996928326548,28.833333333333332
2025-05-21,logistic,v1.0.0,"[1, 2, 37, 38, 43, 46]",40,1,1,1,3,[38],0.10724611958511072,0.37064056234637965,22.833333333333332
2025-05-21,ensemble,v1.0.0,"[1, 2, 37, 38, 43, 46]",40,0,0,0,1,[],0.10844692106108889,0.3761580191446543,32.0
2025-05-21,v2_statistical,v1.0.0,"[1, 2, 37, 38, 43, 46]",40,0,0,1,2,[],0.11101347121384776,0.3828066622783578,24.166666666666668
2025-05-21,v3_boosting,v1.0.0,"[1, 2, 37, 38, 43, 46]",40,0,0,1,2,[],0.11062786274699588,0.3879643291319638,30.5
2025-05-21,v4_ensemble,v1.0.0,"[1, 2, 37, 38, 43, 46]",40,0,0,0,1,[],0.10957868074700801,0.3808268441485007,28.333333333333332
2025-05-24,random,v1.0.0,"[4, 8, 18, 27, 28, 31]",48,1,1,2,3,[4],0.10745522698875465,0.37177617994345324,19.333333333333332
2025-05-24,ema_gap,v1.0.0,"[4, 8, 18, 27, 28, 31]",48,1,1,1,1,[18],0.11031286410779284,0.38360015876258413,29.166666666666668
2025-05-24,logistic,v1.0.0,"[4, 8, 18, 27, 28, 31]",48,1,1,2,2,[4],0.10655683034471097,0.36728629065184293,20.833333333333332
2025-05-24,ensemble,v1.0.0,"[4, 8, 18, 27, 28, 31]",48,0,0,1,2,[],0.1074373136512956,0.37156215998128067,23.5
2025-05-24,v2_statistical,v1.0.0,"[4, 8, 18, 27, 28, 31]",48,1,1,2,2,[18],0.10789388708605127,0.372531154381636,23.5
2025-05-24,v3_boosting,v1.0.0,"[4, 8, 18, 27, 28, 31]",48,2,2,3,5,"[27, 31]",0.10536551901605687,0.36113991072058743,16.0
2025-05-24,v4_ensemble,v1.0.0,"[4, 8, 18, 27, 28, 31]",48,0,0,2,3,[],0.10635347610909274,0.36608206098468865,19.333333333333332
2025-05-28,random,v1.0.0,"[6, 13, 28, 31, 34, 48]",42,1,1,1,2,[6],0.10745522698875465,0.37177617994345313,26.666666666666668
2025-05-28,ema_gap,v1.0.0,"[6, 13, 28, 31, 34, 48]",42,1,1,1,2,[13],0.10830690655383178,0.37569129881079605,24.5
2025-05-28,logistic,v1.0.0,"[6, 13, 28, 31, 34, 48]",42,1,1,2,2,[13],0.10835272124090453,0.37646809213548266,28.0
2025-05-28,ensemble,v1.0.0,"[6, 13, 28, 31, 34, 48]",42,1,1,1,1,[13],0.1077243966754401,0.37306219645469746,27.333333333333332
2025-05-28,v2_statistical,v1.0.0,"[6, 13, 28, 31, 34, 48]",42,2,2,3,3,"[13, 34]",0.10701041600346617,0.37407561048927435,21.166666666666668
2025-05-28,v3_boosting,v1.0.0,"[6, 13, 28, 31, 34, 48]",42,2,2,4,4,"[34, 48]",0.10545758831879322,0.36452405091509155,19.833333333333332
2025-05-28,v4_ensemble,v1.0.0,"[6, 13, 28, 31, 34, 48]",42,1,1,3,4,[34],0.10629225950197481,0.3668415193643933,18.833333333333332
2025-05-31,random,v1.0.0,"[2, 4, 11, 26, 34, 37]",24,2,2,3,3,"[2, 4]",0.10745522698875466,0.37177617994345336,19.0
2025-05-31,ema_gap,v1.0.0,"[2, 4, 11, 26, 34, 37]",24,1,1,2,3,[26],0.10609517633926994,0.3625775006453518,19.166666666666668
2025-05-31,logistic,v1.0.0,"[2, 4, 11, 26, 34, 37]",24,1,1,2,2,[11],0.10652443208637699,0.36696702386609703,22.333333333333332
2025-05-31,ensemble,v1.0.0,"[2, 4, 11, 26, 34, 37]",24,1,1,3,6,[11],0.10597700812281308,0.3647705260449448,11.5
2025-05-31,v2_statistical,v1.0.0,"[2, 4, 11, 26, 34, 37]",24,1,1,3,3,[34],0.10519800349916443,0.3588671370058186,19.166666666666668
2025-05-31,v3_boosting,v1.0.0,"[2, 4, 11, 26, 34, 37]",24,0,0,2,2,[],0.11088694766611683,0.38851383732987704,30.5
2025-05-31,v4_ensemble,v1.0.0,"[2, 4, 11, 26, 34, 37]",24,1,1,2,3,[26],0.10678254175539285,0.3678818364058548,22.166666666666668
2025-06-04,random,v1.0.0,"[8, 20, 30, 39, 41, 48]",18,0,0,1,1,[],0.10745522698875466,0.37177617994345313,31.0
2025-06-04,ema_gap,v1.0.0,"[8, 20, 30, 39, 41, 48]",18,1,1,1,1,[39],0.10862825675772024,0.375352645310184,24.833333333333332
2025-06-04,logistic,v1.0.0,"[8, 20, 30, 39, 41, 48]",18,2,2,3,5,"[30, 41]",0.10606779704707872,0.3654229337384739,17.0
2025-06-04,ensemble,v1.0.0,"[8, 20, 30, 39, 41, 48]",18,0,0,2,3,[],0.10681241745448895,0.36851352344826654,21.0
2025-06-04,v2_statistical,v1.0.0,"[8, 20, 30, 39, 41, 48]",18,0,0,2,3,[],0.10892066705203689,0.3741959432307847,21.666666666666668
2025-06-04,v3_boosting,v1.0.0,"[8, 20, 30, 39, 41, 48]",18,1,1,1,3,[48],0.10582766256179892,0.36492173170740116,20.5
2025-06-04,v4_ensemble,v1.0.0,"[8, 20, 30, 39, 41, 48]",18,1,1,1,3,[48],0.10652535746046463,0.366650571792881,22.0
2025-06-07,random,v1.0.0,"[2, 10, 12, 21, 36, 41]",33,1,1,3,3,[2],0.10745522698875466,0.37177617994345336,20.333333333333332
2025-06-07,ema_gap,v1.0.0,"[2, 10, 12, 21, 36, 41]",33,0,0,1,2,[],0.11303233459504336,0.4008893071917768,31.166666666666668
2025-06-07,logistic,v1.0.0,"[2, 10, 12, 21, 36, 41]",33,0,0,3,5,[],0.10571384787496417,0.3634197783279871,15.0
2025-06-07,ensemble,v1.0.0,"[2, 10, 12, 21, 36, 41]",33,1,1,2,2,[41],0.1079304586350543,0.37416630123984046,28.0
2025-06-07,v2_statistical,v1.0.0,"[2, 10, 12, 21, 36, 41]",33,0,0,1,1,[],0.11444466854860344,0.405481342268446,31.0
2025-06-07,v3_boosting,v1.0.0,"[2, 10, 12, 21, 36, 41]",33,0,0,1,2,[],0.11023602491057816,0.3826037546005355,27.5
2025-06-07,v4_ensemble,v1.0.0,"[2, 10, 12, 21, 36, 41]",33,0,0,0,2,[],0.11006765149784876,0.38402909287790454,32.666666666666664
2025-06-11,random,v1.0.0,"[4, 9, 23, 28, 32, 39]",26,1,1,2,2,[4],0.10745522698875465,0.3717761799434532,22.5
2025-06-11,ema_gap,v1.0.0,"[4, 9, 23, 28, 32, 39]",26,1,1,2,4,[39],0.10295263068348566,0.3510568123020316,15.333333333333334
2025-06-11,logistic,v1.0.0,"[4, 9, 23, 28, 32, 39]",26,1,1,2,4,[32],0.10669327304098596,0.36819099304968506,20.0
2025-06-11,ensemble,v1.0.0,"[4, 9, 23, 28, 32, 39]",26,3,3,3,4,"[9, 32, 39]",0.10538528725103925,0.36240789596613254,15.0
2025-06-11,v2_statistical,v1.0.0,"[4, 9, 23, 28, 32, 39]",26,1,1,2,4,[39],0.10450313022773687,0.3542670455615067,17.333333333333332
2025-06-11,v3_boosting,v1.0.0,"[4, 9, 23, 28, 32, 39]",26,0,0,2,3,[],0.10738104168412069,0.3701725888922067,22.833333333333332
2025-06-11,v4_ensemble,v1.0.0,"[4, 9, 23, 28, 32, 39]",26,2,2,2,3,"[9, 39]",0.10506387598792687,0.3605540706285654,17.333333333333332
2025-06-14,random,v1.0.0,"[5, 8, 20, 28, 35, 38]",46,1,1,2,2,[5],0.10745522698875466,0.37177617994345324,22.333333333333332
2025-06-14,ema_gap,v1.0.0,"[5, 8, 20, 28, 35, 38]",46,0,0,1,2,[],0.11022463568035051,0.3833675733970957,26.833333333333332
2025-06-14,logistic,v1.0.0,"[5, 8, 20, 28, 35, 38]",46,1,1,2,3,[5],0.10655280579960731,0.3672889029517947,21.333333333333332
2025-06-14,ensemble,v1.0.0,"[5, 8, 20, 28, 35, 38]",46,0,0,1,2,[],0.10761310966731555,0.37230916052873775,24.5
2025-06-14,v2_statistical,v1.0.0,"[5, 8, 20, 28, 35, 38]",46,0,0,0,1,[],0.11251434210223159,0.3915504071225842,26.666666666666668
2025-06-14,v3_boosting,v1.0.0,"[5, 8, 20, 28, 35, 38]",46,1,1,2,3,[20],0.10669392150992883,0.36719641058961516,20.833333333333332
2025-06-14,v4_ensemble,v1.0.0,"[5, 8, 20, 28, 35, 38]",46,0,0,1,1,[],0.10822392550837906,0.374800074311811,25.166666666666668
2025-06-18,random,v1.0.0,"[8, 14, 20, 25, 30, 38]",46,0,0,1,2,[],0.10745522698875465,0.37177617994345324,22.5
2025-06-18,ema_gap,v1.0.0,"[8, 14, 20, 25, 30, 38]",46,0,0,2,2,[],0.11071121573445797,0.3861971756057931,28.5
2025-06-18,logistic,v1.0.0,"[8, 14, 20, 25, 30, 38]",46,1,1,2,3,[30],0.10656635901517196,0.36769296308840566,20.166666666666668
2025-06-18,ensemble,v1.0.0,"[8, 14, 20, 25, 30, 38]",46,0,0,1,2,[],0.10806434472269845,0.3745606744666161,28.333333333333332
2025-06-18,v2_statistical,v1.0.0,"[8, 14, 20, 25, 30, 38]",46,0,0,1,1,[],0.11520698663231405,0.41111628104354897,32.166666666666664
2025-06-18,v3_boosting,v1.0.0,"[8, 14, 20, 25, 30, 38]",46,0,0,1,2,[],0.10962116042633484,0.38193239530759326,27.333333333333332
2025-06-18,v4_ensemble,v1.0.0,"[8, 14, 20, 25, 30, 38]",46,1,1,1,1,[20],0.11020752913223976,0.3856873805564518,31.0
2025-06-21,random,v1.0.0,"[14, 15, 17, 38, 40, 49]",23,0,0,0,3,[],0.10745522698875466,0.37177617994345336,28.833333333333332
2025-06-21,ema_gap,v1.0.0,"[14, 15, 17, 38, 40, 49]",23,0,0,0,0,[],0.1104125634495338,0.38167828622375954,27.5
2025-06-21,logistic,v1.0.0,"[14, 15, 17, 38, 40, 49]",23,0,0,0,1,[],0.1089531334363289,0.3784648580589026,29.833333333333332
2025-06-21,ensemble,v1.0.0,"[14, 15, 17, 38, 40, 49]",23,0,0,0,0,[],0.10856987406095094,0.37688286751702577,33.5
2025-06-21,v2_statistical,v1.0.0,"[14, 15, 17, 38, 40, 49]",23,0,0,0,1,[],0.11332390254836751,0.39544100216637523,28.5
2025-06-21,v3_boosting,v1.0.0,"[14, 15, 17, 38, 40, 49]",23,0,0,0,1,[],0.11119922725547163,0.3864741857772823,27.833333333333332
2025-06-21,v4_ensemble,v1.0.0,"[14, 15, 17, 38, 40, 49]",23,0,0,0,1,[],0.11045369985459791,0.3852952111559023,33.666666666666664
2025-06-25,random,v1.0.0,"[4, 8, 15, 20, 40, 49]",37,1,1,2,3,[4],0.10745522698875466,0.37177617994345336,22.666666666666668
2025-06-25,ema_gap,v1.0.0,"[4, 8, 15, 20, 40, 49]",37,2,2,3,4,"[8, 20]",0.10198767595736515,0.3452384092888214,12.833333333333334
2025-06-25,logistic,v1.0.0,"[4, 8, 15, 20, 40, 49]",37,0,0,0,0,[],0.10836265508980565,0.37579390954293757,30.0
2025-06-25,ensemble,v1.0.0,"[4, 8, 15, 20, 40, 49]",37,0,0,2,5,[],0.10608074155742434,0.36519456835150826,15.5
2025-06-25,v2_statistical,v1.0.0,"[4, 8, 15, 20, 40, 49]",37,2,2,4,4,"[20, 40]",0.09759217672026034,0.32933033629230174,12.166666666666666
2025-06-25,v3_boosting,v1.0.0,"[4, 8, 15, 20, 40, 49]",37,1,1,2,3,[49],0.10606785556019337,0.3638204958117733,19.0
2025-06-25,v4_ensemble,v1.0.0,"[4, 8, 15, 20, 40, 49]",37,2,2,3,5,"[20, 40]",0.10280332989186346,0.3503387263495055,11.5
2025-06-28,random,v1.0.0,"[2, 3, 14, 17, 44, 48]",8,2,2,2,4,"[2, 3]",0.10745522698875463,0.37177617994345336,21.333333333333332
2025-06-28,ema_gap,v1.0.0,"[2, 3, 14, 17, 44, 48]",8,0,0,0,2,[],0.11006440016106217,0.38286813106801737,27.333333333333332
2025-06-28,logistic,v1.0.0,"[2, 3, 14, 17, 44, 48]",8,1,1,2,4,[14],0.10560575782995354,0.3627802588177578,16.833333333333332
2025-06-28,ensemble,v1.0.0,"[2, 3, 14, 17, 44, 48]",8,1,1,2,3,[14],0.10716727981189618,0.3704252088732123,23.166666666666668
2025-06-28,v2_statistical,v1.0.0,"[2, 3, 14, 17, 44, 48]",8,0,0,0,0,[],0.11599248620533206,0.40674045661901914,30.5
2025-06-28,v3_boosting,v1.0.0,"[2, 3, 14, 17, 44, 48]",8,0,0,2,2,[],0.10962583424011207,0.38106707626197733,27.333333333333332
2025-06-28,v4_ensemble,v1.0.0,"[2, 3, 14, 17, 44, 48]",8,0,0,0,0,[],0.10996772028253587,0.3829717436719659,32.333333333333336
2025-07-02,random,v1.0.0,"[6, 25, 27, 34, 38, 49]",2,1,1,1,1,[6],0.10745522698875469,0.37177617994345313,29.833333333333332
2025-07-02,ema_gap,v1.0.0,"[6, 25, 27, 34, 38, 49]",2,0,0,1,1,[],0.1100120199436138,0.38200406120485936,27.833333333333332
2025-07-02,logistic,v1.0.0,"[6, 25, 27, 34, 38, 49]",2,1,1,2,3,[25],0.10615710418412909,0.36557224134690025,16.166666666666668
2025-07-02,ensemble,v1.0.0,"[6, 25, 27, 34, 38, 49]",2,0,0,1,2,[],0.10748150826558844,0.3716202702559391,26.166666666666668
2025-07-02,v2_statistical,v1.0.0,"[6, 25, 27, 34, 38, 49]",2,1,1,2,3,[34],0.10902244452258836,0.38031607286985963,24.0
2025-07-02,v3_boosting,v1.0.0,"[6, 25, 27, 34, 38, 49]",2,1,1,1,2,[49],0.10822520060092189,0.37593904125532945,27.666666666666668
2025-07-02,v4_ensemble,v1.0.0,"[6, 25, 27, 34, 38, 49]",2,1,1,3,3,[49],0.10770171813423593,0.373352436705423,24.166666666666668
2025-07-05,random,v1.0.0,"[3, 6, 15, 33, 39, 42]",18,2,2,2,3,"[3, 6]",0.10745522698875465,0.37177617994345336,23.0
2025-07-05,ema_gap,v1.0.0,"[3, 6, 15, 33, 39, 42]",18,1,1,1,2,[39],0.10921649216102737,0.3826044832734163,26.333333333333332
2025-07-05,logistic,v1.0.0,"[3, 6, 15, 33, 39, 42]",18,1,1,3,4,[33],0.10640310125407548,0.3669344859459556,20.166666666666668
2025-07-05,ensemble,v1.0.0,"[3, 6, 15, 33, 39, 42]",18,2,2,2,3,"[39, 42]",0.1069144053525415,0.3692735922677812,20.333333333333332
2025-07-05,v2_statistical,v1.0.0,"[3, 6, 15, 33, 39, 42]",18,1,1,1,1,[39],0.11136566443926289,0.3916437123357345,28.833333333333332
2025-07-05,v3_boosting,v1.0.0,"[3, 6, 15, 33, 39, 42]",18,1,1,1,2,[42],0.10677540243590979,0.3674507512551623,21.833333333333332
2025-07-05,v4_ensemble,v1.0.0,"[3, 6, 15, 33, 39, 42]",18,1,1,2,2,[39],0.107695328041584,0.37323731273960525,25.666666666666668
2025-07-09,random,v1.0.0,"[2, 17, 18, 22, 32, 37]",26,1,1,1,3,[2],0.10745522698875466,0.37177617994345324,21.333333333333332
2025-07-09,ema_gap,v1.0.0,"[2, 17, 18, 22, 32, 37]",26,1,1,2,3,[17],0.10532402437336522,0.359647255372547,18.166666666666668
2025-07-09,logistic,v1.0.0,"[2, 17, 18, 22, 32, 37]",26,0,0,2,3,[],0.1068363569938447,0.3684979213297301,19.333333333333332
2025-07-09,ensemble,v1.0.0,"[2, 17, 18, 22, 32, 37]",26,1,1,1,3,[17],0.1063049679754157,0.3661623751093359,18.0
2025-07-09,v2_statistical,v1.0.0,"[2, 17, 18, 22, 32, 37]",26,0,0,0,2,[],0.11074287814354515,0.3794148922144908,23.0
2025-07-09,v3_boosting,v1.0.0,"[2, 17, 18, 22, 32, 37]",26,0,0,2,3,[],0.10765833299508783,0.36987285585577295,21.0
2025-07-09,v4_ensemble,v1.0.0,"[2, 17, 18, 22, 32, 37]",26,0,0,1,2,[],0.10728415358435855,0.36967942534846676,22.166666666666668
2025-07-12,random,v1.0.0,"[2, 12, 25, 26, 27, 36]",24,1,1,2,2,[2],0.10745522698875465,0.3717761799434532,21.333333333333332
2025-07-12,ema_gap,v1.0.0,"[2, 12, 25, 26, 27, 36]",24,1,1,1,1,[2],0.10826062952666272,0.373401068814807,24.333333333333332
2025-07-12,logistic,v1.0.0,"[2, 12, 25, 26, 27, 36]",24,1,1,1,3,[12],0.10686285252435153,0.3681879290441794,20.5
2025-07-12,ensemble,v1.0.0,"[2, 12, 25, 26, 27, 36]",24,1,1,2,2,[2],0.10714151209715317,0.37013174936368815,22.666666666666668
2025-07-12,v2_statistical,v1.0.0,"[2, 12, 25, 26, 27, 36]",24,0,0,0,1,[],0.10929140004383991,0.375213463391669,25.666666666666668
2025-07-12,v3_boosting,v1.0.0,"[2, 12, 25, 26, 27, 36]",24,1,1,2,3,[26],0.1060233773420381,0.36397906795218804,20.333333333333332
2025-07-12,v4_ensemble,v1.0.0,"[2, 12, 25, 26, 27, 36]",24,1,1,1,2,[26],0.10681346093379826,0.36812896741762574,21.5
2025-07-16,random,v1.0.0,"[2, 4, 9, 17, 20, 46]",31,2,2,3,4,"[2, 4]",0.10745522698875466,0.37177617994345336,16.333333333333332
2025-07-16,ema_gap,v1.0.0,"[2, 4, 9, 17, 20, 46]",31,2,2,3,5,"[2, 17]",0.10138217617881602,0.34473463440925434,13.166666666666666
2025-07-16,logistic,v1.0.0,"[2, 4, 9, 17, 20, 46]",31,0,0,0,0,[],0.10843933568739832,0.3761433897080025,30.333333333333332
2025-07-16,ensemble,v1.0.0,"[2, 4, 9, 17, 20, 46]",31,3,3,3,4,"[2, 17, 20]",0.10567257457627512,0.3634967037816964,14.166666666666666
2025-07-16,v2_statistical,v1.0.0,"[2, 4, 9, 17, 20, 46]",31,2,2,3,4,"[2, 20]",0.09939942513677186,0.3349891770819495,12.333333333333334
2025-07-16,v3_boosting,v1.0.0,"[2, 4, 9, 17, 20, 46]",31,0,0,0,0,[],0.11270625074657033,0.3964110188364099,35.333333333333336
2025-07-16,v4_ensemble,v1.0.0,"[2, 4, 9, 17, 20, 46]",31,1,1,2,4,[2],0.10553513658328414,0.3623194377425439,16.833333333333332
2025-07-19,random,v1.0.0,"[2, 7, 22, 33, 35, 44]",3,1,1,2,2,[2],0.10745522698875466,0.3717761799434532,23.833333333333332
2025-07-19,ema_gap,v1.0.0,"[2, 7, 22, 33, 35, 44]",3,1,1,1,1,[2],0.10849869606409074,0.37809495209005656,28.0
2025-07-19,logistic,v1.0.0,"[2, 7, 22, 33, 35, 44]",3,0,0,1,2,[],0.10778780649886617,0.37343074775680973,24.5
2025-07-19,ensemble,v1.0.0,"[2, 7, 22, 33, 35, 44]",3,1,1,1,2,[2],0.10765839781836188,0.37262774231770357,27.166666666666668
2025-07-19,v2_statistical,v1.0.0,"[2, 7, 22, 33, 35, 44]",3,1,1,1,2,[2],0.10764208222273842,0.37079576805228176,23.166666666666668
2025-07-19,v3_boosting,v1.0.0,"[2, 7, 22, 33, 35, 44]",3,1,1,2,2,[2],0.1053798674934257,0.364969467939714,24.666666666666668
2025-07-19,v4_ensemble,v1.0.0,"[2, 7, 22, 33, 35, 44]",3,1,1,1,2,[2],0.10640485689918856,0.3681224011227579,24.166666666666668
2025-07-23,random,v1.0.0,"[4, 12, 19, 34, 40, 42]",5,1,1,2,2,[4],0.10745522698875466,0.37177617994345324,25.166666666666668
2025-07-23,ema_gap,v1.0.0,"[4, 12, 19, 34, 40, 42]",5,1,1,1,2,[4],0.10802674279579831,0.3715477627785214,22.166666666666668
2025-07-23,logistic,v1.0.0,"[4, 12, 19, 34, 40, 42]",5,1,1,3,3,[12],0.10758779990324391,0.3725484257722859,24.5
2025-07-23,ensemble,v1.0.0,"[4, 12, 19, 34, 40, 42]",5,1,1,1,1,[4],0.10726651046589893,0.3705614652412368,23.166666666666668
2025-07-23,v2_statistical,v1.0.0,"[4, 12, 19, 34, 40, 42]",5,2,2,2,4,"[34, 40]",0.10533964121662567,0.35920911979287595,18.333333333333332
2025-07-23,v3_boosting,v1.0.0,"[4, 12, 19, 34, 40, 42]",5,0,0,2,3,[],0.1105519725605401,0.38168031492905,21.833333333333332
2025-07-23,v4_ensemble,v1.0.0,"[4, 12, 19, 34, 40, 42]",5,0,0,1,3,[],0.10721557112632826,0.3694694490740931,22.166666666666668
2025-07-26,random,v1.0.0,"[5, 8, 13, 26, 44, 49]",47,1,1,2,3,[5],0.10745522698875466,0.37177617994345336,24.166666666666668
2025-07-26,ema_gap,v1.0.0,"[5, 8, 13, 26, 44, 49]",47,0,0,2,3,[],0.10820039561526677,0.3734163388122465,22.5
2025-07-26,logistic,v1.0.0,"[5, 8, 13, 26, 44, 49]",47,1,1,2,3,[5],0.10693894496418525,0.36972026978697364,21.333333333333332
2025-07-26,ensemble,v1.0.0,"[5, 8, 13, 26, 44, 49]",47,0,0,2,2,[],0.10694155651107663,0.3691102662015429,21.666666666666668
2025-07-26,v2_statistical,v1.0.0,"[5, 8, 13, 26, 44, 49]",47,0,0,3,3,[],0.1066390529950011,0.36682599447583725,20.5
2025-07-26,v3_boosting,v1.0.0,"[5, 8, 13, 26, 44, 49]",47,0,0,2,3,[],0.10837254311423776,0.3738884522922914,22.666666666666668
2025-07-26,v4_ensemble,v1.0.0,"[5, 8, 13, 26, 44, 49]",47,1,1,3,3,[26],0.10669928230710106,0.3677767506554012,21.333333333333332
2025-07-30,random,v1.0.0,"[11, 13, 15, 16, 38, 48]",25,0,0,1,4,[],0.10745522698875463,0.37177617994345336,23.5
2025-07-30,ema_gap,v1.0.0,"[11, 13, 15, 16, 38, 48]",25,0,0,1,2,[],0.109649566607329,0.38024797329737964,26.5
2025-07-30,logistic,v1.0.0,"[11, 13, 15, 16, 38, 48]",25,1,1,1,2,[15],0.10802131097077032,0.37433782701926765,28.166666666666668
2025-07-30,ensemble,v1.0.0,"[11, 13, 15, 16, 38, 48]",25,0,0,0,2,[],0.10811999982382174,0.3746846227669031,28.333333333333332
2025-07-30,v2_statistical,v1.0.0,"[11, 13, 15, 16, 38, 48]",25,0,0,1,2,[],0.11279460942749828,0.3943411796866883,27.333333333333332
2025-07-30,v3_boosting,v1.0.0,"[11, 13, 15, 16, 38, 48]",25,2,2,2,2,"[38, 48]",0.10453588230228295,0.3602960246934197,21.5
2025-07-30,v4_ensemble,v1.0.0,"[11, 13, 15, 16, 38, 48]",25,1,1,2,3,[48],0.10785892789812021,0.3733719182709622,24.0
2025-08-02,random,v1.0.0,"[7, 11, 23, 29, 44, 46]",42,0,0,2,2,[],0.10745522698875466,0.3717761799434532,26.666666666666668
2025-08-02,ema_gap,v1.0.0,"[7, 11, 23, 29, 44, 46]",42,0,0,0,0,[],0.11232472222926564,0.3935284207000646,31.166666666666668
2025-08-02,logistic,v1.0.0,"[7, 11, 23, 29, 44, 46]",42,0,0,3,4,[],0.10527388715894896,0.3610313693502125,15.333333333333334
2025-08-02,ensemble,v1.0.0,"[7, 11, 23, 29, 44, 46]",42,0,0,1,2,[],0.10729271440482642,0.370850124683369,22.666666666666668
2025-08-02,v2_statistical,v1.0.0,"[7, 11, 23, 29, 44, 46]",42,0,0,1,1,[],0.11190821077821002,0.39165714129759477,26.666666666666668
2025-08-02,v3_boosting,v1.0.0,"[7, 11, 23, 29, 44, 46]",42,1,1,1,2,[7],0.10613883639874848,0.3683384705540421,24.5
2025-08-02,v4_ensemble,v1.0.0,"[7, 11, 23, 29, 44, 46]",42,1,1,1,1,[7],0.10781920826894209,0.374677201425637,27.666666666666668
2025-08-06,random,v1.0.0,"[1, 4, 5, 10, 37, 46]",24,3,3,4,4,"[1, 4, 5]",0.10745522698875465,0.3717761799434534,17.166666666666668
2025-08-06,ema_gap,v1.0.0,"[1, 4, 5, 10, 37, 46]",24,1,1,1,1,[4],0.11080421749558707,0.38778648969379365,29.0
2025-08-06,logistic,v1.0.0,"[1, 4, 5, 10, 37, 46]",24,1,1,2,3,[1],0.10680560085595923,0.3686203212023015,21.333333333333332
2025-08-06,ensemble,v1.0.0,"[1, 4, 5, 10, 37, 46]",24,0,0,1,2,[],0.10798347652059365,0.37411141289980043,25.0
2025-08-06,v2_statistical,v1.0.0,"[1, 4, 5, 10, 37, 46]",24,1,1,2,3,[4],0.11004871713652276,0.39078594901581265,26.5
2025-08-06,v3_boosting,v1.0.0,"[1, 4, 5, 10, 37, 46]",24,1,1,1,1,[5],0.10930387871047399,0.3809986869235009,29.5
2025-08-06,v4_ensemble,v1.0.0,"[1, 4, 5, 10, 37, 46]",24,0,0,1,3,[],0.10860278550757795,0.3770748074571292,25.666666666666668
2025-08-09,random,v1.0.0,"[15, 17, 21, 22, 38, 45]",26,0,0,0,2,[],0.10745522698875466,0.37177617994345324,26.333333333333332
2025-08-09,ema_gap,v1.0.0,"[15, 17, 21, 22, 38, 45]",26,1,1,2,3,[17],0.10971020251040564,0.38723971667059237,24.666666666666668
2025-08-09,logistic,v1.0.0,"[15, 17, 21, 22, 38, 45]",26,1,1,1,2,[21],0.1078112389080406,0.37342112274785716,25.833333333333332
2025-08-09,ensemble,v1.0.0,"[15, 17, 21, 22, 38, 45]",26,0,0,1,3,[],0.10818294001927846,0.375499213518746,25.666666666666668
2025-08-09,v2_statistical,v1.0.0,"[15, 17, 21, 22, 38, 45]",26,0,0,1,2,[],0.11087524366932236,0.3862123492816447,26.833333333333332
2025-08-09,v3_boosting,v1.0.0,"[15, 17, 21, 22, 38, 45]",26,1,1,2,2,[21],0.10996243699676131,0.3874087164290515,28.166666666666668
2025-08-09,v4_ensemble,v1.0.0,"[15, 17, 21, 22, 38, 45]",26,0,0,1,2,[],0.10910711061678414,0.3805618930645146,25.833333333333332
2025-08-13,random,v1.0.0,"[4, 9, 11, 12, 42, 49]",41,1,1,4,4,[4],0.10745522698875466,0.3717761799434534,21.166666666666668
2025-08-13,ema_gap,v1.0.0,"[4, 9, 11, 12, 42, 49]",41,1,1,2,3,[4],0.10413832297706344,0.35460402983243267,16.5
2025-08-13,logistic,v1.0.0,"[4, 9, 11, 12, 42, 49]",41,2,2,2,2,"[12, 42]",0.10719383703305296,0.37058404748396234,23.666666666666668
2025-08-13,ensemble,v1.0.0,"[4, 9, 11, 12, 42, 49]",41,1,1,3,4,[4],0.1060456402619836,0.36501130264026127,15.0
2025-08-13,v2_statistical,v1.0.0,"[4, 9, 11, 12, 42, 49]",41,1,1,2,4,[4],0.10334641347045215,0.3515942560712217,16.666666666666668
2025-08-13,v3_boosting,v1.0.0,"[4, 9, 11, 12, 42, 49]",41,1,1,3,3,[4],0.10571153809192264,0.36331780945865283,18.666666666666668
2025-08-13,v4_ensemble,v1.0.0,"[4, 9, 11, 12, 42, 49]",41,1,1,2,2,[4],0.10437620441556367,0.3576973940210772,17.5
2025-08-16,random,v1.0.0,"[7, 18, 23, 35, 48, 49]",19,0,0,1,2,[],0.10745522698875466,0.3717761799434532,30.0
2025-08-16,ema_gap,v1.0.0,"[7, 18, 23, 35, 48, 49]",19,1,1,1,2,[49],0.10641368017540608,0.36419561825909696,19.833333333333332
2025-08-16,logistic,v1.0.0,"[7, 18, 23, 35, 48, 49]",19,0,0,0,2,[],0.10802923162704337,0.3736678391908539,25.666666666666668
2025-08-16,ensemble,v1.0.0,"[7, 18, 23, 35, 48, 49]",19,2,2,2,2,"[7, 49]",0.10682092157461387,0.36881258852896703,20.166666666666668
2025-08-16,v2_statistical,v1.0.0,"[7, 18, 23, 35, 48, 49]",19,2,2,2,2,"[7, 49]",0.10399573471315592,0.3540903907353754,18.666666666666668
2025-08-16,v3_boosting,v1.0.0,"[7, 18, 23, 35, 48, 49]",19,1,1,1,2,[7],0.1067500519347107,0.36967468317107066,23.666666666666668
2025-08-16,v4_ensemble,v1.0.0,"[7, 18, 23, 35, 48, 49]",19,2,2,2,3,"[7, 49]",0.10522593126413808,0.36249206628238634,21.166666666666668
2025-08-20,random,v1.0.0,"[24, 29, 31, 33, 36, 37]",21,0,0,0,0,[],0.10745522698875466,0.37177617994345313,31.666666666666668
2025-08-20,ema_gap,v1.0.0,"[24, 29, 31, 33, 36, 37]",21,0,0,0,0,[],0.11539087103921558,0.4111963971894637,37.5
2025-08-20,logistic,v1.0.0,"[24, 29, 31, 33, 36, 37]",21,0,0,1,1,[],0.10845157522793678,0.3761474210348615,28.333333333333332
2025-08-20,ensemble,v1.0.0,"[24, 29, 31, 33, 36, 37]",21,0,0,0,0,[],0.11003006135554808,0.38385388552134114,38.166666666666664
2025-08-20,v2_statistical,v1.0.0,"[24, 29, 31, 33, 36, 37]",21,0,0,0,1,[],0.11752991965401248,0.42225089223972034,34.833333333333336
2025-08-20,v3_boosting,v1.0.0,"[24, 29, 31, 33, 36, 37]",21,0,0,0,0,[],0.11344531360587347,0.3997310126286827,39.833333333333336
2025-08-20,v4_ensemble,v1.0.0,"[24, 29, 31, 33, 36, 37]",21,0,0,0,0,[],0.11337882684090851,0.40060055802419653,39.333333333333336
2025-08-23,random,v1.0.0,"[3, 10, 12, 14, 36, 41]",1,1,1,3,4,[3],0.10745522698875465,0.37177617994345336,19.333333333333332
2025-08-23,ema_gap,v1.0.0,"[3, 10, 12, 14, 36, 41]",1,0,0,0,0,[],0.11290491996017701,0.3958393491987721,34.333333333333336
2025-08-23,logistic,v1.0.0,"[3, 10, 12, 14, 36, 41]",1,1,1,2,4,[14],0.1067375525147888,0.3683191398487907,21.333333333333332
2025-08-23,ensemble,v1.0.0,"[3, 10, 12, 14, 36, 41]",1,0,0,0,1,[],0.10846966420567429,0.3763115927384507,29.166666666666668
2025-08-23,v2_statistical,v1.0.0,"[3, 10, 12, 14, 36, 41]",1,0,0,0,0,[],0.11598519480601704,0.40913052150003165,34.333333333333336
2025-08-23,v3_boosting,v1.0.0,"[3, 10, 12, 14, 36, 41]",1,0,0,2,2,[],0.10819793708665315,0.3729411727383406,21.666666666666668
2025-08-23,v4_ensemble,v1.0.0,"[3, 10, 12, 14, 36, 41]",1,0,0,0,0,[],0.11025978937723753,0.3843929044995629,34.166666666666664
2025-08-27,random,v1.0.0,"[5, 16, 17, 21, 41, 47]",6,1,1,1,3,[5],0.10745522698875466,0.37177617994345336,24.5
2025-08-27,ema_gap,v1.0.0,"[5, 16, 17, 21, 41, 47]",6,1,1,1,1,[17],0.11320873454902228,0.40406802690556815,34.0
2025-08-27,logistic,v1.0.0,"[5, 16, 17, 21, 41, 47]",6,2,2,2,3,"[5, 16]",0.10702126181076323,0.37006307008923084,22.5
2025-08-27,ensemble,v1.0.0,"[5, 16, 17, 21, 41, 47]",6,0,0,1,1,[],0.10876527976063818,0.37829051363915506,30.5
2025-08-27,v2_statistical,v1.0.0,"[5, 16, 17, 21, 41, 47]",6,0,0,1,2,[],0.11653297286692114,0.41834429312086835,33.0
2025-08-27,v3_boosting,v1.0.0,"[5, 16, 17, 21, 41, 47]",6,1,1,1,1,[17],0.10790876328795906,0.3756152660391341,27.0
2025-08-27,v4_ensemble,v1.0.0,"[5, 16, 17, 21, 41, 47]",6,1,1,1,1,[17],0.11051247009129093,0.38791266083235626,32.166666666666664
2025-08-30,random,v1.0.0,"[3, 5, 6, 11, 36, 38]",48,3,3,4,4,"[3, 5, 6]",0.10745522698875466,0.3717761799434534,16.5
2025-08-30,ema_gap,v1.0.0,"[3, 5, 6, 11, 36, 38]",48,0,0,1,2,[],0.10866960779325446,0.37557099963127666,24.833333333333332
2025-08-30,logistic,v1.0.0,"[3, 5, 6, 11, 36, 38]",48,0,0,0,1,[],0.10965932845847348,0.38202377890105077,33.166666666666664
2025-08-30,ensemble,v1.0.0,"[3, 5, 6, 11, 36, 38]",48,0,0,0,0,[],0.10890569505809242,0.37859380402140613,34.666666666666664
2025-08-30,v2_statistical,v1.0.0,"[3, 5, 6, 11, 36, 38]",48,0,0,1,1,[],0.1119019273053153,0.3914110176377602,28.5
2025-08-30,v3_boosting,v1.0.0,"[3, 5, 6, 11, 36, 38]",48,0,0,0,0,[],0.11355486326678316,0.39824774721484785,34.833333333333336
2025-08-30,v4_ensemble,v1.0.0,"[3, 5, 6, 11, 36, 38]",48,0,0,0,1,[],0.11091709356337763,0.38740223555689,32.5
2025-09-03,random,v1.0.0,"[14, 22, 24, 28, 34, 35]",4,0,0,0,1,[],0.10745522698875466,0.37177617994345324,26.166666666666668
2025-09-03,ema_gap,v1.0.0,"[14, 22, 24, 28, 34, 35]",4,0,0,0,0,[],0.11176880724522574,0.39003471811595397,32.666666666666664
2025-09-03,logistic,v1.0.0,"[14, 22, 24, 28, 34, 35]",4,2,2,2,2,"[14, 28]",0.10571934761234811,0.36391786862725434,18.166666666666668
2025-09-03,ensemble,v1.0.0,"[14, 22, 24, 28, 34, 35]",4,0,0,1,1,[],0.10766127418396607,0.37244528339508187,24.666666666666668
2025-09-03,v2_statistical,v1.0.0,"[14, 22, 24, 28, 34, 35]",4,0,0,0,1,[],0.11678153622635624,0.4192450272936878,34.5
2025-09-03,v3_boosting,v1.0.0,"[14, 22, 24, 28, 34, 35]",4,1,1,3,4,[34],0.1037444799043651,0.35389310068872454,13.166666666666666
2025-09-03,v4_ensemble,v1.0.0,"[14, 22, 24, 28, 34, 35]",4,0,0,0,1,[],0.10866943709591546,0.37636193904126314,28.166666666666668
2025-09-06,random,v1.0.0,"[12, 25, 26, 38, 39, 41]",16,0,0,1,1,[],0.10745522698875465,0.3717761799434532,30.166666666666668
2025-09-06,ema_gap,v1.0.0,"[12, 25, 26, 38, 39, 41]",16,1,1,1,3,[38],0.10636466084151856,0.3650900312763788,21.666666666666668
2025-09-06,logistic,v1.0.0,"[12, 25, 26, 38, 39, 41]",16,0,0,1,1,[],0.10917965963763829,0.38010294266609396,32.166666666666664
2025-09-06,ensemble,v1.0.0,"[12, 25, 26, 38, 39, 41]",16,0,0,1,1,[],0.10765657961505812,0.37247049626691653,26.5
2025-09-06,v2_statistical,v1.0.0,"[12, 25, 26, 38, 39, 41]",16,0,0,2,4,[],0.1072108566551499,0.37090490393975883,20.5
2025-09-06,v3_boosting,v1.0.0,"[12, 25, 26, 38, 39, 41]",16,1,1,3,3,[41],0.10732042686693445,0.3732722985147531,23.833333333333332
2025-09-06,v4_ensemble,v1.0.0,"[12, 25, 26, 38, 39, 41]",16,1,1,2,2,[41],0.1069331127030224,0.36932123033444125,22.833333333333332
2025-09-10,random,v1.0.0,"[11, 25, 30, 35, 46, 49]",37,0,0,1,1,[],0.10745522698875469,0.37177617994345313,32.666666666666664
2025-09-10,ema_gap,v1.0.0,"[11, 25, 30, 35, 46, 49]",37,1,1,2,3,[49],0.1073650102736104,0.37211357368342535,22.166666666666668
2025-09-10,logistic,v1.0.0,"[11, 25, 30, 35, 46, 49]",37,0,0,1,1,[],0.10795315965561708,0.37377407029312854,26.666666666666668
2025-09-10,ensemble,v1.0.0,"[11, 25, 30, 35, 46, 49]",37,1,1,1,3,[49],0.10751284025660027,0.37234136877810664,22.333333333333332
2025-09-10,v2_statistical,v1.0.0,"[11, 25, 30, 35, 46, 49]",37,1,1,1,2,[49],0.11048244423631585,0.39069160334056063,26.666666666666668
2025-09-10,v3_boosting,v1.0.0,"[11, 25, 30, 35, 46, 49]",37,1,1,3,3,[46],0.10634258587888487,0.36773332786030416,20.333333333333332
2025-09-10,v4_ensemble,v1.0.0,"[11, 25, 30, 35, 46, 49]",37,1,1,2,3,[49],0.10746997695737577,0.3726113615047489,23.333333333333332
2025-09-13,random,v1.0.0,"[13, 21, 23, 33, 35, 45]",1,0,0,0,1,[],0.10745522698875466,0.37177617994345324,28.333333333333332
2025-09-13,ema_gap,v1.0.0,"[13, 21, 23, 33, 35, 45]",1,1,1,1,1,[35],0.11230919131638828,0.39646451127731713,32.5
2025-09-13,logistic,v1.0.0,"[13, 21, 23, 33, 35, 45]",1,1,1,2,4,[45],0.10572182526525575,0.36329256070924576,17.666666666666668
2025-09-13,ensemble,v1.0.0,"[13, 21, 23, 33, 35, 45]",1,2,2,2,3,"[13, 35]",0.1076716509901758,0.3728633647568357,24.5
2025-09-13,v2_statistical,v1.0.0,"[13, 21, 23, 33, 35, 45]",1,0,0,0,1,[],0.11215249844512937,0.388477385760901,28.666666666666668
2025-09-13,v3_boosting,v1.0.0,"[13, 21, 23, 33, 35, 45]",1,0,0,1,2,[],0.11133511674502988,0.38905340705795877,30.666666666666668
2025-09-13,v4_ensemble,v1.0.0,"[13, 21, 23, 33, 35, 45]",1,0,0,0,2,[],0.10981051739337669,0.3825230112282049,30.666666666666668
2025-09-17,random,v1.0.0,"[3, 12, 23, 27, 33, 45]",22,1,1,2,2,[3],0.10745522698875466,0.3717761799434532,23.833333333333332
2025-09-17,ema_gap,v1.0.0,"[3, 12, 23, 27, 33, 45]",22,0,0,1,1,[],0.11081870604609266,0.38695906179872275,29.333333333333332
2025-09-17,logistic,v1.0.0,"[3, 12, 23, 27, 33, 45]",22,0,0,1,1,[],0.10959854723410972,0.3820193009484068,34.333333333333336
2025-09-17,ensemble,v1.0.0,"[3, 12, 23, 27, 33, 45]",22,1,1,1,1,[12],0.10931807275421317,0.3805976455331671,33.833333333333336
2025-09-17,v2_statistical,v1.0.0,"[3, 12, 23, 27, 33, 45]",22,0,0,0,1,[],0.11261415267932466,0.3935753791772404,28.5
2025-09-17,v3_boosting,v1.0.0,"[3, 12, 23, 27, 33, 45]",22,0,0,0,2,[],0.11192231081622578,0.3909309716089052,30.166666666666668
2025-09-17,v4_ensemble,v1.0.0,"[3, 12, 23, 27, 33, 45]",22,0,0,1,1,[],0.11094304752435667,0.3881410609771267,31.666666666666668
2025-09-20,random,v1.0.0,"[7, 9, 19, 34, 39, 44]",38,0,0,2,2,[],0.10745522698875466,0.37177617994345324,25.333333333333332
2025-09-20,ema_gap,v1.0.0,"[7, 9, 19, 34, 39, 44]",38,0,0,1,1,[],0.10990098222028101,0.38230478656105965,26.666666666666668
2025-09-20,logistic,v1.0.0,"[7, 9, 19, 34, 39, 44]",38,2,2,2,4,"[9, 19]",0.10745641762755499,0.37274018852541985,22.0
2025-09-20,ensemble,v1.0.0,"[7, 9, 19, 34, 39, 44]",38,1,1,1,3,[9],0.10732647150488171,0.371178352651273,22.833333333333332
2025-09-20,v2_statistical,v1.0.0,"[7, 9, 19, 34, 39, 44]",38,0,0,3,3,[],0.10812077040543279,0.3748722097020476,22.0
2025-09-20,v3_boosting,v1.0.0,"[7, 9, 19, 34, 39, 44]",38,0,0,1,1,[],0.10813923386366346,0.3732054641132386,23.5
2025-09-20,v4_ensemble,v1.0.0,"[7, 9, 19, 34, 39, 44]",38,1,1,3,3,[7],0.10755133122331456,0.3723704564078291,22.166666666666668
2025-09-24,random,v1.0.0,"[9, 10, 12, 17, 46, 49]",30,0,0,3,4,[],0.10745522698875466,0.37177617994345336,23.833333333333332
2025-09-24,ema_gap,v1.0.0,"[9, 10, 12, 17, 46, 49]",30,3,3,4,4,"[12, 17, 49]",0.10191568509202452,0.3483566426432414,14.166666666666666
2025-09-24,logistic,v1.0.0,"[9, 10, 12, 17, 46, 49]",30,0,0,0,1,[],0.10844001551867848,0.37587949636239554,30.333333333333332
2025-09-24,ensemble,v1.0.0,"[9, 10, 12, 17, 46, 49]",30,2,2,4,5,"[12, 49]",0.10599844234307387,0.3650620292630758,13.833333333333334
2025-09-24,v2_statistical,v1.0.0,"[9, 10, 12, 17, 46, 49]",30,2,2,5,5,"[9, 49]",0.09754774689916992,0.331682289528463,12.666666666666666
2025-09-24,v3_boosting,v1.0.0,"[9, 10, 12, 17, 46, 49]",30,0,0,3,3,[],0.1084170569483681,0.37581707936971726,24.833333333333332
2025-09-24,v4_ensemble,v1.0.0,"[9, 10, 12, 17, 46, 49]",30,3,3,4,4,"[9, 17, 49]",0.10344065424807168,0.35397952476437067,13.5
2025-09-27,random,v1.0.0,"[1, 7, 15, 19, 36, 40]",47,1,1,2,3,[1],0.10745522698875466,0.37177617994345336,19.666666666666668
2025-09-27,ema_gap,v1.0.0,"[1, 7, 15, 19, 36, 40]",47,0,0,1,1,[],0.11061660993623203,0.3847958555913951,28.333333333333332
2025-09-27,logistic,v1.0.0,"[1, 7, 15, 19, 36, 40]",47,2,2,3,3,"[19, 40]",0.10600975407063437,0.3651537453332835,19.0
2025-09-27,ensemble,v1.0.0,"[1, 7, 15, 19, 36, 40]",47,0,0,3,3,[],0.10719613290968945,0.3703855285306985,21.5
2025-09-27,v2_statistical,v1.0.0,"[1, 7, 15, 19, 36, 40]",47,0,0,1,2,[],0.11036990450672099,0.382518255463974,25.5
2025-09-27,v3_boosting,v1.0.0,"[1, 7, 15, 19, 36, 40]",47,1,1,2,2,[19],0.10483320612475384,0.36408727333461505,22.833333333333332
2025-09-27,v4_ensemble,v1.0.0,"[1, 7, 15, 19, 36, 40]",47,2,2,2,3,"[7, 19]",0.10656757122374615,0.3687579680458098,22.833333333333332
2025-10-01,random,v1.0.0,"[26, 27, 30, 38, 47, 48]",43,0,0,0,0,[],0.10745522698875466,0.37177617994345313,36.0
2025-10-01,ema_gap,v1.0.0,"[26, 27, 30, 38, 47, 48]",43,0,0,1,1,[],0.11226942850988345,0.395530946134432,32.166666666666664
2025-10-01,logistic,v1.0.0,"[26, 27, 30, 38, 47, 48]",43,0,0,0,0,[],0.10892675188599545,0.3783983907436557,34.333333333333336
2025-10-01,ensemble,v1.0.0,"[26, 27, 30, 38, 47, 48]",43,0,0,0,1,[],0.10950568377382021,0.3814670832830818,34.5
2025-10-01,v2_statistical,v1.0.0,"[26, 27, 30, 38, 47, 48]",43,0,0,1,1,[],0.11560121613970155,0.4117738927689219,32.833333333333336
2025-10-01,v3_boosting,v1.0.0,"[26, 27, 30, 38, 47, 48]",43,1,1,1,1,[47],0.10729635436780789,0.37087885331931003,24.5
2025-10-01,v4_ensemble,v1.0.0,"[26, 27, 30, 38, 47, 48]",43,0,0,1,1,[],0.11014374952758921,0.3840245790384956,31.166666666666668
2025-10-04,random,v1.0.0,"[24, 31, 37, 41, 45, 46]",16,0,0,0,0,[],0.10745522698875466,0.37177617994345313,37.333333333333336
2025-10-04,ema_gap,v1.0.0,"[24, 31, 37, 41, 45, 46]",16,0,0,1,1,[],0.112000480861601,0.39262364389364557,31.5
2025-10-04,logistic,v1.0.0,"[24, 31, 37, 41, 45, 46]",16,1,1,2,2,[24],0.10674508619725323,0.36841921807952266,21.833333333333332
2025-10-04,ensemble,v1.0.0,"[24, 31, 37, 41, 45, 46]",16,0,0,2,3,[],0.10777828674821323,0.3732273595824282,24.333333333333332
2025-10-04,v2_statistical,v1.0.0,"[24, 31, 37, 41, 45, 46]",16,1,1,1,1,[46],0.11075739126095946,0.3824991233899416,24.0
2025-10-04,v3_boosting,v1.0.0,"[24, 31, 37, 41, 45, 46]",16,0,0,2,2,[],0.11117497963437022,0.3907663160653868,30.333333333333332
2025-10-04,v4_ensemble,v1.0.0,"[24, 31, 37, 41, 45, 46]",16,0,0,2,2,[],0.1094448298645864,0.38089166469538144,29.333333333333332
2025-10-08,random,v1.0.0,"[17, 22, 24, 40, 42, 46]",29,0,0,0,1,[],0.10745522698875466,0.37177617994345324,31.833333333333332
2025-10-08,ema_gap,v1.0.0,"[17, 22, 24, 40, 42, 46]",29,2,2,2,2,"[17, 46]",0.10596962263716617,0.3644924007509698,21.166666666666668
2025-10-08,logistic,v1.0.0,"[17, 22, 24, 40, 42, 46]",29,0,0,1,2,[],0.10757533156198959,0.3719114234684775,27.833333333333332
2025-10-08,ensemble,v1.0.0,"[17, 22, 24, 40, 42, 46]",29,1,1,2,2,[46],0.10664744514322533,0.3678482575984028,20.833333333333332
2025-10-08,v2_statistical,v1.0.0,"[17, 22, 24, 40, 42, 46]",29,2,2,3,3,"[17, 46]",0.10418567894625247,0.35598389881476455,19.0
2025-10-08,v3_boosting,v1.0.0,"[17, 22, 24, 40, 42, 46]",29,3,3,4,4,"[17, 22, 40]",0.10262381394649658,0.3524704991067686,14.833333333333334
2025-10-08,v4_ensemble,v1.0.0,"[17, 22, 24, 40, 42, 46]",29,2,2,3,4,"[17, 46]",0.10406093138841453,0.3572645228681021,17.333333333333332
2025-10-11,random,v1.0.0,"[5, 23, 25, 40, 41, 43]",34,1,1,1,1,[5],0.10745522698875466,0.3717761799434532,29.5
2025-10-11,ema_gap,v1.0.0,"[5, 23, 25, 40, 41, 43]",34,0,0,1,2,[],0.11067882589032897,0.3894583414057579,26.5
2025-10-11,logistic,v1.0.0,"[5, 23, 25, 40, 41, 43]",34,0,0,2,3,[],0.10697711596109072,0.36919848126741145,21.333333333333332
2025-10-11,ensemble,v1.0.0,"[5, 23, 25, 40, 41, 43]",34,1,1,2,2,[40],0.10790270025221,0.37408772930974854,26.333333333333332
2025-10-11,v2_statistical,v1.0.0,"[5, 23, 25, 40, 41, 43]",34,1,1,2,2,[40],0.11072914987117663,0.39140354286693746,26.833333333333332
2025-10-11,v3_boosting,v1.0.0,"[5, 23, 25, 40, 41, 43]",34,1,1,3,4,[5],0.10538064600940486,0.36184759363331204,18.0
2025-10-11,v4_ensemble,v1.0.0,"[5, 23, 25, 40, 41, 43]",34,1,1,2,2,[40],0.10731592053046472,0.37088500607036157,23.5
2025-10-15,random,v1.0.0,"[5, 10, 17, 26, 31, 32]",24,1,1,2,3,[5],0.10745522698875465,0.37177617994345336,20.166666666666668
2025-10-15,ema_gap,v1.0.0,"[5, 10, 17, 26, 31, 32]",24,1,1,1,2,[17],0.1082880207785758,0.37740658783893294,26.0
2025-10-15,logistic,v1.0.0,"[5, 10, 17, 26, 31, 32]",24,0,0,1,1,[],0.10853528578479803,0.3765526130936579,31.5
2025-10-15,ensemble,v1.0.0,"[5, 10, 17, 26, 31, 32]",24,1,1,1,2,[17],0.10790070958857118,0.37394486741713795,28.5
2025-10-15,v2_statistical,v1.0.0,"[5, 10, 17, 26, 31, 32]",24,1,1,1,2,[17],0.11106950396554291,0.385731050632622,25.666666666666668
2025-10-15,v3_boosting,v1.0.0,"[5, 10, 17, 26, 31, 32]",24,0,0,0,1,[],0.11005192355654389,0.38226012403928666,29.0
2025-10-15,v4_ensemble,v1.0.0,"[5, 10, 17, 26, 31, 32]",24,1,1,1,1,[17],0.10916102508886678,0.3793727871901014,27.833333333333332
2025-10-18,random,v1.0.0,"[9, 17, 21, 39, 41, 48]",28,0,0,1,2,[],0.10745522698875466,0.37177617994345324,29.166666666666668
2025-10-18,ema_gap,v1.0.0,"[9, 17, 21, 39, 41, 48]",28,2,2,3,4,"[17, 41]",0.10202449950060201,0.3504473241140009,16.666666666666668
2025-10-18,logistic,v1.0.0,"[9, 17, 21, 39, 41, 48]",28,0,0,2,3,[],0.10825268214779757,0.3760984737800364,25.833333333333332
2025-10-18,ensemble,v1.0.0,"[9, 17, 21, 39, 41, 48]",28,3,3,4,4,"[9, 17, 39]",0.10584410650290328,0.3645348667180059,15.833333333333334
2025-10-18,v2_statistical,v1.0.0,"[9, 17, 21, 39, 41, 48]",28,3,3,3,4,"[9, 17, 41]",0.0998333122602327,0.3416648059626726,15.833333333333334
2025-10-18,v3_boosting,v1.0.0,"[9, 17, 21, 39, 41, 48]",28,0,0,0,1,[],0.11241474706929591,0.393968705825678,34.0
2025-10-18,v4_ensemble,v1.0.0,"[9, 17, 21, 39, 41, 48]",28,2,2,3,4,"[17, 41]",0.10542195019313927,0.3635062795478885,19.333333333333332
2025-10-22,random,v1.0.0,"[2, 4, 7, 41, 45, 46]",13,2,2,3,3,"[2, 4]",0.10745522698875465,0.37177617994345336,24.166666666666668
2025-10-22,ema_gap,v1.0.0,"[2, 4, 7, 41, 45, 46]",13,2,2,3,3,"[41, 46]",0.10445144723332729,0.35782184126361893,18.0
2025-10-22,logistic,v1.0.0,"[2, 4, 7, 41, 45, 46]",13,0,0,2,3,[],0.1094433211628644,0.3821325073217814,27.666666666666668
2025-10-22,ensemble,v1.0.0,"[2, 4, 7, 41, 45, 46]",13,2,2,3,3,"[41, 46]",0.10696428368098404,0.3697478492837322,22.333333333333332
2025-10-22,v2_statistical,v1.0.0,"[2, 4, 7, 41, 45, 46]",13,2,2,3,3,"[41, 46]",0.10002245949630398,0.3389572000765221,14.833333333333334
2025-10-22,v3_boosting,v1.0.0,"[2, 4, 7, 41, 45, 46]",13,1,1,1,2,[4],0.10913308116111946,0.3790685855960692,28.0
2025-10-22,v4_ensemble,v1.0.0,"[2, 4, 7, 41, 45, 46]",13,2,2,2,3,"[41, 46]",0.10503584384677275,0.36077178925760855,18.5
2025-10-25,random,v1.0.0,"[6, 8, 19, 39, 43, 49]",46,1,1,2,2,[6],0.10745522698875466,0.37177617994345324,27.333333333333332
2025-10-25,ema_gap,v1.0.0,"[6, 8, 19, 39, 43, 49]",46,1,1,2,2,[39],0.11198488527178187,0.39418846263891627,30.666666666666668
2025-10-25,logistic,v1.0.0,"[6, 8, 19, 39, 43, 49]",46,2,2,4,5,"[8, 19]",0.10359469513794639,0.3539839368653608,10.5
2025-10-25,ensemble,v1.0.0,"[6, 8, 19, 39, 43, 49]",46,1,1,2,4,[39],0.10638478569447322,0.36673888703506075,17.666666666666668
2025-10-25,v2_statistical,v1.0.0,"[6, 8, 19, 39, 43, 49]",46,1,1,2,2,[49],0.11315112423956918,0.400940730253975,29.833333333333332
2025-10-25,v3_boosting,v1.0.0,"[6, 8, 19, 39, 43, 49]",46,1,1,4,4,[19],0.10455713170186605,0.35758047594673104,16.166666666666668
2025-10-25,v4_ensemble,v1.0.0,"[6, 8, 19, 39, 43, 49]",46,2,2,2,3,"[39, 49]",0.107098817838544,0.37094779715382525,23.0
2025-10-29,random,v1.0.0,"[2, 10, 27, 28, 35, 45]",14,1,1,2,2,[2],0.10745522698875466,0.37177617994345313,24.5
2025-10-29,ema_gap,v1.0.0,"[2, 10, 27, 28, 35, 45]",14,0,0,1,2,[],0.11117608210485186,0.3861099522002997,28.0
2025-10-29,logistic,v1.0.0,"[2, 10, 27, 28, 35, 45]",14,0,0,2,3,[],0.10692868131859427,0.36902947184531,21.0
2025-10-29,ensemble,v1.0.0,"[2, 10, 27, 28, 35, 45]",14,0,0,1,3,[],0.1079608342955444,0.37389908530873095,27.0
2025-10-29,v2_statistical,v1.0.0,"[2, 10, 27, 28, 35, 45]",14,0,0,0,1,[],0.1149213077411592,0.4014604899942191,28.666666666666668
2025-10-29,v3_boosting,v1.0.0,"[2, 10, 27, 28, 35, 45]",14,0,0,2,3,[],0.10748309767332472,0.37214582339220875,20.333333333333332
2025-10-29,v4_ensemble,v1.0.0,"[2, 10, 27, 28, 35, 45]",14,0,0,1,1,[],0.10922838702048432,0.37873959047319655,27.833333333333332
2025-11-01,random,v1.0.0,"[21, 22, 27, 33, 34, 44]",13,0,0,0,0,[],0.10745522698875466,0.3717761799434532,30.166666666666668
2025-11-01,ema_gap,v1.0.0,"[21, 22, 27, 33, 34, 44]",13,0,0,0,0,[],0.11305717424599611,0.39525679679930714,32.0
2025-11-01,logistic,v1.0.0,"[21, 22, 27, 33, 34, 44]",13,1,1,1,1,[22],0.10755720053176486,0.371876415531433,26.666666666666668
2025-11-01,ensemble,v1.0.0,"[21, 22, 27, 33, 34, 44]",13,0,0,1,1,[],0.10873047223836096,0.377623216034312,32.666666666666664
2025-11-01,v2_statistical,v1.0.0,"[21, 22, 27, 33, 34, 44]",13,0,0,0,2,[],0.11357393470174061,0.39387992031142977,27.333333333333332
2025-11-01,v3_boosting,v1.0.0,"[21, 22, 27, 33, 34, 44]",13,2,2,3,3,"[22, 27]",0.10383864233230133,0.35514362209957473,17.0
2025-11-01,v4_ensemble,v1.0.0,"[21, 22, 27, 33, 34, 44]",13,0,0,1,2,[],0.10808596912755128,0.37377233638840185,26.166666666666668
2025-11-05,random,v1.0.0,"[5, 16, 17, 30, 35, 46]",6,1,1,1,3,[5],0.10745522698875465,0.37177617994345336,24.833333333333332
2025-11-05,ema_gap,v1.0.0,"[5, 16, 17, 30, 35, 46]",6,2,2,3,3,"[17, 46]",0.10418719162288001,0.36309811692570587,20.833333333333332
2025-11-05,logistic,v1.0.0,"[5, 16, 17, 30, 35, 46]",6,0,0,3,3,[],0.10671806905745927,0.368296222838318,20.833333333333332
2025-11-05,ensemble,v1.0.0,"[5, 16, 17, 30, 35, 46]",6,2,2,2,3,"[17, 46]",0.10637250657141352,0.3673648498653314,20.833333333333332
2025-11-05,v2_statistical,v1.0.0,"[5, 16, 17, 30, 35, 46]",6,2,2,3,3,"[17, 46]",0.10535071823111526,0.36961094555345614,22.0
2025-11-05,v3_boosting,v1.0.0,"[5, 16, 17, 30, 35, 46]",6,2,2,2,3,"[5, 30]",0.10565460560963794,0.36439259101375665,20.833333333333332
2025-11-05,v4_ensemble,v1.0.0,"[5, 16, 17, 30, 35, 46]",6,2,2,3,3,"[17, 46]",0.10495018073811206,0.3617647472340827,18.833333333333332
2025-11-08,random,v1.0.0,"[12, 15, 16, 21, 29, 47]",35,0,0,1,3,[],0.10745522698875465,0.37177617994345336,23.333333333333332
2025-11-08,ema_gap,v1.0.0,"[12, 15, 16, 21, 29, 47]",35,0,0,0,1,[],0.11494400516790208,0.4083925266971735,35.166666666666664
2025-11-08,logistic,v1.0.0,"[12, 15, 16, 21, 29, 47]",35,0,0,1,2,[],0.10772527709016343,0.37279214112916764,25.5
2025-11-08,ensemble,v1.0.0,"[12, 15, 16, 21, 29, 47]",35,0,0,0,1,[],0.109880246244698,0.38340080865505605,38.166666666666664
2025-11-08,v2_statistical,v1.0.0,"[12, 15, 16, 21, 29, 47]",35,0,0,0,0,[],0.1196098365808701,0.43334700898671413,37.5
2025-11-08,v3_boosting,v1.0.0,"[12, 15, 16, 21, 29, 47]",35,1,1,2,4,[21],0.1065823644422668,0.3671967538783192,21.166666666666668
2025-11-08,v4_ensemble,v1.0.0,"[12, 15, 16, 21, 29, 47]",35,0,0,1,1,[],0.11104631081232579,0.38922654516308536,35.166666666666664
2025-11-12,random,v1.0.0,"[2, 6, 7, 38, 39, 41]",49,2,2,3,3,"[2, 6]",0.10745522698875466,0.37177617994345336,22.166666666666668
2025-11-12,ema_gap,v1.0.0,"[2, 6, 7, 38, 39, 41]",49,1,1,4,5,[41],0.10300884000863081,0.35096902587082723,14.5
2025-11-12,logistic,v1.0.0,"[2, 6, 7, 38, 39, 41]",49,1,1,2,2,[38],0.10850044180261804,0.37687786160877784,29.833333333333332
2025-11-12,ensemble,v1.0.0,"[2, 6, 7, 38, 39, 41]",49,1,1,3,4,[41],0.10619043288748317,0.3658538882675319,16.5
2025-11-12,v2_statistical,v1.0.0,"[2, 6, 7, 38, 39, 41]",49,1,1,4,5,[41],0.10223414861513813,0.34749766429528467,15.333333333333334
2025-11-12,v3_boosting,v1.0.0,"[2, 6, 7, 38, 39, 41]",49,0,0,0,0,[],0.10996792736044149,0.38272490677671533,31.5
2025-11-12,v4_ensemble,v1.0.0,"[2, 6, 7, 38, 39, 41]",49,1,1,3,5,[41],0.10553925654662613,0.3626833719699896,16.5
2025-11-15,random,v1.0.0,"[1, 5, 8, 25, 42, 47]",44,2,2,3,3,"[1, 5]",0.10745522698875466,0.37177617994345336,21.333333333333332
2025-11-15,ema_gap,v1.0.0,"[1, 5, 8, 25, 42, 47]",44,0,0,1,1,[],0.11359265221095255,0.39865381189175153,32.0
2025-11-15,logistic,v1.0.0,"[1, 5, 8, 25, 42, 47]",44,1,1,2,4,[1],0.10502680638627401,0.36039869934962354,13.5
2025-11-15,ensemble,v1.0.0,"[1, 5, 8, 25, 42, 47]",44,0,0,0,1,[],0.10796117549107388,0.3738255764888593,27.333333333333332
2025-11-15,v2_statistical,v1.0.0,"[1, 5, 8, 25, 42, 47]",44,0,0,0,0,[],0.11797550768121554,0.42135826958092315,34.0
2025-11-15,v3_boosting,v1.0.0,"[1, 5, 8, 25, 42, 47]",44,1,1,2,3,[8],0.10475327930039088,0.3576079177200642,15.333333333333334
2025-11-15,v4_ensemble,v1.0.0,"[1, 5, 8, 25, 42, 47]",44,0,0,1,1,[],0.10928267139610177,0.3790074466550983,27.0
2025-11-19,random,v1.0.0,"[14, 17, 28, 31, 42, 48]",5,0,0,0,2,[],0.10745522698875466,0.3717761799434532,30.0
2025-11-19,ema_gap,v1.0.0,"[14, 17, 28, 31, 42, 48]",5,1,1,1,2,[17],0.1083366494417797,0.37854228834843273,27.333333333333332
2025-11-19,logistic,v1.0.0,"[14, 17, 28, 31, 42, 48]",5,2,2,3,3,"[17, 28]",0.10654899293414408,0.36757079647264057,18.833333333333332
2025-11-19,ensemble,v1.0.0,"[14, 17, 28, 31, 42, 48]",5,1,1,1,3,[17],0.10709810794714408,0.3704964031932776,23.333333333333332
2025-11-19,v2_statistical,v1.0.0,"[14, 17, 28, 31, 42, 48]",5,1,1,1,2,[17],0.10997874265922303,0.38767615809370004,26.333333333333332
2025-11-19,v3_boosting,v1.0.0,"[14, 17, 28, 31, 42, 48]",5,0,0,3,3,[],0.1095046686183317,0.38134978423997057,26.0
2025-11-19,v4_ensemble,v1.0.0,"[14, 17, 28, 31, 42, 48]",5,1,1,1,2,[17],0.10807493248282535,0.37549536860976435,25.833333333333332
2025-11-22,random,v1.0.0,"[11, 14, 19, 24, 45, 48]",39,0,0,1,2,[],0.10745522698875466,0.37177617994345336,26.833333333333332
2025-11-22,ema_gap,v1.0.0,"[11, 14, 19, 24, 45, 48]",39,0,0,0,1,[],0.11283505415129493,0.39381304235115955,31.833333333333332
2025-11-22,logistic,v1.0.0,"[11, 14, 19, 24, 45, 48]",39,0,0,0,2,[],0.10731408220439055,0.37013590825783876,24.666666666666668
2025-11-22,ensemble,v1.0.0,"[11, 14, 19, 24, 45, 48]",39,0,0,0,1,[],0.1085627457091386,0.3768375853691213,32.0
2025-11-22,v2_statistical,v1.0.0,"[11, 14, 19, 24, 45, 48]",39,0,0,1,1,[],0.1158037718487781,0.4102928191406866,33.166666666666664
2025-11-22,v3_boosting,v1.0.0,"[11, 14, 19, 24, 45, 48]",39,1,1,2,3,[24],0.10906204473849657,0.37925971053076646,24.666666666666668
2025-11-22,v4_ensemble,v1.0.0,"[11, 14, 19, 24, 45, 48]",39,0,0,0,0,[],0.1103155240927781,0.3847525074163111,35.333333333333336
2025-11-26,random,v1.0.0,"[11, 23, 28, 30, 44, 45]",42,0,0,1,1,[],0.10745522698875466,0.37177617994345313,30.166666666666668
2025-11-26,ema_gap,v1.0.0,"[11, 23, 28, 30, 44, 45]",42,0,0,0,2,[],0.11141838019524718,0.3867371091192922,28.833333333333332
2025-11-26,logistic,v1.0.0,"[11, 23, 28, 30, 44, 45]",42,0,0,2,3,[],0.1075036213923585,0.37193688119415375,24.166666666666668
2025-11-26,ensemble,v1.0.0,"[11, 23, 28, 30, 44, 45]",42,0,0,0,0,[],0.10865080989283216,0.37700644150877033,31.666666666666668
2025-11-26,v2_statistical,v1.0.0,"[11, 23, 28, 30, 44, 45]",42,0,0,0,2,[],0.11542851766928373,0.40643633617484154,32.0
2025-11-26,v3_boosting,v1.0.0,"[11, 23, 28, 30, 44, 45]",42,1,1,1,2,[30],0.11153683760693948,0.3914530155675826,29.166666666666668
2025-11-26,v4_ensemble,v1.0.0,"[11, 23, 28, 30, 44, 45]",42,0,0,0,0,[],0.11103773860930607,0.38739050410170517,33.333333333333336
2025-11-29,random,v1.0.0,"[5, 6, 9, 29, 42, 45]",2,2,2,3,3,"[5, 6]",0.10745522698875465,0.37177617994345336,22.666666666666668
2025-11-29,ema_gap,v1.0.0,"[5, 6, 9, 29, 42, 45]",2,1,1,2,4,[45],0.1083738840461751,0.37485396609420835,22.166666666666668
2025-11-29,logistic,v1.0.0,"[5, 6, 9, 29, 42, 45]",2,1,1,2,2,[9],0.10806929941082957,0.374722720468786,26.833333333333332
2025-11-29,ensemble,v1.0.0,"[5, 6, 9, 29, 42, 45]",2,1,1,1,2,[9],0.10786571900124288,0.3738105858649629,28.166666666666668
2025-11-29,v2_statistical,v1.0.0,"[5, 6, 9, 29, 42, 45]",2,1,1,1,3,[45],0.10970005630190917,0.38743952468393306,25.166666666666668
2025-11-29,v3_boosting,v1.0.0,"[5, 6, 9, 29, 42, 45]",2,0,0,1,1,[],0.1111488369212271,0.3886529594489161,30.166666666666668
2025-11-29,v4_ensemble,v1.0.0,"[5, 6, 9, 29, 42, 45]",2,0,0,2,3,[],0.10878103307082135,0.37844339112249586,27.0
2025-12-03,random,v1.0.0,"[1, 3, 13, 25, 38, 49]",6,2,2,2,3,"[1, 3]",0.10745522698875466,0.37177617994345336,21.5
2025-12-03,ema_gap,v1.0.0,"[1, 3, 13, 25, 38, 49]",6,0,0,0,2,[],0.11180491558980907,0.39069523309718046,30.0
2025-12-03,logistic,v1.0.0,"[1, 3, 13, 25, 38, 49]",6,0,0,0,1,[],0.10891814183445023,0.378709130354278,31.333333333333332
2025-12-03,ensemble,v1.0.0,"[1, 3, 13, 25, 38, 49]",6,0,0,1,2,[],0.10886029063764699,0.37832472109886484,31.333333333333332
2025-12-03,v2_statistical,v1.0.0,"[1, 3, 13, 25, 38, 49]",6,0,0,1,2,[],0.11517832161830609,0.40640507714884655,31.166666666666668
2025-12-03,v3_boosting,v1.0.0,"[1, 3, 13, 25, 38, 49]",6,0,0,0,0,[],0.11393759692256474,0.3994277221957085,34.333333333333336
2025-12-03,v4_ensemble,v1.0.0,"[1, 3, 13, 25, 38, 49]",6,0,0,0,1,[],0.1121531099509618,0.3930315975612883,36.166666666666664
2025-12-06,random,v1.0.0,"[9, 11, 15, 38, 39, 44]",21,0,0,2,3,[],0.10745522698875466,0.37177617994345336,26.0
2025-12-06,ema_gap,v1.0.0,"[9, 11, 15, 38, 39, 44]",21,1,1,3,4,[38],0.10412934368888878,0.354323922014916,14.5
2025-12-06,logistic,v1.0.0,"[9, 11, 15, 38, 39, 44]",21,1,1,2,2,[38],0.10733794605510649,0.3710669800808004,24.0
2025-12-06,ensemble,v1.0.0,"[9, 11, 15, 38, 39, 44]",21,2,2,3,4,"[9, 38]",0.10600889212498034,0.36521997456636934,16.5
2025-12-06,v2_statistical,v1.0.0,"[9, 11, 15, 38, 39, 44]",21,1,1,3,4,[9],0.10448314067764915,0.3534125599088948,16.0
2025-12-06,v3_boosting,v1.0.0,"[9, 11, 15, 38, 39, 44]",21,0,0,0,1,[],0.11161533511304624,0.38891271562939494,31.0
2025-12-06,v4_ensemble,v1.0.0,"[9, 11, 15, 38, 39, 44]",21,2,2,3,3,"[9, 38]",0.10644561432486022,0.36706375791284956,20.333333333333332
2025-12-10,random,v1.0.0,"[9, 11, 13, 30, 40, 43]",21,0,0,2,3,[],0.10745522698875465,0.37177617994345336,24.333333333333332
2025-12-10,ema_gap,v1.0.0,"[9, 11, 13, 30, 40, 43]",21,1,1,2,2,[9],0.10905008305442607,0.37995507768656483,25.833333333333332
2025-12-10,logistic,v1.0.0,"[9, 11, 13, 30, 40, 43]",21,0,0,1,3,[],0.10850483741225181,0.3770596425819702,27.5
2025-12-10,ensemble,v1.0.0,"[9, 11, 13, 30, 40, 43]",21,0,0,2,3,[],0.10799041951436343,0.37421738784379205,26.333333333333332
2025-12-10,v2_statistical,v1.0.0,"[9, 11, 13, 30, 40, 43]",21,1,1,1,3,[9],0.10983514681354409,0.3842957075608224,25.833333333333332
2025-12-10,v3_boosting,v1.0.0,"[9, 11, 13, 30, 40, 43]",21,1,1,1,3,[11],0.10792220103640185,0.371389133553088,20.666666666666668
2025-12-10,v4_ensemble,v1.0.0,"[9, 11, 13, 30, 40, 43]",21,1,1,2,2,[9],0.10783775078527393,0.3732011952169207,25.166666666666668
2025-12-13,random,v1.0.0,"[13, 14, 21, 23, 26, 49]",41,0,0,0,2,[],0.10745522698875466,0.37177617994345324,24.333333333333332
2025-12-13,ema_gap,v1.0.0,"[13, 14, 21, 23, 26, 49]",41,0,0,1,2,[],0.10872808271078405,0.3744125038952135,22.833333333333332
2025-12-13,logistic,v1.0.0,"[13, 14, 21, 23, 26, 49]",41,0,0,2,3,[],0.10692428651553809,0.3688066499588264,20.666666666666668
2025-12-13,ensemble,v1.0.0,"[13, 14, 21, 23, 26, 49]",41,2,2,2,2,"[13, 49]",0.10714097060151719,0.370213411581441,23.333333333333332
2025-12-13,v2_statistical,v1.0.0,"[13, 14, 21, 23, 26, 49]",41,0,0,1,1,[],0.11225923988305857,0.3885864181151649,25.166666666666668
2025-12-13,v3_boosting,v1.0.0,"[13, 14, 21, 23, 26, 49]",41,0,0,2,2,[],0.11017106201074252,0.3819550373406966,26.5
2025-12-13,v4_ensemble,v1.0.0,"[13, 14, 21, 23, 26, 49]",41,0,0,0,1,[],0.10896043480452816,0.3779491879971814,27.0
2025-12-17,random,v1.0.0,"[8, 17, 35, 36, 37, 45]",32,0,0,1,2,[],0.10745522698875466,0.3717761799434531,29.666666666666668
2025-12-17,ema_gap,v1.0.0,"[8, 17, 35, 36, 37, 45]",32,1,1,2,2,[17],0.10713821398494491,0.3719254292593282,24.166666666666668
2025-12-17,logistic,v1.0.0,"[8, 17, 35, 36, 37, 45]",32,0,0,1,2,[],0.10830203245264951,0.3754911360863617,29.666666666666668
2025-12-17,ensemble,v1.0.0,"[8, 17, 35, 36, 37, 45]",32,1,1,2,2,[17],0.10729883291943837,0.37117425527546866,25.0
2025-12-17,v2_statistical,v1.0.0,"[8, 17, 35, 36, 37, 45]",32,2,2,2,2,"[17, 45]",0.10707183525198419,0.37157117122952915,23.333333333333332
2025-12-17,v3_boosting,v1.0.0,"[8, 17, 35, 36, 37, 45]",32,0,0,1,2,[],0.11020422994385597,0.38322970063281114,27.5
2025-12-17,v4_ensemble,v1.0.0,"[8, 17, 35, 36, 37, 45]",32,1,1,2,2,[17],0.10765611479351993,0.3725327172148253,25.0
2025-12-20,random,v1.0.0,"[13, 22, 24, 28, 29, 46]",16,0,0,0,1,[],0.10745522698875466,0.3717761799434532,27.0
2025-12-20,ema_gap,v1.0.0,"[13, 22, 24, 28, 29, 46]",16,0,0,2,2,[],0.11060372868789141,0.38447675072915005,28.166666666666668
2025-12-20,logistic,v1.0.0,"[13, 22, 24, 28, 29, 46]",16,1,1,2,3,[13],0.10637237778873296,0.3666629617243053,19.166666666666668
2025-12-20,ensemble,v1.0.0,"[13, 22, 24, 28, 29, 46]",16,1,1,1,1,[13],0.10744652485510764,0.3717211709992426,27.333333333333332
2025-12-20,v2_statistical,v1.0.0,"[13, 22, 24, 28, 29, 46]",16,0,0,0,2,[],0.114059554121017,0.4014341154650225,30.166666666666668
2025-12-20,v3_boosting,v1.0.0,"[13, 22, 24, 28, 29, 46]",16,1,1,1,2,[24],0.11002886869623763,0.38228598040027295,27.5
2025-12-20,v4_ensemble,v1.0.0,"[13, 22, 24, 28, 29, 46]",16,0,0,0,1,[],0.10966151692657457,0.3812929157638309,29.833333333333332
2025-12-24,random,v1.0.0,"[2, 19, 20, 22, 42, 47]",35,1,1,1,1,[2],0.10745522698875465,0.37177617994345324,25.333333333333332
2025-12-24,ema_gap,v1.0.0,"[2, 19, 20, 22, 42, 47]",35,0,0,0,3,[],0.11308658916598778,0.39934570059679253,30.0
2025-12-24,logistic,v1.0.0,"[2, 19, 20, 22, 42, 47]",35,1,1,2,3,[47],0.10675358388359288,0.3685134064984781,21.833333333333332
2025-12-24,ensemble,v1.0.0,"[2, 19, 20, 22, 42, 47]",35,0,0,1,2,[],0.1082188247995978,0.37527383699853206,26.5
2025-12-24,v2_statistical,v1.0.0,"[2, 19, 20, 22, 42, 47]",35,0,0,2,3,[],0.112540337845796,0.39204076485006445,26.0
2025-12-24,v3_boosting,v1.0.0,"[2, 19, 20, 22, 42, 47]",35,0,0,1,4,[],0.10776897316283313,0.37039401116632464,19.833333333333332
2025-12-24,v4_ensemble,v1.0.0,"[2, 19, 20, 22, 42, 47]",35,0,0,1,3,[],0.10904727044913348,0.37833036779208395,27.166666666666668
2025-12-27,random,v1.0.0,"[2, 8, 23, 28, 29, 36]",13,1,1,2,2,[2],0.10745522698875463,0.3717761799434532,21.0
2025-12-27,ema_gap,v1.0.0,"[2, 8, 23, 28, 29, 36]",13,0,0,1,3,[],0.10777190138562133,0.3700227235359284,21.333333333333332
2025-12-27,logistic,v1.0.0,"[2, 8, 23, 28, 29, 36]",13,1,1,2,3,[8],0.10660606044033236,0.368185064801966,22.333333333333332
2025-12-27,ensemble,v1.0.0,"[2, 8, 23, 28, 29, 36]",13,1,1,3,3,[8],0.10695825691472417,0.3695130361817688,21.666666666666668
2025-12-27,v2_statistical,v1.0.0,"[2, 8, 23, 28, 29, 36]",13,0,0,0,3,[],0.1113382350659426,0.38268191151495534,24.166666666666668
2025-12-27,v3_boosting,v1.0.0,"[2, 8, 23, 28, 29, 36]",13,1,1,1,4,[36],0.106112099356929,0.3637152466242189,18.5
2025-12-27,v4_ensemble,v1.0.0,"[2, 8, 23, 28, 29, 36]",13,0,0,2,2,[],0.10714485545731622,0.3690989575391127,21.333333333333332
2025-12-31,random,v1.0.0,"[1, 6, 10, 21, 39, 40]",28,2,2,3,3,"[1, 6]",0.10745522698875465,0.37177617994345336,19.5
2025-12-31,ema_gap,v1.0.0,"[1, 6, 10, 21, 39, 40]",28,0,0,0,1,[],0.1119403637154008,0.39167332689285805,31.166666666666668
2025-12-31,logistic,v1.0.0,"[1, 6, 10, 21, 39, 40]",28,0,0,1,1,[],0.10715061958089957,0.3701185492802327,23.333333333333332
2025-12-31,ensemble,v1.0.0,"[1, 6, 10, 21, 39, 40]",28,0,0,1,2,[],0.10848751983215661,0.3765496719048772,29.0
2025-12-31,v2_statistical,v1.0.0,"[1, 6, 10, 21, 39, 40]",28,0,0,0,2,[],0.11573757629732928,0.41187886277522234,32.5
2025-12-31,v3_boosting,v1.0.0,"[1, 6, 10, 21, 39, 40]",28,0,0,0,1,[],0.11142986785185595,0.3883860538891018,31.166666666666668
2025-12-31,v4_ensemble,v1.0.0,"[1, 6, 10, 21, 39, 40]",28,0,0,1,1,[],0.11128792190018302,0.3899278762660105,35.333333333333336
