target_draw_date,model_name,model_version,actual,bonus,final_6_hits,top_6_hits,top_12_hits,top_18_hits,matched_final,brier_score,log_loss,mean_actual_rank
2020-01-01,random,v1.0.0,"[11, 23, 30, 35, 39, 43]",34,0,0,1,1,[],0.10745522698875466,0.37177617994345313,30.166666666666668
2020-01-01,long_frequency,v1.0.0,"[11, 23, 30, 35, 39, 43]",34,1,1,1,2,[43],0.10776139415018818,0.3731712008535938,29.166666666666668
2020-01-01,recent_frequency,v1.0.0,"[11, 23, 30, 35, 39, 43]",34,0,0,1,1,[],0.10867153019575176,0.3769609244074306,27.833333333333332
2020-01-01,ema_gap,v1.0.0,"[11, 23, 30, 35, 39, 43]",34,0,0,0,1,[],0.11370545920021283,0.39834734316977966,32.5
2020-01-01,logistic,v1.0.0,"[11, 23, 30, 35, 39, 43]",34,0,0,2,3,[],0.10656784613375547,0.3671406397962152,19.5
2020-01-01,ensemble,v1.0.0,"[11, 23, 30, 35, 39, 43]",34,0,0,1,2,[],0.10825619606263519,0.37528063230894615,28.166666666666668
2020-01-04,random,v1.0.0,"[23, 24, 36, 42, 45, 46]",21,0,0,0,0,[],0.10745522698875466,0.37177617994345313,36.0
2020-01-04,long_frequency,v1.0.0,"[23, 24, 36, 42, 45, 46]",21,1,1,2,4,[45],0.10675778789672852,0.3685363498725413,17.0
2020-01-04,recent_frequency,v1.0.0,"[23, 24, 36, 42, 45, 46]",21,0,0,2,2,[],0.1081641016243232,0.37470167968932244,26.666666666666668
2020-01-04,ema_gap,v1.0.0,"[23, 24, 36, 42, 45, 46]",21,1,1,3,3,[45],0.10446845659315052,0.3596166829473072,19.333333333333332
2020-01-04,logistic,v1.0.0,"[23, 24, 36, 42, 45, 46]",21,2,2,3,4,"[36, 45]",0.10406154383257858,0.3561516908614001,13.333333333333334
2020-01-04,ensemble,v1.0.0,"[23, 24, 36, 42, 45, 46]",21,1,1,3,4,[45],0.10507496589581229,0.36111995638789884,16.333333333333332
2020-01-08,random,v1.0.0,"[2, 5, 19, 44, 48, 49]",24,2,2,2,2,"[2, 5]",0.10745522698875466,0.37177617994345324,27.833333333333332
2020-01-08,long_frequency,v1.0.0,"[2, 5, 19, 44, 48, 49]",24,0,0,0,1,[],0.10779677190517784,0.37328613112913533,27.0
2020-01-08,recent_frequency,v1.0.0,"[2, 5, 19, 44, 48, 49]",24,1,1,3,4,[19],0.10521063223656811,0.36110057244987864,16.333333333333332
2020-01-08,ema_gap,v1.0.0,"[2, 5, 19, 44, 48, 49]",24,1,1,2,3,[2],0.10712791033126708,0.3678653378066905,19.166666666666668
2020-01-08,logistic,v1.0.0,"[2, 5, 19, 44, 48, 49]",24,1,1,2,2,[2],0.1073373549673222,0.37078858508452656,20.833333333333332
2020-01-08,ensemble,v1.0.0,"[2, 5, 19, 44, 48, 49]",24,1,1,3,4,[2],0.10674180761612882,0.36800987381579026,19.166666666666668
2020-01-11,random,v1.0.0,"[2, 3, 7, 18, 24, 26]",6,2,2,3,4,"[2, 3]",0.10745522698875465,0.37177617994345336,13.333333333333334
2020-01-11,long_frequency,v1.0.0,"[2, 3, 7, 18, 24, 26]",6,0,0,0,0,[],0.10791637954787402,0.37384645449139575,29.0
2020-01-11,recent_frequency,v1.0.0,"[2, 3, 7, 18, 24, 26]",6,0,0,1,3,[],0.10718891795085382,0.3701221279777641,21.0
2020-01-11,ema_gap,v1.0.0,"[2, 3, 7, 18, 24, 26]",6,2,2,3,3,"[2, 24]",0.10735110719881645,0.37462897928207345,23.333333333333332
2020-01-11,logistic,v1.0.0,"[2, 3, 7, 18, 24, 26]",6,0,0,0,1,[],0.108549546812508,0.3764165046645108,31.5
2020-01-11,ensemble,v1.0.0,"[2, 3, 7, 18, 24, 26]",6,0,0,3,3,[],0.10763572863348574,0.3724709527908229,24.0
2020-01-15,random,v1.0.0,"[1, 17, 23, 25, 26, 34]",24,1,1,1,2,[1],0.10745522698875466,0.3717761799434532,21.0
2020-01-15,long_frequency,v1.0.0,"[1, 17, 23, 25, 26, 34]",24,1,1,1,2,[34],0.10771957096001664,0.3730063706221424,29.166666666666668
2020-01-15,recent_frequency,v1.0.0,"[1, 17, 23, 25, 26, 34]",24,0,0,0,0,[],0.10963495876718034,0.3808589584873827,29.833333333333332
2020-01-15,ema_gap,v1.0.0,"[1, 17, 23, 25, 26, 34]",24,0,0,0,0,[],0.11341831235141628,0.396384185119939,32.5
2020-01-15,logistic,v1.0.0,"[1, 17, 23, 25, 26, 34]",24,0,0,1,1,[],0.10853406610494665,0.37657596910010344,31.0
2020-01-15,ensemble,v1.0.0,"[1, 17, 23, 25, 26, 34]",24,0,0,0,0,[],0.10927216567543643,0.38016728641790326,37.166666666666664
2020-01-18,random,v1.0.0,"[2, 5, 10, 18, 26, 30]",36,2,2,3,4,"[2, 5]",0.10745522698875465,0.37177617994345336,15.166666666666666
2020-01-18,long_frequency,v1.0.0,"[2, 5, 10, 18, 26, 30]",36,0,0,0,0,[],0.10828802477146611,0.37560291057262346,34.333333333333336
2020-01-18,recent_frequency,v1.0.0,"[2, 5, 10, 18, 26, 30]",36,0,0,1,3,[],0.10694401999167014,0.36827547379266623,21.166666666666668
2020-01-18,ema_gap,v1.0.0,"[2, 5, 10, 18, 26, 30]",36,2,2,2,2,"[2, 18]",0.10566858950179767,0.36352765798618647,21.333333333333332
2020-01-18,logistic,v1.0.0,"[2, 5, 10, 18, 26, 30]",36,0,0,1,1,[],0.10823340638438743,0.37475606727534977,27.5
2020-01-18,ensemble,v1.0.0,"[2, 5, 10, 18, 26, 30]",36,1,1,2,2,[2],0.10717622540455285,0.37036082790002156,23.666666666666668
2020-01-22,random,v1.0.0,"[2, 10, 27, 30, 39, 43]",21,1,1,2,2,[2],0.10745522698875466,0.37177617994345313,25.166666666666668
2020-01-22,long_frequency,v1.0.0,"[2, 10, 27, 30, 39, 43]",21,1,1,2,2,[43],0.10726501127534566,0.3708404144333822,22.5
2020-01-22,recent_frequency,v1.0.0,"[2, 10, 27, 30, 39, 43]",21,1,1,2,3,[2],0.10696165264473136,0.3694298268389455,21.5
2020-01-22,ema_gap,v1.0.0,"[2, 10, 27, 30, 39, 43]",21,1,1,2,3,[2],0.10523964518147355,0.3640000770142663,20.0
2020-01-22,logistic,v1.0.0,"[2, 10, 27, 30, 39, 43]",21,1,1,1,1,[43],0.10871638795236396,0.37797112884438605,29.666666666666668
2020-01-22,ensemble,v1.0.0,"[2, 10, 27, 30, 39, 43]",21,2,2,2,2,"[2, 43]",0.10723685220135883,0.370596289828462,22.0
2020-01-25,random,v1.0.0,"[8, 20, 21, 30, 32, 48]",31,0,0,1,1,[],0.10745522698875466,0.37177617994345324,26.5
2020-01-25,long_frequency,v1.0.0,"[8, 20, 21, 30, 32, 48]",31,1,1,1,2,[20],0.10739496147548452,0.37142395873490797,23.666666666666668
2020-01-25,recent_frequency,v1.0.0,"[8, 20, 21, 30, 32, 48]",31,0,0,1,2,[],0.10868475468554771,0.3774971019715761,27.5
2020-01-25,ema_gap,v1.0.0,"[8, 20, 21, 30, 32, 48]",31,0,0,2,2,[],0.11140693653378955,0.38927103827080284,28.333333333333332
2020-01-25,logistic,v1.0.0,"[8, 20, 21, 30, 32, 48]",31,0,0,1,2,[],0.10780962030668181,0.37339027579098555,26.0
2020-01-25,ensemble,v1.0.0,"[8, 20, 21, 30, 32, 48]",31,1,1,1,1,[48],0.1083469723537764,0.37564450938709054,28.166666666666668
2020-01-29,random,v1.0.0,"[3, 14, 16, 23, 41, 43]",29,1,1,1,3,[3],0.10745522698875463,0.37177617994345336,23.333333333333332
2020-01-29,long_frequency,v1.0.0,"[3, 14, 16, 23, 41, 43]",29,1,1,2,3,[43],0.10759617153098724,0.3724896107992524,23.0
2020-01-29,recent_frequency,v1.0.0,"[3, 14, 16, 23, 41, 43]",29,2,2,2,4,"[41, 43]",0.10624165264473136,0.36605859260997825,19.333333333333332
2020-01-29,ema_gap,v1.0.0,"[3, 14, 16, 23, 41, 43]",29,0,0,1,4,[],0.10825709004904799,0.37325779608861415,21.666666666666668
2020-01-29,logistic,v1.0.0,"[3, 14, 16, 23, 41, 43]",29,1,1,1,1,[14],0.10698065540066241,0.36941464926942674,24.0
2020-01-29,ensemble,v1.0.0,"[3, 14, 16, 23, 41, 43]",29,1,1,2,2,[43],0.10683279659081825,0.3687964254625103,19.666666666666668
2020-02-01,random,v1.0.0,"[13, 21, 35, 40, 45, 48]",47,0,0,0,1,[],0.10745522698875466,0.3717761799434531,33.666666666666664
2020-02-01,long_frequency,v1.0.0,"[13, 21, 35, 40, 45, 48]",47,2,2,2,3,"[40, 45]",0.10707364556394376,0.3700874740820487,23.0
2020-02-01,recent_frequency,v1.0.0,"[13, 21, 35, 40, 45, 48]",47,1,1,3,3,[21],0.10649095876718034,0.367438314484956,21.166666666666668
2020-02-01,ema_gap,v1.0.0,"[13, 21, 35, 40, 45, 48]",47,2,2,2,3,"[45, 48]",0.10725815209271172,0.3729364038558724,24.333333333333332
2020-02-01,logistic,v1.0.0,"[13, 21, 35, 40, 45, 48]",47,1,1,1,2,[48],0.1075710460227026,0.3720369281256608,27.0
2020-02-01,ensemble,v1.0.0,"[13, 21, 35, 40, 45, 48]",47,2,2,2,3,"[45, 48]",0.10691931899649304,0.36962094131374235,23.833333333333332
2020-02-08,random,v1.0.0,"[8, 28, 30, 39, 41, 43]",45,0,0,1,1,[],0.10745522698875466,0.37177617994345313,31.5
2020-02-08,long_frequency,v1.0.0,"[8, 28, 30, 39, 41, 43]",45,1,1,2,2,[43],0.10759076831055019,0.37238662606113265,27.5
2020-02-08,recent_frequency,v1.0.0,"[8, 28, 30, 39, 41, 43]",45,1,1,2,2,[43],0.10575626488962933,0.36360408710455655,19.5
2020-02-08,ema_gap,v1.0.0,"[8, 28, 30, 39, 41, 43]",45,1,1,3,4,[43],0.1053788006092722,0.3599374153008431,17.666666666666668
2020-02-08,logistic,v1.0.0,"[8, 28, 30, 39, 41, 43]",45,3,3,3,4,"[30, 41, 43]",0.10412573085972222,0.35722036428418735,14.166666666666666
2020-02-08,ensemble,v1.0.0,"[8, 28, 30, 39, 41, 43]",45,2,2,3,3,"[30, 43]",0.10501381519144325,0.3608018335217734,16.333333333333332
2020-02-12,random,v1.0.0,"[16, 20, 24, 33, 36, 47]",4,0,0,0,1,[],0.10745522698875466,0.37177617994345324,29.333333333333332
2020-02-12,long_frequency,v1.0.0,"[16, 20, 24, 33, 36, 47]",4,1,1,2,4,[20],0.10700738830917521,0.3696552821312099,19.0
2020-02-12,recent_frequency,v1.0.0,"[16, 20, 24, 33, 36, 47]",4,0,0,1,2,[],0.10822140774677218,0.37462940076370493,26.5
2020-02-12,ema_gap,v1.0.0,"[16, 20, 24, 33, 36, 47]",4,0,0,2,3,[],0.10813760708939053,0.37213127477462127,22.0
2020-02-12,logistic,v1.0.0,"[16, 20, 24, 33, 36, 47]",4,1,1,4,4,[36],0.1057015117363683,0.3632524122224612,14.0
2020-02-12,ensemble,v1.0.0,"[16, 20, 24, 33, 36, 47]",4,0,0,2,3,[],0.106596548008775,0.36749029883345175,16.666666666666668
2020-02-15,random,v1.0.0,"[7, 8, 11, 23, 27, 30]",3,0,0,3,3,[],0.10745522698875466,0.37177617994345336,17.666666666666668
2020-02-15,long_frequency,v1.0.0,"[7, 8, 11, 23, 27, 30]",3,0,0,1,2,[],0.10754465349395746,0.3721328483945671,24.333333333333332
2020-02-15,recent_frequency,v1.0.0,"[7, 8, 11, 23, 27, 30]",3,0,0,0,0,[],0.1116338159100375,0.39193099316724345,35.333333333333336
2020-02-15,ema_gap,v1.0.0,"[7, 8, 11, 23, 27, 30]",3,0,0,1,2,[],0.1109936548196193,0.38800547947240716,29.333333333333332
2020-02-15,logistic,v1.0.0,"[7, 8, 11, 23, 27, 30]",3,0,0,0,1,[],0.10870253706312094,0.37718862021430083,29.833333333333332
2020-02-15,ensemble,v1.0.0,"[7, 8, 11, 23, 27, 30]",3,0,0,0,0,[],0.1092450414907417,0.38017415671454297,35.166666666666664
2020-02-19,random,v1.0.0,"[5, 6, 13, 23, 44, 49]",40,2,2,2,3,"[5, 6]",0.10745522698875466,0.37177617994345336,23.333333333333332
2020-02-19,long_frequency,v1.0.0,"[5, 6, 13, 23, 44, 49]",40,0,0,0,2,[],0.10809169784020928,0.3747219071169547,30.333333333333332
2020-02-19,recent_frequency,v1.0.0,"[5, 6, 13, 23, 44, 49]",40,0,0,0,2,[],0.10867006080799667,0.3768816220974434,27.0
2020-02-19,ema_gap,v1.0.0,"[5, 6, 13, 23, 44, 49]",40,0,0,1,1,[],0.11118643750168124,0.38919003052449946,26.666666666666668
2020-02-19,logistic,v1.0.0,"[5, 6, 13, 23, 44, 49]",40,0,0,2,2,[],0.10882420019415319,0.37797030809728543,28.0
2020-02-19,ensemble,v1.0.0,"[5, 6, 13, 23, 44, 49]",40,0,0,1,1,[],0.10885811502315909,0.37852337206499365,29.5
2020-02-22,random,v1.0.0,"[2, 7, 26, 33, 46, 48]",25,1,1,2,2,[2],0.10745522698875466,0.37177617994345313,27.0
2020-02-22,long_frequency,v1.0.0,"[2, 7, 26, 33, 46, 48]",25,0,0,1,2,[],0.10731511040284811,0.3710423193146305,22.0
2020-02-22,recent_frequency,v1.0.0,"[2, 7, 26, 33, 46, 48]",25,2,2,2,2,"[2, 48]",0.10719332611411912,0.3708692020337259,23.833333333333332
2020-02-22,ema_gap,v1.0.0,"[2, 7, 26, 33, 46, 48]",25,1,1,2,2,[2],0.10669019394225407,0.36873920797808873,21.833333333333332
2020-02-22,logistic,v1.0.0,"[2, 7, 26, 33, 46, 48]",25,0,0,2,3,[],0.10678422841483598,0.36796649073285326,20.333333333333332
2020-02-22,ensemble,v1.0.0,"[2, 7, 26, 33, 46, 48]",25,0,0,2,2,[],0.10673121744114294,0.3679647801557311,20.0
2020-02-26,random,v1.0.0,"[8, 25, 34, 35, 36, 38]",5,0,0,1,1,[],0.10745522698875466,0.3717761799434531,29.333333333333332
2020-02-26,long_frequency,v1.0.0,"[8, 25, 34, 35, 36, 38]",5,1,1,2,2,[34],0.10727178276907244,0.3709136336517645,23.5
2020-02-26,recent_frequency,v1.0.0,"[8, 25, 34, 35, 36, 38]",5,0,0,1,1,[],0.10841046897126198,0.3755882339076394,26.666666666666668
2020-02-26,ema_gap,v1.0.0,"[8, 25, 34, 35, 36, 38]",5,0,0,0,1,[],0.11152720005053089,0.3876169776518817,27.666666666666668
2020-02-26,logistic,v1.0.0,"[8, 25, 34, 35, 36, 38]",5,2,2,2,2,"[8, 36]",0.10698423989025728,0.36930792514929794,22.833333333333332
2020-02-26,ensemble,v1.0.0,"[8, 25, 34, 35, 36, 38]",5,0,0,1,2,[],0.10793794394760592,0.37372517385317633,25.666666666666668
2020-02-29,random,v1.0.0,"[6, 12, 15, 18, 31, 43]",13,1,1,2,4,[6],0.10745522698875465,0.37177617994345336,20.833333333333332
2020-02-29,long_frequency,v1.0.0,"[6, 12, 15, 18, 31, 43]",13,2,2,2,2,"[31, 43]",0.10753369435796656,0.372242376442981,27.333333333333332
2020-02-29,recent_frequency,v1.0.0,"[6, 12, 15, 18, 31, 43]",13,1,1,1,2,[43],0.10817438733860893,0.37471645342441423,25.333333333333332
2020-02-29,ema_gap,v1.0.0,"[6, 12, 15, 18, 31, 43]",13,1,1,2,2,[43],0.11264277512372492,0.39854285403872214,32.5
2020-02-29,logistic,v1.0.0,"[6, 12, 15, 18, 31, 43]",13,2,2,3,3,"[6, 15]",0.10574787353871934,0.3645239909864125,18.0
2020-02-29,ensemble,v1.0.0,"[6, 12, 15, 18, 31, 43]",13,0,0,0,2,[],0.10755617678049743,0.37205203462519704,24.166666666666668
2020-03-04,random,v1.0.0,"[6, 8, 15, 24, 38, 41]",31,1,1,2,3,[6],0.10745522698875466,0.37177617994345336,22.0
2020-03-04,long_frequency,v1.0.0,"[6, 8, 15, 24, 38, 41]",31,0,0,2,2,[],0.1077343840093209,0.37304737159265594,27.333333333333332
2020-03-04,recent_frequency,v1.0.0,"[6, 8, 15, 24, 38, 41]",31,1,1,3,3,[38],0.10548344856309873,0.36235744540248094,17.5
2020-03-04,ema_gap,v1.0.0,"[6, 8, 15, 24, 38, 41]",31,0,0,2,4,[],0.10684081075327273,0.3664555795674872,20.0
2020-03-04,logistic,v1.0.0,"[6, 8, 15, 24, 38, 41]",31,0,0,0,2,[],0.10850975503969175,0.3761145016021771,27.666666666666668
2020-03-04,ensemble,v1.0.0,"[6, 8, 15, 24, 38, 41]",31,0,0,0,3,[],0.10716373918802534,0.3699961941208927,21.166666666666668
2020-03-07,random,v1.0.0,"[5, 8, 13, 27, 34, 46]",39,1,1,2,3,[5],0.10745522698875466,0.37177617994345336,22.166666666666668
2020-03-07,long_frequency,v1.0.0,"[5, 8, 13, 27, 34, 46]",39,1,1,3,3,[34],0.10724346622925668,0.3708388517618819,23.166666666666668
2020-03-07,recent_frequency,v1.0.0,"[5, 8, 13, 27, 34, 46]",39,0,0,0,1,[],0.10892083631820076,0.37778889271975113,27.833333333333332
2020-03-07,ema_gap,v1.0.0,"[5, 8, 13, 27, 34, 46]",39,0,0,1,1,[],0.10950399278318187,0.37833681559525467,24.666666666666668
2020-03-07,logistic,v1.0.0,"[5, 8, 13, 27, 34, 46]",39,1,1,1,2,[34],0.10821260206099569,0.37613351794070915,28.833333333333332
2020-03-07,ensemble,v1.0.0,"[5, 8, 13, 27, 34, 46]",39,1,1,1,2,[34],0.10826515752994575,0.37517091582192785,26.833333333333332
2020-03-11,random,v1.0.0,"[5, 24, 32, 37, 43, 44]",23,1,1,1,1,[5],0.10745522698875466,0.3717761799434531,30.833333333333332
2020-03-11,long_frequency,v1.0.0,"[5, 24, 32, 37, 43, 44]",23,1,1,1,1,[43],0.1075051962169757,0.3719652256661836,24.666666666666668
2020-03-11,recent_frequency,v1.0.0,"[5, 24, 32, 37, 43, 44]",23,2,2,3,3,"[24, 43]",0.10745879550187425,0.3730011916864376,24.333333333333332
2020-03-11,ema_gap,v1.0.0,"[5, 24, 32, 37, 43, 44]",23,2,2,2,3,"[24, 43]",0.10704174099639847,0.37410501059883744,22.833333333333332
2020-03-11,logistic,v1.0.0,"[5, 24, 32, 37, 43, 44]",23,1,1,2,2,[37],0.10809917551445489,0.37477114369163833,26.833333333333332
2020-03-11,ensemble,v1.0.0,"[5, 24, 32, 37, 43, 44]",23,1,1,2,2,[43],0.10738499438816052,0.3717320457994743,26.166666666666668
2020-03-14,random,v1.0.0,"[1, 2, 23, 27, 31, 32]",43,2,2,2,2,"[1, 2]",0.10745522698875463,0.3717761799434532,19.333333333333332
2020-03-14,long_frequency,v1.0.0,"[1, 2, 23, 27, 31, 32]",43,1,1,2,3,[31],0.10700447360976487,0.36971179822266487,19.166666666666668
2020-03-14,recent_frequency,v1.0.0,"[1, 2, 23, 27, 31, 32]",43,1,1,1,2,[2],0.10917455060391504,0.3798473626168127,29.833333333333332
2020-03-14,ema_gap,v1.0.0,"[1, 2, 23, 27, 31, 32]",43,1,1,2,2,[2],0.10823481015288981,0.375961283487708,26.833333333333332
2020-03-14,logistic,v1.0.0,"[1, 2, 23, 27, 31, 32]",43,0,0,0,1,[],0.10841257704804609,0.37601361547802253,31.5
2020-03-14,ensemble,v1.0.0,"[1, 2, 23, 27, 31, 32]",43,1,1,1,2,[2],0.10799308715992043,0.374293887327978,29.166666666666668
2020-03-18,random,v1.0.0,"[7, 8, 9, 12, 14, 36]",28,0,0,4,5,[],0.10745522698875463,0.3717761799434534,14.333333333333334
2020-03-18,long_frequency,v1.0.0,"[7, 8, 9, 12, 14, 36]",28,0,0,0,2,[],0.10794697241252507,0.37407326504628885,25.5
2020-03-18,recent_frequency,v1.0.0,"[7, 8, 9, 12, 14, 36]",28,0,0,0,0,[],0.11186548937942524,0.39334998491081385,35.5
2020-03-18,ema_gap,v1.0.0,"[7, 8, 9, 12, 14, 36]",28,1,1,2,2,[8],0.11196904634195588,0.3951193165263939,31.666666666666668
2020-03-18,logistic,v1.0.0,"[7, 8, 9, 12, 14, 36]",28,0,0,1,3,[],0.10796647144116521,0.3734659053142853,24.0
2020-03-18,ensemble,v1.0.0,"[7, 8, 9, 12, 14, 36]",28,0,0,1,2,[],0.10924414089995503,0.3803670530815912,34.0
2020-03-21,random,v1.0.0,"[6, 11, 22, 36, 37, 44]",10,1,1,2,2,[6],0.10745522698875466,0.37177617994345324,26.0
2020-03-21,long_frequency,v1.0.0,"[6, 11, 22, 36, 37, 44]",10,0,0,0,1,[],0.10803546457092487,0.3744248255155577,30.833333333333332
2020-03-21,recent_frequency,v1.0.0,"[6, 11, 22, 36, 37, 44]",10,0,0,0,0,[],0.11158973427738444,0.3913580917937983,37.166666666666664
2020-03-21,ema_gap,v1.0.0,"[6, 11, 22, 36, 37, 44]",10,1,1,1,2,[36],0.11221654997044846,0.39534062859681257,31.833333333333332
2020-03-21,logistic,v1.0.0,"[6, 11, 22, 36, 37, 44]",10,1,1,2,2,[44],0.10858603514473954,0.3775668946935063,29.333333333333332
2020-03-21,ensemble,v1.0.0,"[6, 11, 22, 36, 37, 44]",10,0,0,1,2,[],0.10963897775325655,0.38212012306771753,31.833333333333332
2020-03-25,random,v1.0.0,"[3, 19, 31, 38, 45, 47]",48,1,1,1,1,[3],0.10745522698875466,0.3717761799434531,30.5
2020-03-25,long_frequency,v1.0.0,"[3, 19, 31, 38, 45, 47]",48,2,2,4,4,"[31, 45]",0.10602163151086776,0.3652202733595118,10.666666666666666
2020-03-25,recent_frequency,v1.0.0,"[3, 19, 31, 38, 45, 47]",48,1,1,2,4,[38],0.10595414244064974,0.3647341671962185,18.5
2020-03-25,ema_gap,v1.0.0,"[3, 19, 31, 38, 45, 47]",48,0,0,1,2,[],0.11042049991409966,0.38257897642840194,27.333333333333332
2020-03-25,logistic,v1.0.0,"[3, 19, 31, 38, 45, 47]",48,2,2,3,4,"[3, 31]",0.10589156818254983,0.3646124797506026,17.5
2020-03-25,ensemble,v1.0.0,"[3, 19, 31, 38, 45, 47]",48,1,1,2,2,[45],0.10656667482348998,0.36720726669055953,18.166666666666668
2020-03-28,random,v1.0.0,"[2, 7, 21, 30, 33, 46]",27,1,1,2,2,[2],0.10745522698875465,0.37177617994345324,23.166666666666668
2020-03-28,long_frequency,v1.0.0,"[2, 7, 21, 30, 33, 46]",27,0,0,1,3,[],0.10714667553775072,0.37025687861083983,18.833333333333332
2020-03-28,recent_frequency,v1.0.0,"[2, 7, 21, 30, 33, 46]",27,1,1,1,3,[2],0.10696165264473137,0.36917579274152285,23.0
2020-03-28,ema_gap,v1.0.0,"[2, 7, 21, 30, 33, 46]",27,1,1,1,3,[2],0.10627850240223759,0.3663309274722095,21.333333333333332
2020-03-28,logistic,v1.0.0,"[2, 7, 21, 30, 33, 46]",27,0,0,1,1,[],0.10762597083080752,0.372261316068601,26.166666666666668
2020-03-28,ensemble,v1.0.0,"[2, 7, 21, 30, 33, 46]",27,1,1,2,3,[2],0.10683805504892907,0.3689453440947162,20.833333333333332
2020-04-01,random,v1.0.0,"[4, 6, 10, 13, 25, 49]",41,2,2,3,4,"[4, 6]",0.10745522698875465,0.3717761799434534,17.833333333333332
2020-04-01,long_frequency,v1.0.0,"[4, 6, 10, 13, 25, 49]",41,0,0,1,1,[],0.1080780152465712,0.3746477108148644,31.333333333333332
2020-04-01,recent_frequency,v1.0.0,"[4, 6, 10, 13, 25, 49]",41,1,1,1,2,[4],0.10794271386922116,0.3735488822166105,25.333333333333332
2020-04-01,ema_gap,v1.0.0,"[4, 6, 10, 13, 25, 49]",41,0,0,0,0,[],0.11259272613927873,0.3923331160524966,31.166666666666668
2020-04-01,logistic,v1.0.0,"[4, 6, 10, 13, 25, 49]",41,0,0,1,1,[],0.10948412164880487,0.3815572494844984,28.166666666666668
2020-04-01,ensemble,v1.0.0,"[4, 6, 10, 13, 25, 49]",41,0,0,0,0,[],0.10926001536497816,0.37993508774126455,32.833333333333336
2020-04-04,random,v1.0.0,"[19, 29, 34, 35, 44, 45]",10,0,0,0,0,[],0.10745522698875466,0.37177617994345313,34.333333333333336
2020-04-04,long_frequency,v1.0.0,"[19, 29, 34, 35, 44, 45]",10,2,2,2,2,"[34, 45]",0.10685722789952888,0.3690362360899628,20.5
2020-04-04,recent_frequency,v1.0.0,"[19, 29, 34, 35, 44, 45]",10,0,0,1,2,[],0.10719332611411912,0.3701426689065822,23.5
2020-04-04,ema_gap,v1.0.0,"[19, 29, 34, 35, 44, 45]",10,1,1,1,2,[45],0.10968129533356762,0.382372459641801,26.0
2020-04-04,logistic,v1.0.0,"[19, 29, 34, 35, 44, 45]",10,1,1,3,4,[45],0.10466194528493028,0.3594672238097902,15.666666666666666
2020-04-04,ensemble,v1.0.0,"[19, 29, 34, 35, 44, 45]",10,1,1,1,3,[45],0.10630826158627502,0.36684965078713866,21.166666666666668
2020-04-08,random,v1.0.0,"[9, 13, 21, 23, 30, 32]",15,0,0,1,2,[],0.10745522698875465,0.37177617994345324,21.333333333333332
2020-04-08,long_frequency,v1.0.0,"[9, 13, 21, 23, 30, 32]",15,0,0,0,3,[],0.10760562509110166,0.3724030406130697,24.166666666666668
2020-04-08,recent_frequency,v1.0.0,"[9, 13, 21, 23, 30, 32]",15,0,0,0,2,[],0.10913634652228238,0.37969686873500785,27.833333333333332
2020-04-08,ema_gap,v1.0.0,"[9, 13, 21, 23, 30, 32]",15,0,0,2,3,[],0.10779517343164204,0.37255172887952626,22.0
2020-04-08,logistic,v1.0.0,"[9, 13, 21, 23, 30, 32]",15,2,2,3,3,"[23, 30]",0.10614725487813087,0.36549197390128146,19.5
2020-04-08,ensemble,v1.0.0,"[9, 13, 21, 23, 30, 32]",15,2,2,3,3,"[23, 30]",0.10703604576727878,0.36989170941260413,22.5
2020-04-11,random,v1.0.0,"[10, 13, 17, 32, 35, 42]",26,0,0,1,3,[],0.10745522698875466,0.37177617994345336,24.833333333333332
2020-04-11,long_frequency,v1.0.0,"[10, 13, 17, 32, 35, 42]",26,0,0,0,0,[],0.10820131604257717,0.37518666572839315,34.333333333333336
2020-04-11,recent_frequency,v1.0.0,"[10, 13, 17, 32, 35, 42]",26,0,0,0,0,[],0.11011153019575176,0.38397971826812377,32.333333333333336
2020-04-11,ema_gap,v1.0.0,"[10, 13, 17, 32, 35, 42]",26,0,0,1,1,[],0.11210829995937611,0.39558222124783626,30.833333333333332
2020-04-11,logistic,v1.0.0,"[10, 13, 17, 32, 35, 42]",26,2,2,3,3,"[17, 42]",0.10796166247616583,0.375141269137251,23.0
2020-04-11,ensemble,v1.0.0,"[10, 13, 17, 32, 35, 42]",26,0,0,0,1,[],0.10898633384115955,0.37880100921959037,35.0
2020-04-15,random,v1.0.0,"[1, 3, 7, 13, 22, 47]",30,2,2,3,4,"[1, 3]",0.10745522698875463,0.3717761799434534,15.5
2020-04-15,long_frequency,v1.0.0,"[1, 3, 7, 13, 22, 47]",30,0,0,1,2,[],0.10777235210930929,0.3732372620412079,28.333333333333332
2020-04-15,recent_frequency,v1.0.0,"[1, 3, 7, 13, 22, 47]",30,0,0,0,1,[],0.10961585672636402,0.38132496449914133,30.166666666666668
2020-04-15,ema_gap,v1.0.0,"[1, 3, 7, 13, 22, 47]",30,1,1,1,1,[13],0.11017029458662007,0.38428902396632225,28.666666666666668
2020-04-15,logistic,v1.0.0,"[1, 3, 7, 13, 22, 47]",30,0,0,1,2,[],0.10820339893411793,0.3745825250391476,26.666666666666668
2020-04-15,ensemble,v1.0.0,"[1, 3, 7, 13, 22, 47]",30,1,1,1,1,[13],0.10851193501660207,0.3768716195890006,30.5
2020-04-18,random,v1.0.0,"[1, 10, 23, 32, 46, 48]",36,1,1,2,2,[1],0.10745522698875465,0.3717761799434532,26.666666666666668
2020-04-18,long_frequency,v1.0.0,"[1, 10, 23, 32, 46, 48]",36,0,0,1,2,[],0.10751605691165854,0.3720119928961782,24.5
2020-04-18,recent_frequency,v1.0.0,"[1, 10, 23, 32, 46, 48]",36,0,0,1,2,[],0.10739855060391504,0.3708323419429592,23.166666666666668
2020-04-18,ema_gap,v1.0.0,"[1, 10, 23, 32, 46, 48]",36,1,1,1,3,[23],0.10552087598045837,0.3600799201410956,17.833333333333332
2020-04-18,logistic,v1.0.0,"[1, 10, 23, 32, 46, 48]",36,2,2,2,4,"[23, 46]",0.10656376366573954,0.36805508717954444,20.333333333333332
2020-04-18,ensemble,v1.0.0,"[1, 10, 23, 32, 46, 48]",36,1,1,2,3,[23],0.10647796964578245,0.36716439167389314,19.833333333333332
2020-04-22,random,v1.0.0,"[9, 10, 11, 14, 15, 28]",36,0,0,3,5,[],0.10745522698875463,0.3717761799434534,14.5
2020-04-22,long_frequency,v1.0.0,"[9, 10, 11, 14, 15, 28]",36,0,0,0,1,[],0.10883098084178187,0.3782842764313455,38.0
2020-04-22,recent_frequency,v1.0.0,"[9, 10, 11, 14, 15, 28]",36,0,0,0,0,[],0.11182581591003751,0.3930239431478246,36.833333333333336
2020-04-22,ema_gap,v1.0.0,"[9, 10, 11, 14, 15, 28]",36,0,0,1,1,[],0.11486696299160945,0.40844477235905174,37.0
2020-04-22,logistic,v1.0.0,"[9, 10, 11, 14, 15, 28]",36,0,0,0,1,[],0.10846267462083661,0.3760681081813835,29.666666666666668
2020-04-22,ensemble,v1.0.0,"[9, 10, 11, 14, 15, 28]",36,0,0,0,0,[],0.1101957810454857,0.38474297692605436,41.0
2020-04-25,random,v1.0.0,"[6, 10, 11, 22, 32, 48]",17,1,1,3,3,[6],0.10745522698875465,0.37177617994345336,21.5
2020-04-25,long_frequency,v1.0.0,"[6, 10, 11, 22, 32, 48]",17,0,0,0,0,[],0.10814869504536516,0.37494612263333355,32.166666666666664
2020-04-25,recent_frequency,v1.0.0,"[6, 10, 11, 22, 32, 48]",17,1,1,1,2,[48],0.10885912203248649,0.3784757848637904,28.0
2020-04-25,ema_gap,v1.0.0,"[6, 10, 11, 22, 32, 48]",17,1,1,3,3,[10],0.1051363793588272,0.36069634721996585,19.5
2020-04-25,logistic,v1.0.0,"[6, 10, 11, 22, 32, 48]",17,0,0,1,2,[],0.10976217717073591,0.38379276566384396,32.5
2020-04-25,ensemble,v1.0.0,"[6, 10, 11, 22, 32, 48]",17,1,1,1,2,[48],0.1081657394909651,0.37520339331840213,28.833333333333332
2020-04-29,random,v1.0.0,"[6, 17, 21, 30, 40, 41]",27,1,1,1,2,[6],0.10745522698875466,0.37177617994345324,25.833333333333332
2020-04-29,long_frequency,v1.0.0,"[6, 17, 21, 30, 40, 41]",27,1,1,2,3,[40],0.10730482708385776,0.3710557489896575,22.5
2020-04-29,recent_frequency,v1.0.0,"[6, 17, 21, 30, 40, 41]",27,0,0,2,3,[],0.108353162848813,0.37610600926052584,25.666666666666668
2020-04-29,ema_gap,v1.0.0,"[6, 17, 21, 30, 40, 41]",27,0,0,1,3,[],0.1099910915953469,0.3843059694087056,25.833333333333332
2020-04-29,logistic,v1.0.0,"[6, 17, 21, 30, 40, 41]",27,1,1,1,2,[6],0.10782781393136237,0.3729596748623327,25.0
2020-04-29,ensemble,v1.0.0,"[6, 17, 21, 30, 40, 41]",27,0,0,2,3,[],0.10801447890556275,0.37412850806019865,25.333333333333332
2020-05-02,random,v1.0.0,"[15, 18, 26, 34, 43, 45]",42,0,0,0,2,[],0.10745522698875466,0.3717761799434532,30.166666666666668
2020-05-02,long_frequency,v1.0.0,"[15, 18, 26, 34, 43, 45]",42,3,3,3,3,"[34, 43, 45]",0.10695786517392038,0.3695940201992764,22.833333333333332
2020-05-02,recent_frequency,v1.0.0,"[15, 18, 26, 34, 43, 45]",42,2,2,2,2,"[43, 45]",0.10686908121615993,0.3690311278547253,22.333333333333332
2020-05-02,ema_gap,v1.0.0,"[15, 18, 26, 34, 43, 45]",42,0,0,1,2,[],0.11013992055400222,0.3831264387188971,27.0
2020-05-02,logistic,v1.0.0,"[15, 18, 26, 34, 43, 45]",42,2,2,3,4,"[15, 45]",0.10568311042471908,0.3639206785427861,17.833333333333332
2020-05-02,ensemble,v1.0.0,"[15, 18, 26, 34, 43, 45]",42,1,1,2,2,[45],0.10680153531541468,0.3689994911810113,23.0
2020-05-06,random,v1.0.0,"[6, 29, 34, 36, 45, 49]",3,1,1,1,1,[6],0.10745522698875466,0.3717761799434531,33.166666666666664
2020-05-06,long_frequency,v1.0.0,"[6, 29, 34, 36, 45, 49]",3,2,2,2,3,"[34, 45]",0.10681367362460403,0.3688495067046481,19.5
2020-05-06,recent_frequency,v1.0.0,"[6, 29, 34, 36, 45, 49]",3,1,1,1,2,[45],0.10689259142024157,0.36902641240626066,23.833333333333332
2020-05-06,ema_gap,v1.0.0,"[6, 29, 34, 36, 45, 49]",3,1,1,2,4,[45],0.10583496652295463,0.36452492311582524,20.0
2020-05-06,logistic,v1.0.0,"[6, 29, 34, 36, 45, 49]",3,0,0,0,2,[],0.11015119308787287,0.3843288186063478,32.333333333333336
2020-05-06,ensemble,v1.0.0,"[6, 29, 34, 36, 45, 49]",3,0,0,2,3,[],0.10784856561258226,0.3734648308043578,24.833333333333332
2020-05-09,random,v1.0.0,"[13, 14, 15, 35, 45, 47]",9,0,0,0,3,[],0.10745522698875463,0.37177617994345336,28.166666666666668
2020-05-09,long_frequency,v1.0.0,"[13, 14, 15, 35, 45, 47]",9,2,2,2,2,"[45, 47]",0.10789448406995766,0.3740109693547433,30.5
2020-05-09,recent_frequency,v1.0.0,"[13, 14, 15, 35, 45, 47]",9,1,1,2,3,[45],0.10568867305289464,0.36369872559450805,18.833333333333332
2020-05-09,ema_gap,v1.0.0,"[13, 14, 15, 35, 45, 47]",9,2,2,2,2,"[13, 45]",0.10458131965299723,0.35993547879677856,19.166666666666668
2020-05-09,logistic,v1.0.0,"[13, 14, 15, 35, 45, 47]",9,0,0,1,1,[],0.10901994735087502,0.3792969668053627,32.333333333333336
2020-05-09,ensemble,v1.0.0,"[13, 14, 15, 35, 45, 47]",9,1,1,2,3,[45],0.10700435339003417,0.3696770356717721,20.666666666666668
2020-05-13,random,v1.0.0,"[3, 10, 21, 35, 38, 48]",28,1,1,2,2,[3],0.10745522698875466,0.37177617994345324,25.833333333333332
2020-05-13,long_frequency,v1.0.0,"[3, 10, 21, 35, 38, 48]",28,0,0,1,2,[],0.10740579965239092,0.3714671348499742,22.666666666666668
2020-05-13,recent_frequency,v1.0.0,"[3, 10, 21, 35, 38, 48]",28,1,1,3,5,[48],0.10497455060391504,0.35993501556699803,14.166666666666666
2020-05-13,ema_gap,v1.0.0,"[3, 10, 21, 35, 38, 48]",28,1,1,2,4,[10],0.10480352990710562,0.3574212392303337,16.333333333333332
2020-05-13,logistic,v1.0.0,"[3, 10, 21, 35, 38, 48]",28,1,1,1,2,[10],0.10753675705883362,0.3716990719379808,25.5
2020-05-13,ensemble,v1.0.0,"[3, 10, 21, 35, 38, 48]",28,2,2,2,4,"[10, 48]",0.10618661423991113,0.3657846648587139,16.666666666666668
2020-05-16,random,v1.0.0,"[1, 6, 7, 14, 26, 48]",49,2,2,3,4,"[1, 6]",0.10745522698875465,0.37177617994345336,17.0
2020-05-16,long_frequency,v1.0.0,"[1, 6, 7, 14, 26, 48]",49,0,0,0,1,[],0.10856672533645262,0.37700308119814163,35.333333333333336
2020-05-16,recent_frequency,v1.0.0,"[1, 6, 7, 14, 26, 48]",49,1,1,1,1,[48],0.10891642815493546,0.37840125266421293,29.0
2020-05-16,ema_gap,v1.0.0,"[1, 6, 7, 14, 26, 48]",49,1,1,2,2,[48],0.10724008318416609,0.3694399042074037,21.833333333333332
2020-05-16,logistic,v1.0.0,"[1, 6, 7, 14, 26, 48]",49,0,0,1,2,[],0.10932915888086646,0.3798313063896138,29.0
2020-05-16,ensemble,v1.0.0,"[1, 6, 7, 14, 26, 48]",49,1,1,2,2,[48],0.10849262321713052,0.3764004546458006,26.833333333333332
2020-05-20,random,v1.0.0,"[8, 23, 25, 34, 37, 47]",4,0,0,1,1,[],0.10745522698875466,0.3717761799434532,29.0
2020-05-20,long_frequency,v1.0.0,"[8, 23, 25, 34, 37, 47]",4,2,2,2,3,"[34, 47]",0.10706639293538724,0.36997431818344834,20.666666666666668
2020-05-20,recent_frequency,v1.0.0,"[8, 23, 25, 34, 37, 47]",4,0,0,0,2,[],0.10940916284881301,0.38079766581697705,29.0
2020-05-20,ema_gap,v1.0.0,"[8, 23, 25, 34, 37, 47]",4,0,0,1,3,[],0.11009867974850346,0.38296438531915217,26.0
2020-05-20,logistic,v1.0.0,"[8, 23, 25, 34, 37, 47]",4,2,2,2,4,"[8, 23]",0.10504227772186117,0.3601047926772031,13.666666666666666
2020-05-20,ensemble,v1.0.0,"[8, 23, 25, 34, 37, 47]",4,1,1,3,4,[23],0.1069114331683067,0.3692550640601099,20.333333333333332
2020-05-23,random,v1.0.0,"[4, 25, 27, 28, 35, 44]",9,1,1,1,1,[4],0.10745522698875465,0.37177617994345313,27.166666666666668
2020-05-23,long_frequency,v1.0.0,"[4, 25, 27, 28, 35, 44]",9,0,0,2,3,[],0.1077313713609696,0.37304134689674107,27.5
2020-05-23,recent_frequency,v1.0.0,"[4, 25, 27, 28, 35, 44]",9,0,0,2,2,[],0.10866712203248649,0.37779056560814295,25.833333333333332
2020-05-23,ema_gap,v1.0.0,"[4, 25, 27, 28, 35, 44]",9,0,0,0,1,[],0.11218429035388533,0.3919639822573453,30.833333333333332
2020-05-23,logistic,v1.0.0,"[4, 25, 27, 28, 35, 44]",9,0,0,2,2,[],0.10778808033595579,0.37319203892419833,26.166666666666668
2020-05-23,ensemble,v1.0.0,"[4, 25, 27, 28, 35, 44]",9,0,0,1,2,[],0.1085645818570774,0.3769753163681207,30.333333333333332
2020-05-27,random,v1.0.0,"[7, 17, 18, 22, 28, 34]",1,0,0,1,3,[],0.10745522698875466,0.37177617994345336,21.0
2020-05-27,long_frequency,v1.0.0,"[7, 17, 18, 22, 28, 34]",1,1,1,1,2,[34],0.10781955380206545,0.37350204970566947,30.166666666666668
2020-05-27,recent_frequency,v1.0.0,"[7, 17, 18, 22, 28, 34]",1,0,0,0,0,[],0.10939740774677217,0.3800853701475897,29.666666666666668
2020-05-27,ema_gap,v1.0.0,"[7, 17, 18, 22, 28, 34]",1,0,0,1,1,[],0.10982819853992248,0.3800495973052087,26.166666666666668
2020-05-27,logistic,v1.0.0,"[7, 17, 18, 22, 28, 34]",1,1,1,2,3,[34],0.10659909528815134,0.36759690425933256,21.833333333333332
2020-05-27,ensemble,v1.0.0,"[7, 17, 18, 22, 28, 34]",1,1,1,2,2,[34],0.10771124446170154,0.37275945469468796,24.5
2020-05-30,random,v1.0.0,"[11, 17, 27, 28, 30, 43]",35,0,0,1,2,[],0.10745522698875466,0.3717761799434532,26.0
2020-05-30,long_frequency,v1.0.0,"[11, 17, 27, 28, 30, 43]",35,1,1,2,2,[43],0.10767518546497955,0.3728152905049777,28.166666666666668
2020-05-30,recent_frequency,v1.0.0,"[11, 17, 27, 28, 30, 43]",35,1,1,2,3,[43],0.10790450978758852,0.3743631999999857,24.666666666666668
2020-05-30,ema_gap,v1.0.0,"[11, 17, 27, 28, 30, 43]",35,0,0,1,2,[],0.10879189681632795,0.37479820952513704,24.833333333333332
2020-05-30,logistic,v1.0.0,"[11, 17, 27, 28, 30, 43]",35,1,1,1,3,[43],0.10864216588461954,0.3771045579756707,27.666666666666668
2020-05-30,ensemble,v1.0.0,"[11, 17, 27, 28, 30, 43]",35,1,1,2,2,[43],0.10817570465482786,0.3749300677633448,26.5
2020-06-03,random,v1.0.0,"[2, 15, 20, 22, 29, 39]",13,1,1,1,2,[2],0.10745522698875466,0.37177617994345324,21.166666666666668
2020-06-03,long_frequency,v1.0.0,"[2, 15, 20, 22, 29, 39]",13,0,0,1,1,[],0.10784419647553066,0.37354533746698926,29.5
2020-06-03,recent_frequency,v1.0.0,"[2, 15, 20, 22, 29, 39]",13,1,1,1,1,[2],0.1091392852977926,0.38024464217655046,30.833333333333332
2020-06-03,ema_gap,v1.0.0,"[2, 15, 20, 22, 29, 39]",13,0,0,0,1,[],0.11423253946571066,0.40526557794215856,35.0
2020-06-03,logistic,v1.0.0,"[2, 15, 20, 22, 29, 39]",13,1,1,1,1,[20],0.10634739425637432,0.36654742182601485,21.833333333333332
2020-06-03,ensemble,v1.0.0,"[2, 15, 20, 22, 29, 39]",13,0,0,1,2,[],0.10840383731381341,0.3761283230451545,30.0
2020-06-06,random,v1.0.0,"[6, 22, 38, 45, 48, 49]",2,1,1,1,1,[6],0.10745522698875466,0.3717761799434531,34.666666666666664
2020-06-06,long_frequency,v1.0.0,"[6, 22, 38, 45, 48, 49]",2,1,1,2,2,[45],0.10703308603279825,0.36983523292673015,21.0
2020-06-06,recent_frequency,v1.0.0,"[6, 22, 38, 45, 48, 49]",2,2,2,2,2,"[45, 48]",0.10594532611411911,0.36511738681080547,21.333333333333332
2020-06-06,ema_gap,v1.0.0,"[6, 22, 38, 45, 48, 49]",2,2,2,3,3,"[45, 48]",0.10221566225756902,0.3485178595240271,15.5
2020-06-06,logistic,v1.0.0,"[6, 22, 38, 45, 48, 49]",2,0,0,0,0,[],0.10995726756156737,0.3836371584846323,38.666666666666664
2020-06-06,ensemble,v1.0.0,"[6, 22, 38, 45, 48, 49]",2,2,2,2,2,"[45, 48]",0.10691696287994192,0.369414511060914,21.333333333333332
2020-06-10,random,v1.0.0,"[3, 13, 25, 33, 34, 45]",14,1,1,1,2,[3],0.10745522698875466,0.3717761799434532,25.5
2020-06-10,long_frequency,v1.0.0,"[3, 13, 25, 33, 34, 45]",14,2,2,2,2,"[34, 45]",0.1069902195743095,0.3697049899482305,21.833333333333332
2020-06-10,recent_frequency,v1.0.0,"[3, 13, 25, 33, 34, 45]",14,1,1,2,2,[45],0.10643953019575178,0.3671391961815597,22.5
2020-06-10,ema_gap,v1.0.0,"[3, 13, 25, 33, 34, 45]",14,2,2,3,3,"[34, 45]",0.10466043840799931,0.3618150248290523,20.166666666666668
2020-06-10,logistic,v1.0.0,"[3, 13, 25, 33, 34, 45]",14,0,0,1,3,[],0.10831428107494455,0.3751550055563726,27.0
2020-06-10,ensemble,v1.0.0,"[3, 13, 25, 33, 34, 45]",14,1,1,2,2,[45],0.10674138769015053,0.36880754786851055,22.666666666666668
2020-06-13,random,v1.0.0,"[3, 31, 34, 38, 45, 48]",12,1,1,1,1,[3],0.10745522698875466,0.3717761799434531,33.166666666666664
2020-06-13,long_frequency,v1.0.0,"[3, 31, 34, 38, 45, 48]",12,3,3,4,4,"[31, 34, 45]",0.10586689335417844,0.3645432989917339,10.5
2020-06-13,recent_frequency,v1.0.0,"[3, 31, 34, 38, 45, 48]",12,2,2,2,4,"[45, 48]",0.1044788771345273,0.35882444170812366,16.833333333333332
2020-06-13,ema_gap,v1.0.0,"[3, 31, 34, 38, 45, 48]",12,3,3,3,4,"[34, 45, 48]",0.0990136602874235,0.33996556849590653,14.0
2020-06-13,logistic,v1.0.0,"[3, 31, 34, 38, 45, 48]",12,2,2,3,4,"[45, 48]",0.1055255414592238,0.36325644224285636,17.5
2020-06-13,ensemble,v1.0.0,"[3, 31, 34, 38, 45, 48]",12,4,4,4,4,"[34, 38, 45, 48]",0.10384677544444168,0.35642373821237183,14.5
2020-06-17,random,v1.0.0,"[5, 10, 18, 29, 32, 48]",6,1,1,2,3,[5],0.10745522698875466,0.37177617994345324,23.666666666666668
2020-06-17,long_frequency,v1.0.0,"[5, 10, 18, 29, 32, 48]",6,0,0,0,0,[],0.10818698465598839,0.3751347028414187,32.833333333333336
2020-06-17,recent_frequency,v1.0.0,"[5, 10, 18, 29, 32, 48]",6,1,1,3,3,[48],0.10645863223656811,0.3669539604176313,21.833333333333332
2020-06-17,ema_gap,v1.0.0,"[5, 10, 18, 29, 32, 48]",6,1,1,2,2,[48],0.10673201192743709,0.3691302271494541,23.166666666666668
2020-06-17,logistic,v1.0.0,"[5, 10, 18, 29, 32, 48]",6,0,0,3,3,[],0.10785898020122497,0.37425992732450236,24.333333333333332
2020-06-17,ensemble,v1.0.0,"[5, 10, 18, 29, 32, 48]",6,1,1,3,3,[10],0.1070235163170814,0.3696204289655777,21.0
2020-06-20,random,v1.0.0,"[14, 22, 29, 36, 48, 49]",19,0,0,0,1,[],0.10745522698875466,0.37177617994345313,33.0
2020-06-20,long_frequency,v1.0.0,"[14, 22, 29, 36, 48, 49]",19,0,0,0,1,[],0.10806283492736396,0.3746111462870715,28.333333333333332
2020-06-20,recent_frequency,v1.0.0,"[14, 22, 29, 36, 48, 49]",19,1,1,1,2,[48],0.10671087713452727,0.368284958768475,25.333333333333332
2020-06-20,ema_gap,v1.0.0,"[14, 22, 29, 36, 48, 49]",19,1,1,1,2,[48],0.10492460074791037,0.3606685832644084,21.5
2020-06-20,logistic,v1.0.0,"[14, 22, 29, 36, 48, 49]",19,0,0,1,1,[],0.10900142122752732,0.3793677036450352,30.833333333333332
2020-06-20,ensemble,v1.0.0,"[14, 22, 29, 36, 48, 49]",19,1,1,1,2,[48],0.10727130065927469,0.37101060513342693,25.166666666666668
2020-06-24,random,v1.0.0,"[6, 16, 23, 39, 47, 48]",33,1,1,1,2,[6],0.10745522698875465,0.3717761799434532,29.833333333333332
2020-06-24,long_frequency,v1.0.0,"[6, 16, 23, 39, 47, 48]",33,1,1,1,2,[47],0.10763606038191914,0.3725804097604425,26.5
2020-06-24,recent_frequency,v1.0.0,"[6, 16, 23, 39, 47, 48]",33,1,1,1,2,[48],0.10647185672636403,0.3674509567465644,24.166666666666668
2020-06-24,ema_gap,v1.0.0,"[6, 16, 23, 39, 47, 48]",33,2,2,2,3,"[6, 48]",0.10450027382412355,0.36361937617504486,22.666666666666668
2020-06-24,logistic,v1.0.0,"[6, 16, 23, 39, 47, 48]",33,1,1,2,2,[48],0.10763920011830913,0.3720499489995908,23.833333333333332
2020-06-24,ensemble,v1.0.0,"[6, 16, 23, 39, 47, 48]",33,1,1,1,2,[48],0.10648172096879224,0.36792583699650155,23.5
2020-06-27,random,v1.0.0,"[1, 13, 14, 24, 36, 44]",7,1,1,1,3,[1],0.10745522698875463,0.37177617994345336,22.0
2020-06-27,long_frequency,v1.0.0,"[1, 13, 14, 24, 36, 44]",7,0,0,0,1,[],0.1084907869934048,0.37665832622850415,34.5
2020-06-27,recent_frequency,v1.0.0,"[1, 13, 14, 24, 36, 44]",7,0,0,3,3,[],0.10623430570595585,0.3649061151551755,16.0
2020-06-27,ema_gap,v1.0.0,"[1, 13, 14, 24, 36, 44]",7,0,0,2,2,[],0.10990316580699286,0.37933191168483665,24.666666666666668
2020-06-27,logistic,v1.0.0,"[1, 13, 14, 24, 36, 44]",7,1,1,1,2,[36],0.10855192171749468,0.376838370924309,28.333333333333332
2020-06-27,ensemble,v1.0.0,"[1, 13, 14, 24, 36, 44]",7,0,0,1,1,[],0.1081372181669029,0.37427687037749513,25.833333333333332
2020-07-01,random,v1.0.0,"[1, 12, 27, 30, 34, 49]",32,1,1,2,2,[1],0.10745522698875466,0.37177617994345313,25.5
2020-07-01,long_frequency,v1.0.0,"[1, 12, 27, 30, 34, 49]",32,1,1,2,3,[34],0.1071966523431587,0.3705812208885821,22.5
2020-07-01,recent_frequency,v1.0.0,"[1, 12, 27, 30, 34, 49]",32,0,0,1,3,[],0.10918630570595585,0.37973104418761405,27.0
2020-07-01,ema_gap,v1.0.0,"[1, 12, 27, 30, 34, 49]",32,1,1,1,2,[34],0.10930876487998605,0.37957876506209026,24.833333333333332
2020-07-01,logistic,v1.0.0,"[1, 12, 27, 30, 34, 49]",32,2,2,3,4,"[12, 34]",0.10549374674069939,0.36355966244723364,17.166666666666668
2020-07-01,ensemble,v1.0.0,"[1, 12, 27, 30, 34, 49]",32,1,1,2,3,[34],0.10689179462235035,0.36911322775902494,20.833333333333332
2020-07-04,random,v1.0.0,"[15, 20, 27, 34, 38, 42]",47,0,0,0,1,[],0.10745522698875466,0.3717761799434532,29.333333333333332
2020-07-04,long_frequency,v1.0.0,"[15, 20, 27, 34, 38, 42]",47,1,1,4,4,[34],0.10670004038894755,0.3683191599906804,17.666666666666668
2020-07-04,recent_frequency,v1.0.0,"[15, 20, 27, 34, 38, 42]",47,0,0,1,1,[],0.110906468971262,0.3883054744296355,34.5
2020-07-04,ema_gap,v1.0.0,"[15, 20, 27, 34, 38, 42]",47,1,1,1,2,[34],0.10980750618085935,0.3850269056375857,27.5
2020-07-04,logistic,v1.0.0,"[15, 20, 27, 34, 38, 42]",47,1,1,1,1,[42],0.10946822516849741,0.38220216983020977,33.833333333333336
2020-07-04,ensemble,v1.0.0,"[15, 20, 27, 34, 38, 42]",47,0,0,1,1,[],0.1091097517336493,0.37940457033273106,35.5
2020-07-08,random,v1.0.0,"[11, 26, 28, 35, 37, 47]",8,0,0,1,1,[],0.10745522698875466,0.37177617994345313,30.666666666666668
2020-07-08,long_frequency,v1.0.0,"[11, 26, 28, 35, 37, 47]",8,1,1,1,1,[47],0.10808886749818322,0.37472709156987893,34.0
2020-07-08,recent_frequency,v1.0.0,"[11, 26, 28, 35, 37, 47]",8,0,0,0,0,[],0.11065128529779258,0.3867225279118152,33.5
2020-07-08,ema_gap,v1.0.0,"[11, 26, 28, 35, 37, 47]",8,0,0,0,1,[],0.11333823684828084,0.39725238282690306,32.666666666666664
2020-07-08,logistic,v1.0.0,"[11, 26, 28, 35, 37, 47]",8,0,0,1,1,[],0.10871560052902385,0.3769808880663636,29.0
2020-07-08,ensemble,v1.0.0,"[11, 26, 28, 35, 37, 47]",8,0,0,0,1,[],0.10961930735880734,0.3815857780200956,35.0
2020-07-11,random,v1.0.0,"[16, 22, 31, 36, 43, 44]",46,0,0,0,1,[],0.10745522698875465,0.37177617994345313,32.0
2020-07-11,long_frequency,v1.0.0,"[16, 22, 31, 36, 43, 44]",46,2,2,2,4,"[31, 43]",0.10681604612618542,0.3688288467629289,17.666666666666668
2020-07-11,recent_frequency,v1.0.0,"[16, 22, 31, 36, 43, 44]",46,0,0,2,2,[],0.10793977509371094,0.3732941244666054,25.833333333333332
2020-07-11,ema_gap,v1.0.0,"[16, 22, 31, 36, 43, 44]",46,0,0,1,2,[],0.1097200575301636,0.37881078695337395,25.333333333333332
2020-07-11,logistic,v1.0.0,"[16, 22, 31, 36, 43, 44]",46,0,0,1,4,[],0.10818778733615464,0.3747187237794574,23.666666666666668
2020-07-11,ensemble,v1.0.0,"[16, 22, 31, 36, 43, 44]",46,0,0,2,3,[],0.1080354266591413,0.3738750680830938,23.5
2020-07-15,random,v1.0.0,"[5, 7, 17, 22, 43, 44]",14,1,1,2,3,[5],0.10745522698875465,0.37177617994345336,23.0
2020-07-15,long_frequency,v1.0.0,"[5, 7, 17, 22, 43, 44]",14,1,1,1,3,[43],0.10748876145222183,0.3718999554481367,24.5
2020-07-15,recent_frequency,v1.0.0,"[5, 7, 17, 22, 43, 44]",14,1,1,1,2,[43],0.10767577509371094,0.3719274932443197,24.0
2020-07-15,ema_gap,v1.0.0,"[5, 7, 17, 22, 43, 44]",14,1,1,3,3,[22],0.10819682512764311,0.37285863781725254,22.833333333333332
2020-07-15,logistic,v1.0.0,"[5, 7, 17, 22, 43, 44]",14,1,1,1,2,[7],0.10982794493605315,0.3837292657987533,30.166666666666668
2020-07-15,ensemble,v1.0.0,"[5, 7, 17, 22, 43, 44]",14,0,0,1,2,[],0.10840756336447019,0.3757836247706417,27.833333333333332
2020-07-18,random,v1.0.0,"[5, 23, 37, 40, 44, 45]",47,1,1,1,1,[5],0.10745522698875466,0.3717761799434531,32.333333333333336
2020-07-18,long_frequency,v1.0.0,"[5, 23, 37, 40, 44, 45]",47,2,2,2,4,"[40, 45]",0.10678095981844613,0.36871020046292247,18.166666666666668
2020-07-18,recent_frequency,v1.0.0,"[5, 23, 37, 40, 44, 45]",47,1,1,3,3,[45],0.10766842815493545,0.3744335357092247,24.5
2020-07-18,ema_gap,v1.0.0,"[5, 23, 37, 40, 44, 45]",47,2,2,2,3,"[44, 45]",0.10769977426052232,0.37553916126027503,24.0
2020-07-18,logistic,v1.0.0,"[5, 23, 37, 40, 44, 45]",47,2,2,2,2,"[37, 40]",0.1083740183712717,0.37657169806319385,29.333333333333332
2020-07-18,ensemble,v1.0.0,"[5, 23, 37, 40, 44, 45]",47,1,1,2,3,[45],0.10757423560501282,0.3724444162347157,26.5
2020-07-22,random,v1.0.0,"[5, 14, 19, 42, 46, 47]",8,1,1,1,2,[5],0.10745522698875465,0.37177617994345324,28.833333333333332
2020-07-22,long_frequency,v1.0.0,"[5, 14, 19, 42, 46, 47]",8,1,1,2,2,[47],0.10786625696240755,0.373771187539164,28.166666666666668
2020-07-22,recent_frequency,v1.0.0,"[5, 14, 19, 42, 46, 47]",8,0,0,0,1,[],0.11011153019575179,0.38460861125441004,31.166666666666668
2020-07-22,ema_gap,v1.0.0,"[5, 14, 19, 42, 46, 47]",8,0,0,1,2,[],0.11353195808995846,0.4009644943293957,32.166666666666664
2020-07-22,logistic,v1.0.0,"[5, 14, 19, 42, 46, 47]",8,1,1,4,5,[42],0.10545574017754186,0.36198811801754505,13.833333333333334
2020-07-22,ensemble,v1.0.0,"[5, 14, 19, 42, 46, 47]",8,0,0,1,2,[],0.10805766640384995,0.3742083832445949,25.5
2020-07-25,random,v1.0.0,"[6, 21, 34, 44, 45, 48]",33,1,1,1,1,[6],0.10745522698875466,0.3717761799434531,33.0
2020-07-25,long_frequency,v1.0.0,"[6, 21, 34, 44, 45, 48]",33,2,2,2,4,"[34, 45]",0.1066250057445555,0.36798983616371517,16.5
2020-07-25,recent_frequency,v1.0.0,"[6, 21, 34, 44, 45, 48]",33,3,3,4,5,"[44, 45, 48]",0.10227038733860892,0.3494244568631624,11.333333333333334
2020-07-25,ema_gap,v1.0.0,"[6, 21, 34, 44, 45, 48]",33,4,4,5,5,"[34, 44, 45, 48]",0.0951292984449691,0.32386771538935344,10.166666666666666
2020-07-25,logistic,v1.0.0,"[6, 21, 34, 44, 45, 48]",33,3,3,4,4,"[44, 45, 48]",0.10327066458421842,0.35388747770400886,14.0
2020-07-25,ensemble,v1.0.0,"[6, 21, 34, 44, 45, 48]",33,4,4,4,5,"[34, 44, 45, 48]",0.10176632025157702,0.3478627040229594,11.5
2020-07-29,random,v1.0.0,"[1, 11, 17, 19, 22, 45]",14,1,1,2,3,[1],0.10745522698875466,0.37177617994345336,19.166666666666668
2020-07-29,long_frequency,v1.0.0,"[1, 11, 17, 19, 22, 45]",14,1,1,1,1,[45],0.10770984450686606,0.37301814608865064,30.0
2020-07-29,recent_frequency,v1.0.0,"[1, 11, 17, 19, 22, 45]",14,1,1,1,2,[45],0.10770957101207829,0.37403909134993857,27.5
2020-07-29,ema_gap,v1.0.0,"[1, 11, 17, 19, 22, 45]",14,2,2,2,2,"[22, 45]",0.1049904919770195,0.36145631061125294,20.833333333333332
2020-07-29,logistic,v1.0.0,"[1, 11, 17, 19, 22, 45]",14,1,1,1,2,[22],0.10718210708155253,0.37056835880178085,24.833333333333332
2020-07-29,ensemble,v1.0.0,"[1, 11, 17, 19, 22, 45]",14,2,2,2,2,"[22, 45]",0.10659050320763304,0.3681364956898963,23.666666666666668
2020-08-01,random,v1.0.0,"[12, 13, 17, 22, 39, 40]",25,0,0,1,3,[],0.10745522698875465,0.37177617994345336,23.833333333333332
2020-08-01,long_frequency,v1.0.0,"[12, 13, 17, 22, 39, 40]",25,1,1,1,1,[40],0.10776743485659601,0.3732131790159758,30.0
2020-08-01,recent_frequency,v1.0.0,"[12, 13, 17, 22, 39, 40]",25,0,0,1,1,[],0.10990924448146608,0.38319621657827996,30.666666666666668
2020-08-01,ema_gap,v1.0.0,"[12, 13, 17, 22, 39, 40]",25,1,1,2,3,[22],0.11009204085043293,0.38357278970238967,27.333333333333332
2020-08-01,logistic,v1.0.0,"[12, 13, 17, 22, 39, 40]",25,0,0,1,2,[],0.1084572180995719,0.3765815340017201,28.0
2020-08-01,ensemble,v1.0.0,"[12, 13, 17, 22, 39, 40]",25,0,0,2,2,[],0.10865426056393199,0.37723080783814,31.5
2020-08-05,random,v1.0.0,"[3, 14, 23, 30, 38, 43]",24,1,1,1,2,[3],0.10745522698875466,0.3717761799434532,25.166666666666668
2020-08-05,long_frequency,v1.0.0,"[3, 14, 23, 30, 38, 43]",24,1,1,3,3,[43],0.10734206823396485,0.3713107225934725,20.5
2020-08-05,recent_frequency,v1.0.0,"[3, 14, 23, 30, 38, 43]",24,0,0,2,3,[],0.10624312203248648,0.3651687289608608,19.0
2020-08-05,ema_gap,v1.0.0,"[3, 14, 23, 30, 38, 43]",24,0,0,2,5,[],0.10786364293165061,0.36858518673232726,16.833333333333332
2020-08-05,logistic,v1.0.0,"[3, 14, 23, 30, 38, 43]",24,0,0,0,0,[],0.11000332292264946,0.383117310377642,33.5
2020-08-05,ensemble,v1.0.0,"[3, 14, 23, 30, 38, 43]",24,0,0,1,2,[],0.10806977126976997,0.3742380589678029,24.833333333333332
2020-08-08,random,v1.0.0,"[1, 20, 21, 23, 40, 46]",28,1,1,1,1,[1],0.10745522698875466,0.37177617994345324,25.166666666666668
2020-08-08,long_frequency,v1.0.0,"[1, 20, 21, 23, 40, 46]",28,1,1,4,5,[40],0.10670579306805063,0.3683130274089031,15.833333333333334
2020-08-08,recent_frequency,v1.0.0,"[1, 20, 21, 23, 40, 46]",28,0,0,2,2,[],0.10845601999167015,0.37582958398024263,27.166666666666668
2020-08-08,ema_gap,v1.0.0,"[1, 20, 21, 23, 40, 46]",28,0,0,1,2,[],0.1106593541839639,0.38414853065133936,27.333333333333332
2020-08-08,logistic,v1.0.0,"[1, 20, 21, 23, 40, 46]",28,1,1,2,3,[40],0.10716239480917478,0.3693455144834599,20.666666666666668
2020-08-08,ensemble,v1.0.0,"[1, 20, 21, 23, 40, 46]",28,0,0,2,3,[],0.10786251520128212,0.37260633786217595,21.833333333333332
2020-08-12,random,v1.0.0,"[16, 24, 27, 43, 48, 49]",39,0,0,0,1,[],0.10745522698875466,0.3717761799434532,34.5
2020-08-12,long_frequency,v1.0.0,"[16, 24, 27, 43, 48, 49]",39,1,1,2,3,[43],0.1071560101237502,0.37034772755148504,21.0
2020-08-12,recent_frequency,v1.0.0,"[16, 24, 27, 43, 48, 49]",39,1,1,2,3,[48],0.10599969346105789,0.36483291719532424,21.833333333333332
2020-08-12,ema_gap,v1.0.0,"[16, 24, 27, 43, 48, 49]",39,1,1,2,2,[48],0.1065823650021563,0.3685003642382363,22.833333333333332
2020-08-12,logistic,v1.0.0,"[16, 24, 27, 43, 48, 49]",39,0,0,1,2,[],0.10823095208351856,0.3747969758257885,26.333333333333332
2020-08-12,ensemble,v1.0.0,"[16, 24, 27, 43, 48, 49]",39,1,1,2,3,[48],0.10696880122574559,0.369620506102039,22.833333333333332
2020-08-15,random,v1.0.0,"[6, 7, 11, 19, 22, 43]",9,1,1,3,3,[6],0.10745522698875465,0.37177617994345336,18.0
2020-08-15,long_frequency,v1.0.0,"[6, 7, 11, 19, 22, 43]",9,1,1,1,2,[43],0.10762600109726013,0.37254713772523307,26.166666666666668
2020-08-15,recent_frequency,v1.0.0,"[6, 7, 11, 19, 22, 43]",9,1,1,1,3,[43],0.10773455060391503,0.3724469476976215,23.333333333333332
2020-08-15,ema_gap,v1.0.0,"[6, 7, 11, 19, 22, 43]",9,2,2,3,3,"[22, 43]",0.10474606814841547,0.35807085110953657,17.166666666666668
2020-08-15,logistic,v1.0.0,"[6, 7, 11, 19, 22, 43]",9,0,0,0,0,[],0.10877007044185939,0.3778517525609021,34.166666666666664
2020-08-15,ensemble,v1.0.0,"[6, 7, 11, 19, 22, 43]",9,1,1,2,3,[22],0.10726840155806212,0.3708386964985579,23.333333333333332
2020-08-19,random,v1.0.0,"[2, 17, 32, 37, 39, 42]",9,1,1,1,2,[2],0.10745522698875466,0.3717761799434531,28.166666666666668
2020-08-19,long_frequency,v1.0.0,"[2, 17, 32, 37, 39, 42]",9,0,0,0,0,[],0.10799513683092937,0.37419837804068073,31.666666666666668
2020-08-19,recent_frequency,v1.0.0,"[2, 17, 32, 37, 39, 42]",9,1,1,1,1,[2],0.11017765264473138,0.38461478435946056,33.5
2020-08-19,ema_gap,v1.0.0,"[2, 17, 32, 37, 39, 42]",9,0,0,0,1,[],0.11402490657808137,0.400317399461701,34.0
2020-08-19,logistic,v1.0.0,"[2, 17, 32, 37, 39, 42]",9,2,2,3,4,"[37, 42]",0.10667857064127251,0.3691311732420689,18.666666666666668
2020-08-19,ensemble,v1.0.0,"[2, 17, 32, 37, 39, 42]",9,0,0,0,1,[],0.10873167765741278,0.37739950437768816,28.5
2020-08-22,random,v1.0.0,"[19, 25, 34, 36, 40, 43]",32,0,0,0,0,[],0.10745522698875466,0.37177617994345313,32.833333333333336
2020-08-22,long_frequency,v1.0.0,"[19, 25, 34, 36, 40, 43]",32,3,3,3,4,"[34, 40, 43]",0.10653520344804975,0.36757179337560736,15.833333333333334
2020-08-22,recent_frequency,v1.0.0,"[19, 25, 34, 36, 40, 43]",32,1,1,3,3,[43],0.10696459142024156,0.3694826248290852,23.666666666666668
2020-08-22,ema_gap,v1.0.0,"[19, 25, 34, 36, 40, 43]",32,2,2,2,2,"[34, 43]",0.10633173477646148,0.3666778935678234,22.666666666666668
2020-08-22,logistic,v1.0.0,"[19, 25, 34, 36, 40, 43]",32,2,2,3,4,"[34, 43]",0.1049847365248753,0.360514534456393,16.166666666666668
2020-08-22,ensemble,v1.0.0,"[19, 25, 34, 36, 40, 43]",32,2,2,3,3,"[34, 43]",0.10569970992089389,0.3639621105931035,19.166666666666668
2020-08-26,random,v1.0.0,"[6, 8, 20, 23, 35, 39]",11,1,1,2,2,[6],0.10745522698875465,0.37177617994345324,21.833333333333332
2020-08-26,long_frequency,v1.0.0,"[6, 8, 20, 23, 35, 39]",11,0,0,2,2,[],0.1076681796588642,0.37272166594715295,27.666666666666668
2020-08-26,recent_frequency,v1.0.0,"[6, 8, 20, 23, 35, 39]",11,1,1,2,2,[23],0.10746614244064975,0.3712856498136628,24.666666666666668
2020-08-26,ema_gap,v1.0.0,"[6, 8, 20, 23, 35, 39]",11,1,1,2,2,[23],0.10941096936303912,0.3794480628253482,26.5
2020-08-26,logistic,v1.0.0,"[6, 8, 20, 23, 35, 39]",11,0,0,2,2,[],0.10731720120200071,0.3705340723942474,22.666666666666668
2020-08-26,ensemble,v1.0.0,"[6, 8, 20, 23, 35, 39]",11,1,1,2,2,[6],0.1074795594423438,0.37173646470273286,24.0
2020-08-29,random,v1.0.0,"[3, 13, 21, 24, 29, 40]",35,1,1,1,2,[3],0.10745522698875465,0.37177617994345324,21.666666666666668
2020-08-29,long_frequency,v1.0.0,"[3, 13, 21, 24, 29, 40]",35,1,1,1,2,[40],0.10746454905745609,0.37179887908691506,25.166666666666668
2020-08-29,recent_frequency,v1.0.0,"[3, 13, 21, 24, 29, 40]",35,0,0,1,1,[],0.10845748937942526,0.37540160080218943,29.166666666666668
2020-08-29,ema_gap,v1.0.0,"[3, 13, 21, 24, 29, 40]",35,0,0,1,1,[],0.11112327148204636,0.38504315879412776,27.5
2020-08-29,logistic,v1.0.0,"[3, 13, 21, 24, 29, 40]",35,0,0,1,2,[],0.10755317794321424,0.3720496680894705,25.166666666666668
2020-08-29,ensemble,v1.0.0,"[3, 13, 21, 24, 29, 40]",35,0,0,1,1,[],0.10812963771145281,0.37470573023135995,28.0
2020-09-02,random,v1.0.0,"[1, 5, 15, 23, 25, 31]",40,2,2,2,3,"[1, 5]",0.10745522698875465,0.37177617994345336,16.666666666666668
2020-09-02,long_frequency,v1.0.0,"[1, 5, 15, 23, 25, 31]",40,1,1,2,2,[31],0.10788360556062149,0.3738454714753156,31.166666666666668
2020-09-02,recent_frequency,v1.0.0,"[1, 5, 15, 23, 25, 31]",40,1,1,1,2,[23],0.10843838733860892,0.3762348645888882,27.5
2020-09-02,ema_gap,v1.0.0,"[1, 5, 15, 23, 25, 31]",40,1,1,1,2,[23],0.11000695633438554,0.3826156398436,28.833333333333332
2020-09-02,logistic,v1.0.0,"[1, 5, 15, 23, 25, 31]",40,0,0,1,1,[],0.10968341001511639,0.38214931059010504,31.833333333333332
2020-09-02,ensemble,v1.0.0,"[1, 5, 15, 23, 25, 31]",40,0,0,1,1,[],0.10890685774757845,0.37855214434123685,32.833333333333336
2020-09-05,random,v1.0.0,"[1, 8, 10, 33, 34, 38]",4,1,1,3,3,[1],0.10745522698875466,0.37177617994345336,20.666666666666668
2020-09-05,long_frequency,v1.0.0,"[1, 8, 10, 33, 34, 38]",4,1,1,2,2,[34],0.10718808525172445,0.37054320083972286,22.0
2020-09-05,recent_frequency,v1.0.0,"[1, 8, 10, 33, 34, 38]",4,0,0,2,2,[],0.10793242815493546,0.3734672543663859,23.833333333333332
2020-09-05,ema_gap,v1.0.0,"[1, 8, 10, 33, 34, 38]",4,1,1,2,2,[34],0.10899069094371065,0.37985074953186854,26.166666666666668
2020-09-05,logistic,v1.0.0,"[1, 8, 10, 33, 34, 38]",4,0,0,2,2,[],0.10823948468126403,0.3751909201251701,26.0
2020-09-05,ensemble,v1.0.0,"[1, 8, 10, 33, 34, 38]",4,1,1,1,1,[34],0.10797913997203305,0.37402253157434534,26.333333333333332
2020-09-09,random,v1.0.0,"[3, 5, 9, 19, 29, 37]",42,2,2,3,3,"[3, 5]",0.10745522698875465,0.37177617994345336,17.0
2020-09-09,long_frequency,v1.0.0,"[3, 5, 9, 19, 29, 37]",42,0,0,0,0,[],0.10788807902474094,0.37370998100900443,28.5
2020-09-09,recent_frequency,v1.0.0,"[3, 5, 9, 19, 29, 37]",42,0,0,0,1,[],0.11158826488962933,0.39193311700697875,35.333333333333336
2020-09-09,ema_gap,v1.0.0,"[3, 5, 9, 19, 29, 37]",42,0,0,0,2,[],0.112614435947934,0.3963127433862368,29.0
2020-09-09,logistic,v1.0.0,"[3, 5, 9, 19, 29, 37]",42,2,2,3,4,"[3, 9]",0.10457855393527657,0.3589625035957762,15.666666666666666
2020-09-09,ensemble,v1.0.0,"[3, 5, 9, 19, 29, 37]",42,0,0,1,2,[],0.1078204174433335,0.3731069597872552,23.166666666666668
2020-09-12,random,v1.0.0,"[5, 13, 19, 37, 42, 45]",40,1,1,1,2,[5],0.10745522698875466,0.37177617994345324,26.833333333333332
2020-09-12,long_frequency,v1.0.0,"[5, 13, 19, 37, 42, 45]",40,1,1,1,1,[45],0.10766447352132161,0.3727948444576271,29.666666666666668
2020-09-12,recent_frequency,v1.0.0,"[5, 13, 19, 37, 42, 45]",40,1,1,2,3,[45],0.10667120366513952,0.36966339021455763,22.833333333333332
2020-09-12,ema_gap,v1.0.0,"[5, 13, 19, 37, 42, 45]",40,1,1,4,4,[45],0.10526669228626127,0.36082364584132953,17.833333333333332
2020-09-12,logistic,v1.0.0,"[5, 13, 19, 37, 42, 45]",40,1,1,1,1,[42],0.10862533741837439,0.37742435438393374,31.666666666666668
2020-09-12,ensemble,v1.0.0,"[5, 13, 19, 37, 42, 45]",40,1,1,2,2,[45],0.10714557334141628,0.37040647948753036,25.166666666666668
2020-09-16,random,v1.0.0,"[6, 12, 23, 29, 44, 46]",39,1,1,2,2,[6],0.10745522698875466,0.3717761799434532,26.666666666666668
2020-09-16,long_frequency,v1.0.0,"[6, 12, 23, 29, 44, 46]",39,0,0,2,3,[],0.10740090867873209,0.3714624539186908,23.166666666666668
2020-09-16,recent_frequency,v1.0.0,"[6, 12, 23, 29, 44, 46]",39,1,1,3,3,[23],0.10595708121615993,0.36527396434874193,20.333333333333332
2020-09-16,ema_gap,v1.0.0,"[6, 12, 23, 29, 44, 46]",39,1,1,2,3,[23],0.10706005485924963,0.37031288914037236,22.0
2020-09-16,logistic,v1.0.0,"[6, 12, 23, 29, 44, 46]",39,0,0,1,1,[],0.11020607161201475,0.3845001903103335,34.0
2020-09-16,ensemble,v1.0.0,"[6, 12, 23, 29, 44, 46]",39,0,0,1,2,[],0.10798792678056475,0.3741890478443457,25.5
2020-09-19,random,v1.0.0,"[5, 15, 31, 35, 42, 46]",17,1,1,1,2,[5],0.10745522698875466,0.3717761799434531,29.0
2020-09-19,long_frequency,v1.0.0,"[5, 15, 31, 35, 42, 46]",17,1,1,2,2,[31],0.1075085956063886,0.37207851949115894,28.5
2020-09-19,recent_frequency,v1.0.0,"[5, 15, 31, 35, 42, 46]",17,0,0,0,2,[],0.10965259142024156,0.38138687549385625,29.333333333333332
2020-09-19,ema_gap,v1.0.0,"[5, 15, 31, 35, 42, 46]",17,0,0,1,1,[],0.1103523551627699,0.38237037603019514,27.333333333333332
2020-09-19,logistic,v1.0.0,"[5, 15, 31, 35, 42, 46]",17,0,0,1,3,[],0.10782890457477425,0.3729297123152319,23.166666666666668
2020-09-19,ensemble,v1.0.0,"[5, 15, 31, 35, 42, 46]",17,0,0,1,2,[],0.10847825408555223,0.3757309126363357,25.166666666666668
2020-09-23,random,v1.0.0,"[11, 17, 28, 29, 36, 39]",15,0,0,1,2,[],0.10745522698875466,0.37177617994345313,26.666666666666668
2020-09-23,long_frequency,v1.0.0,"[11, 17, 28, 29, 36, 39]",15,0,0,0,1,[],0.10831803144495888,0.37576372480644676,36.0
2020-09-23,recent_frequency,v1.0.0,"[11, 17, 28, 29, 36, 39]",15,0,0,1,1,[],0.10891055060391505,0.37790158169133575,29.166666666666668
2020-09-23,ema_gap,v1.0.0,"[11, 17, 28, 29, 36, 39]",15,0,0,0,1,[],0.11087909935156505,0.3845168572386365,26.5
2020-09-23,logistic,v1.0.0,"[11, 17, 28, 29, 36, 39]",15,0,0,0,3,[],0.10847363071882891,0.3760284537161311,27.0
2020-09-23,ensemble,v1.0.0,"[11, 17, 28, 29, 36, 39]",15,0,0,0,1,[],0.10874569160677677,0.3772882582629952,27.666666666666668
2020-09-26,random,v1.0.0,"[8, 27, 29, 33, 40, 49]",2,0,0,1,1,[],0.10745522698875466,0.37177617994345313,31.0
2020-09-26,long_frequency,v1.0.0,"[8, 27, 29, 33, 40, 49]",2,1,1,2,3,[40],0.1069717849850759,0.3694938100287942,18.833333333333332
2020-09-26,recent_frequency,v1.0.0,"[8, 27, 29, 33, 40, 49]",2,0,0,0,1,[],0.10989601999167016,0.382267756298678,32.166666666666664
2020-09-26,ema_gap,v1.0.0,"[8, 27, 29, 33, 40, 49]",2,0,0,1,1,[],0.11191008206529507,0.39100394440594116,31.166666666666668
2020-09-26,logistic,v1.0.0,"[8, 27, 29, 33, 40, 49]",2,0,0,1,2,[],0.1077556879156085,0.37296241235659006,24.666666666666668
2020-09-26,ensemble,v1.0.0,"[8, 27, 29, 33, 40, 49]",2,0,0,0,1,[],0.10862713152643735,0.37712908069008444,32.666666666666664
2020-09-30,random,v1.0.0,"[13, 16, 20, 21, 27, 48]",15,0,0,0,2,[],0.10745522698875466,0.37177617994345324,24.166666666666668
2020-09-30,long_frequency,v1.0.0,"[13, 16, 20, 21, 27, 48]",15,0,0,2,3,[],0.10740028151518495,0.3714950238854799,23.666666666666668
2020-09-30,recent_frequency,v1.0.0,"[13, 16, 20, 21, 27, 48]",15,2,2,2,2,"[13, 48]",0.10694989754269055,0.36952797968930085,23.666666666666668
2020-09-30,ema_gap,v1.0.0,"[13, 16, 20, 21, 27, 48]",15,0,0,2,2,[],0.10867002687372182,0.37667636514934527,26.0
2020-09-30,logistic,v1.0.0,"[13, 16, 20, 21, 27, 48]",15,0,0,0,0,[],0.10886258874724733,0.37753587630687024,29.833333333333332
2020-09-30,ensemble,v1.0.0,"[13, 16, 20, 21, 27, 48]",15,1,1,1,2,[48],0.1079179093182696,0.37392958038165713,27.0
2020-10-03,random,v1.0.0,"[12, 22, 24, 37, 39, 43]",16,0,0,1,1,[],0.10745522698875466,0.3717761799434532,29.5
2020-10-03,long_frequency,v1.0.0,"[12, 22, 24, 37, 39, 43]",16,1,1,1,1,[43],0.10755795668859658,0.37220190437006234,27.166666666666668
2020-10-03,recent_frequency,v1.0.0,"[12, 22, 24, 37, 39, 43]",16,0,0,1,3,[],0.10795153019575177,0.3735113811686421,26.333333333333332
2020-10-03,ema_gap,v1.0.0,"[12, 22, 24, 37, 39, 43]",16,0,0,2,2,[],0.10852983739828309,0.37479119926202314,24.166666666666668
2020-10-03,logistic,v1.0.0,"[12, 22, 24, 37, 39, 43]",16,2,2,2,2,"[39, 43]",0.10666553954787888,0.3683320410921437,22.0
2020-10-03,ensemble,v1.0.0,"[12, 22, 24, 37, 39, 43]",16,1,1,2,2,[43],0.10723429009998614,0.37064320502740006,23.5
2020-10-07,random,v1.0.0,"[4, 5, 12, 13, 18, 19]",34,2,2,3,5,"[4, 5]",0.10745522698875466,0.3717761799434534,11.833333333333334
2020-10-07,long_frequency,v1.0.0,"[4, 5, 12, 13, 18, 19]",34,0,0,1,1,[],0.10824637844184293,0.3754369342716053,33.333333333333336
2020-10-07,recent_frequency,v1.0.0,"[4, 5, 12, 13, 18, 19]",34,1,1,1,3,[13],0.10843985672636403,0.3763093514055953,25.5
2020-10-07,ema_gap,v1.0.0,"[4, 5, 12, 13, 18, 19]",34,1,1,2,3,[13],0.1095417509707662,0.3850834529686868,25.833333333333332
2020-10-07,logistic,v1.0.0,"[4, 5, 12, 13, 18, 19]",34,1,1,3,3,[4],0.10606944979466461,0.3664728655334481,20.5
2020-10-07,ensemble,v1.0.0,"[4, 5, 12, 13, 18, 19]",34,0,0,3,4,[],0.10725026858388553,0.37088558790645987,22.666666666666668
2020-10-10,random,v1.0.0,"[6, 23, 24, 29, 36, 38]",25,1,1,1,1,[6],0.10745522698875466,0.3717761799434532,26.0
2020-10-10,long_frequency,v1.0.0,"[6, 23, 24, 29, 36, 38]",25,0,0,2,3,[],0.10737213777074811,0.37132724953110385,23.0
2020-10-10,recent_frequency,v1.0.0,"[6, 23, 24, 29, 36, 38]",25,1,1,3,5,[23],0.10403169346105791,0.3560607453410716,14.166666666666666
2020-10-10,ema_gap,v1.0.0,"[6, 23, 24, 29, 36, 38]",25,1,1,3,4,[23],0.1035893542387207,0.352396977027863,15.166666666666666
2020-10-10,logistic,v1.0.0,"[6, 23, 24, 29, 36, 38]",25,0,0,1,1,[],0.10873499699595957,0.3776468010058516,31.5
2020-10-10,ensemble,v1.0.0,"[6, 23, 24, 29, 36, 38]",25,2,2,4,4,"[23, 29]",0.1062706302651555,0.36628006118508555,16.0
2020-10-14,random,v1.0.0,"[10, 18, 20, 38, 39, 44]",40,0,0,1,2,[],0.10745522698875466,0.37177617994345324,28.166666666666668
2020-10-14,long_frequency,v1.0.0,"[10, 18, 20, 38, 39, 44]",40,0,0,2,3,[],0.10737954027742146,0.3714098736969186,23.333333333333332
2020-10-14,recent_frequency,v1.0.0,"[10, 18, 20, 38, 39, 44]",40,0,0,1,1,[],0.10797944856309871,0.3730544297535217,24.5
2020-10-14,ema_gap,v1.0.0,"[10, 18, 20, 38, 39, 44]",40,0,0,0,3,[],0.10963641055423962,0.37857738855993256,23.833333333333332
2020-10-14,logistic,v1.0.0,"[10, 18, 20, 38, 39, 44]",40,1,1,2,2,[38],0.10685902869313324,0.3686012374390623,22.833333333333332
2020-10-14,ensemble,v1.0.0,"[10, 18, 20, 38, 39, 44]",40,1,1,1,3,[38],0.10741126841065755,0.37140064277199164,23.333333333333332
2020-10-17,random,v1.0.0,"[7, 8, 9, 24, 25, 34]",14,0,0,3,3,[],0.10745522698875466,0.37177617994345336,17.833333333333332
2020-10-17,long_frequency,v1.0.0,"[7, 8, 9, 24, 25, 34]",14,1,1,1,2,[34],0.1073569106134831,0.37130029240309376,24.333333333333332
2020-10-17,recent_frequency,v1.0.0,"[7, 8, 9, 24, 25, 34]",14,0,0,2,2,[],0.10896785672636403,0.37969804847496175,26.0
2020-10-17,ema_gap,v1.0.0,"[7, 8, 9, 24, 25, 34]",14,0,0,0,2,[],0.11209654985530779,0.39377948370822524,31.166666666666668
2020-10-17,logistic,v1.0.0,"[7, 8, 9, 24, 25, 34]",14,0,0,1,2,[],0.1091684940986293,0.37978678769005403,29.666666666666668
2020-10-17,ensemble,v1.0.0,"[7, 8, 9, 24, 25, 34]",14,1,1,1,2,[34],0.10928190456638193,0.38063800221693256,29.666666666666668
2020-10-21,random,v1.0.0,"[26, 28, 32, 37, 40, 47]",10,0,0,0,0,[],0.10745522698875466,0.37177617994345313,35.0
2020-10-21,long_frequency,v1.0.0,"[26, 28, 32, 37, 40, 47]",10,1,1,2,2,[40],0.10735431049846601,0.37132821577652775,25.333333333333332
2020-10-21,recent_frequency,v1.0.0,"[26, 28, 32, 37, 40, 47]",10,0,0,0,0,[],0.11213242815493546,0.3937463284503201,39.333333333333336
2020-10-21,ema_gap,v1.0.0,"[26, 28, 32, 37, 40, 47]",10,0,0,0,0,[],0.11544659962484385,0.41077859956056273,36.5
2020-10-21,logistic,v1.0.0,"[26, 28, 32, 37, 40, 47]",10,0,0,2,4,[],0.10613626707860344,0.3650258681312489,16.666666666666668
2020-10-21,ensemble,v1.0.0,"[26, 28, 32, 37, 40, 47]",10,0,0,0,1,[],0.10910106857386151,0.3791531169316014,31.833333333333332
2020-10-24,random,v1.0.0,"[4, 9, 17, 20, 26, 31]",34,1,1,2,3,[4],0.10745522698875466,0.37177617994345336,17.833333333333332
2020-10-24,long_frequency,v1.0.0,"[4, 9, 17, 20, 26, 31]",34,1,1,3,3,[31],0.10684150821192821,0.36893341595327417,18.5
2020-10-24,recent_frequency,v1.0.0,"[4, 9, 17, 20, 26, 31]",34,0,0,0,1,[],0.11259577509371096,0.3969825873757976,38.833333333333336
2020-10-24,ema_gap,v1.0.0,"[4, 9, 17, 20, 26, 31]",34,0,0,0,0,[],0.11522886544743133,0.40886644841059794,37.666666666666664
2020-10-24,logistic,v1.0.0,"[4, 9, 17, 20, 26, 31]",34,0,0,0,1,[],0.10789538657217594,0.37351789563493604,26.166666666666668
2020-10-24,ensemble,v1.0.0,"[4, 9, 17, 20, 26, 31]",34,0,0,0,0,[],0.10989233886014248,0.3834103399809626,39.0
2020-10-28,random,v1.0.0,"[2, 3, 16, 25, 34, 46]",49,2,2,2,3,"[2, 3]",0.10745522698875465,0.37177617994345336,21.0
2020-10-28,long_frequency,v1.0.0,"[2, 3, 16, 25, 34, 46]",49,1,1,2,2,[34],0.10725922703347744,0.37087830742773037,23.833333333333332
2020-10-28,recent_frequency,v1.0.0,"[2, 3, 16, 25, 34, 46]",49,1,1,1,1,[34],0.10840312203248648,0.37574044654169036,27.166666666666668
2020-10-28,ema_gap,v1.0.0,"[2, 3, 16, 25, 34, 46]",49,1,1,1,1,[34],0.11144109375639118,0.3914110876290236,32.0
2020-10-28,logistic,v1.0.0,"[2, 3, 16, 25, 34, 46]",49,0,0,2,2,[],0.10899000082669617,0.3792348064461898,29.666666666666668
2020-10-28,ensemble,v1.0.0,"[2, 3, 16, 25, 34, 46]",49,0,0,1,1,[],0.10879468730358094,0.3781690480224991,33.166666666666664
2020-10-31,random,v1.0.0,"[5, 8, 18, 22, 41, 48]",23,1,1,2,3,[5],0.10745522698875465,0.37177617994345324,23.666666666666668
2020-10-31,long_frequency,v1.0.0,"[5, 8, 18, 22, 41, 48]",23,0,0,0,1,[],0.10805660468589805,0.3745239908353321,30.333333333333332
2020-10-31,recent_frequency,v1.0.0,"[5, 8, 18, 22, 41, 48]",23,1,1,3,3,[48],0.10669324448146607,0.36886752736450296,19.0
2020-10-31,ema_gap,v1.0.0,"[5, 8, 18, 22, 41, 48]",23,2,2,3,3,"[5, 48]",0.10779399802115941,0.3788324400782215,21.333333333333332
2020-10-31,logistic,v1.0.0,"[5, 8, 18, 22, 41, 48]",23,0,0,0,1,[],0.11034281099031562,0.3845962684795076,33.333333333333336
2020-10-31,ensemble,v1.0.0,"[5, 8, 18, 22, 41, 48]",23,1,1,1,1,[48],0.10854730438171492,0.3769066490610693,27.5
2020-11-04,random,v1.0.0,"[2, 9, 13, 18, 40, 46]",34,1,1,2,4,[2],0.10745522698875465,0.37177617994345336,21.333333333333332
2020-11-04,long_frequency,v1.0.0,"[2, 9, 13, 18, 40, 46]",34,1,1,2,2,[40],0.10740388209559527,0.37156647188400604,24.833333333333332
2020-11-04,recent_frequency,v1.0.0,"[2, 9, 13, 18, 40, 46]",34,0,0,1,3,[],0.10891348937942524,0.3787112362210258,27.666666666666668
2020-11-04,ema_gap,v1.0.0,"[2, 9, 13, 18, 40, 46]",34,1,1,1,1,[13],0.10921867481982167,0.3775613861296129,25.833333333333332
2020-11-04,logistic,v1.0.0,"[2, 9, 13, 18, 40, 46]",34,2,2,2,2,"[9, 40]",0.10792394684446853,0.3753784732113251,24.333333333333332
2020-11-04,ensemble,v1.0.0,"[2, 9, 13, 18, 40, 46]",34,0,0,1,2,[],0.10798559355563592,0.37425921442763965,27.166666666666668
2020-11-07,random,v1.0.0,"[1, 16, 19, 24, 26, 47]",29,1,1,1,2,[1],0.10745522698875465,0.37177617994345324,22.166666666666668
2020-11-07,long_frequency,v1.0.0,"[1, 16, 19, 24, 26, 47]",29,0,0,1,1,[],0.10785100130740659,0.37358448894028784,29.833333333333332
2020-11-07,recent_frequency,v1.0.0,"[1, 16, 19, 24, 26, 47]",29,0,0,0,1,[],0.10916573427738441,0.378778065898658,28.5
2020-11-07,ema_gap,v1.0.0,"[1, 16, 19, 24, 26, 47]",29,0,0,0,1,[],0.11142922408596215,0.3874027872577398,28.666666666666668
2020-11-07,logistic,v1.0.0,"[1, 16, 19, 24, 26, 47]",29,1,1,3,4,[26],0.1062507736614286,0.3661299436918444,16.833333333333332
2020-11-07,ensemble,v1.0.0,"[1, 16, 19, 24, 26, 47]",29,0,0,1,1,[],0.10781980238182036,0.373311634332422,26.333333333333332
2020-11-11,random,v1.0.0,"[6, 14, 18, 23, 31, 47]",44,1,1,1,3,[6],0.10745522698875466,0.37177617994345336,23.166666666666668
2020-11-11,long_frequency,v1.0.0,"[6, 14, 18, 23, 31, 47]",44,2,2,3,3,"[31, 47]",0.10757838569306766,0.37251780261685186,25.833333333333332
2020-11-11,recent_frequency,v1.0.0,"[6, 14, 18, 23, 31, 47]",44,2,2,3,3,"[6, 23]",0.10621520366513952,0.3665041662694966,21.333333333333332
2020-11-11,ema_gap,v1.0.0,"[6, 14, 18, 23, 31, 47]",44,1,1,2,3,[23],0.10773537043032573,0.37323087564009705,22.666666666666668
2020-11-11,logistic,v1.0.0,"[6, 14, 18, 23, 31, 47]",44,1,1,1,2,[47],0.1080042844503015,0.37504283645092984,26.0
2020-11-11,ensemble,v1.0.0,"[6, 14, 18, 23, 31, 47]",44,1,1,3,3,[47],0.10721812114986237,0.3706878768713397,22.5
2020-11-14,random,v1.0.0,"[1, 2, 13, 30, 35, 38]",45,2,2,2,3,"[1, 2]",0.10745522698875465,0.37177617994345336,19.833333333333332
2020-11-14,long_frequency,v1.0.0,"[1, 2, 13, 30, 35, 38]",45,0,0,1,1,[],0.10802520064257268,0.3744047134432689,32.166666666666664
2020-11-14,recent_frequency,v1.0.0,"[1, 2, 13, 30, 35, 38]",45,1,1,1,4,[13],0.10622695876718033,0.3651387267442781,17.833333333333332
2020-11-14,ema_gap,v1.0.0,"[1, 2, 13, 30, 35, 38]",45,1,1,1,2,[13],0.10931175862855624,0.38137880421623405,26.5
2020-11-14,logistic,v1.0.0,"[1, 2, 13, 30, 35, 38]",45,1,1,2,3,[13],0.10663518459503571,0.36713185588745373,19.0
2020-11-14,ensemble,v1.0.0,"[1, 2, 13, 30, 35, 38]",45,1,1,1,2,[13],0.10708654651259454,0.36971713610114587,22.0
2020-11-18,random,v1.0.0,"[7, 14, 21, 28, 30, 32]",22,0,0,1,2,[],0.10745522698875466,0.37177617994345324,22.0
2020-11-18,long_frequency,v1.0.0,"[7, 14, 21, 28, 30, 32]",22,0,0,0,2,[],0.10829192402870219,0.3757135290050016,30.666666666666668
2020-11-18,recent_frequency,v1.0.0,"[7, 14, 21, 28, 30, 32]",22,0,0,0,1,[],0.10919218325697624,0.3787949407630248,28.666666666666668
2020-11-18,ema_gap,v1.0.0,"[7, 14, 21, 28, 30, 32]",22,0,0,0,0,[],0.11515942655033158,0.40669258359845945,37.333333333333336
2020-11-18,logistic,v1.0.0,"[7, 14, 21, 28, 30, 32]",22,0,0,0,1,[],0.1108148839438275,0.3882128109280839,34.333333333333336
2020-11-18,ensemble,v1.0.0,"[7, 14, 21, 28, 30, 32]",22,0,0,0,0,[],0.11065591688530275,0.3870375380388994,42.0
2020-11-21,random,v1.0.0,"[16, 19, 21, 34, 37, 47]",25,0,0,0,1,[],0.10745522698875466,0.37177617994345324,29.0
2020-11-21,long_frequency,v1.0.0,"[16, 19, 21, 34, 37, 47]",25,2,2,2,3,"[34, 47]",0.106960943805175,0.36948435343957187,19.666666666666668
2020-11-21,recent_frequency,v1.0.0,"[16, 19, 21, 34, 37, 47]",25,1,1,1,1,[34],0.10720801999167015,0.37015566242677755,23.833333333333332
2020-11-21,ema_gap,v1.0.0,"[16, 19, 21, 34, 37, 47]",25,1,1,2,3,[34],0.10530797025420709,0.35959083314682333,17.666666666666668
2020-11-21,logistic,v1.0.0,"[16, 19, 21, 34, 37, 47]",25,1,1,2,3,[16],0.10754020545926088,0.3721638041756326,24.166666666666668
2020-11-21,ensemble,v1.0.0,"[16, 19, 21, 34, 37, 47]",25,1,1,2,3,[34],0.10665749214738145,0.3679968161130484,17.333333333333332
2020-11-25,random,v1.0.0,"[13, 14, 31, 33, 37, 46]",40,0,0,0,2,[],0.10745522698875466,0.37177617994345313,29.0
2020-11-25,long_frequency,v1.0.0,"[13, 14, 31, 33, 37, 46]",40,1,1,2,2,[31],0.10754748065246394,0.37233302507515353,25.666666666666668
2020-11-25,recent_frequency,v1.0.0,"[13, 14, 31, 33, 37, 46]",40,1,1,1,1,[13],0.10942385672636402,0.3810364453183458,30.833333333333332
2020-11-25,ema_gap,v1.0.0,"[13, 14, 31, 33, 37, 46]",40,1,1,1,2,[13],0.10744224781680889,0.3738381848385336,23.5
2020-11-25,logistic,v1.0.0,"[13, 14, 31, 33, 37, 46]",40,1,1,2,4,[37],0.10600808256948284,0.3648173132685911,17.333333333333332
2020-11-25,ensemble,v1.0.0,"[13, 14, 31, 33, 37, 46]",40,2,2,2,4,"[13, 37]",0.10690919709549598,0.3693563400272098,20.5
2020-11-28,random,v1.0.0,"[3, 4, 16, 23, 26, 44]",18,2,2,2,3,"[3, 4]",0.10745522698875463,0.37177617994345336,19.333333333333332
2020-11-28,long_frequency,v1.0.0,"[3, 4, 16, 23, 26, 44]",18,0,0,2,3,[],0.10742503983295498,0.371555630971994,22.0
2020-11-28,recent_frequency,v1.0.0,"[3, 4, 16, 23, 26, 44]",18,1,1,2,2,[23],0.10842516284881298,0.37812856416358726,27.0
2020-11-28,ema_gap,v1.0.0,"[3, 4, 16, 23, 26, 44]",18,1,1,1,1,[23],0.10991787994995482,0.38292574501369303,27.666666666666668
2020-11-28,logistic,v1.0.0,"[3, 4, 16, 23, 26, 44]",18,0,0,1,2,[],0.1095755498014971,0.381822680077426,29.333333333333332
2020-11-28,ensemble,v1.0.0,"[3, 4, 16, 23, 26, 44]",18,1,1,2,2,[23],0.1088738019582707,0.37891582436511756,28.666666666666668
2020-12-02,random,v1.0.0,"[22, 24, 28, 41, 47, 49]",21,0,0,0,0,[],0.10745522698875466,0.3717761799434532,35.166666666666664
2020-12-02,long_frequency,v1.0.0,"[22, 24, 28, 41, 47, 49]",21,1,1,1,2,[47],0.10748227663839166,0.37186936992923925,23.333333333333332
2020-12-02,recent_frequency,v1.0.0,"[22, 24, 28, 41, 47, 49]",21,0,0,1,1,[],0.10938271386922115,0.380786268180214,29.666666666666668
2020-12-02,ema_gap,v1.0.0,"[22, 24, 28, 41, 47, 49]",21,0,0,1,2,[],0.1109273023904132,0.38895662526206254,27.833333333333332
2020-12-02,logistic,v1.0.0,"[22, 24, 28, 41, 47, 49]",21,0,0,0,2,[],0.10792056975853061,0.3732950857844794,27.0
2020-12-02,ensemble,v1.0.0,"[22, 24, 28, 41, 47, 49]",21,1,1,1,3,[47],0.10844083981382503,0.3766092182416638,28.333333333333332
2020-12-05,random,v1.0.0,"[3, 10, 13, 21, 27, 45]",23,1,1,2,3,[3],0.10745522698875465,0.37177617994345336,19.833333333333332
2020-12-05,long_frequency,v1.0.0,"[3, 10, 13, 21, 27, 45]",23,1,1,2,3,[45],0.10698089027946855,0.36959159485076165,19.666666666666668
2020-12-05,recent_frequency,v1.0.0,"[3, 10, 13, 21, 27, 45]",23,1,1,2,2,[13],0.1061961016243232,0.36560720057411467,19.833333333333332
2020-12-05,ema_gap,v1.0.0,"[3, 10, 13, 21, 27, 45]",23,1,1,1,2,[13],0.10774613504604076,0.37516611314204534,25.666666666666668
2020-12-05,logistic,v1.0.0,"[3, 10, 13, 21, 27, 45]",23,0,0,0,1,[],0.10842926119783536,0.3763025835464236,30.5
2020-12-05,ensemble,v1.0.0,"[3, 10, 13, 21, 27, 45]",23,1,1,1,2,[13],0.10736226118286585,0.37149552912596395,26.5
2020-12-09,random,v1.0.0,"[10, 11, 14, 19, 27, 39]",40,0,0,2,3,[],0.10745522698875465,0.37177617994345336,20.0
2020-12-09,long_frequency,v1.0.0,"[10, 11, 14, 19, 27, 39]",40,0,0,1,1,[],0.10824495562493816,0.3755036029655924,31.666666666666668
2020-12-09,recent_frequency,v1.0.0,"[10, 11, 14, 19, 27, 39]",40,0,0,0,0,[],0.10864948937942527,0.3761421859699318,27.5
2020-12-09,ema_gap,v1.0.0,"[10, 11, 14, 19, 27, 39]",40,0,0,1,1,[],0.11106205351058984,0.3866914182190816,27.5
2020-12-09,logistic,v1.0.0,"[10, 11, 14, 19, 27, 39]",40,1,1,2,4,[14],0.1060396010392345,0.36488570440672463,16.833333333333332
2020-12-09,ensemble,v1.0.0,"[10, 11, 14, 19, 27, 39]",40,0,0,0,3,[],0.10761364917652745,0.3723121654404852,24.166666666666668
2020-12-12,random,v1.0.0,"[27, 28, 29, 36, 46, 48]",49,0,0,0,0,[],0.10745522698875466,0.37177617994345313,35.666666666666664
2020-12-12,long_frequency,v1.0.0,"[27, 28, 29, 36, 46, 48]",49,0,0,2,3,[],0.10735461979203144,0.37128273524939176,23.0
2020-12-12,recent_frequency,v1.0.0,"[27, 28, 29, 36, 46, 48]",49,1,1,1,1,[48],0.10667414244064974,0.36736562525033534,23.666666666666668
2020-12-12,ema_gap,v1.0.0,"[27, 28, 29, 36, 46, 48]",49,0,0,0,1,[],0.1089240286119762,0.3748430715182792,24.166666666666668
2020-12-12,logistic,v1.0.0,"[27, 28, 29, 36, 46, 48]",49,1,1,1,4,[28],0.10596372213481625,0.36393246052553113,16.0
2020-12-12,ensemble,v1.0.0,"[27, 28, 29, 36, 46, 48]",49,0,0,2,3,[],0.10668833089667591,0.3674113134230618,17.5
2020-12-16,random,v1.0.0,"[10, 12, 20, 25, 31, 34]",42,0,0,2,2,[],0.10745522698875466,0.37177617994345324,22.0
2020-12-16,long_frequency,v1.0.0,"[10, 12, 20, 25, 31, 34]",42,2,2,3,3,"[31, 34]",0.10667425066016616,0.36823588392496664,18.833333333333332
2020-12-16,recent_frequency,v1.0.0,"[10, 12, 20, 25, 31, 34]",42,1,1,1,2,[34],0.10913487713452731,0.3799646874744286,30.666666666666668
2020-12-16,ema_gap,v1.0.0,"[10, 12, 20, 25, 31, 34]",42,1,1,1,1,[34],0.11162995965491623,0.3917939134954148,31.0
2020-12-16,logistic,v1.0.0,"[10, 12, 20, 25, 31, 34]",42,2,2,2,4,"[12, 20]",0.1053450666304986,0.3619343808208337,16.5
2020-12-16,ensemble,v1.0.0,"[10, 12, 20, 25, 31, 34]",42,1,1,1,2,[34],0.107252459866665,0.370626836926471,24.5
2020-12-19,random,v1.0.0,"[1, 8, 10, 11, 17, 35]",41,1,1,4,5,[1],0.10745522698875465,0.3717761799434534,13.666666666666666
2020-12-19,long_frequency,v1.0.0,"[1, 8, 10, 11, 17, 35]",41,0,0,0,0,[],0.10840589128301224,0.37616625187113284,36.666666666666664
2020-12-19,recent_frequency,v1.0.0,"[1, 8, 10, 11, 17, 35]",41,0,0,1,3,[],0.10768606080799668,0.3715823341612775,21.666666666666668
2020-12-19,ema_gap,v1.0.0,"[1, 8, 10, 11, 17, 35]",41,0,0,1,1,[],0.11216733148160946,0.39207934380867093,31.833333333333332
2020-12-19,logistic,v1.0.0,"[1, 8, 10, 11, 17, 35]",41,1,1,2,2,[11],0.10703577745846442,0.3696156159472428,22.333333333333332
2020-12-19,ensemble,v1.0.0,"[1, 8, 10, 11, 17, 35]",41,0,0,1,1,[],0.10812795640890306,0.3747313280659777,29.166666666666668
2020-12-23,random,v1.0.0,"[7, 15, 24, 31, 33, 34]",3,0,0,1,2,[],0.10745522698875466,0.3717761799434532,24.0
2020-12-23,long_frequency,v1.0.0,"[7, 15, 24, 31, 33, 34]",3,2,2,2,3,"[31, 34]",0.10685860441400181,0.3690834717763049,19.5
2020-12-23,recent_frequency,v1.0.0,"[7, 15, 24, 31, 33, 34]",3,1,1,1,1,[34],0.10841193835901708,0.3768588737737302,28.666666666666668
2020-12-23,ema_gap,v1.0.0,"[7, 15, 24, 31, 33, 34]",3,1,1,1,3,[34],0.1100440113307013,0.3892604047536106,27.833333333333332
2020-12-23,logistic,v1.0.0,"[7, 15, 24, 31, 33, 34]",3,0,0,0,2,[],0.10940145372079223,0.3810403624791486,32.0
2020-12-23,ensemble,v1.0.0,"[7, 15, 24, 31, 33, 34]",3,1,1,1,1,[34],0.10867438230956833,0.37767872297136706,32.166666666666664
2020-12-26,random,v1.0.0,"[21, 26, 28, 33, 34, 42]",43,0,0,0,0,[],0.10745522698875466,0.3717761799434532,30.666666666666668
2020-12-26,long_frequency,v1.0.0,"[21, 26, 28, 33, 34, 42]",43,1,1,1,2,[34],0.10747378321939886,0.37187595649234756,26.166666666666668
2020-12-26,recent_frequency,v1.0.0,"[21, 26, 28, 33, 34, 42]",43,1,1,1,1,[34],0.10889585672636404,0.38003515539764265,30.666666666666668
2020-12-26,ema_gap,v1.0.0,"[21, 26, 28, 33, 34, 42]",43,1,1,1,3,[34],0.10816892059046565,0.3820097468881062,27.0
2020-12-26,logistic,v1.0.0,"[21, 26, 28, 33, 34, 42]",43,1,1,1,1,[34],0.10769932036749245,0.37279095639054605,27.333333333333332
2020-12-26,ensemble,v1.0.0,"[21, 26, 28, 33, 34, 42]",43,1,1,1,1,[34],0.10780445203350274,0.3744535116466274,31.0
2020-12-30,random,v1.0.0,"[7, 14, 30, 32, 38, 45]",6,0,0,1,2,[],0.10745522698875465,0.37177617994345313,27.666666666666668
2020-12-30,long_frequency,v1.0.0,"[7, 14, 30, 32, 38, 45]",6,1,1,2,3,[45],0.10729190139655821,0.3711264338183418,21.833333333333332
2020-12-30,recent_frequency,v1.0.0,"[7, 14, 30, 32, 38, 45]",6,0,0,0,3,[],0.10717128529779257,0.36926175263455174,22.333333333333332
2020-12-30,ema_gap,v1.0.0,"[7, 14, 30, 32, 38, 45]",6,0,0,0,2,[],0.11280470882387057,0.3945355558697684,32.0
2020-12-30,logistic,v1.0.0,"[7, 14, 30, 32, 38, 45]",6,0,0,1,1,[],0.10840882787202856,0.37583655659127807,27.5
2020-12-30,ensemble,v1.0.0,"[7, 14, 30, 32, 38, 45]",6,0,0,0,1,[],0.10857677555899561,0.37677435384571917,31.333333333333332
2021-01-02,random,v1.0.0,"[16, 17, 20, 42, 47, 49]",40,0,0,0,2,[],0.10745522698875466,0.37177617994345336,31.833333333333332
2021-01-02,long_frequency,v1.0.0,"[16, 17, 20, 42, 47, 49]",40,1,1,2,3,[47],0.1072793910726767,0.3709302197378311,23.5
2021-01-02,recent_frequency,v1.0.0,"[16, 17, 20, 42, 47, 49]",40,0,0,0,0,[],0.1108565097875885,0.38757767527555154,35.5
2021-01-02,ema_gap,v1.0.0,"[16, 17, 20, 42, 47, 49]",40,0,0,0,1,[],0.11261212210801816,0.3939373763073264,32.333333333333336
2021-01-02,logistic,v1.0.0,"[16, 17, 20, 42, 47, 49]",40,0,0,2,3,[],0.10690969444163899,0.3690848836912504,19.833333333333332
2021-01-02,ensemble,v1.0.0,"[16, 17, 20, 42, 47, 49]",40,0,0,0,1,[],0.10861473407350869,0.3771117731925547,32.333333333333336
2021-01-06,random,v1.0.0,"[15, 23, 30, 31, 32, 42]",48,0,0,0,1,[],0.10745522698875466,0.37177617994345313,28.833333333333332
2021-01-06,long_frequency,v1.0.0,"[15, 23, 30, 31, 32, 42]",48,1,1,2,2,[31],0.10732660654268049,0.3711993730941022,24.5
2021-01-06,recent_frequency,v1.0.0,"[15, 23, 30, 31, 32, 42]",48,1,1,1,2,[23],0.10788687713452728,0.3736962926798841,26.166666666666668
2021-01-06,ema_gap,v1.0.0,"[15, 23, 30, 31, 32, 42]",48,0,0,2,2,[],0.11029847600972673,0.3831483956256311,28.333333333333332
2021-01-06,logistic,v1.0.0,"[15, 23, 30, 31, 32, 42]",48,1,1,2,2,[42],0.10708351612424322,0.37046181656951715,25.0
2021-01-06,ensemble,v1.0.0,"[15, 23, 30, 31, 32, 42]",48,0,0,0,3,[],0.10762713240646517,0.37230137777300576,24.666666666666668
2021-01-09,random,v1.0.0,"[4, 8, 18, 24, 31, 32]",40,1,1,2,3,[4],0.10745522698875465,0.37177617994345324,19.5
2021-01-09,long_frequency,v1.0.0,"[4, 8, 18, 24, 31, 32]",40,1,1,2,2,[31],0.10731408539628726,0.37114117032495747,23.5
2021-01-09,recent_frequency,v1.0.0,"[4, 8, 18, 24, 31, 32]",40,0,0,1,1,[],0.10960850978758852,0.3825609565692993,27.333333333333332
2021-01-09,ema_gap,v1.0.0,"[4, 8, 18, 24, 31, 32]",40,1,1,2,2,[31],0.1090377421791421,0.37945946354484367,25.333333333333332
2021-01-09,logistic,v1.0.0,"[4, 8, 18, 24, 31, 32]",40,0,0,1,1,[],0.11034729471172139,0.3855932381774702,33.166666666666664
2021-01-09,ensemble,v1.0.0,"[4, 8, 18, 24, 31, 32]",40,1,1,1,1,[31],0.10927779581836888,0.3807837788112995,30.0
2021-01-13,random,v1.0.0,"[20, 27, 28, 37, 38, 39]",9,0,0,0,0,[],0.10745522698875466,0.3717761799434532,31.5
2021-01-13,long_frequency,v1.0.0,"[20, 27, 28, 37, 38, 39]",9,0,0,3,3,[],0.1072418858669613,0.3707863439619087,23.666666666666668
2021-01-13,recent_frequency,v1.0.0,"[20, 27, 28, 37, 38, 39]",9,0,0,0,0,[],0.10837814244064975,0.37499700272424624,28.833333333333332
2021-01-13,ema_gap,v1.0.0,"[20, 27, 28, 37, 38, 39]",9,0,0,1,1,[],0.10940218629760803,0.3766321738823718,23.666666666666668
2021-01-13,logistic,v1.0.0,"[20, 27, 28, 37, 38, 39]",9,1,1,1,3,[20],0.1070492745907342,0.36940918718765253,21.5
2021-01-13,ensemble,v1.0.0,"[20, 27, 28, 37, 38, 39]",9,0,0,1,2,[],0.10750974862085297,0.371738521735211,22.166666666666668
2021-01-16,random,v1.0.0,"[9, 10, 21, 28, 35, 43]",34,0,0,2,2,[],0.10745522698875466,0.37177617994345324,24.333333333333332
2021-01-16,long_frequency,v1.0.0,"[9, 10, 21, 28, 35, 43]",34,1,1,1,2,[43],0.10755761355725432,0.37222359609487826,25.0
2021-01-16,recent_frequency,v1.0.0,"[9, 10, 21, 28, 35, 43]",34,0,0,0,2,[],0.10836638733860891,0.37564940730338453,25.833333333333332
2021-01-16,ema_gap,v1.0.0,"[9, 10, 21, 28, 35, 43]",34,1,1,2,3,[28],0.11065208651613706,0.3893165126113494,27.5
2021-01-16,logistic,v1.0.0,"[9, 10, 21, 28, 35, 43]",34,0,0,3,4,[],0.10671382879489728,0.36824480871751814,18.166666666666668
2021-01-16,ensemble,v1.0.0,"[9, 10, 21, 28, 35, 43]",34,0,0,2,3,[],0.10770275336748678,0.3729213471379831,24.333333333333332
2021-01-20,random,v1.0.0,"[2, 5, 18, 23, 29, 47]",45,2,2,2,3,"[2, 5]",0.10745522698875466,0.37177617994345324,20.666666666666668
2021-01-20,long_frequency,v1.0.0,"[2, 5, 18, 23, 29, 47]",45,1,1,2,2,[47],0.10771402131161228,0.3729719711925961,28.333333333333332
2021-01-20,recent_frequency,v1.0.0,"[2, 5, 18, 23, 29, 47]",45,1,1,1,3,[23],0.10763463223656812,0.37256377467961527,24.5
2021-01-20,ema_gap,v1.0.0,"[2, 5, 18, 23, 29, 47]",45,1,1,2,2,[23],0.10883114384353021,0.3778329445927263,25.333333333333332
2021-01-20,logistic,v1.0.0,"[2, 5, 18, 23, 29, 47]",45,0,0,1,2,[],0.1085474235164421,0.3765187447516873,29.166666666666668
2021-01-20,ensemble,v1.0.0,"[2, 5, 18, 23, 29, 47]",45,1,1,2,2,[47],0.10801749203888023,0.37456883611197556,27.666666666666668
2021-01-23,random,v1.0.0,"[5, 17, 21, 29, 41, 43]",46,1,1,1,2,[5],0.10745522698875466,0.37177617994345324,26.0
2021-01-23,long_frequency,v1.0.0,"[5, 17, 21, 29, 41, 43]",46,1,1,1,3,[43],0.1074329260073003,0.37163361083198515,23.5
2021-01-23,recent_frequency,v1.0.0,"[5, 17, 21, 29, 41, 43]",46,0,0,1,1,[],0.10860393835901708,0.37771553661846224,24.5
2021-01-23,ema_gap,v1.0.0,"[5, 17, 21, 29, 41, 43]",46,0,0,1,3,[],0.10865526587890381,0.3784356180670177,22.666666666666668
2021-01-23,logistic,v1.0.0,"[5, 17, 21, 29, 41, 43]",46,0,0,1,2,[],0.10874864253212072,0.3774492679573248,28.666666666666668
2021-01-23,ensemble,v1.0.0,"[5, 17, 21, 29, 41, 43]",46,0,0,1,2,[],0.10830001773089969,0.37551825502119723,26.666666666666668
2021-01-27,random,v1.0.0,"[12, 17, 23, 36, 44, 49]",32,0,0,1,2,[],0.10745522698875466,0.37177617994345324,30.166666666666668
2021-01-27,long_frequency,v1.0.0,"[12, 17, 23, 36, 44, 49]",32,0,0,1,4,[],0.10739055362673244,0.37138353363500254,21.333333333333332
2021-01-27,recent_frequency,v1.0.0,"[12, 17, 23, 36, 44, 49]",32,1,1,1,1,[23],0.1076316934610579,0.3727046961405506,27.5
2021-01-27,ema_gap,v1.0.0,"[12, 17, 23, 36, 44, 49]",32,1,1,2,2,[23],0.11052540145288746,0.3893375918421105,30.0
2021-01-27,logistic,v1.0.0,"[12, 17, 23, 36, 44, 49]",32,0,0,1,2,[],0.10863795301569881,0.3772021383493735,29.333333333333332
2021-01-27,ensemble,v1.0.0,"[12, 17, 23, 36, 44, 49]",32,1,1,1,1,[23],0.10835504940513344,0.375909042682394,32.0
2021-01-30,random,v1.0.0,"[3, 23, 26, 35, 42, 44]",32,1,1,1,1,[3],0.10745522698875466,0.3717761799434532,28.833333333333332
2021-01-30,long_frequency,v1.0.0,"[3, 23, 26, 35, 42, 44]",32,0,0,1,2,[],0.10761647918111739,0.37244630715105564,25.833333333333332
2021-01-30,recent_frequency,v1.0.0,"[3, 23, 26, 35, 42, 44]",32,1,1,1,2,[23],0.1076449179508538,0.37295532775543755,27.333333333333332
2021-01-30,ema_gap,v1.0.0,"[3, 23, 26, 35, 42, 44]",32,1,1,1,1,[23],0.1079938051710523,0.37715094518174874,27.833333333333332
2021-01-30,logistic,v1.0.0,"[3, 23, 26, 35, 42, 44]",32,2,2,2,3,"[35, 42]",0.10708549611554428,0.3702234140352914,23.166666666666668
2021-01-30,ensemble,v1.0.0,"[3, 23, 26, 35, 42, 44]",32,1,1,1,2,[23],0.10719259151799895,0.37085450647547946,26.5
2021-02-03,random,v1.0.0,"[20, 21, 26, 30, 35, 41]",47,0,0,0,0,[],0.10745522698875466,0.3717761799434532,28.833333333333332
2021-02-03,long_frequency,v1.0.0,"[20, 21, 26, 30, 35, 41]",47,0,0,1,3,[],0.10736543676239167,0.3712963630268545,23.0
2021-02-03,recent_frequency,v1.0.0,"[20, 21, 26, 30, 35, 41]",47,0,0,1,1,[],0.11058075468554769,0.38720827945583924,32.5
2021-02-03,ema_gap,v1.0.0,"[20, 21, 26, 30, 35, 41]",47,1,1,1,2,[21],0.10870610218280348,0.3764221972351171,24.166666666666668
2021-02-03,logistic,v1.0.0,"[20, 21, 26, 30, 35, 41]",47,2,2,4,4,"[35, 41]",0.10495448465622748,0.36063590437499676,15.666666666666666
2021-02-03,ensemble,v1.0.0,"[20, 21, 26, 30, 35, 41]",47,1,1,2,2,[21],0.10689651059734939,0.3689729151187152,20.333333333333332
2021-02-06,random,v1.0.0,"[6, 11, 12, 26, 28, 38]",47,1,1,3,3,[6],0.10745522698875466,0.37177617994345336,20.166666666666668
2021-02-06,long_frequency,v1.0.0,"[6, 11, 12, 26, 28, 38]",47,0,0,1,1,[],0.10817719239684806,0.37513456332468087,34.833333333333336
2021-02-06,recent_frequency,v1.0.0,"[6, 11, 12, 26, 28, 38]",47,1,1,1,2,[6],0.10784720366513952,0.3733297975950357,25.666666666666668
2021-02-06,ema_gap,v1.0.0,"[6, 11, 12, 26, 28, 38]",47,1,1,1,2,[28],0.11077288524890627,0.38660364551037407,27.833333333333332
2021-02-06,logistic,v1.0.0,"[6, 11, 12, 26, 28, 38]",47,0,0,0,2,[],0.10837182144036096,0.3754850257823907,26.666666666666668
2021-02-06,ensemble,v1.0.0,"[6, 11, 12, 26, 28, 38]",47,0,0,1,2,[],0.10849649556781606,0.37622736370466264,27.5
2021-02-10,random,v1.0.0,"[4, 14, 22, 26, 45, 48]",20,1,1,1,2,[4],0.10745522698875466,0.3717761799434532,26.5
2021-02-10,long_frequency,v1.0.0,"[4, 14, 22, 26, 45, 48]",20,1,1,2,2,[45],0.10756857105011353,0.3723975046368507,24.666666666666668
2021-02-10,recent_frequency,v1.0.0,"[4, 14, 22, 26, 45, 48]",20,1,1,1,3,[22],0.10786336693044565,0.37405262787162014,23.833333333333332
2021-02-10,ema_gap,v1.0.0,"[4, 14, 22, 26, 45, 48]",20,1,1,1,1,[26],0.11189129593805877,0.3914047886940099,30.833333333333332
2021-02-10,logistic,v1.0.0,"[4, 14, 22, 26, 45, 48]",20,0,0,1,3,[],0.10661823854755045,0.36731014645080623,20.666666666666668
2021-02-10,ensemble,v1.0.0,"[4, 14, 22, 26, 45, 48]",20,0,0,1,2,[],0.10778366776582549,0.37296646056525307,25.0
2021-02-13,random,v1.0.0,"[16, 17, 27, 40, 41, 45]",38,0,0,0,2,[],0.10745522698875466,0.3717761799434532,31.0
2021-02-13,long_frequency,v1.0.0,"[16, 17, 27, 40, 41, 45]",38,2,2,3,4,"[40, 45]",0.10659312616933161,0.36783364801544094,17.166666666666668
2021-02-13,recent_frequency,v1.0.0,"[16, 17, 27, 40, 41, 45]",38,0,0,2,2,[],0.10957177509371097,0.3824848869906399,29.0
2021-02-13,ema_gap,v1.0.0,"[16, 17, 27, 40, 41, 45]",38,0,0,1,2,[],0.11176923120770409,0.39223628025147717,29.0
2021-02-13,logistic,v1.0.0,"[16, 17, 27, 40, 41, 45]",38,1,1,1,1,[41],0.10747423497800601,0.37184503400436525,26.833333333333332
2021-02-13,ensemble,v1.0.0,"[16, 17, 27, 40, 41, 45]",38,0,0,1,2,[],0.10836236144587408,0.37593287224548416,30.333333333333332
2021-02-17,random,v1.0.0,"[7, 16, 18, 43, 45, 48]",14,0,0,1,3,[],0.10745522698875465,0.37177617994345336,29.5
2021-02-17,long_frequency,v1.0.0,"[7, 16, 18, 43, 45, 48]",14,2,2,2,3,"[43, 45]",0.10708710565462105,0.37013089287360196,22.333333333333332
2021-02-17,recent_frequency,v1.0.0,"[7, 16, 18, 43, 45, 48]",14,1,1,2,2,[45],0.10760671386922116,0.3721253070172259,24.5
2021-02-17,ema_gap,v1.0.0,"[7, 16, 18, 43, 45, 48]",14,1,1,1,3,[45],0.10779621314440538,0.3711227161133846,22.333333333333332
2021-02-17,logistic,v1.0.0,"[7, 16, 18, 43, 45, 48]",14,2,2,3,4,"[16, 48]",0.10593068542860494,0.36490182496510293,16.666666666666668
2021-02-17,ensemble,v1.0.0,"[7, 16, 18, 43, 45, 48]",14,1,1,3,3,[45],0.10654978919807456,0.3677983570528043,19.5
2021-02-20,random,v1.0.0,"[2, 14, 15, 21, 29, 46]",7,1,1,1,3,[2],0.10745522698875465,0.37177617994345336,21.166666666666668
2021-02-20,long_frequency,v1.0.0,"[2, 14, 15, 21, 29, 46]",7,0,0,1,2,[],0.10806686982034731,0.37467471638564365,29.666666666666668
2021-02-20,recent_frequency,v1.0.0,"[2, 14, 15, 21, 29, 46]",7,0,0,2,3,[],0.1083561016243232,0.3759182757436733,26.666666666666668
2021-02-20,ema_gap,v1.0.0,"[2, 14, 15, 21, 29, 46]",7,1,1,1,2,[21],0.11016733337770188,0.38583121086032146,28.833333333333332
2021-02-20,logistic,v1.0.0,"[2, 14, 15, 21, 29, 46]",7,0,0,2,2,[],0.10851094502132923,0.37675369525573427,28.166666666666668
2021-02-20,ensemble,v1.0.0,"[2, 14, 15, 21, 29, 46]",7,0,0,1,3,[],0.10854534858642206,0.37706557330385443,26.5
2021-02-24,random,v1.0.0,"[11, 36, 37, 38, 39, 45]",10,0,0,1,1,[],0.10745522698875466,0.37177617994345297,34.333333333333336
2021-02-24,long_frequency,v1.0.0,"[11, 36, 37, 38, 39, 45]",10,1,1,2,3,[45],0.10716132630647622,0.37046187453068674,23.333333333333332
2021-02-24,recent_frequency,v1.0.0,"[11, 36, 37, 38, 39, 45]",10,1,1,1,1,[45],0.1073632852977926,0.3709207166819179,25.0
2021-02-24,ema_gap,v1.0.0,"[11, 36, 37, 38, 39, 45]",10,1,1,1,2,[45],0.10981845857169513,0.382637873746162,28.166666666666668
2021-02-24,logistic,v1.0.0,"[11, 36, 37, 38, 39, 45]",10,0,0,1,1,[],0.10841284967251966,0.3756444326996491,29.833333333333332
2021-02-24,ensemble,v1.0.0,"[11, 36, 37, 38, 39, 45]",10,1,1,1,2,[45],0.10801545658670401,0.3743852602923824,28.5
2021-02-27,random,v1.0.0,"[11, 15, 16, 20, 46, 49]",17,0,0,1,3,[],0.10745522698875466,0.37177617994345336,26.166666666666668
2021-02-27,long_frequency,v1.0.0,"[11, 15, 16, 20, 46, 49]",17,0,0,2,3,[],0.10761500367182024,0.3725302881622847,27.166666666666668
2021-02-27,recent_frequency,v1.0.0,"[11, 15, 16, 20, 46, 49]",17,0,0,0,0,[],0.10981667305289462,0.381994084696898,33.833333333333336
2021-02-27,ema_gap,v1.0.0,"[11, 15, 16, 20, 46, 49]",17,0,0,1,1,[],0.1103715836716424,0.38240750809766033,27.0
2021-02-27,logistic,v1.0.0,"[11, 15, 16, 20, 46, 49]",17,1,1,1,2,[49],0.10794512618507066,0.3741273325037822,27.333333333333332
2021-02-27,ensemble,v1.0.0,"[11, 15, 16, 20, 46, 49]",17,0,0,0,1,[],0.10849570762533152,0.3764840834964017,29.666666666666668
2021-03-03,random,v1.0.0,"[3, 11, 33, 34, 36, 43]",42,1,1,2,2,[3],0.10745522698875466,0.3717761799434531,26.666666666666668
2021-03-03,long_frequency,v1.0.0,"[3, 11, 33, 34, 36, 43]",42,2,2,2,3,"[34, 43]",0.10690840143252361,0.3692593140482892,18.0
2021-03-03,recent_frequency,v1.0.0,"[3, 11, 33, 34, 36, 43]",42,1,1,1,2,[34],0.10760230570595587,0.37284291419050397,24.5
2021-03-03,ema_gap,v1.0.0,"[3, 11, 33, 34, 36, 43]",42,0,0,0,3,[],0.1105677053443517,0.3854583351030323,25.833333333333332
2021-03-03,logistic,v1.0.0,"[3, 11, 33, 34, 36, 43]",42,0,0,3,4,[],0.10763816955412277,0.3728361738586963,22.833333333333332
2021-03-03,ensemble,v1.0.0,"[3, 11, 33, 34, 36, 43]",42,0,0,2,2,[],0.10785211084716538,0.37353802417307236,26.333333333333332
2021-03-06,random,v1.0.0,"[2, 14, 18, 21, 26, 48]",19,1,1,1,3,[2],0.10745522698875465,0.37177617994345324,21.5
2021-03-06,long_frequency,v1.0.0,"[2, 14, 18, 21, 26, 48]",19,0,0,0,1,[],0.10832341490627526,0.37584428981212525,32.166666666666664
2021-03-06,recent_frequency,v1.0.0,"[2, 14, 18, 21, 26, 48]",19,1,1,2,3,[21],0.10688818325697626,0.3691648932902929,21.5
2021-03-06,ema_gap,v1.0.0,"[2, 14, 18, 21, 26, 48]",19,1,1,2,5,[21],0.1031040588976903,0.3511679754090139,15.5
2021-03-06,logistic,v1.0.0,"[2, 14, 18, 21, 26, 48]",19,0,0,0,0,[],0.11038033006438928,0.38501326487896986,33.5
2021-03-06,ensemble,v1.0.0,"[2, 14, 18, 21, 26, 48]",19,1,1,1,3,[21],0.1077231074847715,0.37273465922687665,23.833333333333332
2021-03-10,random,v1.0.0,"[30, 31, 35, 36, 43, 48]",28,0,0,0,0,[],0.10745522698875466,0.37177617994345313,37.166666666666664
2021-03-10,long_frequency,v1.0.0,"[30, 31, 35, 36, 43, 48]",28,2,2,2,3,"[31, 43]",0.10684388794542392,0.36896123806545844,19.0
2021-03-10,recent_frequency,v1.0.0,"[30, 31, 35, 36, 43, 48]",28,1,1,1,1,[48],0.10688818325697626,0.36852195192443826,23.666666666666668
2021-03-10,ema_gap,v1.0.0,"[30, 31, 35, 36, 43, 48]",28,0,0,2,3,[],0.10663224176006957,0.3650909676279975,19.666666666666668
2021-03-10,logistic,v1.0.0,"[30, 31, 35, 36, 43, 48]",28,1,1,2,2,[31],0.1077714337315964,0.37398299712298805,22.666666666666668
2021-03-10,ensemble,v1.0.0,"[30, 31, 35, 36, 43, 48]",28,0,0,2,3,[],0.10691213188529909,0.369102288745548,20.166666666666668
2021-03-13,random,v1.0.0,"[15, 24, 27, 29, 42, 49]",18,0,0,0,1,[],0.10745522698875466,0.3717761799434532,31.0
2021-03-13,long_frequency,v1.0.0,"[15, 24, 27, 29, 42, 49]",18,0,0,1,2,[],0.10773318143510835,0.3730161407993082,28.0
2021-03-13,recent_frequency,v1.0.0,"[15, 24, 27, 29, 42, 49]",18,0,0,1,1,[],0.10884589754269054,0.3775699979194375,31.333333333333332
2021-03-13,ema_gap,v1.0.0,"[15, 24, 27, 29, 42, 49]",18,0,0,0,0,[],0.11165637585354524,0.3880722805494327,28.666666666666668
2021-03-13,logistic,v1.0.0,"[15, 24, 27, 29, 42, 49]",18,1,1,2,2,[49],0.10672861570318604,0.3683216895374435,19.666666666666668
2021-03-13,ensemble,v1.0.0,"[15, 24, 27, 29, 42, 49]",18,0,0,0,1,[],0.108034310906865,0.37422238664714963,27.5
2021-03-17,random,v1.0.0,"[4, 9, 13, 25, 44, 49]",3,1,1,2,3,[4],0.10745522698875466,0.37177617994345336,24.0
2021-03-17,long_frequency,v1.0.0,"[4, 9, 13, 25, 44, 49]",3,0,0,1,3,[],0.10775023410808318,0.373093572688925,25.166666666666668
2021-03-17,recent_frequency,v1.0.0,"[4, 9, 13, 25, 44, 49]",3,1,1,1,1,[13],0.11032410162432321,0.3861022848557977,33.833333333333336
2021-03-17,ema_gap,v1.0.0,"[4, 9, 13, 25, 44, 49]",3,0,0,0,0,[],0.11672059327145262,0.4196429762064924,39.333333333333336
2021-03-17,logistic,v1.0.0,"[4, 9, 13, 25, 44, 49]",3,1,1,1,2,[49],0.10706355533940208,0.37042480148629026,24.666666666666668
2021-03-17,ensemble,v1.0.0,"[4, 9, 13, 25, 44, 49]",3,1,1,1,1,[49],0.10952178645002009,0.38185241582188567,34.5
2021-03-20,random,v1.0.0,"[9, 16, 25, 36, 39, 43]",49,0,0,1,2,[],0.10745522698875466,0.3717761799434532,28.0
2021-03-20,long_frequency,v1.0.0,"[9, 16, 25, 36, 39, 43]",49,1,1,1,2,[43],0.10757913506725264,0.3723265308407053,26.333333333333332
2021-03-20,recent_frequency,v1.0.0,"[9, 16, 25, 36, 39, 43]",49,0,0,0,1,[],0.10957912203248649,0.3813808403296634,32.166666666666664
2021-03-20,ema_gap,v1.0.0,"[9, 16, 25, 36, 39, 43]",49,1,1,3,3,[43],0.10854913594991432,0.37723149096378095,24.0
2021-03-20,logistic,v1.0.0,"[9, 16, 25, 36, 39, 43]",49,2,2,2,2,"[36, 43]",0.10695498683665228,0.37083745878071167,27.166666666666668
2021-03-20,ensemble,v1.0.0,"[9, 16, 25, 36, 39, 43]",49,1,1,2,2,[43],0.10771797270613521,0.37367504382904687,27.5
2021-03-24,random,v1.0.0,"[3, 4, 27, 43, 45, 48]",44,2,2,2,2,"[3, 4]",0.10745522698875465,0.37177617994345313,28.333333333333332
2021-03-24,long_frequency,v1.0.0,"[3, 4, 27, 43, 45, 48]",44,2,2,4,4,"[43, 45]",0.10628949815383526,0.3664099209701718,11.666666666666666
2021-03-24,recent_frequency,v1.0.0,"[3, 4, 27, 43, 45, 48]",44,2,2,3,4,"[45, 48]",0.10587920366513956,0.3653258472955005,18.0
2021-03-24,ema_gap,v1.0.0,"[3, 4, 27, 43, 45, 48]",44,3,3,3,4,"[43, 45, 48]",0.10233996458302876,0.34994023954654735,15.833333333333334
2021-03-24,logistic,v1.0.0,"[3, 4, 27, 43, 45, 48]",44,2,2,2,2,"[27, 45]",0.10766799096566135,0.37275744067821515,26.5
2021-03-24,ensemble,v1.0.0,"[3, 4, 27, 43, 45, 48]",44,3,3,4,4,"[27, 43, 45]",0.10574540934698848,0.36418129934577603,16.333333333333332
2021-03-27,random,v1.0.0,"[15, 16, 17, 30, 36, 40]",34,0,0,0,3,[],0.10745522698875466,0.37177617994345336,25.666666666666668
2021-03-27,long_frequency,v1.0.0,"[15, 16, 17, 30, 36, 40]",34,1,1,1,2,[40],0.10762357489762216,0.3725406187567847,27.666666666666668
2021-03-27,recent_frequency,v1.0.0,"[15, 16, 17, 30, 36, 40]",34,0,0,1,2,[],0.10784867305289463,0.37294919326080966,25.833333333333332
2021-03-27,ema_gap,v1.0.0,"[15, 16, 17, 30, 36, 40]",34,2,2,2,2,"[16, 36]",0.10724560773339138,0.37002692363787937,22.833333333333332
2021-03-27,logistic,v1.0.0,"[15, 16, 17, 30, 36, 40]",34,2,2,2,2,"[15, 30]",0.10798504290309037,0.37444895027361014,28.833333333333332
2021-03-27,ensemble,v1.0.0,"[15, 16, 17, 30, 36, 40]",34,0,0,2,3,[],0.10750025466426816,0.37182902700643067,22.666666666666668
2021-03-31,random,v1.0.0,"[3, 7, 8, 12, 37, 40]",41,1,1,4,4,[3],0.10745522698875465,0.3717761799434534,17.833333333333332
2021-03-31,long_frequency,v1.0.0,"[3, 7, 8, 12, 37, 40]",41,1,1,1,2,[40],0.1073240284194411,0.37111466658883474,23.166666666666668
2021-03-31,recent_frequency,v1.0.0,"[3, 7, 8, 12, 37, 40]",41,0,0,0,1,[],0.11054401999167016,0.3862238783245448,35.333333333333336
2021-03-31,ema_gap,v1.0.0,"[3, 7, 8, 12, 37, 40]",41,0,0,0,0,[],0.11544628901896625,0.4093775952013265,36.833333333333336
2021-03-31,logistic,v1.0.0,"[3, 7, 8, 12, 37, 40]",41,0,0,0,1,[],0.1089835705705663,0.3787416105434573,32.0
2021-03-31,ensemble,v1.0.0,"[3, 7, 8, 12, 37, 40]",41,0,0,0,0,[],0.1101021760638877,0.3842332346309004,38.5
2021-04-03,random,v1.0.0,"[12, 13, 19, 35, 42, 47]",28,0,0,1,2,[],0.10745522698875466,0.37177617994345336,28.0
2021-04-03,long_frequency,v1.0.0,"[12, 13, 19, 35, 42, 47]",28,1,1,1,1,[47],0.10782598969925587,0.3734620679356075,30.166666666666668
2021-04-03,recent_frequency,v1.0.0,"[12, 13, 19, 35, 42, 47]",28,0,0,0,1,[],0.10954826488962935,0.3810215894568124,33.5
2021-04-03,ema_gap,v1.0.0,"[12, 13, 19, 35, 42, 47]",28,0,0,0,0,[],0.11377564200635149,0.40024937787331494,34.0
2021-04-03,logistic,v1.0.0,"[12, 13, 19, 35, 42, 47]",28,0,0,1,1,[],0.10943660096932734,0.3802494612689251,29.666666666666668
2021-04-03,ensemble,v1.0.0,"[12, 13, 19, 35, 42, 47]",28,0,0,0,0,[],0.10991808844366452,0.3826240416772691,33.333333333333336
2021-04-07,random,v1.0.0,"[23, 31, 34, 38, 39, 41]",12,0,0,0,0,[],0.10745522698875466,0.37177617994345313,34.333333333333336
2021-04-07,long_frequency,v1.0.0,"[23, 31, 34, 38, 39, 41]",12,2,2,4,5,"[31, 34]",0.10626056110424356,0.3663013207427866,13.0
2021-04-07,recent_frequency,v1.0.0,"[23, 31, 34, 38, 39, 41]",12,1,1,2,2,[34],0.107090468971262,0.3711020358417198,23.0
2021-04-07,ema_gap,v1.0.0,"[23, 31, 34, 38, 39, 41]",12,0,0,0,2,[],0.11063635811332288,0.38460917732087885,26.5
2021-04-07,logistic,v1.0.0,"[23, 31, 34, 38, 39, 41]",12,1,1,2,3,[23],0.10667766134082572,0.36804193206431224,21.5
2021-04-07,ensemble,v1.0.0,"[23, 31, 34, 38, 39, 41]",12,1,1,1,4,[23],0.10724798390615559,0.3705584636910071,20.333333333333332
2021-04-10,random,v1.0.0,"[5, 16, 19, 24, 28, 34]",4,1,1,1,2,[5],0.10745522698875465,0.37177617994345324,21.0
2021-04-10,long_frequency,v1.0.0,"[5, 16, 19, 24, 28, 34]",4,1,1,1,1,[34],0.1078207756981622,0.37350634698292445,30.833333333333332
2021-04-10,recent_frequency,v1.0.0,"[5, 16, 19, 24, 28, 34]",4,1,1,2,2,[34],0.1061226322365681,0.3655674551952179,20.5
2021-04-10,ema_gap,v1.0.0,"[5, 16, 19, 24, 28, 34]",4,1,1,2,2,[16],0.1079029652282479,0.3743564350772242,24.833333333333332
2021-04-10,logistic,v1.0.0,"[5, 16, 19, 24, 28, 34]",4,0,0,1,2,[],0.10861867390201048,0.3772173475597235,29.5
2021-04-10,ensemble,v1.0.0,"[5, 16, 19, 24, 28, 34]",4,2,2,2,2,"[16, 34]",0.10763623721523599,0.3726387283891567,26.166666666666668
2021-04-14,random,v1.0.0,"[4, 6, 12, 23, 36, 47]",18,2,2,3,3,"[4, 6]",0.10745522698875466,0.37177617994345336,21.333333333333332
2021-04-14,long_frequency,v1.0.0,"[4, 6, 12, 23, 36, 47]",18,1,1,3,4,[47],0.10715566848497596,0.37034033539389494,19.166666666666668
2021-04-14,recent_frequency,v1.0.0,"[4, 6, 12, 23, 36, 47]",18,1,1,1,2,[23],0.10785308121615995,0.37351772734911487,25.166666666666668
2021-04-14,ema_gap,v1.0.0,"[4, 6, 12, 23, 36, 47]",18,2,2,2,2,"[23, 36]",0.10784970649945141,0.37420684603371135,24.666666666666668
2021-04-14,logistic,v1.0.0,"[4, 6, 12, 23, 36, 47]",18,0,0,0,1,[],0.10791612559388752,0.37364432075959614,28.333333333333332
2021-04-14,ensemble,v1.0.0,"[4, 6, 12, 23, 36, 47]",18,2,2,2,2,"[23, 36]",0.10754875571649394,0.37229241994379414,25.666666666666668
2021-04-17,random,v1.0.0,"[7, 13, 32, 38, 39, 48]",23,0,0,1,2,[],0.10745522698875465,0.3717761799434531,29.5
2021-04-17,long_frequency,v1.0.0,"[7, 13, 32, 38, 39, 48]",23,0,0,1,2,[],0.10760781067910999,0.37242915670566373,25.5
2021-04-17,recent_frequency,v1.0.0,"[7, 13, 32, 38, 39, 48]",23,1,1,2,3,[48],0.1073721016243232,0.3717800515124393,22.833333333333332
2021-04-17,ema_gap,v1.0.0,"[7, 13, 32, 38, 39, 48]",23,1,1,1,3,[48],0.10887578702304584,0.37835329410457624,23.166666666666668
2021-04-17,logistic,v1.0.0,"[7, 13, 32, 38, 39, 48]",23,2,2,2,3,"[38, 39]",0.10571611854205727,0.36416128655473085,18.833333333333332
2021-04-17,ensemble,v1.0.0,"[7, 13, 32, 38, 39, 48]",23,0,0,3,3,[],0.10677823099350081,0.3686295336578745,22.166666666666668
2021-04-21,random,v1.0.0,"[15, 18, 23, 32, 38, 47]",19,0,0,0,2,[],0.10745522698875466,0.37177617994345324,28.833333333333332
2021-04-21,long_frequency,v1.0.0,"[15, 18, 23, 32, 38, 47]",19,1,1,3,3,[47],0.10733834838034965,0.3712490948355609,23.166666666666668
2021-04-21,recent_frequency,v1.0.0,"[15, 18, 23, 32, 38, 47]",19,1,1,2,3,[23],0.10711397917534363,0.37036335857857633,24.0
2021-04-21,ema_gap,v1.0.0,"[15, 18, 23, 32, 38, 47]",19,1,1,3,3,[23],0.10532910702090245,0.36130344323329056,19.833333333333332
2021-04-21,logistic,v1.0.0,"[15, 18, 23, 32, 38, 47]",19,0,0,0,1,[],0.1099174078625465,0.3834730539565272,35.333333333333336
2021-04-21,ensemble,v1.0.0,"[15, 18, 23, 32, 38, 47]",19,1,1,1,2,[23],0.107786582015961,0.37343800658315107,26.0
2021-04-24,random,v1.0.0,"[14, 18, 27, 33, 34, 39]",49,0,0,0,2,[],0.10745522698875466,0.3717761799434532,27.5
2021-04-24,long_frequency,v1.0.0,"[14, 18, 27, 33, 34, 39]",49,1,1,2,2,[34],0.1077012803732974,0.37304072047990233,27.666666666666668
2021-04-24,recent_frequency,v1.0.0,"[14, 18, 27, 33, 34, 39]",49,1,1,2,4,[34],0.10636899958350689,0.3673330083902774,19.166666666666668
2021-04-24,ema_gap,v1.0.0,"[14, 18, 27, 33, 34, 39]",49,1,1,2,3,[34],0.10777717814338122,0.3728402240527799,21.666666666666668
2021-04-24,logistic,v1.0.0,"[14, 18, 27, 33, 34, 39]",49,0,0,1,2,[],0.10787692045780477,0.3735723622060476,26.666666666666668
2021-04-24,ensemble,v1.0.0,"[14, 18, 27, 33, 34, 39]",49,1,1,2,2,[34],0.10729999250713781,0.3710111588102769,21.666666666666668
2021-04-28,random,v1.0.0,"[6, 11, 20, 22, 34, 49]",42,1,1,2,2,[6],0.10745522698875466,0.37177617994345324,23.666666666666668
2021-04-28,long_frequency,v1.0.0,"[6, 11, 20, 22, 34, 49]",42,1,1,2,3,[34],0.10727389181533782,0.3709736744474751,23.833333333333332
2021-04-28,recent_frequency,v1.0.0,"[6, 11, 20, 22, 34, 49]",42,1,1,1,1,[34],0.10685879550187423,0.3689561546900095,24.333333333333332
2021-04-28,ema_gap,v1.0.0,"[6, 11, 20, 22, 34, 49]",42,1,1,1,1,[34],0.11114617452012295,0.39075352949275055,32.0
2021-04-28,logistic,v1.0.0,"[6, 11, 20, 22, 34, 49]",42,1,1,1,3,[49],0.10780174620768801,0.3733666860371016,25.333333333333332
2021-04-28,ensemble,v1.0.0,"[6, 11, 20, 22, 34, 49]",42,1,1,1,2,[34],0.10797283247803537,0.37426613066783676,30.0
2021-05-01,random,v1.0.0,"[10, 15, 21, 30, 32, 38]",24,0,0,1,2,[],0.10745522698875465,0.37177617994345324,24.333333333333332
2021-05-01,long_frequency,v1.0.0,"[10, 15, 21, 30, 32, 38]",24,0,0,1,2,[],0.10753794614879801,0.3721084033671625,23.666666666666668
2021-05-01,recent_frequency,v1.0.0,"[10, 15, 21, 30, 32, 38]",24,1,1,1,1,[38],0.10955414244064975,0.38160342350027326,31.833333333333332
2021-05-01,ema_gap,v1.0.0,"[10, 15, 21, 30, 32, 38]",24,1,1,1,3,[38],0.10898756431698878,0.3781416306051412,25.333333333333332
2021-05-01,logistic,v1.0.0,"[10, 15, 21, 30, 32, 38]",24,3,3,3,3,"[15, 32, 38]",0.10488222788980453,0.36046245794693405,16.5
2021-05-01,ensemble,v1.0.0,"[10, 15, 21, 30, 32, 38]",24,1,1,2,4,[38],0.10685926761388524,0.3690524362252202,21.333333333333332
2021-05-05,random,v1.0.0,"[5, 22, 23, 26, 43, 46]",4,1,1,1,1,[5],0.10745522698875466,0.3717761799434532,27.5
2021-05-05,long_frequency,v1.0.0,"[5, 22, 23, 26, 43, 46]",4,1,1,3,3,[43],0.10716019798409443,0.37039642370352005,21.666666666666668
2021-05-05,recent_frequency,v1.0.0,"[5, 22, 23, 26, 43, 46]",4,1,1,3,4,[23],0.10587479550187423,0.36445576093639653,19.0
2021-05-05,ema_gap,v1.0.0,"[5, 22, 23, 26, 43, 46]",4,1,1,2,2,[23],0.1087954245836969,0.37840963792337823,27.333333333333332
2021-05-05,logistic,v1.0.0,"[5, 22, 23, 26, 43, 46]",4,2,2,3,3,"[43, 46]",0.10691865582581082,0.36982276250812757,23.0
2021-05-05,ensemble,v1.0.0,"[5, 22, 23, 26, 43, 46]",4,2,2,3,3,"[23, 43]",0.1068313833155653,0.36905736715002346,20.833333333333332
2021-05-08,random,v1.0.0,"[25, 28, 36, 38, 41, 49]",20,0,0,0,0,[],0.10745522698875466,0.37177617994345313,36.166666666666664
2021-05-08,long_frequency,v1.0.0,"[25, 28, 36, 38, 41, 49]",20,0,0,1,4,[],0.1075327336596232,0.37211491839966165,24.0
2021-05-08,recent_frequency,v1.0.0,"[25, 28, 36, 38, 41, 49]",20,1,1,1,3,[38],0.10832671386922116,0.37668192383240706,26.166666666666668
2021-05-08,ema_gap,v1.0.0,"[25, 28, 36, 38, 41, 49]",20,1,1,2,2,[38],0.10784061558309059,0.375168357525105,24.333333333333332
2021-05-08,logistic,v1.0.0,"[25, 28, 36, 38, 41, 49]",20,1,1,3,5,[41],0.10617594630351847,0.3658560037757081,15.666666666666666
2021-05-08,ensemble,v1.0.0,"[25, 28, 36, 38, 41, 49]",20,1,1,1,4,[38],0.10691307075366997,0.36927271239077364,22.166666666666668
2021-05-12,random,v1.0.0,"[30, 35, 39, 42, 46, 48]",38,0,0,0,0,[],0.10745522698875466,0.3717761799434531,40.0
2021-05-12,long_frequency,v1.0.0,"[30, 35, 39, 42, 46, 48]",38,0,0,1,1,[],0.10768794356601655,0.372789777998941,28.5
2021-05-12,recent_frequency,v1.0.0,"[30, 35, 39, 42, 46, 48]",38,1,1,2,2,[48],0.10759936693044565,0.3720657478577777,26.5
2021-05-12,ema_gap,v1.0.0,"[30, 35, 39, 42, 46, 48]",38,1,1,2,2,[48],0.10847878066863802,0.37347094327628105,22.5
2021-05-12,logistic,v1.0.0,"[30, 35, 39, 42, 46, 48]",38,2,2,3,5,"[46, 48]",0.10615226041153616,0.3654599647406429,14.5
2021-05-12,ensemble,v1.0.0,"[30, 35, 39, 42, 46, 48]",38,0,0,2,3,[],0.10688853223847464,0.3689817563516464,20.833333333333332
2021-05-15,random,v1.0.0,"[3, 6, 12, 28, 39, 46]",5,2,2,3,3,"[3, 6]",0.10745522698875465,0.37177617994345336,22.333333333333332
2021-05-15,long_frequency,v1.0.0,"[3, 6, 12, 28, 39, 46]",5,0,0,1,1,[],0.10789235986055896,0.3737793468918425,30.333333333333332
2021-05-15,recent_frequency,v1.0.0,"[3, 6, 12, 28, 39, 46]",5,1,1,1,1,[39],0.10734712203248647,0.37060065084196736,24.833333333333332
2021-05-15,ema_gap,v1.0.0,"[3, 6, 12, 28, 39, 46]",5,1,1,1,3,[39],0.10780637349966286,0.3708411057150786,22.0
2021-05-15,logistic,v1.0.0,"[3, 6, 12, 28, 39, 46]",5,0,0,1,2,[],0.10913525011769423,0.37914443591393737,28.833333333333332
2021-05-15,ensemble,v1.0.0,"[3, 6, 12, 28, 39, 46]",5,0,0,1,3,[],0.10815230008712752,0.3745015723418118,25.666666666666668
2021-05-19,random,v1.0.0,"[12, 21, 25, 40, 42, 49]",45,0,0,1,1,[],0.10745522698875466,0.3717761799434532,31.5
2021-05-19,long_frequency,v1.0.0,"[12, 21, 25, 40, 42, 49]",45,1,1,1,3,[40],0.10738660734234771,0.3714254027724221,23.0
2021-05-19,recent_frequency,v1.0.0,"[12, 21, 25, 40, 42, 49]",45,0,0,1,1,[],0.10832671386922116,0.3751726555360081,28.666666666666668
2021-05-19,ema_gap,v1.0.0,"[12, 21, 25, 40, 42, 49]",45,0,0,1,3,[],0.10947239120612633,0.37868718395581163,24.5
2021-05-19,logistic,v1.0.0,"[12, 21, 25, 40, 42, 49]",45,0,0,2,2,[],0.10801145648560055,0.374496284396956,26.0
2021-05-19,ensemble,v1.0.0,"[12, 21, 25, 40, 42, 49]",45,0,0,2,2,[],0.10798149106128095,0.37402517583983363,26.5
2021-05-22,random,v1.0.0,"[7, 13, 14, 34, 37, 45]",29,0,0,1,3,[],0.10745522698875466,0.37177617994345336,25.0
2021-05-22,long_frequency,v1.0.0,"[7, 13, 14, 34, 37, 45]",29,2,2,2,3,"[34, 45]",0.10730515897145823,0.37126539935169706,24.333333333333332
2021-05-22,recent_frequency,v1.0.0,"[7, 13, 14, 34, 37, 45]",29,1,1,3,4,[34],0.106121162848813,0.3656143647290134,19.166666666666668
2021-05-22,ema_gap,v1.0.0,"[7, 13, 14, 34, 37, 45]",29,1,1,1,1,[34],0.10945046029530106,0.3797028298316214,26.833333333333332
2021-05-22,logistic,v1.0.0,"[7, 13, 14, 34, 37, 45]",29,0,0,0,1,[],0.10858507237332182,0.3767954122427861,31.833333333333332
2021-05-22,ensemble,v1.0.0,"[7, 13, 14, 34, 37, 45]",29,1,1,1,2,[34],0.10786005206039213,0.3735214002853691,26.666666666666668
2021-05-26,random,v1.0.0,"[7, 10, 20, 38, 45, 49]",26,0,0,2,2,[],0.10745522698875466,0.37177617994345324,28.166666666666668
2021-05-26,long_frequency,v1.0.0,"[7, 10, 20, 38, 45, 49]",26,1,1,3,5,[45],0.10639581224041626,0.36689103637566617,12.5
2021-05-26,recent_frequency,v1.0.0,"[7, 10, 20, 38, 45, 49]",26,1,1,1,2,[38],0.10758761182840484,0.3721431062292353,25.0
2021-05-26,ema_gap,v1.0.0,"[7, 10, 20, 38, 45, 49]",26,1,1,3,3,[38],0.10560054080730363,0.3628617522874783,20.666666666666668
2021-05-26,logistic,v1.0.0,"[7, 10, 20, 38, 45, 49]",26,1,1,2,4,[49],0.1072003579062724,0.3706652560741102,21.0
2021-05-26,ensemble,v1.0.0,"[7, 10, 20, 38, 45, 49]",26,2,2,3,3,"[38, 49]",0.10662813618487832,0.36812857115872455,21.0
2021-05-29,random,v1.0.0,"[11, 18, 19, 27, 34, 46]",42,0,0,1,2,[],0.10745522698875466,0.37177617994345336,25.833333333333332
2021-05-29,long_frequency,v1.0.0,"[11, 18, 19, 27, 34, 46]",42,1,1,3,3,[34],0.10713278476215225,0.3703456774788256,22.833333333333332
2021-05-29,recent_frequency,v1.0.0,"[11, 18, 19, 27, 34, 46]",42,1,1,1,2,[34],0.10636312203248646,0.36638152012610253,22.0
2021-05-29,ema_gap,v1.0.0,"[11, 18, 19, 27, 34, 46]",42,1,1,1,2,[34],0.10728953393874519,0.3705595112511362,24.0
2021-05-29,logistic,v1.0.0,"[11, 18, 19, 27, 34, 46]",42,1,1,2,2,[34],0.10816821739961052,0.3753015903147931,28.0
2021-05-29,ensemble,v1.0.0,"[11, 18, 19, 27, 34, 46]",42,1,1,2,2,[34],0.10729694451141486,0.3713157782891377,25.666666666666668
2021-06-02,random,v1.0.0,"[1, 13, 22, 32, 33, 39]",48,1,1,1,2,[1],0.10745522698875465,0.3717761799434532,23.333333333333332
2021-06-02,long_frequency,v1.0.0,"[1, 13, 22, 32, 33, 39]",48,0,0,0,0,[],0.10821403936998285,0.37526143566015857,33.0
2021-06-02,recent_frequency,v1.0.0,"[1, 13, 22, 32, 33, 39]",48,1,1,2,2,[39],0.10904818325697625,0.3797654763727027,29.0
2021-06-02,ema_gap,v1.0.0,"[1, 13, 22, 32, 33, 39]",48,1,1,1,2,[39],0.11224942549426647,0.3981464711618462,30.833333333333332
2021-06-02,logistic,v1.0.0,"[1, 13, 22, 32, 33, 39]",48,2,2,2,4,"[1, 13]",0.10542832186757185,0.36252889673828154,17.5
2021-06-02,ensemble,v1.0.0,"[1, 13, 22, 32, 33, 39]",48,1,1,2,2,[13],0.10763945494747851,0.37271772512798246,27.5
2021-06-05,random,v1.0.0,"[13, 15, 22, 42, 45, 46]",14,0,0,0,2,[],0.10745522698875466,0.37177617994345324,30.5
2021-06-05,long_frequency,v1.0.0,"[13, 15, 22, 42, 45, 46]",14,1,1,2,2,[45],0.10734431034793789,0.37132556493849955,26.166666666666668
2021-06-05,recent_frequency,v1.0.0,"[13, 15, 22, 42, 45, 46]",14,1,1,2,2,[13],0.10635136693044564,0.3659523808454859,19.5
2021-06-05,ema_gap,v1.0.0,"[13, 15, 22, 42, 45, 46]",14,1,1,3,3,[13],0.10445975811541158,0.3552270561527072,15.5
2021-06-05,logistic,v1.0.0,"[13, 15, 22, 42, 45, 46]",14,1,1,1,2,[42],0.10724385620491189,0.3706841326179081,24.166666666666668
2021-06-05,ensemble,v1.0.0,"[13, 15, 22, 42, 45, 46]",14,0,0,3,4,[],0.10626755619123418,0.3660676948909889,15.0
2021-06-09,random,v1.0.0,"[1, 3, 15, 26, 28, 39]",10,2,2,2,3,"[1, 3]",0.10745522698875465,0.37177617994345336,18.666666666666668
2021-06-09,long_frequency,v1.0.0,"[1, 3, 15, 26, 28, 39]",10,0,0,0,0,[],0.10847417680397602,0.37650607689426085,37.833333333333336
2021-06-09,recent_frequency,v1.0.0,"[1, 3, 15, 26, 28, 39]",10,1,1,1,1,[39],0.10733389754269057,0.3708521999368358,25.333333333333332
2021-06-09,ema_gap,v1.0.0,"[1, 3, 15, 26, 28, 39]",10,1,1,2,3,[39],0.10692643767554598,0.3688952053504679,21.833333333333332
2021-06-09,logistic,v1.0.0,"[1, 3, 15, 26, 28, 39]",10,0,0,1,3,[],0.10756591223229593,0.37217924907423977,25.166666666666668
2021-06-09,ensemble,v1.0.0,"[1, 3, 15, 26, 28, 39]",10,1,1,2,2,[39],0.10730865533509314,0.37107831169803607,25.5
2021-06-12,random,v1.0.0,"[11, 20, 22, 33, 41, 49]",34,0,0,1,1,[],0.10745522698875466,0.37177617994345324,29.333333333333332
2021-06-12,long_frequency,v1.0.0,"[11, 20, 22, 33, 41, 49]",34,0,0,1,3,[],0.10738815739352052,0.371412208311975,21.666666666666668
2021-06-12,recent_frequency,v1.0.0,"[11, 20, 22, 33, 41, 49]",34,0,0,0,0,[],0.10952769346105791,0.3817974472806617,31.0
2021-06-12,ema_gap,v1.0.0,"[11, 20, 22, 33, 41, 49]",34,0,0,1,2,[],0.10987904863208613,0.3808264111488445,26.333333333333332
2021-06-12,logistic,v1.0.0,"[11, 20, 22, 33, 41, 49]",34,2,2,3,3,"[33, 49]",0.10570592402208731,0.36350012719985825,17.166666666666668
2021-06-12,ensemble,v1.0.0,"[11, 20, 22, 33, 41, 49]",34,0,0,1,2,[],0.10736857188284653,0.3708872995243631,22.333333333333332
2021-06-16,random,v1.0.0,"[16, 23, 32, 33, 37, 48]",3,0,0,0,1,[],0.10745522698875466,0.37177617994345313,31.5
2021-06-16,long_frequency,v1.0.0,"[16, 23, 32, 33, 37, 48]",3,0,0,1,1,[],0.10757258985489779,0.37223250385835005,24.0
2021-06-16,recent_frequency,v1.0.0,"[16, 23, 32, 33, 37, 48]",3,1,1,2,2,[23],0.10731626488962932,0.3711544044276062,25.166666666666668
2021-06-16,ema_gap,v1.0.0,"[16, 23, 32, 33, 37, 48]",3,0,0,1,2,[],0.10894379830715531,0.3751249101321259,23.666666666666668
2021-06-16,logistic,v1.0.0,"[16, 23, 32, 33, 37, 48]",3,0,0,1,1,[],0.10821453636862584,0.37528156324127787,26.833333333333332
2021-06-16,ensemble,v1.0.0,"[16, 23, 32, 33, 37, 48]",3,0,0,2,3,[],0.10780166636660314,0.37346505033070304,24.333333333333332
2021-06-19,random,v1.0.0,"[13, 15, 17, 25, 34, 45]",5,0,0,0,3,[],0.10745522698875466,0.37177617994345336,24.833333333333332
2021-06-19,long_frequency,v1.0.0,"[13, 15, 17, 25, 34, 45]",5,2,2,2,2,"[34, 45]",0.10731408886568647,0.3712599078808019,27.833333333333332
2021-06-19,recent_frequency,v1.0.0,"[13, 15, 17, 25, 34, 45]",5,2,2,2,4,"[13, 34]",0.10609324448146606,0.36549383909830435,18.666666666666668
2021-06-19,ema_gap,v1.0.0,"[13, 15, 17, 25, 34, 45]",5,1,1,4,4,[34],0.10358740075243697,0.35578842464279603,17.833333333333332
2021-06-19,logistic,v1.0.0,"[13, 15, 17, 25, 34, 45]",5,2,2,3,3,"[13, 45]",0.10690875403478854,0.3694029357900476,20.833333333333332
2021-06-19,ensemble,v1.0.0,"[13, 15, 17, 25, 34, 45]",5,3,3,3,4,"[13, 34, 45]",0.10592076883108863,0.3648859878081372,17.5
2021-06-23,random,v1.0.0,"[9, 17, 20, 22, 34, 40]",48,0,0,1,2,[],0.10745522698875466,0.37177617994345324,23.666666666666668
2021-06-23,long_frequency,v1.0.0,"[9, 17, 20, 22, 34, 40]",48,2,2,3,3,"[34, 40]",0.10655405564734803,0.36763539357242747,16.0
2021-06-23,recent_frequency,v1.0.0,"[9, 17, 20, 22, 34, 40]",48,1,1,2,3,[34],0.10706842815493545,0.37041605847504194,21.5
2021-06-23,ema_gap,v1.0.0,"[9, 17, 20, 22, 34, 40]",48,1,1,2,2,[34],0.10778888468930563,0.37681418710537523,25.333333333333332
2021-06-23,logistic,v1.0.0,"[9, 17, 20, 22, 34, 40]",48,1,1,2,3,[34],0.10797559893562685,0.3743778297470105,25.666666666666668
2021-06-23,ensemble,v1.0.0,"[9, 17, 20, 22, 34, 40]",48,1,1,2,3,[34],0.10733456698084923,0.37186438815793765,24.833333333333332
2021-06-26,random,v1.0.0,"[15, 27, 36, 37, 43, 49]",7,0,0,0,1,[],0.10745522698875466,0.37177617994345313,34.5
2021-06-26,long_frequency,v1.0.0,"[15, 27, 36, 37, 43, 49]",7,1,1,2,4,[43],0.10709282604643673,0.3700669657948535,19.5
2021-06-26,recent_frequency,v1.0.0,"[15, 27, 36, 37, 43, 49]",7,0,0,1,3,[],0.10634108121615994,0.36585215740581534,19.0
2021-06-26,ema_gap,v1.0.0,"[15, 27, 36, 37, 43, 49]",7,1,1,2,2,[15],0.1056787896345307,0.36085384516426583,18.666666666666668
2021-06-26,logistic,v1.0.0,"[15, 27, 36, 37, 43, 49]",7,1,1,3,5,[37],0.10482191633920862,0.3590957564507711,13.166666666666666
2021-06-26,ensemble,v1.0.0,"[15, 27, 36, 37, 43, 49]",7,0,0,3,5,[],0.10543700440772674,0.36183407415836655,14.5
2021-06-30,random,v1.0.0,"[9, 10, 13, 26, 28, 30]",36,0,0,2,3,[],0.10745522698875465,0.37177617994345336,19.333333333333332
2021-06-30,long_frequency,v1.0.0,"[9, 10, 13, 26, 28, 30]",36,0,0,0,0,[],0.10819168182848257,0.3751472690225645,32.333333333333336
2021-06-30,recent_frequency,v1.0.0,"[9, 10, 13, 26, 28, 30]",36,1,1,1,1,[13],0.10903936693044565,0.37940478195191224,30.5
2021-06-30,ema_gap,v1.0.0,"[9, 10, 13, 26, 28, 30]",36,1,1,1,2,[13],0.10967022709294502,0.38047101776398146,26.833333333333332
2021-06-30,logistic,v1.0.0,"[9, 10, 13, 26, 28, 30]",36,0,0,2,3,[],0.10672175674068972,0.3678123246271023,21.166666666666668
2021-06-30,ensemble,v1.0.0,"[9, 10, 13, 26, 28, 30]",36,1,1,1,2,[13],0.10768153506305443,0.3729077966717104,25.0
2021-07-03,random,v1.0.0,"[4, 7, 10, 31, 33, 38]",23,1,1,3,3,[4],0.10745522698875466,0.37177617994345336,20.5
2021-07-03,long_frequency,v1.0.0,"[4, 7, 10, 31, 33, 38]",23,1,1,3,4,[31],0.10667482490194323,0.3681439605897677,14.5
2021-07-03,recent_frequency,v1.0.0,"[4, 7, 10, 31, 33, 38]",23,1,1,1,1,[38],0.11001601999167014,0.3838287471276478,33.833333333333336
2021-07-03,ema_gap,v1.0.0,"[4, 7, 10, 31, 33, 38]",23,0,0,1,1,[],0.11228327120242566,0.39307255269465485,31.166666666666668
2021-07-03,logistic,v1.0.0,"[4, 7, 10, 31, 33, 38]",23,1,1,1,1,[33],0.10857106283321727,0.3772352384755472,31.166666666666668
2021-07-03,ensemble,v1.0.0,"[4, 7, 10, 31, 33, 38]",23,0,0,0,2,[],0.10905806683414958,0.3793168664330971,34.333333333333336
2021-07-07,random,v1.0.0,"[11, 16, 21, 26, 42, 45]",22,0,0,1,2,[],0.10745522698875465,0.37177617994345324,26.833333333333332
2021-07-07,long_frequency,v1.0.0,"[11, 16, 21, 26, 42, 45]",22,1,1,1,2,[45],0.10746867997491154,0.37187333443511467,27.166666666666668
2021-07-07,recent_frequency,v1.0.0,"[11, 16, 21, 26, 42, 45]",22,1,1,2,4,[21],0.1058380608079967,0.3636775070179153,15.5
2021-07-07,ema_gap,v1.0.0,"[11, 16, 21, 26, 42, 45]",22,0,0,1,2,[],0.10696236260513721,0.3659302085798523,20.666666666666668
2021-07-07,logistic,v1.0.0,"[11, 16, 21, 26, 42, 45]",22,0,0,0,0,[],0.10991397894476808,0.38335302416996414,39.5
2021-07-07,ensemble,v1.0.0,"[11, 16, 21, 26, 42, 45]",22,0,0,1,1,[],0.10791645923775785,0.3736618142993609,26.333333333333332
2021-07-10,random,v1.0.0,"[4, 5, 18, 28, 35, 42]",2,2,2,2,3,"[4, 5]",0.10745522698875465,0.37177617994345336,22.0
2021-07-10,long_frequency,v1.0.0,"[4, 5, 18, 28, 35, 42]",2,0,0,1,1,[],0.10842900018286404,0.3763000851725881,36.833333333333336
2021-07-10,recent_frequency,v1.0.0,"[4, 5, 18, 28, 35, 42]",2,0,0,1,1,[],0.10903789754269055,0.3787976789793269,30.5
2021-07-10,ema_gap,v1.0.0,"[4, 5, 18, 28, 35, 42]",2,0,0,1,2,[],0.11123501495613333,0.38780266140959174,29.0
2021-07-10,logistic,v1.0.0,"[4, 5, 18, 28, 35, 42]",2,1,1,1,2,[28],0.10882097047506811,0.37848195649148664,29.333333333333332
2021-07-10,ensemble,v1.0.0,"[4, 5, 18, 28, 35, 42]",2,1,1,1,2,[28],0.10911341357497825,0.379557019152499,30.0
2021-07-14,random,v1.0.0,"[2, 9, 19, 23, 26, 30]",10,1,1,2,2,[2],0.10745522698875466,0.37177617994345324,18.166666666666668
2021-07-14,long_frequency,v1.0.0,"[2, 9, 19, 23, 26, 30]",10,0,0,1,1,[],0.1076105873372023,0.372406284547016,24.666666666666668
2021-07-14,recent_frequency,v1.0.0,"[2, 9, 19, 23, 26, 30]",10,1,1,2,2,[23],0.1085407546855477,0.3775512892903222,28.0
2021-07-14,ema_gap,v1.0.0,"[2, 9, 19, 23, 26, 30]",10,0,0,2,2,[],0.11176242563498563,0.39342631591573174,29.666666666666668
2021-07-14,logistic,v1.0.0,"[2, 9, 19, 23, 26, 30]",10,0,0,1,1,[],0.10895917365527572,0.3782186483289472,29.0
2021-07-14,ensemble,v1.0.0,"[2, 9, 19, 23, 26, 30]",10,0,0,0,1,[],0.1089315136275305,0.3783831049411853,32.666666666666664
2021-07-17,random,v1.0.0,"[22, 24, 28, 35, 37, 45]",49,0,0,0,0,[],0.10745522698875466,0.3717761799434532,31.833333333333332
2021-07-17,long_frequency,v1.0.0,"[22, 24, 28, 35, 37, 45]",49,1,1,1,1,[45],0.1075686289745177,0.37233958548427326,28.833333333333332
2021-07-17,recent_frequency,v1.0.0,"[22, 24, 28, 35, 37, 45]",49,0,0,1,1,[],0.10731773427738443,0.37045922574301177,24.666666666666668
2021-07-17,ema_gap,v1.0.0,"[22, 24, 28, 35, 37, 45]",49,1,1,3,3,[45],0.10618354070793252,0.3669226297981661,20.5
2021-07-17,logistic,v1.0.0,"[22, 24, 28, 35, 37, 45]",49,1,1,2,3,[22],0.10752581288271465,0.37214547827587996,24.833333333333332
2021-07-17,ensemble,v1.0.0,"[22, 24, 28, 35, 37, 45]",49,0,0,2,3,[],0.10699746896367857,0.3695552520774962,21.166666666666668
2021-07-21,random,v1.0.0,"[2, 4, 15, 20, 35, 45]",10,2,2,2,3,"[2, 4]",0.10745522698875466,0.37177617994345336,20.166666666666668
2021-07-21,long_frequency,v1.0.0,"[2, 4, 15, 20, 35, 45]",10,2,2,3,3,"[20, 45]",0.10703576600087215,0.3698865551792427,22.166666666666668
2021-07-21,recent_frequency,v1.0.0,"[2, 4, 15, 20, 35, 45]",10,0,0,2,3,[],0.10804948937942525,0.37445070297517913,25.0
2021-07-21,ema_gap,v1.0.0,"[2, 4, 15, 20, 35, 45]",10,1,1,2,3,[45],0.10522722439407978,0.3624271286721478,20.5
2021-07-21,logistic,v1.0.0,"[2, 4, 15, 20, 35, 45]",10,2,2,3,3,"[2, 35]",0.10724304805462809,0.3710488821016519,23.833333333333332
2021-07-21,ensemble,v1.0.0,"[2, 4, 15, 20, 35, 45]",10,1,1,2,2,[45],0.1067524533291084,0.3685942969308778,21.666666666666668
2021-07-24,random,v1.0.0,"[1, 5, 7, 19, 37, 45]",35,2,2,3,3,"[1, 5]",0.10745522698875465,0.37177617994345336,19.0
2021-07-24,long_frequency,v1.0.0,"[1, 5, 7, 19, 37, 45]",35,1,1,1,2,[45],0.10755363544505235,0.3722998434597349,27.166666666666668
2021-07-24,recent_frequency,v1.0.0,"[1, 5, 7, 19, 37, 45]",35,0,0,1,2,[],0.1082870403998334,0.37555937549130736,25.833333333333332
2021-07-24,ema_gap,v1.0.0,"[1, 5, 7, 19, 37, 45]",35,1,1,1,2,[45],0.10762445293998524,0.3753530286809403,26.833333333333332
2021-07-24,logistic,v1.0.0,"[1, 5, 7, 19, 37, 45]",35,1,1,3,3,[45],0.10796793927359763,0.37517787357258103,25.833333333333332
2021-07-24,ensemble,v1.0.0,"[1, 5, 7, 19, 37, 45]",35,1,1,2,2,[45],0.10770909369310216,0.3739736494472644,26.833333333333332
2021-07-28,random,v1.0.0,"[1, 4, 10, 14, 32, 39]",19,2,2,3,4,"[1, 4]",0.10745522698875463,0.37177617994345336,16.666666666666668
2021-07-28,long_frequency,v1.0.0,"[1, 4, 10, 14, 32, 39]",19,0,0,1,1,[],0.1083361087185959,0.3759157262435982,32.0
2021-07-28,recent_frequency,v1.0.0,"[1, 4, 10, 14, 32, 39]",19,1,1,1,1,[39],0.10926075468554769,0.3803462871800889,31.833333333333332
2021-07-28,ema_gap,v1.0.0,"[1, 4, 10, 14, 32, 39]",19,0,0,0,1,[],0.11125436899676414,0.38627639501650873,29.333333333333332
2021-07-28,logistic,v1.0.0,"[1, 4, 10, 14, 32, 39]",19,1,1,1,2,[32],0.10800598804906436,0.3740457996119006,25.833333333333332
2021-07-28,ensemble,v1.0.0,"[1, 4, 10, 14, 32, 39]",19,0,0,1,2,[],0.10863460912574924,0.37733031977417236,29.833333333333332
2021-07-31,random,v1.0.0,"[7, 30, 37, 43, 47, 49]",20,0,0,1,1,[],0.10745522698875466,0.3717761799434531,35.5
2021-07-31,long_frequency,v1.0.0,"[7, 30, 37, 43, 47, 49]",20,1,1,2,4,[43],0.10688096908662933,0.3690673845172993,16.666666666666668
2021-07-31,recent_frequency,v1.0.0,"[7, 30, 37, 43, 47, 49]",20,0,0,1,1,[],0.10778255060391506,0.3728021214958031,27.0
2021-07-31,ema_gap,v1.0.0,"[7, 30, 37, 43, 47, 49]",20,0,0,2,3,[],0.10828045015325967,0.37307363325925047,22.5
2021-07-31,logistic,v1.0.0,"[7, 30, 37, 43, 47, 49]",20,1,1,4,4,[30],0.10670028995927514,0.3685021477243254,19.5
2021-07-31,ensemble,v1.0.0,"[7, 30, 37, 43, 47, 49]",20,1,1,1,4,[49],0.10701700033061683,0.3695416730444596,20.0
2021-08-04,random,v1.0.0,"[3, 8, 21, 38, 42, 48]",27,1,1,2,2,[3],0.10745522698875466,0.37177617994345324,26.666666666666668
2021-08-04,long_frequency,v1.0.0,"[3, 8, 21, 38, 42, 48]",27,0,0,1,2,[],0.10735930251149016,0.3712582213045319,22.166666666666668
2021-08-04,recent_frequency,v1.0.0,"[3, 8, 21, 38, 42, 48]",27,0,0,1,3,[],0.10779283631820076,0.373346002930907,25.666666666666668
2021-08-04,ema_gap,v1.0.0,"[3, 8, 21, 38, 42, 48]",27,0,0,0,2,[],0.11146774904948813,0.39106199853538026,28.0
2021-08-04,logistic,v1.0.0,"[3, 8, 21, 38, 42, 48]",27,1,1,1,1,[48],0.10843184295383236,0.3761950598975017,29.666666666666668
2021-08-04,ensemble,v1.0.0,"[3, 8, 21, 38, 42, 48]",27,0,0,0,2,[],0.10853530437416939,0.37687243631352463,28.166666666666668
2021-08-07,random,v1.0.0,"[10, 13, 15, 22, 29, 46]",3,0,0,1,3,[],0.10745522698875465,0.37177617994345336,22.5
2021-08-07,long_frequency,v1.0.0,"[10, 13, 15, 22, 29, 46]",3,0,0,1,1,[],0.10787651878464626,0.37369509487471936,29.5
2021-08-07,recent_frequency,v1.0.0,"[10, 13, 15, 22, 29, 46]",3,1,1,2,2,[13],0.10656687713452728,0.3673178606785208,20.5
2021-08-07,ema_gap,v1.0.0,"[10, 13, 15, 22, 29, 46]",3,1,1,2,3,[15],0.10769144541517697,0.3738309919105868,21.333333333333332
2021-08-07,logistic,v1.0.0,"[10, 13, 15, 22, 29, 46]",3,0,0,1,1,[],0.10889191885470706,0.37817546113597406,28.0
2021-08-07,ensemble,v1.0.0,"[10, 13, 15, 22, 29, 46]",3,0,0,1,2,[],0.10784173883820328,0.37304123393409155,23.833333333333332
2021-08-11,random,v1.0.0,"[12, 15, 25, 40, 44, 45]",31,0,0,1,2,[],0.10745522698875465,0.3717761799434532,30.166666666666668
2021-08-11,long_frequency,v1.0.0,"[12, 15, 25, 40, 44, 45]",31,2,2,2,2,"[40, 45]",0.10711877133458493,0.37030228491437245,23.333333333333332
2021-08-11,recent_frequency,v1.0.0,"[12, 15, 25, 40, 44, 45]",31,1,1,2,2,[15],0.10927544856309872,0.38170283858022236,30.0
2021-08-11,ema_gap,v1.0.0,"[12, 15, 25, 40, 44, 45]",31,2,2,2,2,"[15, 45]",0.10879091033976632,0.38895828489871054,30.666666666666668
2021-08-11,logistic,v1.0.0,"[12, 15, 25, 40, 44, 45]",31,1,1,2,5,[44],0.10574165294658035,0.3656339629636685,17.666666666666668
2021-08-11,ensemble,v1.0.0,"[12, 15, 25, 40, 44, 45]",31,1,1,1,1,[45],0.10694312930656716,0.369601305588621,24.666666666666668
2021-08-18,random,v1.0.0,"[7, 8, 28, 30, 32, 42]",33,0,0,2,2,[],0.10745522698875466,0.37177617994345313,24.5
2021-08-18,long_frequency,v1.0.0,"[7, 8, 28, 30, 32, 42]",33,0,0,0,1,[],0.10794952483363753,0.3740034138823374,29.666666666666668
2021-08-18,recent_frequency,v1.0.0,"[7, 8, 28, 30, 32, 42]",33,1,1,1,2,[28],0.10780165264473135,0.3733801591503958,24.666666666666668
2021-08-18,ema_gap,v1.0.0,"[7, 8, 28, 30, 32, 42]",33,0,0,2,4,[],0.10753643837647082,0.36970535876546456,20.0
2021-08-18,logistic,v1.0.0,"[7, 8, 28, 30, 32, 42]",33,1,1,1,2,[30],0.10736848961386121,0.37126687919332846,23.833333333333332
2021-08-18,ensemble,v1.0.0,"[7, 8, 28, 30, 32, 42]",33,1,1,2,3,[28],0.10732694920623265,0.3711510084359146,20.333333333333332
2021-08-21,random,v1.0.0,"[2, 9, 15, 21, 38, 46]",36,1,1,2,3,[2],0.10745522698875465,0.37177617994345336,21.833333333333332
2021-08-21,long_frequency,v1.0.0,"[2, 9, 15, 21, 38, 46]",36,0,0,2,3,[],0.10717250651558727,0.37042696222383104,20.333333333333332
2021-08-21,recent_frequency,v1.0.0,"[2, 9, 15, 21, 38, 46]",36,2,2,2,4,"[15, 38]",0.10633520366513953,0.3671735867261785,19.833333333333332
2021-08-21,ema_gap,v1.0.0,"[2, 9, 15, 21, 38, 46]",36,1,1,2,4,[15],0.10586700234494813,0.36571947744390504,22.0
2021-08-21,logistic,v1.0.0,"[2, 9, 15, 21, 38, 46]",36,1,1,1,1,[2],0.10890341514164141,0.37856783477997763,32.833333333333336
2021-08-21,ensemble,v1.0.0,"[2, 9, 15, 21, 38, 46]",36,1,1,2,3,[15],0.10726793966700622,0.3709852233084123,22.5
2021-08-28,random,v1.0.0,"[6, 8, 9, 12, 19, 26]",43,1,1,4,4,[6],0.10745522698875463,0.3717761799434534,13.333333333333334
2021-08-28,long_frequency,v1.0.0,"[6, 8, 9, 12, 19, 26]",43,0,0,0,0,[],0.10802243036419572,0.37433802176186165,31.166666666666668
2021-08-28,recent_frequency,v1.0.0,"[6, 8, 9, 12, 19, 26]",43,0,0,1,1,[],0.1097769995835069,0.38292338843373636,31.0
2021-08-28,ema_gap,v1.0.0,"[6, 8, 9, 12, 19, 26]",43,0,0,0,0,[],0.11400054474165439,0.4012461862488372,32.166666666666664
2021-08-28,logistic,v1.0.0,"[6, 8, 9, 12, 19, 26]",43,1,1,1,1,[12],0.10918092422991185,0.3796229076624869,31.666666666666668
2021-08-28,ensemble,v1.0.0,"[6, 8, 9, 12, 19, 26]",43,0,0,0,1,[],0.10986804150600257,0.3828623904262014,33.166666666666664
2021-09-01,random,v1.0.0,"[3, 4, 14, 18, 19, 42]",43,2,2,2,4,"[3, 4]",0.10745522698875465,0.37177617994345336,16.666666666666668
2021-09-01,long_frequency,v1.0.0,"[3, 4, 14, 18, 19, 42]",43,0,0,1,1,[],0.10824485373963083,0.3754861290475906,30.5
2021-09-01,recent_frequency,v1.0.0,"[3, 4, 14, 18, 19, 42]",43,0,0,1,2,[],0.1075670403998334,0.3715896155033971,23.166666666666668
2021-09-01,ema_gap,v1.0.0,"[3, 4, 14, 18, 19, 42]",43,1,1,1,1,[42],0.11013064738049863,0.3812575340112704,25.833333333333332
2021-09-01,logistic,v1.0.0,"[3, 4, 14, 18, 19, 42]",43,0,0,1,1,[],0.10949266390198438,0.38158547802899345,33.0
2021-09-01,ensemble,v1.0.0,"[3, 4, 14, 18, 19, 42]",43,1,1,1,1,[42],0.10877749178178911,0.3778706150920999,31.5
2021-09-04,random,v1.0.0,"[6, 13, 18, 19, 29, 49]",2,1,1,1,3,[6],0.10745522698875466,0.37177617994345336,22.333333333333332
2021-09-04,long_frequency,v1.0.0,"[6, 13, 18, 19, 29, 49]",2,0,0,0,1,[],0.10825167576989927,0.3754491800300165,33.833333333333336
2021-09-04,recent_frequency,v1.0.0,"[6, 13, 18, 19, 29, 49]",2,1,1,1,3,[13],0.10757585672636404,0.3724136199789207,23.833333333333332
2021-09-04,ema_gap,v1.0.0,"[6, 13, 18, 19, 29, 49]",2,0,0,1,3,[],0.10864468235982763,0.37529042786528843,23.5
2021-09-04,logistic,v1.0.0,"[6, 13, 18, 19, 29, 49]",2,0,0,1,2,[],0.10790741439313574,0.3736893182505713,26.5
2021-09-04,ensemble,v1.0.0,"[6, 13, 18, 19, 29, 49]",2,0,0,2,3,[],0.10779268082194837,0.3732928586563129,24.5
2021-09-08,random,v1.0.0,"[2, 7, 10, 16, 28, 36]",41,1,1,3,4,[2],0.10745522698875465,0.37177617994345336,16.5
2021-09-08,long_frequency,v1.0.0,"[2, 7, 10, 16, 28, 36]",41,0,0,0,2,[],0.10790603720391297,0.3738082416242079,28.833333333333332
2021-09-08,recent_frequency,v1.0.0,"[2, 7, 10, 16, 28, 36]",41,1,1,1,3,[28],0.10683087713452728,0.3687487985434861,20.833333333333332
2021-09-08,ema_gap,v1.0.0,"[2, 7, 10, 16, 28, 36]",41,0,0,2,2,[],0.10930722971809441,0.3781547988512594,24.166666666666668
2021-09-08,logistic,v1.0.0,"[2, 7, 10, 16, 28, 36]",41,1,1,1,1,[2],0.1085022069980352,0.3766734101690515,30.333333333333332
2021-09-08,ensemble,v1.0.0,"[2, 7, 10, 16, 28, 36]",41,0,0,1,1,[],0.10798840793263491,0.37409901306082927,27.5
2021-09-11,random,v1.0.0,"[15, 18, 31, 33, 34, 41]",45,0,0,0,2,[],0.10745522698875466,0.37177617994345313,28.666666666666668
2021-09-11,long_frequency,v1.0.0,"[15, 18, 31, 33, 34, 41]",45,2,2,2,3,"[31, 34]",0.10701251435516164,0.3698049123792693,21.833333333333332
2021-09-11,recent_frequency,v1.0.0,"[15, 18, 31, 33, 34, 41]",45,1,1,3,3,[15],0.10709634652228238,0.3705410518807957,23.666666666666668
2021-09-11,ema_gap,v1.0.0,"[15, 18, 31, 33, 34, 41]",45,1,1,2,2,[15],0.10995759258702449,0.3888274811604049,29.166666666666668
2021-09-11,logistic,v1.0.0,"[15, 18, 31, 33, 34, 41]",45,0,0,2,3,[],0.10670078227883051,0.36763695386859935,17.833333333333332
2021-09-11,ensemble,v1.0.0,"[15, 18, 31, 33, 34, 41]",45,1,1,2,3,[15],0.1072994179380927,0.3711503189352728,24.5
2021-09-15,random,v1.0.0,"[7, 11, 14, 15, 27, 41]",49,0,0,2,4,[],0.10745522698875466,0.37177617994345336,19.166666666666668
2021-09-15,long_frequency,v1.0.0,"[7, 11, 14, 15, 27, 41]",49,0,0,1,3,[],0.10810613958452925,0.374863933416641,29.666666666666668
2021-09-15,recent_frequency,v1.0.0,"[7, 11, 14, 15, 27, 41]",49,1,1,1,2,[15],0.10734418325697627,0.37106865733592503,23.833333333333332
2021-09-15,ema_gap,v1.0.0,"[7, 11, 14, 15, 27, 41]",49,1,1,2,2,[15],0.10662042038332133,0.37362205831780937,27.333333333333332
2021-09-15,logistic,v1.0.0,"[7, 11, 14, 15, 27, 41]",49,0,0,1,2,[],0.10936235021961524,0.3814992819627103,29.0
2021-09-15,ensemble,v1.0.0,"[7, 11, 14, 15, 27, 41]",49,1,1,2,2,[15],0.10788630804453517,0.37410841192549277,25.666666666666668
2021-09-18,random,v1.0.0,"[9, 26, 29, 36, 40, 41]",27,0,0,1,1,[],0.10745522698875466,0.37177617994345313,30.166666666666668
2021-09-18,long_frequency,v1.0.0,"[9, 26, 29, 36, 40, 41]",27,1,1,1,3,[40],0.107173815578149,0.3704129842890964,20.333333333333332
2021-09-18,recent_frequency,v1.0.0,"[9, 26, 29, 36, 40, 41]",27,1,1,1,1,[26],0.10930777509371095,0.38036321025932485,32.166666666666664
2021-09-18,ema_gap,v1.0.0,"[9, 26, 29, 36, 40, 41]",27,0,0,0,1,[],0.11229375118010343,0.39093453995781235,30.333333333333332
2021-09-18,logistic,v1.0.0,"[9, 26, 29, 36, 40, 41]",27,1,1,2,2,[29],0.10765822285004074,0.3727356073064797,25.666666666666668
2021-09-18,ensemble,v1.0.0,"[9, 26, 29, 36, 40, 41]",27,0,0,0,1,[],0.10857123135937706,0.37664864208454774,29.833333333333332
2021-09-22,random,v1.0.0,"[5, 14, 19, 30, 38, 40]",27,1,1,1,2,[5],0.10745522698875466,0.37177617994345324,24.333333333333332
2021-09-22,long_frequency,v1.0.0,"[5, 14, 19, 30, 38, 40]",27,2,2,2,2,"[38, 40]",0.1076799762931662,0.3729170130454615,25.666666666666668
2021-09-22,recent_frequency,v1.0.0,"[5, 14, 19, 30, 38, 40]",27,0,0,1,2,[],0.10833553019575178,0.3758883738837309,26.5
2021-09-22,ema_gap,v1.0.0,"[5, 14, 19, 30, 38, 40]",27,0,0,2,3,[],0.10903357452397663,0.3760230915303078,22.5
2021-09-22,logistic,v1.0.0,"[5, 14, 19, 30, 38, 40]",27,1,1,1,3,[40],0.10686696846022513,0.3688500647660874,19.0
2021-09-22,ensemble,v1.0.0,"[5, 14, 19, 30, 38, 40]",27,0,0,1,2,[],0.10743656529828122,0.3714962960019029,22.5
2021-09-25,random,v1.0.0,"[3, 8, 10, 35, 46, 48]",17,1,1,3,3,[3],0.10745522698875465,0.37177617994345336,25.0
2021-09-25,long_frequency,v1.0.0,"[3, 8, 10, 35, 46, 48]",17,0,0,1,1,[],0.10755015723062639,0.37214925205891725,25.166666666666668
2021-09-25,recent_frequency,v1.0.0,"[3, 8, 10, 35, 46, 48]",17,0,0,0,1,[],0.10930630570595586,0.37997057568575104,31.166666666666668
2021-09-25,ema_gap,v1.0.0,"[3, 8, 10, 35, 46, 48]",17,0,0,0,1,[],0.11238759821324075,0.3916558662635678,31.5
2021-09-25,logistic,v1.0.0,"[3, 8, 10, 35, 46, 48]",17,0,0,0,1,[],0.10973085835556697,0.38224286063050694,33.0
2021-09-25,ensemble,v1.0.0,"[3, 8, 10, 35, 46, 48]",17,0,0,0,1,[],0.10966390174784368,0.38178041647352245,33.333333333333336
2021-09-29,random,v1.0.0,"[3, 5, 38, 39, 41, 48]",28,2,2,2,2,"[3, 5]",0.10745522698875466,0.3717761799434531,29.0
2021-09-29,long_frequency,v1.0.0,"[3, 5, 38, 39, 41, 48]",28,1,1,1,3,[38],0.10748886600177006,0.37188778430150765,24.0
2021-09-29,recent_frequency,v1.0.0,"[3, 5, 38, 39, 41, 48]",28,1,1,1,1,[38],0.10759348937942524,0.37215461706620084,25.666666666666668
2021-09-29,ema_gap,v1.0.0,"[3, 5, 38, 39, 41, 48]",28,1,1,1,2,[38],0.10751574525951083,0.3690431130516044,21.166666666666668
2021-09-29,logistic,v1.0.0,"[3, 5, 38, 39, 41, 48]",28,0,0,0,0,[],0.11074260393934098,0.38753672376800435,34.666666666666664
2021-09-29,ensemble,v1.0.0,"[3, 5, 38, 39, 41, 48]",28,0,0,1,1,[],0.1086664508431564,0.37726176836987524,31.833333333333332
2021-10-02,random,v1.0.0,"[8, 17, 18, 19, 48, 49]",26,0,0,1,3,[],0.10745522698875466,0.37177617994345336,26.5
2021-10-02,long_frequency,v1.0.0,"[8, 17, 18, 19, 48, 49]",26,0,0,0,1,[],0.10793586807569935,0.37394672624445746,30.0
2021-10-02,recent_frequency,v1.0.0,"[8, 17, 18, 19, 48, 49]",26,0,0,1,2,[],0.1080862240733028,0.37444690567040734,26.333333333333332
2021-10-02,ema_gap,v1.0.0,"[8, 17, 18, 19, 48, 49]",26,1,1,2,3,[19],0.10765546939785765,0.3723878181754673,21.5
2021-10-02,logistic,v1.0.0,"[8, 17, 18, 19, 48, 49]",26,1,1,4,4,[48],0.10566062688642694,0.36361337602446536,15.166666666666666
2021-10-02,ensemble,v1.0.0,"[8, 17, 18, 19, 48, 49]",26,2,2,4,4,"[19, 48]",0.10664202899251851,0.3682574082551137,20.0
2021-10-06,random,v1.0.0,"[7, 18, 19, 38, 42, 46]",31,0,0,1,2,[],0.10745522698875466,0.37177617994345324,28.333333333333332
2021-10-06,long_frequency,v1.0.0,"[7, 18, 19, 38, 42, 46]",31,1,1,2,3,[38],0.10720994697772475,0.37061444557139683,21.333333333333332
2021-10-06,recent_frequency,v1.0.0,"[7, 18, 19, 38, 42, 46]",31,2,2,3,5,"[18, 38]",0.10393471386922115,0.355353341998886,12.166666666666666
2021-10-06,ema_gap,v1.0.0,"[7, 18, 19, 38, 42, 46]",31,2,2,4,6,"[19, 38]",0.09865659993619418,0.3324301614262022,8.5
2021-10-06,logistic,v1.0.0,"[7, 18, 19, 38, 42, 46]",31,1,1,2,2,[19],0.10781448326691749,0.3733954057104228,26.833333333333332
2021-10-06,ensemble,v1.0.0,"[7, 18, 19, 38, 42, 46]",31,3,3,3,4,"[18, 19, 38]",0.10486593881969598,0.3599956458829477,10.5
2021-10-09,random,v1.0.0,"[1, 11, 19, 27, 28, 38]",8,1,1,2,2,[1],0.10745522698875466,0.37177617994345324,20.666666666666668
2021-10-09,long_frequency,v1.0.0,"[1, 11, 19, 27, 28, 38]",8,1,1,2,2,[38],0.10780340875791995,0.3734317180875685,29.666666666666668
2021-10-09,recent_frequency,v1.0.0,"[1, 11, 19, 27, 28, 38]",8,2,2,2,3,"[28, 38]",0.10689406080799668,0.36984123560270094,22.0
2021-10-09,ema_gap,v1.0.0,"[1, 11, 19, 27, 28, 38]",8,2,2,3,3,"[19, 38]",0.10461537206010516,0.3628182795969379,21.5
2021-10-09,logistic,v1.0.0,"[1, 11, 19, 27, 28, 38]",8,0,0,1,1,[],0.10911895035077186,0.3794497047337446,31.666666666666668
2021-10-09,ensemble,v1.0.0,"[1, 11, 19, 27, 28, 38]",8,1,1,2,3,[38],0.10736877650450286,0.37203055539831575,25.166666666666668
2021-10-13,random,v1.0.0,"[2, 7, 8, 11, 19, 27]",24,1,1,4,4,[2],0.10745522698875465,0.3717761799434534,12.333333333333334
2021-10-13,long_frequency,v1.0.0,"[2, 7, 8, 11, 19, 27]",24,0,0,1,2,[],0.1076248509053348,0.37251209208549574,25.666666666666668
2021-10-13,recent_frequency,v1.0.0,"[2, 7, 8, 11, 19, 27]",24,0,0,2,2,[],0.1078912852977926,0.37327160817387645,23.666666666666668
2021-10-13,ema_gap,v1.0.0,"[2, 7, 8, 11, 19, 27]",24,2,2,2,2,"[7, 19]",0.10383957641044977,0.3562541771055085,18.5
2021-10-13,logistic,v1.0.0,"[2, 7, 8, 11, 19, 27]",24,1,1,1,1,[8],0.10966818154020082,0.38375784557438386,31.166666666666668
2021-10-13,ensemble,v1.0.0,"[2, 7, 8, 11, 19, 27]",24,1,1,3,3,[19],0.1074758248192907,0.3723241222162315,25.666666666666668
2021-10-16,random,v1.0.0,"[5, 10, 11, 33, 44, 47]",20,1,1,3,3,[5],0.10745522698875465,0.37177617994345336,25.0
2021-10-16,long_frequency,v1.0.0,"[5, 10, 11, 33, 44, 47]",20,0,0,1,1,[],0.10775889067802452,0.3731571711075894,27.333333333333332
2021-10-16,recent_frequency,v1.0.0,"[5, 10, 11, 33, 44, 47]",20,0,0,0,0,[],0.11107348937942524,0.3895849665278462,35.333333333333336
2021-10-16,ema_gap,v1.0.0,"[5, 10, 11, 33, 44, 47]",20,0,0,1,2,[],0.11331421078790904,0.39933637453760007,31.333333333333332
2021-10-16,logistic,v1.0.0,"[5, 10, 11, 33, 44, 47]",20,3,3,3,4,"[5, 44, 47]",0.10611526143243721,0.3655079488323767,17.166666666666668
2021-10-16,ensemble,v1.0.0,"[5, 10, 11, 33, 44, 47]",20,0,0,0,0,[],0.10850334902431165,0.3762742616936923,29.0
2021-10-20,random,v1.0.0,"[6, 9, 34, 35, 48, 49]",41,1,1,2,2,[6],0.10745522698875466,0.3717761799434531,30.166666666666668
2021-10-20,long_frequency,v1.0.0,"[6, 9, 34, 35, 48, 49]",41,1,1,1,2,[34],0.10732661879508335,0.37117852092479847,23.333333333333332
2021-10-20,recent_frequency,v1.0.0,"[6, 9, 34, 35, 48, 49]",41,0,0,2,2,[],0.10788246897126198,0.3738550055326281,25.0
2021-10-20,ema_gap,v1.0.0,"[6, 9, 34, 35, 48, 49]",41,0,0,2,2,[],0.10938404918710015,0.3775703628441535,24.333333333333332
2021-10-20,logistic,v1.0.0,"[6, 9, 34, 35, 48, 49]",41,1,1,2,3,[48],0.10736080049849465,0.3714223796438262,23.333333333333332
2021-10-20,ensemble,v1.0.0,"[6, 9, 34, 35, 48, 49]",41,1,1,2,2,[48],0.10757887677323973,0.372394345125612,25.333333333333332
2021-10-23,random,v1.0.0,"[1, 3, 9, 40, 42, 44]",46,2,2,3,3,"[1, 3]",0.10745522698875466,0.37177617994345336,23.166666666666668
2021-10-23,long_frequency,v1.0.0,"[1, 3, 9, 40, 42, 44]",46,1,1,1,2,[40],0.1074412170680091,0.3716892871300736,23.166666666666668
2021-10-23,recent_frequency,v1.0.0,"[1, 3, 9, 40, 42, 44]",46,0,0,1,1,[],0.11082418325697627,0.38837915123726574,33.333333333333336
2021-10-23,ema_gap,v1.0.0,"[1, 3, 9, 40, 42, 44]",46,0,0,1,2,[],0.11074930526777665,0.3846823543015845,26.833333333333332
2021-10-23,logistic,v1.0.0,"[1, 3, 9, 40, 42, 44]",46,0,0,1,1,[],0.1086884261895974,0.3775475725012185,29.5
2021-10-23,ensemble,v1.0.0,"[1, 3, 9, 40, 42, 44]",46,0,0,1,1,[],0.10916033966839837,0.37954027525194417,31.166666666666668
2021-10-27,random,v1.0.0,"[3, 9, 14, 36, 40, 46]",41,1,1,2,3,[3],0.10745522698875465,0.37177617994345336,24.666666666666668
2021-10-27,long_frequency,v1.0.0,"[3, 9, 14, 36, 40, 46]",41,1,1,2,4,[40],0.10722397243498251,0.3707695853506224,19.0
2021-10-27,recent_frequency,v1.0.0,"[3, 9, 14, 36, 40, 46]",41,0,0,0,2,[],0.10738532611411912,0.3705172480446433,24.0
2021-10-27,ema_gap,v1.0.0,"[3, 9, 14, 36, 40, 46]",41,0,0,1,3,[],0.10692317934035303,0.3654951986790856,19.5
2021-10-27,logistic,v1.0.0,"[3, 9, 14, 36, 40, 46]",41,0,0,1,1,[],0.11018000249963471,0.3848746733909962,35.833333333333336
2021-10-27,ensemble,v1.0.0,"[3, 9, 14, 36, 40, 46]",41,0,0,0,1,[],0.10821616581704081,0.37506510436359647,30.0
2021-10-30,random,v1.0.0,"[3, 5, 7, 23, 42, 46]",15,2,2,3,3,"[3, 5]",0.10745522698875466,0.37177617994345336,21.0
2021-10-30,long_frequency,v1.0.0,"[3, 5, 7, 23, 42, 46]",15,0,0,2,4,[],0.107270277632779,0.3708710980097048,20.0
2021-10-30,recent_frequency,v1.0.0,"[3, 5, 7, 23, 42, 46]",15,2,2,3,4,"[7, 42]",0.10592034652228238,0.3644238784183284,18.166666666666668
2021-10-30,ema_gap,v1.0.0,"[3, 5, 7, 23, 42, 46]",15,2,2,4,4,"[7, 42]",0.10277539647993615,0.35092797895494937,15.166666666666666
2021-10-30,logistic,v1.0.0,"[3, 5, 7, 23, 42, 46]",15,0,0,2,2,[],0.10805340830331549,0.37446477582958626,25.5
2021-10-30,ensemble,v1.0.0,"[3, 5, 7, 23, 42, 46]",15,2,2,4,4,"[3, 46]",0.10618565375007503,0.3657779855955671,14.833333333333334
2021-11-03,random,v1.0.0,"[9, 20, 27, 35, 37, 43]",3,0,0,1,1,[],0.10745522698875466,0.37177617994345313,28.5
2021-11-03,long_frequency,v1.0.0,"[9, 20, 27, 35, 37, 43]",3,1,1,3,3,[43],0.10689717041684345,0.36916035821062826,18.333333333333332
2021-11-03,recent_frequency,v1.0.0,"[9, 20, 27, 35, 37, 43]",3,0,0,0,0,[],0.1088826322365681,0.3774143547899016,29.333333333333332
2021-11-03,ema_gap,v1.0.0,"[9, 20, 27, 35, 37, 43]",3,0,0,1,1,[],0.11191964746185021,0.39221602368175473,30.166666666666668
2021-11-03,logistic,v1.0.0,"[9, 20, 27, 35, 37, 43]",3,0,0,0,2,[],0.10936659386446157,0.3808413226147501,33.333333333333336
2021-11-03,ensemble,v1.0.0,"[9, 20, 27, 35, 37, 43]",3,0,0,0,0,[],0.10916661328468635,0.37970274967896034,32.833333333333336
2021-11-06,random,v1.0.0,"[14, 16, 28, 39, 41, 47]",37,0,0,0,2,[],0.10745522698875465,0.37177617994345313,30.833333333333332
2021-11-06,long_frequency,v1.0.0,"[14, 16, 28, 39, 41, 47]",37,0,0,1,2,[],0.10817219468921795,0.3751718501585593,32.833333333333336
2021-11-06,recent_frequency,v1.0.0,"[14, 16, 28, 39, 41, 47]",37,1,1,1,2,[28],0.1071756934610579,0.36999048182972455,24.166666666666668
2021-11-06,ema_gap,v1.0.0,"[14, 16, 28, 39, 41, 47]",37,0,0,1,1,[],0.11143896014572265,0.3879857497062713,29.0
2021-11-06,logistic,v1.0.0,"[14, 16, 28, 39, 41, 47]",37,0,0,0,1,[],0.10890418009389313,0.3779982426805494,29.666666666666668
2021-11-06,ensemble,v1.0.0,"[14, 16, 28, 39, 41, 47]",37,0,0,0,2,[],0.1087783107192686,0.37737550977065665,28.0
2021-11-10,random,v1.0.0,"[2, 7, 18, 19, 23, 25]",43,1,1,2,3,[2],0.10745522698875466,0.37177617994345324,15.666666666666666
2021-11-10,long_frequency,v1.0.0,"[2, 7, 18, 19, 23, 25]",43,0,0,1,2,[],0.10784757665793422,0.37356130646421026,28.0
2021-11-10,recent_frequency,v1.0.0,"[2, 7, 18, 19, 23, 25]",43,1,1,2,2,[7],0.1081641016243232,0.3756388527684135,25.333333333333332
2021-11-10,ema_gap,v1.0.0,"[2, 7, 18, 19, 23, 25]",43,2,2,2,3,"[7, 19]",0.10570866329113504,0.3673875751824129,21.5
2021-11-10,logistic,v1.0.0,"[2, 7, 18, 19, 23, 25]",43,1,1,3,4,[25],0.10479585514168056,0.3590227560131779,12.833333333333334
2021-11-10,ensemble,v1.0.0,"[2, 7, 18, 19, 23, 25]",43,2,2,3,4,"[7, 19]",0.10581720882889752,0.3645370891083168,18.333333333333332
2021-11-13,random,v1.0.0,"[5, 6, 7, 18, 25, 37]",24,2,2,3,4,"[5, 6]",0.10745522698875465,0.37177617994345336,16.333333333333332
2021-11-13,long_frequency,v1.0.0,"[5, 6, 7, 18, 25, 37]",24,0,0,0,1,[],0.10841007884744787,0.3762117538189238,36.166666666666664
2021-11-13,recent_frequency,v1.0.0,"[5, 6, 7, 18, 25, 37]",24,1,1,1,2,[7],0.10912753019575176,0.38020698931600433,28.333333333333332
2021-11-13,ema_gap,v1.0.0,"[5, 6, 7, 18, 25, 37]",24,1,1,2,2,[7],0.10556785024009856,0.3643108788601687,22.166666666666668
2021-11-13,logistic,v1.0.0,"[5, 6, 7, 18, 25, 37]",24,0,0,1,2,[],0.10894009524560505,0.37868034353207936,30.5
2021-11-13,ensemble,v1.0.0,"[5, 6, 7, 18, 25, 37]",24,1,1,1,1,[7],0.10791430786565785,0.3739888965318025,28.166666666666668
2021-11-17,random,v1.0.0,"[3, 4, 18, 23, 27, 28]",38,2,2,2,3,"[3, 4]",0.10745522698875466,0.37177617994345324,17.166666666666668
2021-11-17,long_frequency,v1.0.0,"[3, 4, 18, 23, 27, 28]",38,0,0,2,4,[],0.10746190593773015,0.37178078816844884,23.833333333333332
2021-11-17,recent_frequency,v1.0.0,"[3, 4, 18, 23, 27, 28]",38,1,1,3,4,[28],0.10495544856309869,0.3597730312886727,14.5
2021-11-17,ema_gap,v1.0.0,"[3, 4, 18, 23, 27, 28]",38,1,1,3,4,[18],0.10427357506951361,0.3564270057940602,16.5
2021-11-17,logistic,v1.0.0,"[3, 4, 18, 23, 27, 28]",38,1,1,1,2,[18],0.10760936509699849,0.37257508816331825,26.0
2021-11-17,ensemble,v1.0.0,"[3, 4, 18, 23, 27, 28]",38,1,1,4,5,[18],0.10613200506094245,0.3657788431465832,16.333333333333332
2021-11-20,random,v1.0.0,"[15, 25, 26, 29, 42, 43]",22,0,0,0,1,[],0.10745522698875466,0.3717761799434532,30.0
2021-11-20,long_frequency,v1.0.0,"[15, 25, 26, 29, 42, 43]",22,1,1,1,1,[43],0.10788794456192048,0.373771241049117,30.666666666666668
2021-11-20,recent_frequency,v1.0.0,"[15, 25, 26, 29, 42, 43]",22,2,2,2,3,"[15, 42]",0.10694108121615993,0.37001803137108175,23.666666666666668
2021-11-20,ema_gap,v1.0.0,"[15, 25, 26, 29, 42, 43]",22,0,0,2,2,[],0.11036355001474611,0.38367009152519005,27.333333333333332
2021-11-20,logistic,v1.0.0,"[15, 25, 26, 29, 42, 43]",22,1,1,2,3,[42],0.10689282775006219,0.3688890181484892,20.0
2021-11-20,ensemble,v1.0.0,"[15, 25, 26, 29, 42, 43]",22,1,1,2,2,[42],0.10754470738747038,0.3720186790456871,23.166666666666668
2021-11-24,random,v1.0.0,"[10, 11, 18, 20, 35, 48]",39,0,0,2,3,[],0.10745522698875466,0.37177617994345336,23.666666666666668
2021-11-24,long_frequency,v1.0.0,"[10, 11, 18, 20, 35, 48]",39,0,0,1,1,[],0.10790463846298451,0.3738417503327982,31.0
2021-11-24,recent_frequency,v1.0.0,"[10, 11, 18, 20, 35, 48]",39,1,1,2,4,[18],0.10572687713452728,0.36285342328737946,17.166666666666668
2021-11-24,ema_gap,v1.0.0,"[10, 11, 18, 20, 35, 48]",39,1,1,1,2,[18],0.1064797666289388,0.36558385184569847,20.0
2021-11-24,logistic,v1.0.0,"[10, 11, 18, 20, 35, 48]",39,0,0,1,2,[],0.10831608756527378,0.37501576442128837,27.666666666666668
2021-11-24,ensemble,v1.0.0,"[10, 11, 18, 20, 35, 48]",39,1,1,2,3,[18],0.10705169257519837,0.3698492026212637,21.833333333333332
2021-11-27,random,v1.0.0,"[6, 7, 14, 23, 35, 41]",11,1,1,2,3,[6],0.10745522698875466,0.37177617994345336,21.0
2021-11-27,long_frequency,v1.0.0,"[6, 7, 14, 23, 35, 41]",11,0,0,1,3,[],0.1079894774503683,0.37429506336964496,27.5
2021-11-27,recent_frequency,v1.0.0,"[6, 7, 14, 23, 35, 41]",11,1,1,1,2,[7],0.1069763465222824,0.36931381809996416,23.166666666666668
2021-11-27,ema_gap,v1.0.0,"[6, 7, 14, 23, 35, 41]",11,1,1,1,4,[7],0.10469921988475961,0.3581476547873763,18.333333333333332
2021-11-27,logistic,v1.0.0,"[6, 7, 14, 23, 35, 41]",11,0,0,1,2,[],0.10721408077813539,0.3702015288821354,24.0
2021-11-27,ensemble,v1.0.0,"[6, 7, 14, 23, 35, 41]",11,1,1,3,4,[7],0.1064532559074152,0.367161470323659,16.833333333333332
2021-12-01,random,v1.0.0,"[14, 17, 27, 34, 36, 42]",8,0,0,0,2,[],0.10745522698875465,0.3717761799434532,28.333333333333332
2021-12-01,long_frequency,v1.0.0,"[14, 17, 27, 34, 36, 42]",8,1,1,2,3,[34],0.10742205114311376,0.37171370537567466,23.666666666666668
2021-12-01,recent_frequency,v1.0.0,"[14, 17, 27, 34, 36, 42]",8,1,1,1,3,[42],0.10575038733860892,0.3634814149792173,20.0
2021-12-01,ema_gap,v1.0.0,"[14, 17, 27, 34, 36, 42]",8,1,1,2,3,[42],0.10786931024593514,0.37247863486782057,22.5
2021-12-01,logistic,v1.0.0,"[14, 17, 27, 34, 36, 42]",8,1,1,3,3,[14],0.10717853666821729,0.37068355097772976,19.833333333333332
2021-12-01,ensemble,v1.0.0,"[14, 17, 27, 34, 36, 42]",8,0,0,2,3,[],0.1068065614887555,0.3684772679952224,20.0
2021-12-04,random,v1.0.0,"[5, 11, 15, 28, 31, 47]",19,1,1,2,3,[5],0.10745522698875465,0.37177617994345336,22.833333333333332
2021-12-04,long_frequency,v1.0.0,"[5, 11, 15, 28, 31, 47]",19,1,1,2,2,[31],0.10773091752189669,0.37313385030445473,31.333333333333332
2021-12-04,recent_frequency,v1.0.0,"[5, 11, 15, 28, 31, 47]",19,2,2,2,3,"[15, 28]",0.10697487713452727,0.37049021369850366,23.333333333333332
2021-12-04,ema_gap,v1.0.0,"[5, 11, 15, 28, 31, 47]",19,0,0,2,3,[],0.10819925046925226,0.3750183214261699,23.0
2021-12-04,logistic,v1.0.0,"[5, 11, 15, 28, 31, 47]",19,0,0,1,3,[],0.10783521016382279,0.37346226553990103,25.0
2021-12-04,ensemble,v1.0.0,"[5, 11, 15, 28, 31, 47]",19,1,1,2,3,[15],0.10753583123364532,0.372011493007836,23.5
2021-12-08,random,v1.0.0,"[23, 25, 26, 36, 40, 49]",42,0,0,0,0,[],0.10745522698875466,0.3717761799434532,33.166666666666664
2021-12-08,long_frequency,v1.0.0,"[23, 25, 26, 36, 40, 49]",42,1,1,2,4,[40],0.10716388499260578,0.3704014481474087,20.5
2021-12-08,recent_frequency,v1.0.0,"[23, 25, 26, 36, 40, 49]",42,0,0,1,3,[],0.10721830570595585,0.36972430815850804,23.0
2021-12-08,ema_gap,v1.0.0,"[23, 25, 26, 36, 40, 49]",42,0,0,0,1,[],0.10928780561561978,0.37601882816539595,22.666666666666668
2021-12-08,logistic,v1.0.0,"[23, 25, 26, 36, 40, 49]",42,1,1,2,2,[40],0.10800276348739465,0.37421527615511496,26.0
2021-12-08,ensemble,v1.0.0,"[23, 25, 26, 36, 40, 49]",42,0,0,1,3,[],0.10766534433536748,0.372502776305498,24.0
2021-12-11,random,v1.0.0,"[1, 6, 26, 27, 43, 46]",12,2,2,2,2,"[1, 6]",0.10745522698875465,0.37177617994345313,24.833333333333332
2021-12-11,long_frequency,v1.0.0,"[1, 6, 26, 27, 43, 46]",12,1,1,3,3,[43],0.10727817844364705,0.3709915712580032,23.5
2021-12-11,recent_frequency,v1.0.0,"[1, 6, 26, 27, 43, 46]",12,0,0,1,1,[],0.10895022407330279,0.3784143582673767,27.666666666666668
2021-12-11,ema_gap,v1.0.0,"[1, 6, 26, 27, 43, 46]",12,0,0,1,1,[],0.10926220664156555,0.3773278372481614,24.666666666666668
2021-12-11,logistic,v1.0.0,"[1, 6, 26, 27, 43, 46]",12,0,0,2,2,[],0.10780395034219634,0.3729974854179566,25.833333333333332
2021-12-11,ensemble,v1.0.0,"[1, 6, 26, 27, 43, 46]",12,0,0,0,2,[],0.10793663199431139,0.37381581448086815,24.333333333333332
2021-12-15,random,v1.0.0,"[1, 9, 12, 18, 35, 48]",19,1,1,3,4,[1],0.10745522698875466,0.37177617994345336,20.5
2021-12-15,long_frequency,v1.0.0,"[1, 9, 12, 18, 35, 48]",19,0,0,0,0,[],0.10820930024097508,0.37524954201016214,33.666666666666664
2021-12-15,recent_frequency,v1.0.0,"[1, 9, 12, 18, 35, 48]",19,1,1,1,2,[18],0.10773455060391503,0.37314985767643855,24.833333333333332
2021-12-15,ema_gap,v1.0.0,"[1, 9, 12, 18, 35, 48]",19,1,1,1,3,[18],0.10677277288928022,0.3689482777845464,21.666666666666668
2021-12-15,logistic,v1.0.0,"[1, 9, 12, 18, 35, 48]",19,2,2,3,3,"[1, 48]",0.10669943681357516,0.3688152956991002,22.833333333333332
2021-12-15,ensemble,v1.0.0,"[1, 9, 12, 18, 35, 48]",19,2,2,3,3,"[18, 48]",0.10688578972153306,0.3694283449414639,20.5
2021-12-22,random,v1.0.0,"[1, 2, 3, 11, 15, 43]",46,3,3,4,5,"[1, 2, 3]",0.10745522698875465,0.3717761799434534,12.5
2021-12-22,long_frequency,v1.0.0,"[1, 2, 3, 11, 15, 43]",46,1,1,1,2,[43],0.10793412912751806,0.3740165444635472,31.166666666666668
2021-12-22,recent_frequency,v1.0.0,"[1, 2, 3, 11, 15, 43]",46,1,1,1,3,[15],0.10700573427738441,0.3698630750090548,22.5
2021-12-22,ema_gap,v1.0.0,"[1, 2, 3, 11, 15, 43]",46,1,1,1,3,[15],0.10624001682543578,0.3637927657263849,20.5
2021-12-22,logistic,v1.0.0,"[1, 2, 3, 11, 15, 43]",46,0,0,2,2,[],0.10931666360352636,0.3811042610366104,30.5
2021-12-22,ensemble,v1.0.0,"[1, 2, 3, 11, 15, 43]",46,1,1,1,2,[15],0.10782948706950363,0.37363376132229725,25.833333333333332
2021-12-29,random,v1.0.0,"[18, 32, 42, 44, 45, 48]",38,0,0,0,1,[],0.10745522698875466,0.37177617994345313,38.166666666666664
2021-12-29,long_frequency,v1.0.0,"[18, 32, 42, 44, 45, 48]",38,1,1,1,1,[45],0.10728005558657246,0.3709762978215307,22.833333333333332
2021-12-29,recent_frequency,v1.0.0,"[18, 32, 42, 44, 45, 48]",38,2,2,2,4,"[18, 42]",0.10577830570595587,0.3653181708299082,20.166666666666668
2021-12-29,ema_gap,v1.0.0,"[18, 32, 42, 44, 45, 48]",38,2,2,3,3,"[18, 42]",0.10714946677135107,0.3748284214039513,24.5
2021-12-29,logistic,v1.0.0,"[18, 32, 42, 44, 45, 48]",38,0,0,2,2,[],0.10710944326816345,0.36946790719339145,23.333333333333332
2021-12-29,ensemble,v1.0.0,"[18, 32, 42, 44, 45, 48]",38,2,2,3,3,"[18, 42]",0.10655723894228557,0.36769323286552386,19.666666666666668
2022-01-01,random,v1.0.0,"[7, 8, 15, 17, 19, 33]",6,0,0,2,4,[],0.10745522698875466,0.37177617994345336,16.5
2022-01-01,long_frequency,v1.0.0,"[7, 8, 15, 17, 19, 33]",6,0,0,1,1,[],0.10784122082541193,0.37350075284000167,28.0
2022-01-01,recent_frequency,v1.0.0,"[7, 8, 15, 17, 19, 33]",6,2,2,2,3,"[7, 15]",0.10724769346105789,0.37214812674186953,25.333333333333332
2022-01-01,ema_gap,v1.0.0,"[7, 8, 15, 17, 19, 33]",6,2,2,3,3,"[7, 15]",0.10683474869890416,0.371627413822888,24.166666666666668
2022-01-01,logistic,v1.0.0,"[7, 8, 15, 17, 19, 33]",6,0,0,1,2,[],0.10981740779045226,0.3833855810464381,32.166666666666664
2022-01-01,ensemble,v1.0.0,"[7, 8, 15, 17, 19, 33]",6,0,0,1,2,[],0.1080970767767713,0.37472364168380184,28.166666666666668
2022-01-05,random,v1.0.0,"[2, 5, 8, 29, 36, 45]",23,2,2,3,3,"[2, 5]",0.10745522698875465,0.37177617994345336,20.833333333333332
2022-01-05,long_frequency,v1.0.0,"[2, 5, 8, 29, 36, 45]",23,1,1,1,2,[45],0.10743039938934569,0.3716937116606329,25.833333333333332
2022-01-05,recent_frequency,v1.0.0,"[2, 5, 8, 29, 36, 45]",23,0,0,0,2,[],0.10921569346105789,0.379442510501291,28.666666666666668
2022-01-05,ema_gap,v1.0.0,"[2, 5, 8, 29, 36, 45]",23,0,0,0,1,[],0.1107867031658304,0.383669720105896,27.0
2022-01-05,logistic,v1.0.0,"[2, 5, 8, 29, 36, 45]",23,0,0,2,2,[],0.10710183628687607,0.3698320016116509,21.166666666666668
2022-01-05,ensemble,v1.0.0,"[2, 5, 8, 29, 36, 45]",23,0,0,0,2,[],0.1080531601202869,0.3742450155632767,27.0
2022-01-08,random,v1.0.0,"[6, 18, 23, 31, 46, 48]",4,1,1,1,2,[6],0.10745522698875466,0.3717761799434532,28.666666666666668
2022-01-08,long_frequency,v1.0.0,"[6, 18, 23, 31, 46, 48]",4,1,1,3,3,[31],0.1070587254227115,0.3699675534381051,21.0
2022-01-08,recent_frequency,v1.0.0,"[6, 18, 23, 31, 46, 48]",4,1,1,2,3,[18],0.10651006080799666,0.36840127889492946,21.0
2022-01-08,ema_gap,v1.0.0,"[6, 18, 23, 31, 46, 48]",4,2,2,2,4,"[18, 48]",0.1040603018628929,0.3574719005112633,18.666666666666668
2022-01-08,logistic,v1.0.0,"[6, 18, 23, 31, 46, 48]",4,2,2,2,3,"[18, 48]",0.10681947853296787,0.36943239829879193,24.5
2022-01-08,ensemble,v1.0.0,"[6, 18, 23, 31, 46, 48]",4,2,2,2,3,"[18, 48]",0.1060602303217264,0.36601275067614164,21.5
2022-01-12,random,v1.0.0,"[8, 21, 26, 29, 31, 46]",40,0,0,1,1,[],0.10745522698875466,0.3717761799434532,26.833333333333332
2022-01-12,long_frequency,v1.0.0,"[8, 21, 26, 29, 31, 46]",40,1,1,2,3,[31],0.10701749876262671,0.3697445945623301,20.5
2022-01-12,recent_frequency,v1.0.0,"[8, 21, 26, 29, 31, 46]",40,0,0,0,2,[],0.11021879550187423,0.3850806603217035,32.666666666666664
2022-01-12,ema_gap,v1.0.0,"[8, 21, 26, 29, 31, 46]",40,0,0,1,1,[],0.11091561555621691,0.3866570631824465,27.333333333333332
2022-01-12,logistic,v1.0.0,"[8, 21, 26, 29, 31, 46]",40,0,0,1,1,[],0.10977399287355467,0.38273090502978935,35.0
2022-01-12,ensemble,v1.0.0,"[8, 21, 26, 29, 31, 46]",40,0,0,0,1,[],0.10933223834571225,0.3806138277798262,36.0
2022-01-15,random,v1.0.0,"[5, 10, 35, 41, 42, 44]",13,1,1,2,2,[5],0.10745522698875465,0.3717761799434531,29.5
2022-01-15,long_frequency,v1.0.0,"[5, 10, 35, 41, 42, 44]",13,0,0,0,1,[],0.10785981381957342,0.3735855140136993,27.666666666666668
2022-01-15,recent_frequency,v1.0.0,"[5, 10, 35, 41, 42, 44]",13,1,1,1,2,[42],0.1075102240733028,0.3718064079201114,23.166666666666668
2022-01-15,ema_gap,v1.0.0,"[5, 10, 35, 41, 42, 44]",13,1,1,2,3,[42],0.10800472101656815,0.3724171439787345,22.666666666666668
2022-01-15,logistic,v1.0.0,"[5, 10, 35, 41, 42, 44]",13,1,1,1,1,[44],0.10814807847645143,0.3750986334462958,29.666666666666668
2022-01-15,ensemble,v1.0.0,"[5, 10, 35, 41, 42, 44]",13,1,1,2,2,[42],0.10761413975136692,0.3724144598514265,24.333333333333332
2022-01-19,random,v1.0.0,"[3, 12, 19, 37, 39, 45]",47,1,1,2,2,[3],0.10745522698875466,0.37177617994345324,25.833333333333332
2022-01-19,long_frequency,v1.0.0,"[3, 12, 19, 37, 39, 45]",47,1,1,1,2,[45],0.10722612212656416,0.37072273804891653,23.666666666666668
2022-01-19,recent_frequency,v1.0.0,"[3, 12, 19, 37, 39, 45]",47,0,0,3,3,[],0.10677406080799669,0.36779097210726397,20.5
2022-01-19,ema_gap,v1.0.0,"[3, 12, 19, 37, 39, 45]",47,0,0,2,2,[],0.10960123844030029,0.3805340002081408,26.333333333333332
2022-01-19,logistic,v1.0.0,"[3, 12, 19, 37, 39, 45]",47,0,0,1,1,[],0.1085481929717298,0.3768365348644595,28.666666666666668
2022-01-19,ensemble,v1.0.0,"[3, 12, 19, 37, 39, 45]",47,1,1,1,2,[45],0.10792232525018228,0.37377226989012086,28.333333333333332
2022-01-22,random,v1.0.0,"[7, 12, 27, 31, 37, 44]",35,0,0,2,2,[],0.10745522698875466,0.37177617994345313,26.333333333333332
2022-01-22,long_frequency,v1.0.0,"[7, 12, 27, 31, 37, 44]",35,1,1,3,3,[31],0.1068743073683396,0.36907036893631645,17.666666666666668
2022-01-22,recent_frequency,v1.0.0,"[7, 12, 27, 31, 37, 44]",35,1,1,1,1,[7],0.10923332611411915,0.3803644268802569,28.833333333333332
2022-01-22,ema_gap,v1.0.0,"[7, 12, 27, 31, 37, 44]",35,1,1,1,2,[7],0.10857266641432349,0.3753040764334768,25.166666666666668
2022-01-22,logistic,v1.0.0,"[7, 12, 27, 31, 37, 44]",35,1,1,2,2,[31],0.10791098542724883,0.37389934835644834,25.5
2022-01-22,ensemble,v1.0.0,"[7, 12, 27, 31, 37, 44]",35,0,0,1,1,[],0.10795782224259168,0.3737497728523596,26.5
2022-01-26,random,v1.0.0,"[5, 22, 25, 30, 32, 46]",45,1,1,1,1,[5],0.10745522698875466,0.3717761799434532,26.666666666666668
2022-01-26,long_frequency,v1.0.0,"[5, 22, 25, 30, 32, 46]",45,1,1,1,1,[46],0.10787132188093604,0.3736862781526305,30.0
2022-01-26,recent_frequency,v1.0.0,"[5, 22, 25, 30, 32, 46]",45,0,0,1,1,[],0.10997830570595586,0.38307399342182863,32.166666666666664
2022-01-26,ema_gap,v1.0.0,"[5, 22, 25, 30, 32, 46]",45,0,0,2,2,[],0.11212416072360262,0.39607096825291854,32.333333333333336
2022-01-26,logistic,v1.0.0,"[5, 22, 25, 30, 32, 46]",45,2,2,4,4,"[22, 30]",0.1047254473456015,0.3593035392230073,14.0
2022-01-26,ensemble,v1.0.0,"[5, 22, 25, 30, 32, 46]",45,1,1,2,2,[5],0.10737027298582291,0.37133809051234223,23.666666666666668
2022-01-29,random,v1.0.0,"[10, 14, 25, 29, 33, 44]",40,0,0,1,2,[],0.10745522698875465,0.3717761799434532,25.833333333333332
2022-01-29,long_frequency,v1.0.0,"[10, 14, 25, 29, 33, 44]",40,0,0,0,0,[],0.10832444259639464,0.37583875108557896,32.5
2022-01-29,recent_frequency,v1.0.0,"[10, 14, 25, 29, 33, 44]",40,0,0,0,0,[],0.11119985672636402,0.38880181129504426,35.166666666666664
2022-01-29,ema_gap,v1.0.0,"[10, 14, 25, 29, 33, 44]",40,0,0,0,0,[],0.11145809258784982,0.3870648542908841,28.666666666666668
2022-01-29,logistic,v1.0.0,"[10, 14, 25, 29, 33, 44]",40,2,2,3,3,"[29, 44]",0.10511654942475028,0.3612475093067551,17.333333333333332
2022-01-29,ensemble,v1.0.0,"[10, 14, 25, 29, 33, 44]",40,0,0,1,2,[],0.10775895598503288,0.3729472579551666,25.0
2022-02-02,random,v1.0.0,"[3, 7, 9, 23, 26, 32]",42,1,1,3,3,[3],0.10745522698875463,0.37177617994345336,16.666666666666668
2022-02-02,long_frequency,v1.0.0,"[3, 7, 9, 23, 26, 32]",42,0,0,2,3,[],0.10724505229916179,0.370713078792815,18.833333333333332
2022-02-02,recent_frequency,v1.0.0,"[3, 7, 9, 23, 26, 32]",42,1,1,3,3,[7],0.10553634652228239,0.3627160717742148,18.166666666666668
2022-02-02,ema_gap,v1.0.0,"[3, 7, 9, 23, 26, 32]",42,1,1,2,4,[7],0.10378911659813575,0.35471346572425366,17.5
2022-02-02,logistic,v1.0.0,"[3, 7, 9, 23, 26, 32]",42,0,0,1,2,[],0.10929162583191476,0.3812437518311789,30.666666666666668
2022-02-02,ensemble,v1.0.0,"[3, 7, 9, 23, 26, 32]",42,1,1,2,2,[23],0.1068601858083077,0.36887205608158485,21.5
2022-02-05,random,v1.0.0,"[2, 9, 12, 14, 23, 24]",10,1,1,3,4,[2],0.10745522698875463,0.37177617994345336,14.0
2022-02-05,long_frequency,v1.0.0,"[2, 9, 12, 14, 23, 24]",10,0,0,1,1,[],0.10806666863100046,0.37463624216785546,30.166666666666668
2022-02-05,recent_frequency,v1.0.0,"[2, 9, 12, 14, 23, 24]",10,0,0,0,2,[],0.10997095876718034,0.3850660916176025,26.166666666666668
2022-02-05,ema_gap,v1.0.0,"[2, 9, 12, 14, 23, 24]",10,0,0,1,3,[],0.10976223692724676,0.3852887602665544,24.5
2022-02-05,logistic,v1.0.0,"[2, 9, 12, 14, 23, 24]",10,0,0,1,1,[],0.10922506744681584,0.3799835463088013,35.0
2022-02-05,ensemble,v1.0.0,"[2, 9, 12, 14, 23, 24]",10,0,0,1,3,[],0.10911210047054154,0.3798667445585035,28.666666666666668
2022-02-09,random,v1.0.0,"[12, 14, 19, 28, 32, 36]",17,0,0,1,2,[],0.10745522698875465,0.37177617994345336,23.5
2022-02-09,long_frequency,v1.0.0,"[12, 14, 19, 28, 32, 36]",17,0,0,0,1,[],0.10822859014830236,0.3753917652335347,31.166666666666668
2022-02-09,recent_frequency,v1.0.0,"[12, 14, 19, 28, 32, 36]",17,0,0,2,3,[],0.1065262240733028,0.36647271811060017,20.666666666666668
2022-02-09,ema_gap,v1.0.0,"[12, 14, 19, 28, 32, 36]",17,0,0,2,2,[],0.10645263881961005,0.36425278756539137,20.0
2022-02-09,logistic,v1.0.0,"[12, 14, 19, 28, 32, 36]",17,0,0,1,2,[],0.10999410636653179,0.38426441097810343,32.833333333333336
2022-02-09,ensemble,v1.0.0,"[12, 14, 19, 28, 32, 36]",17,0,0,0,2,[],0.10799509539245306,0.37410524897294684,27.833333333333332
2022-02-12,random,v1.0.0,"[1, 25, 26, 37, 40, 43]",3,1,1,1,1,[1],0.10745522698875466,0.37177617994345313,28.666666666666668
2022-02-12,long_frequency,v1.0.0,"[1, 25, 26, 37, 40, 43]",3,2,2,2,2,"[40, 43]",0.10748918115763918,0.3719721075275117,26.0
2022-02-12,recent_frequency,v1.0.0,"[1, 25, 26, 37, 40, 43]",3,0,0,0,0,[],0.10897667305289463,0.3774879909668213,28.333333333333332
2022-02-12,ema_gap,v1.0.0,"[1, 25, 26, 37, 40, 43]",3,0,0,1,1,[],0.11057089994669023,0.38350543901424533,27.166666666666668
2022-02-12,logistic,v1.0.0,"[1, 25, 26, 37, 40, 43]",3,2,2,2,2,"[25, 37]",0.10696311072242305,0.36900729045158404,22.5
2022-02-12,ensemble,v1.0.0,"[1, 25, 26, 37, 40, 43]",3,0,0,1,2,[],0.1078299400066354,0.37339871455900026,26.666666666666668
2022-02-16,random,v1.0.0,"[2, 8, 30, 31, 40, 44]",11,1,1,2,2,[2],0.10745522698875466,0.3717761799434531,25.833333333333332
2022-02-16,long_frequency,v1.0.0,"[2, 8, 30, 31, 40, 44]",11,2,2,2,2,"[31, 40]",0.10693437417254165,0.36937637766957376,20.0
2022-02-16,recent_frequency,v1.0.0,"[2, 8, 30, 31, 40, 44]",11,0,0,0,0,[],0.11167789754269056,0.39103776208990004,36.833333333333336
2022-02-16,ema_gap,v1.0.0,"[2, 8, 30, 31, 40, 44]",11,0,0,0,0,[],0.11153307357211845,0.3875058241144465,30.5
2022-02-16,logistic,v1.0.0,"[2, 8, 30, 31, 40, 44]",11,1,1,2,3,[44],0.10658992565759183,0.36773526016163977,21.333333333333332
2022-02-16,ensemble,v1.0.0,"[2, 8, 30, 31, 40, 44]",11,0,0,0,0,[],0.10837322512901888,0.37576838214648967,31.0
2022-02-19,random,v1.0.0,"[4, 16, 30, 32, 37, 44]",35,1,1,1,2,[4],0.10745522698875466,0.3717761799434531,27.166666666666668
2022-02-19,long_frequency,v1.0.0,"[4, 16, 30, 32, 37, 44]",35,0,0,0,1,[],0.10771661449272822,0.37291029854840835,25.666666666666668
2022-02-19,recent_frequency,v1.0.0,"[4, 16, 30, 32, 37, 44]",35,0,0,0,0,[],0.11090353019575179,0.38740679451268045,35.666666666666664
2022-02-19,ema_gap,v1.0.0,"[4, 16, 30, 32, 37, 44]",35,0,0,0,1,[],0.11239302227704497,0.3957565209832929,32.166666666666664
2022-02-19,logistic,v1.0.0,"[4, 16, 30, 32, 37, 44]",35,1,1,2,2,[32],0.1079538473539907,0.3743580539135104,29.166666666666668
2022-02-19,ensemble,v1.0.0,"[4, 16, 30, 32, 37, 44]",35,0,0,0,1,[],0.10923532151950503,0.3801657672403507,31.5
2022-02-23,random,v1.0.0,"[4, 10, 28, 31, 33, 43]",18,1,1,2,2,[4],0.10745522698875466,0.37177617994345313,24.833333333333332
2022-02-23,long_frequency,v1.0.0,"[4, 10, 28, 31, 33, 43]",18,2,2,2,3,"[31, 43]",0.10694892390276203,0.369457625411608,19.166666666666668
2022-02-23,recent_frequency,v1.0.0,"[4, 10, 28, 31, 33, 43]",18,0,0,0,1,[],0.10941357101207831,0.3800095364196219,31.166666666666668
2022-02-23,ema_gap,v1.0.0,"[4, 10, 28, 31, 33, 43]",18,0,0,0,1,[],0.11061967604859693,0.38396861474046307,29.833333333333332
2022-02-23,logistic,v1.0.0,"[4, 10, 28, 31, 33, 43]",18,1,1,2,2,[31],0.10772233162811067,0.3732451842832826,23.833333333333332
2022-02-23,ensemble,v1.0.0,"[4, 10, 28, 31, 33, 43]",18,0,0,1,2,[],0.10823782526168746,0.3754906638574593,27.5
2022-02-26,random,v1.0.0,"[6, 8, 12, 16, 24, 35]",25,1,1,3,4,[6],0.10745522698875466,0.37177617994345336,16.833333333333332
2022-02-26,long_frequency,v1.0.0,"[6, 8, 12, 16, 24, 35]",25,0,0,0,0,[],0.1083310263330554,0.37580286197402807,36.166666666666664
2022-02-26,recent_frequency,v1.0.0,"[6, 8, 12, 16, 24, 35]",25,0,0,0,0,[],0.11135659142024158,0.39125061011681,34.833333333333336
2022-02-26,ema_gap,v1.0.0,"[6, 8, 12, 16, 24, 35]",25,0,0,0,0,[],0.11234468408302707,0.39492625242433466,33.166666666666664
2022-02-26,logistic,v1.0.0,"[6, 8, 12, 16, 24, 35]",25,1,1,2,2,[24],0.10673845364597934,0.3686587385327996,23.166666666666668
2022-02-26,ensemble,v1.0.0,"[6, 8, 12, 16, 24, 35]",25,0,0,0,1,[],0.10874848953870617,0.3778207809787975,32.5
2022-03-02,random,v1.0.0,"[11, 12, 39, 41, 42, 49]",14,0,0,2,2,[],0.10745522698875466,0.3717761799434531,32.333333333333336
2022-03-02,long_frequency,v1.0.0,"[11, 12, 39, 41, 42, 49]",14,0,0,0,2,[],0.10788281534152125,0.3737022835741472,28.833333333333332
2022-03-02,recent_frequency,v1.0.0,"[11, 12, 39, 41, 42, 49]",14,1,1,1,2,[42],0.10692638733860892,0.3686006590555579,24.333333333333332
2022-03-02,ema_gap,v1.0.0,"[11, 12, 39, 41, 42, 49]",14,0,0,1,2,[],0.11092674598074836,0.3874871950589061,29.5
2022-03-02,logistic,v1.0.0,"[11, 12, 39, 41, 42, 49]",14,0,0,0,2,[],0.10858466295626415,0.37680797603746086,29.666666666666668
2022-03-02,ensemble,v1.0.0,"[11, 12, 39, 41, 42, 49]",14,1,1,1,1,[12],0.10836764965923505,0.37595379231800813,31.666666666666668
2022-03-05,random,v1.0.0,"[5, 9, 10, 32, 38, 40]",44,1,1,3,3,[5],0.10745522698875465,0.37177617994345336,22.333333333333332
2022-03-05,long_frequency,v1.0.0,"[5, 9, 10, 32, 38, 40]",44,1,1,2,3,[40],0.107115591961441,0.3701867530104158,20.0
2022-03-05,recent_frequency,v1.0.0,"[5, 9, 10, 32, 38, 40]",44,0,0,1,3,[],0.10668736693044566,0.3670449738902356,20.666666666666668
2022-03-05,ema_gap,v1.0.0,"[5, 9, 10, 32, 38, 40]",44,0,0,0,3,[],0.10822790584178399,0.37353063624495686,24.333333333333332
2022-03-05,logistic,v1.0.0,"[5, 9, 10, 32, 38, 40]",44,1,1,1,3,[10],0.10728987453686951,0.3708813953345521,22.5
2022-03-05,ensemble,v1.0.0,"[5, 9, 10, 32, 38, 40]",44,0,0,1,1,[],0.10714214829101153,0.3699504821107358,24.666666666666668
2022-03-09,random,v1.0.0,"[16, 25, 31, 34, 40, 42]",15,0,0,0,1,[],0.10745522698875465,0.37177617994345313,31.333333333333332
2022-03-09,long_frequency,v1.0.0,"[16, 25, 31, 34, 40, 42]",15,3,3,3,3,"[31, 34, 40]",0.10670686717435936,0.368414758892942,19.666666666666668
2022-03-09,recent_frequency,v1.0.0,"[16, 25, 31, 34, 40, 42]",15,1,1,1,1,[42],0.10767577509371097,0.3725481477551577,27.166666666666668
2022-03-09,ema_gap,v1.0.0,"[16, 25, 31, 34, 40, 42]",15,1,1,1,1,[42],0.10821702722757806,0.37522061579254196,25.0
2022-03-09,logistic,v1.0.0,"[16, 25, 31, 34, 40, 42]",15,0,0,0,3,[],0.10776379066842172,0.3730059153973744,22.666666666666668
2022-03-09,ensemble,v1.0.0,"[16, 25, 31, 34, 40, 42]",15,1,1,1,3,[42],0.10737674611201674,0.37143120455605905,25.166666666666668
2022-03-12,random,v1.0.0,"[3, 8, 20, 24, 37, 47]",31,1,1,2,2,[3],0.10745522698875466,0.37177617994345324,23.166666666666668
2022-03-12,long_frequency,v1.0.0,"[3, 8, 20, 24, 37, 47]",31,0,0,2,3,[],0.10726564445470707,0.37084371475957434,21.666666666666668
2022-03-12,recent_frequency,v1.0.0,"[3, 8, 20, 24, 37, 47]",31,0,0,1,1,[],0.11135512203248646,0.3919668925371248,32.833333333333336
2022-03-12,ema_gap,v1.0.0,"[3, 8, 20, 24, 37, 47]",31,0,0,0,1,[],0.11312331062575283,0.4031197956275387,32.666666666666664
2022-03-12,logistic,v1.0.0,"[3, 8, 20, 24, 37, 47]",31,2,2,3,4,"[24, 37]",0.10577428752861615,0.3648014427764705,19.166666666666668
2022-03-12,ensemble,v1.0.0,"[3, 8, 20, 24, 37, 47]",31,1,1,1,2,[37],0.1082711989979132,0.37574607600340215,29.0
2022-03-16,random,v1.0.0,"[1, 3, 8, 14, 15, 16]",33,2,2,3,6,"[1, 3]",0.10745522698875465,0.37177617994345336,9.5
2022-03-16,long_frequency,v1.0.0,"[1, 3, 8, 14, 15, 16]",33,0,0,0,1,[],0.10862662000479882,0.3772809457147244,37.333333333333336
2022-03-16,recent_frequency,v1.0.0,"[1, 3, 8, 14, 15, 16]",33,2,2,2,3,"[3, 15]",0.10643806080799667,0.36675184401860855,20.0
2022-03-16,ema_gap,v1.0.0,"[1, 3, 8, 14, 15, 16]",33,2,2,2,3,"[3, 8]",0.10532028350712991,0.3609414333360511,18.833333333333332
2022-03-16,logistic,v1.0.0,"[1, 3, 8, 14, 15, 16]",33,0,0,0,2,[],0.10825724997531083,0.3752676374835175,28.666666666666668
2022-03-16,ensemble,v1.0.0,"[1, 3, 8, 14, 15, 16]",33,2,2,2,2,"[3, 8]",0.10709830188199733,0.37007881539899895,25.166666666666668
2022-03-19,random,v1.0.0,"[4, 7, 26, 36, 42, 47]",32,1,1,2,2,[4],0.10745522698875466,0.3717761799434532,27.0
2022-03-19,long_frequency,v1.0.0,"[4, 7, 26, 36, 42, 47]",32,0,0,2,4,[],0.10710570358036699,0.3700809365483152,17.333333333333332
2022-03-19,recent_frequency,v1.0.0,"[4, 7, 26, 36, 42, 47]",32,2,2,2,2,"[7, 42]",0.10620932611411914,0.3667812747744401,22.666666666666668
2022-03-19,ema_gap,v1.0.0,"[4, 7, 26, 36, 42, 47]",32,2,2,2,2,"[7, 42]",0.10706198971497814,0.37073176952389814,23.666666666666668
2022-03-19,logistic,v1.0.0,"[4, 7, 26, 36, 42, 47]",32,2,2,2,2,"[42, 47]",0.10661761833846867,0.36839389995527694,25.166666666666668
2022-03-19,ensemble,v1.0.0,"[4, 7, 26, 36, 42, 47]",32,2,2,2,2,"[7, 42]",0.10651551194615914,0.36780547622489945,23.5
2022-03-23,random,v1.0.0,"[8, 11, 12, 23, 29, 36]",49,0,0,3,3,[],0.10745522698875463,0.37177617994345336,19.833333333333332
2022-03-23,long_frequency,v1.0.0,"[8, 11, 12, 23, 29, 36]",49,0,0,1,2,[],0.10775088223665676,0.37309583720504447,27.166666666666668
2022-03-23,recent_frequency,v1.0.0,"[8, 11, 12, 23, 29, 36]",49,0,0,1,3,[],0.10793830570595588,0.3735677424102694,22.666666666666668
2022-03-23,ema_gap,v1.0.0,"[8, 11, 12, 23, 29, 36]",49,1,1,2,2,[8],0.10616531186171284,0.36450121767342575,20.333333333333332
2022-03-23,logistic,v1.0.0,"[8, 11, 12, 23, 29, 36]",49,1,1,2,2,[29],0.10743524462538596,0.3717783889255069,24.166666666666668
2022-03-23,ensemble,v1.0.0,"[8, 11, 12, 23, 29, 36]",49,2,2,2,2,"[8, 12]",0.10700961047948691,0.36973076301749574,22.333333333333332
2022-03-26,random,v1.0.0,"[5, 11, 21, 22, 38, 45]",44,1,1,2,2,[5],0.10745522698875465,0.37177617994345324,23.666666666666668
2022-03-26,long_frequency,v1.0.0,"[5, 11, 21, 22, 38, 45]",44,1,1,2,2,[45],0.10723604797322454,0.37082233381429913,24.333333333333332
2022-03-26,recent_frequency,v1.0.0,"[5, 11, 21, 22, 38, 45]",44,0,0,1,2,[],0.10916720366513954,0.379881474206744,27.666666666666668
2022-03-26,ema_gap,v1.0.0,"[5, 11, 21, 22, 38, 45]",44,0,0,1,2,[],0.1133192496315559,0.40136969480991036,32.5
2022-03-26,logistic,v1.0.0,"[5, 11, 21, 22, 38, 45]",44,0,0,0,1,[],0.10797557430795333,0.3733100291203181,27.166666666666668
2022-03-26,ensemble,v1.0.0,"[5, 11, 21, 22, 38, 45]",44,0,0,0,0,[],0.10882278610444143,0.3781634958328428,35.5
2022-03-30,random,v1.0.0,"[3, 7, 15, 21, 35, 40]",37,1,1,2,3,[3],0.10745522698875466,0.37177617994345336,20.166666666666668
2022-03-30,long_frequency,v1.0.0,"[3, 7, 15, 21, 35, 40]",37,1,1,2,3,[40],0.10724325536838439,0.37076738988805863,21.0
2022-03-30,recent_frequency,v1.0.0,"[3, 7, 15, 21, 35, 40]",37,3,3,3,3,"[3, 7, 15]",0.1047619791753436,0.3604956000153526,16.5
2022-03-30,ema_gap,v1.0.0,"[3, 7, 15, 21, 35, 40]",37,2,2,3,4,"[3, 7]",0.1039590070153163,0.3562793605449473,17.166666666666668
2022-03-30,logistic,v1.0.0,"[3, 7, 15, 21, 35, 40]",37,1,1,1,1,[21],0.10868524226767544,0.37792838588085215,32.333333333333336
2022-03-30,ensemble,v1.0.0,"[3, 7, 15, 21, 35, 40]",37,0,0,2,3,[],0.10646118440973713,0.36699490200125034,18.166666666666668
2022-04-02,random,v1.0.0,"[5, 12, 15, 29, 42, 44]",38,1,1,2,3,[5],0.10745522698875465,0.37177617994345336,24.5
2022-04-02,long_frequency,v1.0.0,"[5, 12, 15, 29, 42, 44]",38,0,0,0,0,[],0.10806176181751617,0.3745364539810488,31.666666666666668
2022-04-02,recent_frequency,v1.0.0,"[5, 12, 15, 29, 42, 44]",38,2,2,3,4,"[15, 42]",0.10549079550187422,0.36374927828973896,19.666666666666668
2022-04-02,ema_gap,v1.0.0,"[5, 12, 15, 29, 42, 44]",38,3,3,4,4,"[12, 15, 42]",0.10213243329180176,0.34738319007673574,13.5
2022-04-02,logistic,v1.0.0,"[5, 12, 15, 29, 42, 44]",38,2,2,4,4,"[12, 42]",0.10512694586636599,0.36115274614507525,13.5
2022-04-02,ensemble,v1.0.0,"[5, 12, 15, 29, 42, 44]",38,2,2,4,4,"[12, 42]",0.10486738931383172,0.36005786173937243,14.5
2022-04-06,random,v1.0.0,"[2, 8, 9, 16, 39, 49]",21,1,1,3,4,[2],0.10745522698875466,0.37177617994345336,20.5
2022-04-06,long_frequency,v1.0.0,"[2, 8, 9, 16, 39, 49]",21,0,0,0,1,[],0.10784648490481008,0.37351951312042,28.833333333333332
2022-04-06,recent_frequency,v1.0.0,"[2, 8, 9, 16, 39, 49]",21,0,0,1,2,[],0.10843691795085382,0.37539322337435316,26.0
2022-04-06,ema_gap,v1.0.0,"[2, 8, 9, 16, 39, 49]",21,0,0,1,2,[],0.10966173036127305,0.38078302738403635,27.833333333333332
2022-04-06,logistic,v1.0.0,"[2, 8, 9, 16, 39, 49]",21,1,1,1,2,[16],0.10694816524800513,0.368888755598974,20.333333333333332
2022-04-06,ensemble,v1.0.0,"[2, 8, 9, 16, 39, 49]",21,1,1,1,1,[8],0.10760272916050503,0.37241663572753775,26.5
2022-04-09,random,v1.0.0,"[12, 28, 34, 41, 46, 49]",2,0,0,1,1,[],0.10745522698875466,0.3717761799434531,35.0
2022-04-09,long_frequency,v1.0.0,"[12, 28, 34, 41, 46, 49]",2,1,1,2,4,[34],0.10700386280508524,0.36969565512688074,19.5
2022-04-09,recent_frequency,v1.0.0,"[12, 28, 34, 41, 46, 49]",2,0,0,2,3,[],0.10672410162432319,0.3674469028438011,21.833333333333332
2022-04-09,ema_gap,v1.0.0,"[12, 28, 34, 41, 46, 49]",2,1,1,1,1,[12],0.11007682477452363,0.382640501132515,29.666666666666668
2022-04-09,logistic,v1.0.0,"[12, 28, 34, 41, 46, 49]",2,0,0,0,1,[],0.10851652484218755,0.37625753771550857,29.333333333333332
2022-04-09,ensemble,v1.0.0,"[12, 28, 34, 41, 46, 49]",2,0,0,0,1,[],0.10789240754803221,0.3736600043863816,29.166666666666668
2022-04-13,random,v1.0.0,"[9, 27, 31, 33, 45, 49]",20,0,0,1,1,[],0.10745522698875466,0.3717761799434531,32.333333333333336
2022-04-13,long_frequency,v1.0.0,"[9, 27, 31, 33, 45, 49]",20,2,2,3,5,"[31, 45]",0.10622939912265371,0.36616102651459626,12.0
2022-04-13,recent_frequency,v1.0.0,"[9, 27, 31, 33, 45, 49]",20,0,0,1,1,[],0.10820671386922116,0.3744092802451099,27.333333333333332
2022-04-13,ema_gap,v1.0.0,"[9, 27, 31, 33, 45, 49]",20,0,0,1,1,[],0.11060106330632612,0.3843498878765143,28.5
2022-04-13,logistic,v1.0.0,"[9, 27, 31, 33, 45, 49]",20,2,2,2,2,"[45, 49]",0.10760113229045043,0.3725792395265646,25.666666666666668
2022-04-13,ensemble,v1.0.0,"[9, 27, 31, 33, 45, 49]",20,0,0,2,3,[],0.10785582851492757,0.37360347843938213,26.833333333333332
2022-04-16,random,v1.0.0,"[7, 13, 26, 35, 36, 38]",40,0,0,1,2,[],0.10745522698875466,0.3717761799434532,25.833333333333332
2022-04-16,long_frequency,v1.0.0,"[7, 13, 26, 35, 36, 38]",40,0,0,2,3,[],0.10751077486173466,0.37200401273736494,24.166666666666668
2022-04-16,recent_frequency,v1.0.0,"[7, 13, 26, 35, 36, 38]",40,1,1,1,3,[7],0.10625928529779258,0.3664462747218391,22.5
2022-04-16,ema_gap,v1.0.0,"[7, 13, 26, 35, 36, 38]",40,1,1,1,2,[7],0.10873797087258204,0.38106249680660487,24.0
2022-04-16,logistic,v1.0.0,"[7, 13, 26, 35, 36, 38]",40,0,0,1,2,[],0.10811893826552411,0.37438225476641196,25.0
2022-04-16,ensemble,v1.0.0,"[7, 13, 26, 35, 36, 38]",40,1,1,1,3,[7],0.10760712973251117,0.3724730868023776,23.833333333333332
2022-04-20,random,v1.0.0,"[6, 10, 13, 17, 21, 37]",34,1,1,2,4,[6],0.10745522698875465,0.37177617994345336,17.333333333333332
2022-04-20,long_frequency,v1.0.0,"[6, 10, 13, 17, 21, 37]",34,0,0,0,0,[],0.10820277698969148,0.37521644606543686,33.833333333333336
2022-04-20,recent_frequency,v1.0.0,"[6, 10, 13, 17, 21, 37]",34,0,0,0,1,[],0.11165291795085382,0.39257553282254865,34.833333333333336
2022-04-20,ema_gap,v1.0.0,"[6, 10, 13, 17, 21, 37]",34,0,0,0,0,[],0.11602097345353565,0.41469510230943785,37.833333333333336
2022-04-20,logistic,v1.0.0,"[6, 10, 13, 17, 21, 37]",34,1,1,2,4,[17],0.10709755797419773,0.37018115570878546,21.5
2022-04-20,ensemble,v1.0.0,"[6, 10, 13, 17, 21, 37]",34,0,0,0,1,[],0.1096552566017703,0.382421314063236,35.5
2022-04-23,random,v1.0.0,"[17, 19, 27, 39, 44, 49]",2,0,0,0,1,[],0.10745522698875466,0.3717761799434532,32.5
2022-04-23,long_frequency,v1.0.0,"[17, 19, 27, 39, 44, 49]",2,0,0,1,2,[],0.10745722984970577,0.3717210825321345,23.5
2022-04-23,recent_frequency,v1.0.0,"[17, 19, 27, 39, 44, 49]",2,0,0,1,2,[],0.10893406080799668,0.37881598439743636,28.166666666666668
2022-04-23,ema_gap,v1.0.0,"[17, 19, 27, 39, 44, 49]",2,0,0,0,1,[],0.11145251514868787,0.38845981205009916,29.5
2022-04-23,logistic,v1.0.0,"[17, 19, 27, 39, 44, 49]",2,2,2,3,3,"[39, 44]",0.10663238657934833,0.3682539075762414,21.0
2022-04-23,ensemble,v1.0.0,"[17, 19, 27, 39, 44, 49]",2,1,1,2,3,[49],0.10783334786623414,0.37360025676754294,26.833333333333332
2022-04-27,random,v1.0.0,"[6, 26, 29, 32, 33, 41]",2,1,1,1,1,[6],0.10745522698875463,0.37177617994345313,27.833333333333332
2022-04-27,long_frequency,v1.0.0,"[6, 26, 29, 32, 33, 41]",2,0,0,0,1,[],0.10785001556818093,0.37353829938261707,28.166666666666668
2022-04-27,recent_frequency,v1.0.0,"[6, 26, 29, 32, 33, 41]",2,0,0,1,1,[],0.10942238733860893,0.38009587238239423,30.833333333333332
2022-04-27,ema_gap,v1.0.0,"[6, 26, 29, 32, 33, 41]",2,0,0,1,1,[],0.1113980760275216,0.3878571967234151,29.666666666666668
2022-04-27,logistic,v1.0.0,"[6, 26, 29, 32, 33, 41]",2,0,0,1,2,[],0.1071965715005558,0.3703766400791849,22.333333333333332
2022-04-27,ensemble,v1.0.0,"[6, 26, 29, 32, 33, 41]",2,0,0,0,0,[],0.10831524170994851,0.37554467855019624,31.5
2022-04-30,random,v1.0.0,"[9, 11, 14, 16, 20, 43]",32,0,0,2,4,[],0.10745522698875465,0.37177617994345336,18.833333333333332
2022-04-30,long_frequency,v1.0.0,"[9, 11, 14, 16, 20, 43]",32,1,1,2,3,[43],0.1077797965762519,0.37336321026195496,27.5
2022-04-30,recent_frequency,v1.0.0,"[9, 11, 14, 16, 20, 43]",32,1,1,1,1,[9],0.10942679550187423,0.38110083806814643,29.5
2022-04-30,ema_gap,v1.0.0,"[9, 11, 14, 16, 20, 43]",32,0,0,1,1,[],0.11127272570042819,0.3903534034960819,30.5
2022-04-30,logistic,v1.0.0,"[9, 11, 14, 16, 20, 43]",32,0,0,0,1,[],0.1095468295680424,0.38134285993951944,34.0
2022-04-30,ensemble,v1.0.0,"[9, 11, 14, 16, 20, 43]",32,0,0,1,1,[],0.10942361889938602,0.38104138592446585,32.833333333333336
2022-05-04,random,v1.0.0,"[4, 21, 22, 36, 41, 43]",31,1,1,1,1,[4],0.10745522698875466,0.37177617994345324,27.833333333333332
2022-05-04,long_frequency,v1.0.0,"[4, 21, 22, 36, 41, 43]",31,1,1,1,4,[43],0.10699642586557795,0.3695873835887321,16.666666666666668
2022-05-04,recent_frequency,v1.0.0,"[4, 21, 22, 36, 41, 43]",31,0,0,0,0,[],0.11113520366513951,0.3885805918894547,36.5
2022-05-04,ema_gap,v1.0.0,"[4, 21, 22, 36, 41, 43]",31,0,0,0,1,[],0.11316434363503845,0.39892011207190525,34.0
2022-05-04,logistic,v1.0.0,"[4, 21, 22, 36, 41, 43]",31,1,1,1,2,[4],0.10798829326827486,0.374490858022985,26.166666666666668
2022-05-04,ensemble,v1.0.0,"[4, 21, 22, 36, 41, 43]",31,0,0,0,0,[],0.10923563282081616,0.3800317925934779,34.166666666666664
2022-05-07,random,v1.0.0,"[7, 12, 21, 28, 40, 46]",34,0,0,2,2,[],0.10745522698875466,0.37177617994345324,25.666666666666668
2022-05-07,long_frequency,v1.0.0,"[7, 12, 21, 28, 40, 46]",34,1,1,3,3,[40],0.10700372765176484,0.3696814599181332,19.166666666666668
2022-05-07,recent_frequency,v1.0.0,"[7, 12, 21, 28, 40, 46]",34,1,1,3,4,[7],0.10474728529779258,0.3595852857512072,16.5
2022-05-07,ema_gap,v1.0.0,"[7, 12, 21, 28, 40, 46]",34,2,2,2,2,"[7, 12]",0.1041778345115153,0.356500821896112,19.166666666666668
2022-05-07,logistic,v1.0.0,"[7, 12, 21, 28, 40, 46]",34,0,0,0,2,[],0.10907221549839918,0.3793643613833953,27.5
2022-05-07,ensemble,v1.0.0,"[7, 12, 21, 28, 40, 46]",34,2,2,2,3,"[7, 12]",0.10659381555693498,0.3676291979708352,15.666666666666666
2022-05-11,random,v1.0.0,"[5, 10, 12, 34, 36, 48]",27,1,1,3,3,[5],0.10745522698875466,0.37177617994345336,24.166666666666668
2022-05-11,long_frequency,v1.0.0,"[5, 10, 12, 34, 36, 48]",27,1,1,1,2,[34],0.10730965681884681,0.37108414201870354,22.333333333333332
2022-05-11,recent_frequency,v1.0.0,"[5, 10, 12, 34, 36, 48]",27,0,0,2,3,[],0.10745732611411912,0.37090880278168203,22.833333333333332
2022-05-11,ema_gap,v1.0.0,"[5, 10, 12, 34, 36, 48]",27,1,1,2,3,[12],0.10653736573933083,0.3701538344141218,22.666666666666668
2022-05-11,logistic,v1.0.0,"[5, 10, 12, 34, 36, 48]",27,0,0,0,2,[],0.10821151526654847,0.37512871628699945,29.5
2022-05-11,ensemble,v1.0.0,"[5, 10, 12, 34, 36, 48]",27,2,2,2,2,"[12, 36]",0.10733197978110055,0.3713707883213939,25.166666666666668
2022-05-14,random,v1.0.0,"[2, 14, 21, 27, 34, 49]",5,1,1,1,2,[2],0.10745522698875466,0.37177617994345324,24.5
2022-05-14,long_frequency,v1.0.0,"[2, 14, 21, 27, 34, 49]",5,1,1,2,4,[34],0.10724939010828916,0.3708969673851201,21.0
2022-05-14,recent_frequency,v1.0.0,"[2, 14, 21, 27, 34, 49]",5,0,0,0,1,[],0.10843691795085379,0.37527740053105013,26.833333333333332
2022-05-14,ema_gap,v1.0.0,"[2, 14, 21, 27, 34, 49]",5,0,0,1,3,[],0.1087334117734951,0.3743436398623783,23.5
2022-05-14,logistic,v1.0.0,"[2, 14, 21, 27, 34, 49]",5,0,0,2,2,[],0.10804335011035496,0.374472269291261,26.666666666666668
2022-05-14,ensemble,v1.0.0,"[2, 14, 21, 27, 34, 49]",5,0,0,0,3,[],0.10795578207156653,0.3736848335693912,25.5
2022-05-18,random,v1.0.0,"[14, 22, 24, 28, 42, 48]",23,0,0,0,1,[],0.10745522698875466,0.37177617994345324,29.666666666666668
2022-05-18,long_frequency,v1.0.0,"[14, 22, 24, 28, 42, 48]",23,0,0,0,0,[],0.1084697915290155,0.3765174562908347,35.666666666666664
2022-05-18,recent_frequency,v1.0.0,"[14, 22, 24, 28, 42, 48]",23,1,1,2,3,[42],0.10842810162432322,0.37834382670233135,26.0
2022-05-18,ema_gap,v1.0.0,"[14, 22, 24, 28, 42, 48]",23,1,1,2,3,[14],0.11008401166889385,0.38603700460448265,26.5
2022-05-18,logistic,v1.0.0,"[14, 22, 24, 28, 42, 48]",23,1,1,1,2,[24],0.10876849777106101,0.3787194462347439,30.333333333333332
2022-05-18,ensemble,v1.0.0,"[14, 22, 24, 28, 42, 48]",23,0,0,1,2,[],0.10863929083363945,0.37740758365513977,31.833333333333332
2022-05-21,random,v1.0.0,"[4, 5, 26, 33, 35, 44]",30,2,2,2,2,"[4, 5]",0.10745522698875465,0.3717761799434532,24.5
2022-05-21,long_frequency,v1.0.0,"[4, 5, 26, 33, 35, 44]",30,0,0,0,1,[],0.107783284087605,0.37323004562710554,26.833333333333332
2022-05-21,recent_frequency,v1.0.0,"[4, 5, 26, 33, 35, 44]",30,0,0,2,2,[],0.10743675468554768,0.37082029265661204,22.833333333333332
2022-05-21,ema_gap,v1.0.0,"[4, 5, 26, 33, 35, 44]",30,0,0,2,2,[],0.10854954684067555,0.3743611842451683,24.5
2022-05-21,logistic,v1.0.0,"[4, 5, 26, 33, 35, 44]",30,0,0,2,3,[],0.1075695511172931,0.3721175195654367,24.333333333333332
2022-05-21,ensemble,v1.0.0,"[4, 5, 26, 33, 35, 44]",30,0,0,1,3,[],0.10742239133154528,0.3715409854373088,22.833333333333332
2022-05-25,random,v1.0.0,"[14, 15, 22, 35, 36, 47]",19,0,0,0,2,[],0.10745522698875466,0.37177617994345324,28.166666666666668
2022-05-25,long_frequency,v1.0.0,"[14, 15, 22, 35, 36, 47]",19,0,0,1,2,[],0.10801156334150844,0.37439349176262077,30.0
2022-05-25,recent_frequency,v1.0.0,"[14, 15, 22, 35, 36, 47]",19,1,1,2,3,[15],0.10743087713452729,0.3723024615833116,22.666666666666668
2022-05-25,ema_gap,v1.0.0,"[14, 15, 22, 35, 36, 47]",19,1,1,3,3,[14],0.10666814773440882,0.3698297752682905,21.833333333333332
2022-05-25,logistic,v1.0.0,"[14, 15, 22, 35, 36, 47]",19,2,2,4,4,"[35, 36]",0.10636994271807579,0.3668457552449091,17.333333333333332
2022-05-25,ensemble,v1.0.0,"[14, 15, 22, 35, 36, 47]",19,1,1,3,4,[36],0.10665788930242542,0.36813282726693647,19.166666666666668
2022-05-28,random,v1.0.0,"[6, 13, 15, 29, 45, 48]",1,1,1,1,3,[6],0.10745522698875465,0.37177617994345336,26.0
2022-05-28,long_frequency,v1.0.0,"[6, 13, 15, 29, 45, 48]",1,1,1,1,1,[45],0.107768205445497,0.37329484231006,31.166666666666668
2022-05-28,recent_frequency,v1.0.0,"[6, 13, 15, 29, 45, 48]",1,1,1,1,1,[15],0.10865536693044564,0.37739701108814433,28.833333333333332
2022-05-28,ema_gap,v1.0.0,"[6, 13, 15, 29, 45, 48]",1,0,0,1,1,[],0.11182824398418,0.3911640882710915,31.0
2022-05-28,logistic,v1.0.0,"[6, 13, 15, 29, 45, 48]",1,1,1,1,1,[48],0.10885064758102275,0.3786629259755906,35.166666666666664
2022-05-28,ensemble,v1.0.0,"[6, 13, 15, 29, 45, 48]",1,0,0,1,2,[],0.10905425143357589,0.3792982658813741,31.833333333333332
2022-06-01,random,v1.0.0,"[1, 15, 16, 19, 44, 48]",5,1,1,1,3,[1],0.10745522698875463,0.37177617994345336,23.833333333333332
2022-06-01,long_frequency,v1.0.0,"[1, 15, 16, 19, 44, 48]",5,0,0,0,0,[],0.1081022007434918,0.3747502625537948,31.5
2022-06-01,recent_frequency,v1.0.0,"[1, 15, 16, 19, 44, 48]",5,1,1,2,2,[15],0.1061990403998334,0.3658065737909911,21.166666666666668
2022-06-01,ema_gap,v1.0.0,"[1, 15, 16, 19, 44, 48]",5,1,1,1,3,[15],0.10779043330628117,0.37328632243270965,24.0
2022-06-01,logistic,v1.0.0,"[1, 15, 16, 19, 44, 48]",5,1,1,1,1,[16],0.10950396224910895,0.3820537667842992,32.333333333333336
2022-06-01,ensemble,v1.0.0,"[1, 15, 16, 19, 44, 48]",5,0,0,0,1,[],0.10800302241399093,0.37419963660421285,27.5
2022-06-04,random,v1.0.0,"[14, 24, 32, 36, 37, 48]",17,0,0,0,1,[],0.10745522698875466,0.37177617994345313,31.833333333333332
2022-06-04,long_frequency,v1.0.0,"[14, 24, 32, 36, 37, 48]",17,0,0,0,1,[],0.10805126320114618,0.3745436471748955,28.833333333333332
2022-06-04,recent_frequency,v1.0.0,"[14, 24, 32, 36, 37, 48]",17,1,1,1,3,[14],0.10819055060391504,0.37596049515174457,24.0
2022-06-04,ema_gap,v1.0.0,"[14, 24, 32, 36, 37, 48]",17,2,2,3,3,"[14, 36]",0.10513145096131941,0.36407074787090105,21.666666666666668
2022-06-04,logistic,v1.0.0,"[14, 24, 32, 36, 37, 48]",17,2,2,2,3,"[24, 48]",0.10518135134949164,0.3610589954065716,14.333333333333334
2022-06-04,ensemble,v1.0.0,"[14, 24, 32, 36, 37, 48]",17,3,3,3,3,"[14, 36, 48]",0.10590220314100447,0.3648251834434262,16.833333333333332
2022-06-08,random,v1.0.0,"[6, 22, 32, 39, 40, 46]",26,1,1,1,1,[6],0.10745522698875466,0.3717761799434531,30.833333333333332
2022-06-08,long_frequency,v1.0.0,"[6, 22, 32, 39, 40, 46]",26,2,2,2,2,"[40, 46]",0.10731768575560943,0.37113904799382386,24.0
2022-06-08,recent_frequency,v1.0.0,"[6, 22, 32, 39, 40, 46]",26,0,0,0,0,[],0.110143856726364,0.3836896112871994,32.666666666666664
2022-06-08,ema_gap,v1.0.0,"[6, 22, 32, 39, 40, 46]",26,0,0,0,0,[],0.11121094122963243,0.38564880693227244,28.333333333333332
2022-06-08,logistic,v1.0.0,"[6, 22, 32, 39, 40, 46]",26,2,2,3,3,"[22, 39]",0.10680189507209348,0.36877642370093017,19.833333333333332
2022-06-08,ensemble,v1.0.0,"[6, 22, 32, 39, 40, 46]",26,0,0,0,1,[],0.1081743395050563,0.3747661301319849,27.666666666666668
2022-06-11,random,v1.0.0,"[14, 15, 22, 25, 32, 44]",45,0,0,0,2,[],0.10745522698875465,0.37177617994345324,25.333333333333332
2022-06-11,long_frequency,v1.0.0,"[14, 15, 22, 25, 32, 44]",45,0,0,0,0,[],0.10836301103304395,0.37601752345606004,34.333333333333336
2022-06-11,recent_frequency,v1.0.0,"[14, 15, 22, 25, 32, 44]",45,2,2,2,2,"[14, 15]",0.10620344856309871,0.36597540834715303,21.5
2022-06-11,ema_gap,v1.0.0,"[14, 15, 22, 25, 32, 44]",45,2,2,3,4,"[14, 15]",0.10156066033958677,0.3484503170039197,15.666666666666666
2022-06-11,logistic,v1.0.0,"[14, 15, 22, 25, 32, 44]",45,3,3,3,5,"[14, 15, 44]",0.10458050332711394,0.35899570939051123,10.333333333333334
2022-06-11,ensemble,v1.0.0,"[14, 15, 22, 25, 32, 44]",45,3,3,3,4,"[14, 15, 44]",0.10468164678599189,0.35968548223572283,15.5
2022-06-15,random,v1.0.0,"[3, 5, 9, 12, 16, 29]",32,2,2,4,5,"[3, 5]",0.10745522698875463,0.3717761799434534,12.333333333333334
2022-06-15,long_frequency,v1.0.0,"[3, 5, 9, 12, 16, 29]",32,0,0,0,0,[],0.10790834038996368,0.3738198833518356,29.666666666666668
2022-06-15,recent_frequency,v1.0.0,"[3, 5, 9, 12, 16, 29]",32,2,2,2,4,"[5, 9]",0.10549667305289462,0.3621482897028626,16.833333333333332
2022-06-15,ema_gap,v1.0.0,"[3, 5, 9, 12, 16, 29]",32,0,0,2,2,[],0.10665571312308149,0.364668384933893,18.833333333333332
2022-06-15,logistic,v1.0.0,"[3, 5, 9, 12, 16, 29]",32,0,0,0,0,[],0.10930117921414452,0.3797248337378707,32.5
2022-06-15,ensemble,v1.0.0,"[3, 5, 9, 12, 16, 29]",32,0,0,2,3,[],0.1074693038703776,0.3716228935719824,23.166666666666668
2022-06-18,random,v1.0.0,"[4, 6, 20, 21, 24, 44]",5,2,2,2,2,"[4, 6]",0.10745522698875463,0.37177617994345324,19.833333333333332
2022-06-18,long_frequency,v1.0.0,"[4, 6, 20, 21, 24, 44]",5,0,0,1,3,[],0.10742516572600279,0.37158508021989395,23.166666666666668
2022-06-18,recent_frequency,v1.0.0,"[4, 6, 20, 21, 24, 44]",5,0,0,0,1,[],0.11139479550187423,0.39114700768566396,33.666666666666664
2022-06-18,ema_gap,v1.0.0,"[4, 6, 20, 21, 24, 44]",5,1,1,1,1,[44],0.1111106408892393,0.38871378783201355,29.166666666666668
2022-06-18,logistic,v1.0.0,"[4, 6, 20, 21, 24, 44]",5,1,1,2,2,[24],0.10683652576831917,0.3684524837639178,22.666666666666668
2022-06-18,ensemble,v1.0.0,"[4, 6, 20, 21, 24, 44]",5,0,0,1,1,[],0.10833895068925779,0.37582925932906786,29.166666666666668
2022-06-22,random,v1.0.0,"[7, 10, 11, 18, 27, 42]",25,0,0,3,4,[],0.10745522698875465,0.37177617994345336,19.166666666666668
2022-06-22,long_frequency,v1.0.0,"[7, 10, 11, 18, 27, 42]",25,0,0,2,2,[],0.1077492447294625,0.3731222565105631,27.333333333333332
2022-06-22,recent_frequency,v1.0.0,"[7, 10, 11, 18, 27, 42]",25,2,2,2,3,"[7, 42]",0.10453765264473136,0.35806806525916457,15.5
2022-06-22,ema_gap,v1.0.0,"[7, 10, 11, 18, 27, 42]",25,0,0,1,2,[],0.11119234953799094,0.38763460787358095,26.833333333333332
2022-06-22,logistic,v1.0.0,"[7, 10, 11, 18, 27, 42]",25,0,0,0,0,[],0.11010503611299521,0.38434874794399215,37.166666666666664
2022-06-22,ensemble,v1.0.0,"[7, 10, 11, 18, 27, 42]",25,0,0,0,1,[],0.10857006733433773,0.37698514531394955,29.0
2022-06-25,random,v1.0.0,"[9, 14, 23, 36, 38, 44]",19,0,0,1,2,[],0.10745522698875466,0.3717761799434532,27.333333333333332
2022-06-25,long_frequency,v1.0.0,"[9, 14, 23, 36, 38, 44]",19,0,0,2,4,[],0.10731439150642251,0.371133891966994,19.666666666666668
2022-06-25,recent_frequency,v1.0.0,"[9, 14, 23, 36, 38, 44]",19,2,2,2,4,"[9, 14]",0.10507153019575179,0.36065712779056136,18.333333333333332
2022-06-25,ema_gap,v1.0.0,"[9, 14, 23, 36, 38, 44]",19,3,3,4,4,"[14, 36, 44]",0.10288223382405046,0.3557670216773967,18.833333333333332
2022-06-25,logistic,v1.0.0,"[9, 14, 23, 36, 38, 44]",19,1,1,3,4,[44],0.10582531572214737,0.3642658427084167,14.833333333333334
2022-06-25,ensemble,v1.0.0,"[9, 14, 23, 36, 38, 44]",19,2,2,4,4,"[14, 44]",0.10511804481564255,0.361524979966804,16.166666666666668
2022-06-29,random,v1.0.0,"[6, 7, 16, 26, 31, 35]",13,1,1,2,3,[6],0.10745522698875465,0.37177617994345336,20.166666666666668
2022-06-29,long_frequency,v1.0.0,"[6, 7, 16, 26, 31, 35]",13,1,1,2,2,[31],0.10748474482839296,0.37192237783357945,26.333333333333332
2022-06-29,recent_frequency,v1.0.0,"[6, 7, 16, 26, 31, 35]",13,1,1,1,3,[7],0.10532965264473139,0.3617404136554243,19.0
2022-06-29,ema_gap,v1.0.0,"[6, 7, 16, 26, 31, 35]",13,1,1,2,3,[7],0.1070671558359163,0.3675608549931556,19.666666666666668
2022-06-29,logistic,v1.0.0,"[6, 7, 16, 26, 31, 35]",13,0,0,0,1,[],0.10809470364963977,0.37417361977593855,26.5
2022-06-29,ensemble,v1.0.0,"[6, 7, 16, 26, 31, 35]",13,0,0,2,4,[],0.10685709771463697,0.36891168889746745,18.833333333333332
2022-07-02,random,v1.0.0,"[1, 4, 7, 33, 36, 47]",2,2,2,3,3,"[1, 4]",0.10745522698875466,0.37177617994345336,21.333333333333332
2022-07-02,long_frequency,v1.0.0,"[1, 4, 7, 33, 36, 47]",2,0,0,2,4,[],0.10727100499724412,0.37089245939127224,20.0
2022-07-02,recent_frequency,v1.0.0,"[1, 4, 7, 33, 36, 47]",2,1,1,1,2,[7],0.10779773427738443,0.3742986329934494,27.0
2022-07-02,ema_gap,v1.0.0,"[1, 4, 7, 33, 36, 47]",2,2,2,2,2,"[7, 36]",0.10825803023284895,0.3783804548805362,27.333333333333332
2022-07-02,logistic,v1.0.0,"[1, 4, 7, 33, 36, 47]",2,0,0,1,2,[],0.10920850507572398,0.38042476562713995,28.166666666666668
2022-07-02,ensemble,v1.0.0,"[1, 4, 7, 33, 36, 47]",2,0,0,2,2,[],0.10803095484992847,0.37437823743854776,27.5
2022-07-06,random,v1.0.0,"[25, 33, 34, 35, 37, 46]",30,0,0,0,0,[],0.10745522698875466,0.3717761799434531,35.0
2022-07-06,long_frequency,v1.0.0,"[25, 33, 34, 35, 37, 46]",30,2,2,2,2,"[34, 46]",0.10724935726435668,0.37084101589169005,23.666666666666668
2022-07-06,recent_frequency,v1.0.0,"[25, 33, 34, 35, 37, 46]",30,0,0,1,1,[],0.10951055060391504,0.38099041341616147,30.166666666666668
2022-07-06,ema_gap,v1.0.0,"[25, 33, 34, 35, 37, 46]",30,0,0,1,1,[],0.11144265365521303,0.3873712337568477,29.5
2022-07-06,logistic,v1.0.0,"[25, 33, 34, 35, 37, 46]",30,1,1,3,3,[33],0.10635771464898235,0.3665699314819641,19.333333333333332
2022-07-06,ensemble,v1.0.0,"[25, 33, 34, 35, 37, 46]",30,1,1,1,2,[35],0.10782954377095824,0.3733617476040375,27.666666666666668
2022-07-09,random,v1.0.0,"[8, 12, 21, 33, 34, 45]",23,0,0,2,2,[],0.10745522698875465,0.37177617994345324,25.5
2022-07-09,long_frequency,v1.0.0,"[8, 12, 21, 33, 34, 45]",23,2,2,2,3,"[34, 45]",0.1066424413165688,0.3680603037995601,16.5
2022-07-09,recent_frequency,v1.0.0,"[8, 12, 21, 33, 34, 45]",23,0,0,1,2,[],0.10925536693044566,0.37954113909461623,29.666666666666668
2022-07-09,ema_gap,v1.0.0,"[8, 12, 21, 33, 34, 45]",23,0,0,1,2,[],0.10931877084754583,0.3776079301245086,24.833333333333332
2022-07-09,logistic,v1.0.0,"[8, 12, 21, 33, 34, 45]",23,0,0,1,1,[],0.10880710308887388,0.3778721087367323,31.333333333333332
2022-07-09,ensemble,v1.0.0,"[8, 12, 21, 33, 34, 45]",23,0,0,1,1,[],0.10848415385040948,0.376039412973455,28.166666666666668
2022-07-13,random,v1.0.0,"[13, 18, 19, 21, 35, 40]",29,0,0,0,2,[],0.10745522698875466,0.37177617994345336,24.333333333333332
2022-07-13,long_frequency,v1.0.0,"[13, 18, 19, 21, 35, 40]",29,1,1,1,2,[40],0.10770505801639753,0.3729506996434025,28.166666666666668
2022-07-13,recent_frequency,v1.0.0,"[13, 18, 19, 21, 35, 40]",29,0,0,2,2,[],0.10776246897126197,0.373803981994616,22.666666666666668
2022-07-13,ema_gap,v1.0.0,"[13, 18, 19, 21, 35, 40]",29,1,1,2,2,[35],0.11010865067054737,0.38358397447124143,28.0
2022-07-13,logistic,v1.0.0,"[13, 18, 19, 21, 35, 40]",29,1,1,1,2,[13],0.10720263806497402,0.3701344521745885,24.0
2022-07-13,ensemble,v1.0.0,"[13, 18, 19, 21, 35, 40]",29,1,1,1,1,[35],0.10764893430753987,0.3724445026374489,25.0
2022-07-16,random,v1.0.0,"[8, 19, 23, 34, 37, 44]",21,0,0,1,1,[],0.10745522698875466,0.3717761799434532,27.5
2022-07-16,long_frequency,v1.0.0,"[8, 19, 23, 34, 37, 44]",21,1,1,2,3,[34],0.1070023101278931,0.36965157357035533,18.833333333333332
2022-07-16,recent_frequency,v1.0.0,"[8, 19, 23, 34, 37, 44]",21,1,1,3,3,[8],0.10629601999167014,0.36595300871039865,21.0
2022-07-16,ema_gap,v1.0.0,"[8, 19, 23, 34, 37, 44]",21,1,1,1,1,[44],0.10685081873070754,0.3662845988974259,21.0
2022-07-16,logistic,v1.0.0,"[8, 19, 23, 34, 37, 44]",21,1,1,1,2,[44],0.1091996191468745,0.3808506030718542,29.666666666666668
2022-07-16,ensemble,v1.0.0,"[8, 19, 23, 34, 37, 44]",21,1,1,1,1,[44],0.10749531310247706,0.3720791347270262,28.0
2022-07-20,random,v1.0.0,"[1, 15, 17, 25, 26, 40]",39,1,1,1,3,[1],0.10745522698875465,0.37177617994345336,20.666666666666668
2022-07-20,long_frequency,v1.0.0,"[1, 15, 17, 25, 26, 40]",39,1,1,1,1,[40],0.10808343463951414,0.3747379668397042,33.833333333333336
2022-07-20,recent_frequency,v1.0.0,"[1, 15, 17, 25, 26, 40]",39,1,1,1,2,[15],0.10852361182840485,0.3772021154471128,24.666666666666668
2022-07-20,ema_gap,v1.0.0,"[1, 15, 17, 25, 26, 40]",39,0,0,1,1,[],0.1106856618674902,0.3871087797534526,27.833333333333332
2022-07-20,logistic,v1.0.0,"[1, 15, 17, 25, 26, 40]",39,0,0,2,3,[],0.10678492822349182,0.36834146847274174,18.666666666666668
2022-07-20,ensemble,v1.0.0,"[1, 15, 17, 25, 26, 40]",39,1,1,1,2,[15],0.1078508108505448,0.37365717181051705,24.0
2022-07-23,random,v1.0.0,"[6, 23, 24, 26, 39, 42]",21,1,1,1,1,[6],0.10745522698875465,0.3717761799434532,26.666666666666668
2022-07-23,long_frequency,v1.0.0,"[6, 23, 24, 26, 39, 42]",21,0,0,1,1,[],0.10791764379779717,0.37387177011400863,30.0
2022-07-23,recent_frequency,v1.0.0,"[6, 23, 24, 26, 39, 42]",21,0,0,1,3,[],0.10902075468554767,0.37935288400657063,27.166666666666668
2022-07-23,ema_gap,v1.0.0,"[6, 23, 24, 26, 39, 42]",21,0,0,1,2,[],0.10942809896965659,0.3794793474523045,25.333333333333332
2022-07-23,logistic,v1.0.0,"[6, 23, 24, 26, 39, 42]",21,0,0,0,3,[],0.10791786481621579,0.37353546966443557,23.5
2022-07-23,ensemble,v1.0.0,"[6, 23, 24, 26, 39, 42]",21,0,0,0,2,[],0.10823722107169301,0.3752173743570134,26.666666666666668
2022-07-27,random,v1.0.0,"[6, 19, 29, 42, 45, 49]",21,1,1,1,1,[6],0.10745522698875466,0.37177617994345313,31.666666666666668
2022-07-27,long_frequency,v1.0.0,"[6, 19, 29, 42, 45, 49]",21,1,1,1,2,[45],0.10725362528480667,0.370854137542071,23.0
2022-07-27,recent_frequency,v1.0.0,"[6, 19, 29, 42, 45, 49]",21,1,1,2,3,[42],0.10655267305289465,0.36725137657704654,21.666666666666668
2022-07-27,ema_gap,v1.0.0,"[6, 19, 29, 42, 45, 49]",21,0,0,2,3,[],0.10753738777603815,0.37044190512556996,23.333333333333332
2022-07-27,logistic,v1.0.0,"[6, 19, 29, 42, 45, 49]",21,0,0,0,2,[],0.10918510596288553,0.3799706954401308,30.0
2022-07-27,ensemble,v1.0.0,"[6, 19, 29, 42, 45, 49]",21,0,0,1,2,[],0.10774620456022804,0.37284129324197346,25.333333333333332
2022-07-30,random,v1.0.0,"[9, 21, 22, 27, 35, 47]",31,0,0,1,1,[],0.10745522698875465,0.37177617994345324,26.833333333333332
2022-07-30,long_frequency,v1.0.0,"[9, 21, 22, 27, 35, 47]",31,0,0,2,4,[],0.10710746440711455,0.37010526943281435,19.166666666666668
2022-07-30,recent_frequency,v1.0.0,"[9, 21, 22, 27, 35, 47]",31,0,0,1,2,[],0.10852801999167017,0.3763769408696549,26.5
2022-07-30,ema_gap,v1.0.0,"[9, 21, 22, 27, 35, 47]",31,0,0,2,2,[],0.10860756750426248,0.3760940023970997,25.666666666666668
2022-07-30,logistic,v1.0.0,"[9, 21, 22, 27, 35, 47]",31,1,1,3,3,[47],0.106371100337832,0.3671866561348513,19.833333333333332
2022-07-30,ensemble,v1.0.0,"[9, 21, 22, 27, 35, 47]",31,1,1,1,2,[35],0.10704950877957328,0.36981827682527896,22.833333333333332
2022-08-03,random,v1.0.0,"[10, 15, 24, 27, 42, 46]",36,0,0,1,2,[],0.10745522698875465,0.3717761799434532,27.333333333333332
2022-08-03,long_frequency,v1.0.0,"[10, 15, 24, 27, 42, 46]",36,1,1,2,2,[46],0.10739246361773505,0.37145029208181507,23.5
2022-08-03,recent_frequency,v1.0.0,"[10, 15, 24, 27, 42, 46]",36,2,2,2,3,"[15, 42]",0.10609226488962933,0.36553500193094707,19.333333333333332
2022-08-03,ema_gap,v1.0.0,"[10, 15, 24, 27, 42, 46]",36,1,1,2,2,[42],0.10676266025130002,0.36727425300742994,22.333333333333332
2022-08-03,logistic,v1.0.0,"[10, 15, 24, 27, 42, 46]",36,2,2,2,2,"[15, 27]",0.10653461233683441,0.367366486495055,19.833333333333332
2022-08-03,ensemble,v1.0.0,"[10, 15, 24, 27, 42, 46]",36,2,2,3,3,"[15, 42]",0.106374363204636,0.3668388765574982,19.666666666666668
2022-08-06,random,v1.0.0,"[10, 18, 21, 31, 34, 48]",9,0,0,1,2,[],0.10745522698875466,0.37177617994345324,27.0
2022-08-06,long_frequency,v1.0.0,"[10, 18, 21, 31, 34, 48]",9,2,2,2,3,"[31, 34]",0.10684408053252652,0.3689987225294104,19.0
2022-08-06,recent_frequency,v1.0.0,"[10, 18, 21, 31, 34, 48]",9,0,0,0,1,[],0.10829487713452728,0.3741219563397678,26.166666666666668
2022-08-06,ema_gap,v1.0.0,"[10, 18, 21, 31, 34, 48]",9,1,1,1,2,[21],0.10900451639532191,0.3769380394950391,25.333333333333332
2022-08-06,logistic,v1.0.0,"[10, 18, 21, 31, 34, 48]",9,1,1,1,1,[21],0.10884285689114061,0.37837966285944613,33.833333333333336
2022-08-06,ensemble,v1.0.0,"[10, 18, 21, 31, 34, 48]",9,1,1,1,1,[21],0.1082643454522502,0.3752570934849667,27.166666666666668
2022-08-10,random,v1.0.0,"[8, 9, 36, 38, 44, 45]",29,0,0,2,2,[],0.10745522698875465,0.3717761799434531,30.0
2022-08-10,long_frequency,v1.0.0,"[8, 9, 36, 38, 44, 45]",29,1,1,2,5,[45],0.10660246907849008,0.3678343744546986,14.333333333333334
2022-08-10,recent_frequency,v1.0.0,"[8, 9, 36, 38, 44, 45]",29,1,1,4,4,[9],0.1053605097875885,0.3621999363879373,18.5
2022-08-10,ema_gap,v1.0.0,"[8, 9, 36, 38, 44, 45]",29,1,1,2,3,[44],0.10606275828229438,0.364268256111992,19.833333333333332
2022-08-10,logistic,v1.0.0,"[8, 9, 36, 38, 44, 45]",29,0,0,0,1,[],0.10830659458499065,0.37545944273887744,28.0
2022-08-10,ensemble,v1.0.0,"[8, 9, 36, 38, 44, 45]",29,1,1,3,3,[44],0.10672752878808182,0.36846580205658513,21.333333333333332
2022-08-13,random,v1.0.0,"[5, 8, 13, 35, 37, 40]",3,1,1,2,3,[5],0.10745522698875466,0.37177617994345336,23.0
2022-08-13,long_frequency,v1.0.0,"[5, 8, 13, 35, 37, 40]",3,1,1,1,1,[40],0.10784473552878435,0.37359494838786605,30.833333333333332
2022-08-13,recent_frequency,v1.0.0,"[5, 8, 13, 35, 37, 40]",3,1,1,3,4,[8],0.10683283631820074,0.36965597578887144,21.0
2022-08-13,ema_gap,v1.0.0,"[5, 8, 13, 35, 37, 40]",3,1,1,2,2,[35],0.10746237172870472,0.3704670188157117,22.333333333333332
2022-08-13,logistic,v1.0.0,"[5, 8, 13, 35, 37, 40]",3,2,2,2,4,"[13, 37]",0.10670595919764622,0.36896587490110233,21.833333333333332
2022-08-13,ensemble,v1.0.0,"[5, 8, 13, 35, 37, 40]",3,1,1,3,3,[35],0.10669922630716484,0.3682047964761802,20.5
2022-08-17,random,v1.0.0,"[6, 7, 13, 30, 31, 43]",20,1,1,2,3,[6],0.10745522698875466,0.37177617994345336,21.666666666666668
2022-08-17,long_frequency,v1.0.0,"[6, 7, 13, 30, 31, 43]",20,2,2,3,3,"[31, 43]",0.10722953565765271,0.3707794208995634,23.666666666666668
2022-08-17,recent_frequency,v1.0.0,"[6, 7, 13, 30, 31, 43]",20,1,1,2,2,[7],0.11050924448146607,0.38901593533981815,30.0
2022-08-17,ema_gap,v1.0.0,"[6, 7, 13, 30, 31, 43]",20,0,0,2,2,[],0.11256008145993175,0.4001869810420577,30.833333333333332
2022-08-17,logistic,v1.0.0,"[6, 7, 13, 30, 31, 43]",20,1,1,1,1,[13],0.10839359054110156,0.3763746930838449,31.833333333333332
2022-08-17,ensemble,v1.0.0,"[6, 7, 13, 30, 31, 43]",20,0,0,1,2,[],0.10922232513100115,0.3805522566609329,30.833333333333332
2022-08-20,random,v1.0.0,"[1, 5, 11, 29, 40, 49]",22,2,2,3,3,"[1, 5]",0.10745522698875466,0.37177617994345336,22.5
2022-08-20,long_frequency,v1.0.0,"[1, 5, 11, 29, 40, 49]",22,1,1,1,2,[40],0.1079255599272079,0.3740045357835413,31.666666666666668
2022-08-20,recent_frequency,v1.0.0,"[1, 5, 11, 29, 40, 49]",22,0,0,1,2,[],0.10730793835901709,0.36984027098731886,23.5
2022-08-20,ema_gap,v1.0.0,"[1, 5, 11, 29, 40, 49]",22,0,0,1,2,[],0.11058494124264033,0.3841810520283853,28.166666666666668
2022-08-20,logistic,v1.0.0,"[1, 5, 11, 29, 40, 49]",22,0,0,1,2,[],0.10826852416899857,0.37535210762272647,28.5
2022-08-20,ensemble,v1.0.0,"[1, 5, 11, 29, 40, 49]",22,0,0,1,2,[],0.10829618165594725,0.37540108521115406,28.166666666666668
2022-08-24,random,v1.0.0,"[9, 15, 22, 24, 26, 41]",16,0,0,1,2,[],0.10745522698875463,0.37177617994345324,22.833333333333332
2022-08-24,long_frequency,v1.0.0,"[9, 15, 22, 24, 26, 41]",16,0,0,0,1,[],0.10781758622531873,0.3733868449635854,28.5
2022-08-24,recent_frequency,v1.0.0,"[9, 15, 22, 24, 26, 41]",16,0,0,1,3,[],0.10826401999167014,0.37533031847955894,26.5
2022-08-24,ema_gap,v1.0.0,"[9, 15, 22, 24, 26, 41]",16,0,0,2,3,[],0.1082673409416432,0.3760597512725404,24.333333333333332
2022-08-24,logistic,v1.0.0,"[9, 15, 22, 24, 26, 41]",16,0,0,0,2,[],0.10703223517950355,0.3691933029384728,22.166666666666668
2022-08-24,ensemble,v1.0.0,"[9, 15, 22, 24, 26, 41]",16,0,0,3,3,[],0.10735667678294013,0.3712116973509496,23.166666666666668
2022-08-27,random,v1.0.0,"[9, 12, 19, 20, 23, 28]",31,0,0,2,2,[],0.10745522698875466,0.37177617994345324,18.5
2022-08-27,long_frequency,v1.0.0,"[9, 12, 19, 20, 23, 28]",31,0,0,2,3,[],0.10740366159580574,0.37149169913499186,22.166666666666668
2022-08-27,recent_frequency,v1.0.0,"[9, 12, 19, 20, 23, 28]",31,1,1,1,3,[9],0.10800295876718036,0.37511046682974675,23.166666666666668
2022-08-27,ema_gap,v1.0.0,"[9, 12, 19, 20, 23, 28]",31,1,1,1,1,[9],0.1109244356000275,0.39057719296349597,28.5
2022-08-27,logistic,v1.0.0,"[9, 12, 19, 20, 23, 28]",31,0,0,0,1,[],0.10935145122540504,0.3803002251796665,31.166666666666668
2022-08-27,ensemble,v1.0.0,"[9, 12, 19, 20, 23, 28]",31,0,0,0,1,[],0.10875965192421606,0.3779372186435805,32.166666666666664
2022-08-31,random,v1.0.0,"[9, 18, 25, 33, 35, 41]",19,0,0,1,2,[],0.10745522698875465,0.3717761799434532,26.833333333333332
2022-08-31,long_frequency,v1.0.0,"[9, 18, 25, 33, 35, 41]",19,0,0,0,1,[],0.10795569870220334,0.37406177561820186,29.833333333333332
2022-08-31,recent_frequency,v1.0.0,"[9, 18, 25, 33, 35, 41]",19,2,2,2,2,"[9, 35]",0.10580034652228239,0.36356803384709924,20.0
2022-08-31,ema_gap,v1.0.0,"[9, 18, 25, 33, 35, 41]",19,2,2,2,2,"[9, 35]",0.10688610280695365,0.37118367433495086,24.666666666666668
2022-08-31,logistic,v1.0.0,"[9, 18, 25, 33, 35, 41]",19,0,0,0,1,[],0.1080297732929582,0.3741607112699704,25.833333333333332
2022-08-31,ensemble,v1.0.0,"[9, 18, 25, 33, 35, 41]",19,2,2,2,2,"[9, 35]",0.10707690085184271,0.3700814530520847,23.0
2022-09-03,random,v1.0.0,"[5, 8, 13, 21, 22, 46]",9,1,1,2,3,[5],0.10745522698875466,0.37177617994345336,19.166666666666668
2022-09-03,long_frequency,v1.0.0,"[5, 8, 13, 21, 22, 46]",9,1,1,1,2,[46],0.10774263929563195,0.37309126110385765,28.333333333333332
2022-09-03,recent_frequency,v1.0.0,"[5, 8, 13, 21, 22, 46]",9,1,1,2,2,[5],0.10801618325697628,0.37486190425074833,23.666666666666668
2022-09-03,ema_gap,v1.0.0,"[5, 8, 13, 21, 22, 46]",9,0,0,1,3,[],0.10678999747727064,0.36563432247861466,21.333333333333332
2022-09-03,logistic,v1.0.0,"[5, 8, 13, 21, 22, 46]",9,1,1,2,2,[22],0.10698957032234216,0.3695304371361598,22.166666666666668
2022-09-03,ensemble,v1.0.0,"[5, 8, 13, 21, 22, 46]",9,0,0,2,4,[],0.10707381356484717,0.3696199570531325,20.5
2022-09-07,random,v1.0.0,"[11, 12, 13, 16, 29, 35]",7,0,0,2,4,[],0.10745522698875465,0.37177617994345336,19.333333333333332
2022-09-07,long_frequency,v1.0.0,"[11, 12, 13, 16, 29, 35]",7,0,0,0,0,[],0.1083898253843006,0.3760980892456923,37.0
2022-09-07,recent_frequency,v1.0.0,"[11, 12, 13, 16, 29, 35]",7,1,1,2,2,[35],0.10752785672636402,0.37210927509097763,23.5
2022-09-07,ema_gap,v1.0.0,"[11, 12, 13, 16, 29, 35]",7,1,1,1,2,[35],0.10679593562807678,0.36809908700653365,22.5
2022-09-07,logistic,v1.0.0,"[11, 12, 13, 16, 29, 35]",7,0,0,1,1,[],0.10973788036462528,0.382673687319866,33.666666666666664
2022-09-07,ensemble,v1.0.0,"[11, 12, 13, 16, 29, 35]",7,1,1,2,2,[35],0.10821705936969377,0.3755465869040441,29.666666666666668
2022-09-10,random,v1.0.0,"[11, 15, 19, 29, 41, 49]",38,0,0,1,2,[],0.10745522698875466,0.37177617994345336,27.333333333333332
2022-09-10,long_frequency,v1.0.0,"[11, 15, 19, 29, 41, 49]",38,0,0,0,1,[],0.10786136784564211,0.3736097333088966,29.0
2022-09-10,recent_frequency,v1.0.0,"[11, 15, 19, 29, 41, 49]",38,0,0,0,2,[],0.10702483631820077,0.36837656431285737,22.666666666666668
2022-09-10,ema_gap,v1.0.0,"[11, 15, 19, 29, 41, 49]",38,1,1,1,3,[15],0.10672187157215128,0.36540435924630904,21.0
2022-09-10,logistic,v1.0.0,"[11, 15, 19, 29, 41, 49]",38,1,1,1,1,[49],0.10776649934077948,0.37267642027356296,24.666666666666668
2022-09-10,ensemble,v1.0.0,"[11, 15, 19, 29, 41, 49]",38,0,0,1,3,[],0.10706273805218712,0.36969723339328575,20.333333333333332
2022-09-14,random,v1.0.0,"[7, 8, 14, 22, 23, 39]",11,0,0,2,3,[],0.10745522698875465,0.37177617994345336,18.833333333333332
2022-09-14,long_frequency,v1.0.0,"[7, 8, 14, 22, 23, 39]",11,0,0,2,2,[],0.10792551444644125,0.3739737807003194,28.0
2022-09-14,recent_frequency,v1.0.0,"[7, 8, 14, 22, 23, 39]",11,2,2,3,3,"[7, 8]",0.10603201999167014,0.3653586367914096,19.666666666666668
2022-09-14,ema_gap,v1.0.0,"[7, 8, 14, 22, 23, 39]",11,1,1,2,3,[8],0.10774229215661166,0.37119772180721067,21.666666666666668
2022-09-14,logistic,v1.0.0,"[7, 8, 14, 22, 23, 39]",11,1,1,1,2,[23],0.10882310368532813,0.3785763620906562,31.5
2022-09-14,ensemble,v1.0.0,"[7, 8, 14, 22, 23, 39]",11,0,0,2,2,[],0.10766041385579642,0.3725035612463746,25.333333333333332
2022-09-17,random,v1.0.0,"[3, 9, 15, 21, 33, 49]",13,1,1,2,3,[3],0.10745522698875466,0.37177617994345336,21.666666666666668
2022-09-17,long_frequency,v1.0.0,"[3, 9, 15, 21, 33, 49]",13,0,0,0,3,[],0.10738797152872649,0.37138392963383005,21.0
2022-09-17,recent_frequency,v1.0.0,"[3, 9, 15, 21, 33, 49]",13,1,1,2,2,[9],0.10579740774677217,0.3632381289718016,19.666666666666668
2022-09-17,ema_gap,v1.0.0,"[3, 9, 15, 21, 33, 49]",13,3,3,3,3,"[9, 15, 21]",0.1032663593486836,0.3548378302313689,17.333333333333332
2022-09-17,logistic,v1.0.0,"[3, 9, 15, 21, 33, 49]",13,1,1,2,3,[15],0.10703431170905554,0.36978644933319565,22.333333333333332
2022-09-17,ensemble,v1.0.0,"[3, 9, 15, 21, 33, 49]",13,2,2,2,4,"[9, 15]",0.1058882875245853,0.3646341424559987,18.666666666666668
2022-09-21,random,v1.0.0,"[1, 26, 33, 37, 44, 49]",31,1,1,1,1,[1],0.10745522698875466,0.3717761799434531,31.666666666666668
2022-09-21,long_frequency,v1.0.0,"[1, 26, 33, 37, 44, 49]",31,0,0,0,1,[],0.10776738296049572,0.37317658692549804,27.666666666666668
2022-09-21,recent_frequency,v1.0.0,"[1, 26, 33, 37, 44, 49]",31,1,1,1,2,[44],0.10652769346105789,0.36634519425701956,22.0
2022-09-21,ema_gap,v1.0.0,"[1, 26, 33, 37, 44, 49]",31,0,0,1,4,[],0.10755102411131037,0.3687952363407194,20.833333333333332
2022-09-21,logistic,v1.0.0,"[1, 26, 33, 37, 44, 49]",31,0,0,1,3,[],0.10824606956961215,0.37584756956640575,26.666666666666668
2022-09-21,ensemble,v1.0.0,"[1, 26, 33, 37, 44, 49]",31,0,0,1,3,[],0.10738767915693134,0.3712155724848805,23.166666666666668
2022-09-24,random,v1.0.0,"[10, 13, 21, 37, 40, 41]",48,0,0,1,2,[],0.10745522698875466,0.37177617994345324,27.0
2022-09-24,long_frequency,v1.0.0,"[10, 13, 21, 37, 40, 41]",48,1,1,1,2,[40],0.10731607442977598,0.3711144020013864,23.0
2022-09-24,recent_frequency,v1.0.0,"[10, 13, 21, 37, 40, 41]",48,0,0,0,2,[],0.1087523465222824,0.3768483532503909,28.0
2022-09-24,ema_gap,v1.0.0,"[10, 13, 21, 37, 40, 41]",48,1,1,1,2,[21],0.10672234353126309,0.3657506776008297,21.166666666666668
2022-09-24,logistic,v1.0.0,"[10, 13, 21, 37, 40, 41]",48,2,2,2,2,"[13, 41]",0.10718225135823882,0.370631806966112,23.5
2022-09-24,ensemble,v1.0.0,"[10, 13, 21, 37, 40, 41]",48,0,0,1,2,[],0.10706787985392903,0.36976222521955837,22.5
2022-09-28,random,v1.0.0,"[7, 10, 11, 24, 32, 40]",25,0,0,3,3,[],0.10745522698875465,0.37177617994345336,20.666666666666668
2022-09-28,long_frequency,v1.0.0,"[7, 10, 11, 24, 32, 40]",25,1,1,2,2,[40],0.10743767527619359,0.37168806301742474,24.0
2022-09-28,recent_frequency,v1.0.0,"[7, 10, 11, 24, 32, 40]",25,1,1,1,3,[7],0.1067916934610579,0.36822469619025733,22.5
2022-09-28,ema_gap,v1.0.0,"[7, 10, 11, 24, 32, 40]",25,0,0,2,2,[],0.10842690721522208,0.374716988615535,23.5
2022-09-28,logistic,v1.0.0,"[7, 10, 11, 24, 32, 40]",25,2,2,2,3,"[10, 40]",0.10637906628867347,0.3669320980959717,19.5
2022-09-28,ensemble,v1.0.0,"[7, 10, 11, 24, 32, 40]",25,2,2,2,3,"[7, 40]",0.10679718590311295,0.3689039438657773,21.166666666666668
2022-10-01,random,v1.0.0,"[4, 19, 21, 24, 25, 36]",9,1,1,1,1,[4],0.10745522698875466,0.37177617994345324,21.5
2022-10-01,long_frequency,v1.0.0,"[4, 19, 21, 24, 25, 36]",9,0,0,0,3,[],0.10757827282038618,0.3722911310749439,24.166666666666668
2022-10-01,recent_frequency,v1.0.0,"[4, 19, 21, 24, 25, 36]",9,0,0,0,2,[],0.10802059142024158,0.37358821969206385,25.666666666666668
2022-10-01,ema_gap,v1.0.0,"[4, 19, 21, 24, 25, 36]",9,1,1,1,1,[21],0.1079397462596413,0.3742331240662264,25.166666666666668
2022-10-01,logistic,v1.0.0,"[4, 19, 21, 24, 25, 36]",9,1,1,2,3,[21],0.10720041018289822,0.37066177141814766,23.666666666666668
2022-10-01,ensemble,v1.0.0,"[4, 19, 21, 24, 25, 36]",9,1,1,2,2,[21],0.10738595462508295,0.37141775954029627,24.833333333333332
2022-10-05,random,v1.0.0,"[3, 6, 10, 19, 28, 31]",2,2,2,3,3,"[3, 6]",0.10745522698875465,0.37177617994345336,16.166666666666668
2022-10-05,long_frequency,v1.0.0,"[3, 6, 10, 19, 28, 31]",2,1,1,1,1,[31],0.10751845797318196,0.3720855557657996,25.666666666666668
2022-10-05,recent_frequency,v1.0.0,"[3, 6, 10, 19, 28, 31]",2,0,0,0,1,[],0.1080338159100375,0.37312921756278683,25.0
2022-10-05,ema_gap,v1.0.0,"[3, 6, 10, 19, 28, 31]",2,0,0,1,2,[],0.10990793279026341,0.38156740086846186,27.833333333333332
2022-10-05,logistic,v1.0.0,"[3, 6, 10, 19, 28, 31]",2,0,0,1,2,[],0.10775613878563099,0.37264199273177234,25.666666666666668
2022-10-05,ensemble,v1.0.0,"[3, 6, 10, 19, 28, 31]",2,0,0,1,3,[],0.10791221952597806,0.37366257817683396,25.666666666666668
2022-10-08,random,v1.0.0,"[1, 5, 21, 35, 37, 41]",6,2,2,2,2,"[1, 5]",0.10745522698875465,0.37177617994345324,23.333333333333332
2022-10-08,long_frequency,v1.0.0,"[1, 5, 21, 35, 37, 41]",6,0,0,0,2,[],0.10795458434193195,0.37406815704227914,30.5
2022-10-08,recent_frequency,v1.0.0,"[1, 5, 21, 35, 37, 41]",6,2,2,3,4,"[5, 35]",0.10484573427738442,0.3592132733360513,16.333333333333332
2022-10-08,ema_gap,v1.0.0,"[1, 5, 21, 35, 37, 41]",6,2,2,2,3,"[21, 35]",0.10314957441175866,0.3520986782952138,17.5
2022-10-08,logistic,v1.0.0,"[1, 5, 21, 35, 37, 41]",6,1,1,2,2,[41],0.10778251893823813,0.3730119338825455,25.666666666666668
2022-10-08,ensemble,v1.0.0,"[1, 5, 21, 35, 37, 41]",6,3,3,4,4,"[21, 35, 37]",0.10596604817909837,0.36484874942256695,15.0
2022-10-12,random,v1.0.0,"[8, 10, 25, 36, 38, 41]",42,0,0,2,2,[],0.10745522698875466,0.3717761799434532,26.333333333333332
2022-10-12,long_frequency,v1.0.0,"[8, 10, 25, 36, 38, 41]",42,0,0,1,3,[],0.10740837249163207,0.37151125549762565,22.833333333333332
2022-10-12,recent_frequency,v1.0.0,"[8, 10, 25, 36, 38, 41]",42,0,0,1,2,[],0.10779773427738443,0.37365355065641903,23.333333333333332
2022-10-12,ema_gap,v1.0.0,"[8, 10, 25, 36, 38, 41]",42,0,0,2,4,[],0.10715041802736593,0.36863034981416526,20.5
2022-10-12,logistic,v1.0.0,"[8, 10, 25, 36, 38, 41]",42,0,0,1,2,[],0.10800076042538241,0.37414862806205496,27.5
2022-10-12,ensemble,v1.0.0,"[8, 10, 25, 36, 38, 41]",42,0,0,1,4,[],0.10747924876404955,0.3716147436933065,22.5
2022-10-15,random,v1.0.0,"[7, 9, 12, 33, 35, 36]",6,0,0,3,3,[],0.10745522698875465,0.37177617994345336,22.0
2022-10-15,long_frequency,v1.0.0,"[7, 9, 12, 33, 35, 36]",6,0,0,1,3,[],0.10730101854009674,0.3709792071790919,20.666666666666668
2022-10-15,recent_frequency,v1.0.0,"[7, 9, 12, 33, 35, 36]",6,4,4,5,5,"[7, 9, 35, 36]",0.10190842815493545,0.34670041461118867,7.833333333333333
2022-10-15,ema_gap,v1.0.0,"[7, 9, 12, 33, 35, 36]",6,2,2,4,5,"[9, 35]",0.10095698258635906,0.34142753578353074,10.833333333333334
2022-10-15,logistic,v1.0.0,"[7, 9, 12, 33, 35, 36]",6,1,1,3,3,[33],0.10649424497339571,0.36703617860456766,15.333333333333334
2022-10-15,ensemble,v1.0.0,"[7, 9, 12, 33, 35, 36]",6,2,2,4,5,"[35, 36]",0.10441100115947909,0.3575940171300431,10.0
2022-10-19,random,v1.0.0,"[4, 15, 30, 35, 42, 43]",24,1,1,1,2,[4],0.10745522698875466,0.37177617994345313,28.166666666666668
2022-10-19,long_frequency,v1.0.0,"[4, 15, 30, 35, 42, 43]",24,1,1,1,2,[43],0.10755587389024163,0.37219801394354723,26.166666666666668
2022-10-19,recent_frequency,v1.0.0,"[4, 15, 30, 35, 42, 43]",24,1,1,2,2,[35],0.10853830570595586,0.3790219373353496,26.333333333333332
2022-10-19,ema_gap,v1.0.0,"[4, 15, 30, 35, 42, 43]",24,1,1,2,2,[35],0.10972573238969272,0.38608030202946964,28.333333333333332
2022-10-19,logistic,v1.0.0,"[4, 15, 30, 35, 42, 43]",24,2,2,2,3,"[30, 42]",0.1069971388230727,0.36984718899551494,21.5
2022-10-19,ensemble,v1.0.0,"[4, 15, 30, 35, 42, 43]",24,2,2,3,3,"[15, 35]",0.10762124748731394,0.373001826405203,25.833333333333332
2022-10-22,random,v1.0.0,"[2, 17, 24, 36, 40, 49]",30,1,1,1,2,[2],0.10745522698875466,0.3717761799434532,28.0
2022-10-22,long_frequency,v1.0.0,"[2, 17, 24, 36, 40, 49]",30,1,1,1,3,[40],0.10737228023646106,0.3713835115742701,24.666666666666668
2022-10-22,recent_frequency,v1.0.0,"[2, 17, 24, 36, 40, 49]",30,0,0,1,1,[],0.1097422240733028,0.3836490549582852,29.333333333333332
2022-10-22,ema_gap,v1.0.0,"[2, 17, 24, 36, 40, 49]",30,1,1,1,3,[36],0.11043971501092394,0.389896612828062,26.166666666666668
2022-10-22,logistic,v1.0.0,"[2, 17, 24, 36, 40, 49]",30,1,1,3,4,[49],0.1062807008456396,0.36682354629717745,20.5
2022-10-22,ensemble,v1.0.0,"[2, 17, 24, 36, 40, 49]",30,1,1,4,4,[49],0.10763261002726311,0.37339455450699416,21.0
2022-10-26,random,v1.0.0,"[10, 15, 23, 38, 39, 45]",37,0,0,1,2,[],0.10745522698875465,0.3717761799434532,28.333333333333332
2022-10-26,long_frequency,v1.0.0,"[10, 15, 23, 38, 39, 45]",37,1,1,3,3,[45],0.10695068018104485,0.3694674364242384,19.5
2022-10-26,recent_frequency,v1.0.0,"[10, 15, 23, 38, 39, 45]",37,1,1,1,2,[15],0.1094782240733028,0.3819674279302267,29.333333333333332
2022-10-26,ema_gap,v1.0.0,"[10, 15, 23, 38, 39, 45]",37,1,1,2,2,[15],0.10989946582980932,0.3835880415358946,27.5
2022-10-26,logistic,v1.0.0,"[10, 15, 23, 38, 39, 45]",37,2,2,3,3,"[15, 38]",0.10700692348941565,0.36978005800071784,22.5
2022-10-26,ensemble,v1.0.0,"[10, 15, 23, 38, 39, 45]",37,1,1,1,2,[15],0.10782780912328278,0.3735577328607652,27.166666666666668
2022-10-29,random,v1.0.0,"[9, 13, 20, 26, 28, 40]",44,0,0,1,2,[],0.10745522698875465,0.37177617994345324,22.666666666666668
2022-10-29,long_frequency,v1.0.0,"[9, 13, 20, 26, 28, 40]",44,1,1,2,3,[40],0.10741503044371077,0.3716190191191518,25.166666666666668
2022-10-29,recent_frequency,v1.0.0,"[9, 13, 20, 26, 28, 40]",44,0,0,1,3,[],0.10873471386922115,0.3787388843734581,26.833333333333332
2022-10-29,ema_gap,v1.0.0,"[9, 13, 20, 26, 28, 40]",44,1,1,2,2,[9],0.10835673871636876,0.376955373158778,23.833333333333332
2022-10-29,logistic,v1.0.0,"[9, 13, 20, 26, 28, 40]",44,1,1,1,1,[40],0.10842264244836475,0.37611067463657977,28.833333333333332
2022-10-29,ensemble,v1.0.0,"[9, 13, 20, 26, 28, 40]",44,1,1,2,2,[40],0.10814432174070852,0.3751774250715676,26.166666666666668
2022-11-02,random,v1.0.0,"[19, 25, 38, 40, 47, 48]",20,0,0,0,0,[],0.10745522698875466,0.37177617994345313,36.166666666666664
2022-11-02,long_frequency,v1.0.0,"[19, 25, 38, 40, 47, 48]",20,1,1,3,3,[40],0.10689839759908817,0.3692038695315926,18.0
2022-11-02,recent_frequency,v1.0.0,"[19, 25, 38, 40, 47, 48]",20,0,0,1,2,[],0.10972899958350689,0.38308834845813144,30.0
2022-11-02,ema_gap,v1.0.0,"[19, 25, 38, 40, 47, 48]",20,1,1,2,2,[40],0.11022897690501676,0.3865507945795254,28.0
2022-11-02,logistic,v1.0.0,"[19, 25, 38, 40, 47, 48]",20,1,1,1,2,[47],0.1069974337636853,0.36927571128137815,20.333333333333332
2022-11-02,ensemble,v1.0.0,"[19, 25, 38, 40, 47, 48]",20,1,1,2,2,[40],0.1079156148133756,0.373868906943504,27.333333333333332
2022-11-05,random,v1.0.0,"[2, 20, 31, 40, 48, 49]",44,1,1,1,1,[2],0.10745522698875466,0.3717761799434531,31.666666666666668
2022-11-05,long_frequency,v1.0.0,"[2, 20, 31, 40, 48, 49]",44,2,2,3,4,"[31, 40]",0.1065439446339496,0.3675855009108234,15.166666666666666
2022-11-05,recent_frequency,v1.0.0,"[2, 20, 31, 40, 48, 49]",44,0,0,1,1,[],0.10971871386922115,0.38308951914344574,30.0
2022-11-05,ema_gap,v1.0.0,"[2, 20, 31, 40, 48, 49]",44,1,1,2,2,[40],0.10907038901636733,0.3810838751318234,27.333333333333332
2022-11-05,logistic,v1.0.0,"[2, 20, 31, 40, 48, 49]",44,0,0,1,3,[],0.10719140965325978,0.36986480863647553,20.333333333333332
2022-11-05,ensemble,v1.0.0,"[2, 20, 31, 40, 48, 49]",44,1,1,2,2,[40],0.10765936309668854,0.37298436597433754,26.0
2022-11-09,random,v1.0.0,"[21, 23, 30, 34, 41, 49]",13,0,0,0,0,[],0.10745522698875466,0.37177617994345313,33.0
2022-11-09,long_frequency,v1.0.0,"[21, 23, 30, 34, 41, 49]",13,1,1,2,5,[34],0.10678927992758212,0.36866568751427303,16.333333333333332
2022-11-09,recent_frequency,v1.0.0,"[21, 23, 30, 34, 41, 49]",13,0,0,1,2,[],0.10872148937942523,0.3785188981641046,26.666666666666668
2022-11-09,ema_gap,v1.0.0,"[21, 23, 30, 34, 41, 49]",13,1,1,2,3,[21],0.1079733961703003,0.3753666499825585,24.166666666666668
2022-11-09,logistic,v1.0.0,"[21, 23, 30, 34, 41, 49]",13,2,2,2,2,"[23, 49]",0.10684717455118964,0.3691419787005852,22.166666666666668
2022-11-09,ensemble,v1.0.0,"[21, 23, 30, 34, 41, 49]",13,2,2,3,3,"[21, 49]",0.10719675120645332,0.3709851178490619,23.333333333333332
2022-11-12,random,v1.0.0,"[1, 20, 24, 32, 36, 37]",5,1,1,1,1,[1],0.10745522698875466,0.3717761799434532,25.0
2022-11-12,long_frequency,v1.0.0,"[1, 20, 24, 32, 36, 37]",5,0,0,1,2,[],0.10769093004082506,0.3728394122369129,26.666666666666668
2022-11-12,recent_frequency,v1.0.0,"[1, 20, 24, 32, 36, 37]",5,1,1,1,1,[36],0.10825079550187423,0.3753004267991987,26.833333333333332
2022-11-12,ema_gap,v1.0.0,"[1, 20, 24, 32, 36, 37]",5,0,0,1,1,[],0.11010830114124748,0.3822337700886623,26.666666666666668
2022-11-12,logistic,v1.0.0,"[1, 20, 24, 32, 36, 37]",5,1,1,1,2,[36],0.1073920082013466,0.37129781408791557,24.5
2022-11-12,ensemble,v1.0.0,"[1, 20, 24, 32, 36, 37]",5,1,1,1,2,[36],0.10797214455809902,0.37399510736121383,27.333333333333332
2022-11-16,random,v1.0.0,"[4, 6, 12, 20, 41, 44]",31,2,2,3,3,"[4, 6]",0.10745522698875465,0.37177617994345336,21.166666666666668
2022-11-16,long_frequency,v1.0.0,"[4, 6, 12, 20, 41, 44]",31,0,0,1,3,[],0.10733635553322063,0.37116229665973893,21.666666666666668
2022-11-16,recent_frequency,v1.0.0,"[4, 6, 12, 20, 41, 44]",31,1,1,2,3,[12],0.10701895876718036,0.36967580867054767,22.333333333333332
2022-11-16,ema_gap,v1.0.0,"[4, 6, 12, 20, 41, 44]",31,0,0,1,1,[],0.10995013961802914,0.3797762944840113,25.0
2022-11-16,logistic,v1.0.0,"[4, 6, 12, 20, 41, 44]",31,1,1,1,3,[41],0.10733340687318098,0.37113321142008787,24.333333333333332
2022-11-16,ensemble,v1.0.0,"[4, 6, 12, 20, 41, 44]",31,1,1,2,2,[41],0.1075209643667148,0.371861376444115,23.5
2022-11-19,random,v1.0.0,"[12, 16, 21, 32, 38, 45]",15,0,0,1,2,[],0.10745522698875465,0.37177617994345324,27.333333333333332
2022-11-19,long_frequency,v1.0.0,"[12, 16, 21, 32, 38, 45]",15,2,2,2,3,"[38, 45]",0.10690594994985149,0.3692516500195199,18.5
2022-11-19,recent_frequency,v1.0.0,"[12, 16, 21, 32, 38, 45]",15,2,2,2,2,"[12, 21]",0.10727561182840482,0.3712860915836455,24.333333333333332
2022-11-19,ema_gap,v1.0.0,"[12, 16, 21, 32, 38, 45]",15,1,1,2,2,[21],0.10851800585154976,0.377477087386963,26.0
2022-11-19,logistic,v1.0.0,"[12, 16, 21, 32, 38, 45]",15,0,0,1,2,[],0.10888864649749525,0.3788824569450221,28.166666666666668
2022-11-19,ensemble,v1.0.0,"[12, 16, 21, 32, 38, 45]",15,0,0,2,3,[],0.10783191148813297,0.37338545469480955,24.833333333333332
2022-11-23,random,v1.0.0,"[3, 14, 19, 20, 28, 47]",37,1,1,1,2,[3],0.10745522698875466,0.37177617994345324,21.833333333333332
2022-11-23,long_frequency,v1.0.0,"[3, 14, 19, 20, 28, 47]",37,0,0,2,2,[],0.10774986974867878,0.3731950731813152,25.666666666666668
2022-11-23,recent_frequency,v1.0.0,"[3, 14, 19, 20, 28, 47]",37,0,0,0,2,[],0.11142859142024157,0.39045005803236704,33.833333333333336
2022-11-23,ema_gap,v1.0.0,"[3, 14, 19, 20, 28, 47]",37,0,0,1,1,[],0.11280840575049508,0.395744229031478,31.833333333333332
2022-11-23,logistic,v1.0.0,"[3, 14, 19, 20, 28, 47]",37,0,0,1,2,[],0.10783185715091984,0.3735105620563764,27.5
2022-11-23,ensemble,v1.0.0,"[3, 14, 19, 20, 28, 47]",37,0,0,1,1,[],0.10931741657805849,0.38035884033727047,33.833333333333336
2022-11-26,random,v1.0.0,"[18, 26, 32, 37, 42, 43]",10,0,0,0,1,[],0.10745522698875466,0.37177617994345313,33.0
2022-11-26,long_frequency,v1.0.0,"[18, 26, 32, 37, 42, 43]",10,1,1,1,1,[43],0.10767117304957156,0.3727420537341019,26.833333333333332
2022-11-26,recent_frequency,v1.0.0,"[18, 26, 32, 37, 42, 43]",10,0,0,1,2,[],0.10897079550187425,0.37870553652629585,28.0
2022-11-26,ema_gap,v1.0.0,"[18, 26, 32, 37, 42, 43]",10,0,0,1,1,[],0.11262644224511985,0.3954419351860668,31.166666666666668
2022-11-26,logistic,v1.0.0,"[18, 26, 32, 37, 42, 43]",10,0,0,0,1,[],0.10875694084096282,0.37758616016060426,29.833333333333332
2022-11-26,ensemble,v1.0.0,"[18, 26, 32, 37, 42, 43]",10,0,0,0,1,[],0.10924826732105326,0.37981748031354756,29.833333333333332
2022-11-30,random,v1.0.0,"[4, 11, 16, 19, 27, 35]",25,1,1,2,3,[4],0.10745522698875465,0.37177617994345336,18.666666666666668
2022-11-30,long_frequency,v1.0.0,"[4, 11, 16, 19, 27, 35]",25,0,0,1,2,[],0.10769706672479937,0.3728590700789889,27.333333333333332
2022-11-30,recent_frequency,v1.0.0,"[4, 11, 16, 19, 27, 35]",25,1,1,1,2,[35],0.10872883631820075,0.37735164797510046,27.5
2022-11-30,ema_gap,v1.0.0,"[4, 11, 16, 19, 27, 35]",25,2,2,2,2,"[19, 35]",0.10973308738051221,0.3844156390174275,27.833333333333332
2022-11-30,logistic,v1.0.0,"[4, 11, 16, 19, 27, 35]",25,2,2,2,3,"[11, 27]",0.10659474883035541,0.3678808584652882,21.666666666666668
2022-11-30,ensemble,v1.0.0,"[4, 11, 16, 19, 27, 35]",25,1,1,2,3,[35],0.10755529357766111,0.37220268016764685,25.0
2022-12-03,random,v1.0.0,"[4, 18, 26, 36, 41, 42]",32,1,1,1,2,[4],0.10745522698875466,0.3717761799434532,27.833333333333332
2022-12-03,long_frequency,v1.0.0,"[4, 18, 26, 36, 41, 42]",32,0,0,0,3,[],0.10755192418997486,0.3721678800172413,25.166666666666668
2022-12-03,recent_frequency,v1.0.0,"[4, 18, 26, 36, 41, 42]",32,1,1,2,2,[36],0.1069925097875885,0.36922242860234894,22.333333333333332
2022-12-03,ema_gap,v1.0.0,"[4, 18, 26, 36, 41, 42]",32,1,1,3,4,[36],0.10511509239549197,0.3589906333155558,16.5
2022-12-03,logistic,v1.0.0,"[4, 18, 26, 36, 41, 42]",32,0,0,0,1,[],0.1083549667152097,0.3748791863494152,27.166666666666668
2022-12-03,ensemble,v1.0.0,"[4, 18, 26, 36, 41, 42]",32,0,0,2,4,[],0.10694973269061714,0.3693600604741725,20.5
2022-12-07,random,v1.0.0,"[22, 23, 38, 41, 44, 48]",8,0,0,0,0,[],0.10745522698875466,0.37177617994345313,36.0
2022-12-07,long_frequency,v1.0.0,"[22, 23, 38, 41, 44, 48]",8,1,1,2,3,[38],0.10704592872981393,0.36981078000279083,17.833333333333332
2022-12-07,recent_frequency,v1.0.0,"[22, 23, 38, 41, 44, 48]",8,0,0,1,2,[],0.10799120366513952,0.37352521604677147,26.5
2022-12-07,ema_gap,v1.0.0,"[22, 23, 38, 41, 44, 48]",8,1,1,1,1,[41],0.10912567644034898,0.37805856207345506,25.166666666666668
2022-12-07,logistic,v1.0.0,"[22, 23, 38, 41, 44, 48]",8,1,1,1,2,[38],0.10775172891340247,0.3730597721091189,25.666666666666668
2022-12-07,ensemble,v1.0.0,"[22, 23, 38, 41, 44, 48]",8,1,1,1,1,[41],0.10773791259202418,0.37288668055520074,24.833333333333332
2022-12-10,random,v1.0.0,"[10, 14, 20, 35, 37, 40]",48,0,0,1,2,[],0.10745522698875465,0.37177617994345324,26.0
2022-12-10,long_frequency,v1.0.0,"[10, 14, 20, 35, 37, 40]",48,1,1,2,2,[40],0.10746145526506906,0.3718688214414482,24.333333333333332
2022-12-10,recent_frequency,v1.0.0,"[10, 14, 20, 35, 37, 40]",48,2,2,3,4,"[35, 40]",0.10504214244064974,0.36037719195824147,16.166666666666668
2022-12-10,ema_gap,v1.0.0,"[10, 14, 20, 35, 37, 40]",48,2,2,3,4,"[35, 40]",0.10278680926566709,0.3496888744318655,14.0
2022-12-10,logistic,v1.0.0,"[10, 14, 20, 35, 37, 40]",48,1,1,1,2,[35],0.10730460776177436,0.3714775357951583,26.166666666666668
2022-12-10,ensemble,v1.0.0,"[10, 14, 20, 35, 37, 40]",48,2,2,2,3,"[35, 40]",0.10580775694710387,0.36425857442054843,18.5
2022-12-14,random,v1.0.0,"[9, 21, 34, 37, 41, 44]",24,0,0,1,1,[],0.10745522698875466,0.3717761799434531,31.0
2022-12-14,long_frequency,v1.0.0,"[9, 21, 34, 37, 41, 44]",24,1,1,1,4,[34],0.10676584974802734,0.36854334445099585,15.833333333333334
2022-12-14,recent_frequency,v1.0.0,"[9, 21, 34, 37, 41, 44]",24,2,2,4,5,"[21, 44]",0.10312410162432317,0.35243431799777547,13.0
2022-12-14,ema_gap,v1.0.0,"[9, 21, 34, 37, 41, 44]",24,2,2,4,5,"[21, 41]",0.10126526969049654,0.3446422713459233,13.166666666666666
2022-12-14,logistic,v1.0.0,"[9, 21, 34, 37, 41, 44]",24,0,0,0,0,[],0.10852411278633946,0.37664124593550874,30.833333333333332
2022-12-14,ensemble,v1.0.0,"[9, 21, 34, 37, 41, 44]",24,2,2,4,4,"[21, 41]",0.10544563976488384,0.36271628751113266,14.0
2022-12-17,random,v1.0.0,"[11, 18, 20, 23, 29, 42]",6,0,0,1,2,[],0.10745522698875465,0.37177617994345324,23.833333333333332
2022-12-17,long_frequency,v1.0.0,"[11, 18, 20, 23, 29, 42]",6,0,0,2,2,[],0.10776033557317587,0.3731816040426345,28.166666666666668
2022-12-17,recent_frequency,v1.0.0,"[11, 18, 20, 23, 29, 42]",6,0,0,0,0,[],0.11025846897126199,0.3839649783311077,31.166666666666668
2022-12-17,ema_gap,v1.0.0,"[11, 18, 20, 23, 29, 42]",6,0,0,1,3,[],0.11002210632331257,0.3806347178249733,24.0
2022-12-17,logistic,v1.0.0,"[11, 18, 20, 23, 29, 42]",6,2,2,3,3,"[18, 20]",0.10606478688838313,0.3651844045718834,20.833333333333332
2022-12-17,ensemble,v1.0.0,"[11, 18, 20, 23, 29, 42]",6,1,1,2,2,[20],0.10754150293821048,0.372127209098008,24.0
2022-12-21,random,v1.0.0,"[29, 34, 37, 38, 42, 49]",41,0,0,0,0,[],0.10745522698875469,0.3717761799434531,38.166666666666664
2022-12-21,long_frequency,v1.0.0,"[29, 34, 37, 38, 42, 49]",41,2,2,2,3,"[34, 38]",0.10690358519616308,0.3692041733622678,18.833333333333332
2022-12-21,recent_frequency,v1.0.0,"[29, 34, 37, 38, 42, 49]",41,0,0,1,3,[],0.10681814244064973,0.3678053328661972,22.166666666666668
2022-12-21,ema_gap,v1.0.0,"[29, 34, 37, 38, 42, 49]",41,1,1,2,3,[37],0.10552299632049753,0.3603790680550278,17.666666666666668
2022-12-21,logistic,v1.0.0,"[29, 34, 37, 38, 42, 49]",41,3,3,3,4,"[38, 42, 49]",0.10570710645033882,0.3636117700814395,12.0
2022-12-21,ensemble,v1.0.0,"[29, 34, 37, 38, 42, 49]",41,1,1,3,4,[37],0.10581088389153029,0.3639992287377836,14.333333333333334
2022-12-24,random,v1.0.0,"[10, 11, 21, 22, 24, 30]",32,0,0,2,2,[],0.10745522698875465,0.37177617994345324,19.666666666666668
2022-12-24,long_frequency,v1.0.0,"[10, 11, 21, 22, 24, 30]",32,0,0,1,1,[],0.10795447119265299,0.37404470945980717,30.166666666666668
2022-12-24,recent_frequency,v1.0.0,"[10, 11, 21, 22, 24, 30]",32,1,1,2,2,[21],0.10707332611411913,0.3706314081625403,22.833333333333332
2022-12-24,ema_gap,v1.0.0,"[10, 11, 21, 22, 24, 30]",32,1,1,1,3,[21],0.10756925718472322,0.3725431190126654,22.666666666666668
2022-12-24,logistic,v1.0.0,"[10, 11, 21, 22, 24, 30]",32,1,1,1,2,[21],0.10789336574737571,0.37454602760193223,28.833333333333332
2022-12-24,ensemble,v1.0.0,"[10, 11, 21, 22, 24, 30]",32,1,1,1,2,[21],0.10750541362335683,0.3725911148429032,24.833333333333332
2023-01-04,random,v1.0.0,"[4, 17, 21, 22, 31, 38]",46,1,1,1,2,[4],0.10745522698875466,0.37177617994345324,22.166666666666668
2023-01-04,long_frequency,v1.0.0,"[4, 17, 21, 22, 31, 38]",46,2,2,3,4,"[31, 38]",0.1068893466765077,0.3691601947289148,18.166666666666668
2023-01-04,recent_frequency,v1.0.0,"[4, 17, 21, 22, 31, 38]",46,1,1,1,1,[21],0.10832426488962935,0.37759166874692784,26.5
2023-01-04,ema_gap,v1.0.0,"[4, 17, 21, 22, 31, 38]",46,1,1,1,2,[21],0.10765934341093597,0.3764098513659768,25.333333333333332
2023-01-04,logistic,v1.0.0,"[4, 17, 21, 22, 31, 38]",46,2,2,3,4,"[4, 17]",0.10679691930457508,0.36917153309908735,20.333333333333332
2023-01-04,ensemble,v1.0.0,"[4, 17, 21, 22, 31, 38]",46,1,1,3,3,[21],0.10695856452853897,0.3697440577028381,22.5
2023-01-07,random,v1.0.0,"[5, 6, 14, 16, 45, 48]",18,2,2,2,4,"[5, 6]",0.10745522698875465,0.37177617994345336,22.333333333333332
2023-01-07,long_frequency,v1.0.0,"[5, 6, 14, 16, 45, 48]",18,1,1,1,1,[45],0.10805355112294142,0.37467896406255013,32.5
2023-01-07,recent_frequency,v1.0.0,"[5, 6, 14, 16, 45, 48]",18,0,0,0,1,[],0.10929504039983341,0.3789770768578873,27.5
2023-01-07,ema_gap,v1.0.0,"[5, 6, 14, 16, 45, 48]",18,0,0,0,0,[],0.11366041859375137,0.39803179033209996,32.666666666666664
2023-01-07,logistic,v1.0.0,"[5, 6, 14, 16, 45, 48]",18,1,1,1,3,[48],0.10694654169154856,0.36924655021390373,23.166666666666668
2023-01-07,ensemble,v1.0.0,"[5, 6, 14, 16, 45, 48]",18,0,0,1,2,[],0.10853739019881926,0.37671290023853793,29.5
2023-01-11,random,v1.0.0,"[13, 17, 22, 30, 31, 47]",7,0,0,0,2,[],0.10745522698875466,0.37177617994345324,26.666666666666668
2023-01-11,long_frequency,v1.0.0,"[13, 17, 22, 30, 31, 47]",7,1,1,2,2,[31],0.10752930063996134,0.37215393774459704,27.166666666666668
2023-01-11,recent_frequency,v1.0.0,"[13, 17, 22, 30, 31, 47]",7,0,0,0,1,[],0.11269128529779261,0.397795788897935,37.166666666666664
2023-01-11,ema_gap,v1.0.0,"[13, 17, 22, 30, 31, 47]",7,0,0,0,1,[],0.11469120386973004,0.4058684005670905,36.166666666666664
2023-01-11,logistic,v1.0.0,"[13, 17, 22, 30, 31, 47]",7,0,0,1,2,[],0.10786115311353854,0.37345438423319427,28.166666666666668
2023-01-11,ensemble,v1.0.0,"[13, 17, 22, 30, 31, 47]",7,0,0,0,0,[],0.10988469089910494,0.38315788849238747,37.666666666666664
2023-01-14,random,v1.0.0,"[1, 10, 11, 13, 29, 37]",47,1,1,3,4,[1],0.10745522698875463,0.3717761799434534,16.833333333333332
2023-01-14,long_frequency,v1.0.0,"[1, 10, 11, 13, 29, 37]",47,0,0,0,0,[],0.10841777781070454,0.3762489628269284,36.166666666666664
2023-01-14,recent_frequency,v1.0.0,"[1, 10, 11, 13, 29, 37]",47,0,0,2,2,[],0.10727855060391504,0.3701431850617789,23.166666666666668
2023-01-14,ema_gap,v1.0.0,"[1, 10, 11, 13, 29, 37]",47,1,1,2,3,[37],0.10630717944740156,0.3653531473782088,20.666666666666668
2023-01-14,logistic,v1.0.0,"[1, 10, 11, 13, 29, 37]",47,1,1,1,3,[37],0.1066548351723173,0.3674781579180527,18.833333333333332
2023-01-14,ensemble,v1.0.0,"[1, 10, 11, 13, 29, 37]",47,1,1,2,2,[37],0.10682087430496427,0.36838476774772244,21.5
2023-01-18,random,v1.0.0,"[6, 13, 25, 31, 41, 47]",46,1,1,1,2,[6],0.10745522698875465,0.3717761799434532,27.166666666666668
2023-01-18,long_frequency,v1.0.0,"[6, 13, 25, 31, 41, 47]",46,1,1,2,3,[31],0.10744819479314416,0.3717961089297808,25.833333333333332
2023-01-18,recent_frequency,v1.0.0,"[6, 13, 25, 31, 41, 47]",46,0,0,1,1,[],0.10874353019575178,0.37678006942501535,28.0
2023-01-18,ema_gap,v1.0.0,"[6, 13, 25, 31, 41, 47]",46,1,1,1,2,[41],0.10879660415083911,0.3763320629445228,25.0
2023-01-18,logistic,v1.0.0,"[6, 13, 25, 31, 41, 47]",46,0,0,0,1,[],0.10897201101182988,0.3787307424930593,31.5
2023-01-18,ensemble,v1.0.0,"[6, 13, 25, 31, 41, 47]",46,1,1,1,1,[41],0.10835624174021383,0.3759358780915084,30.833333333333332
2023-01-21,random,v1.0.0,"[8, 11, 27, 35, 38, 45]",48,0,0,2,2,[],0.10745522698875465,0.37177617994345313,27.333333333333332
2023-01-21,long_frequency,v1.0.0,"[8, 11, 27, 35, 38, 45]",48,2,2,3,3,"[38, 45]",0.10694353947246024,0.3694492008249879,20.333333333333332
2023-01-21,recent_frequency,v1.0.0,"[8, 11, 27, 35, 38, 45]",48,1,1,1,1,[35],0.10851185672636406,0.3764701451750492,26.333333333333332
2023-01-21,ema_gap,v1.0.0,"[8, 11, 27, 35, 38, 45]",48,1,1,3,3,[35],0.10885045366735865,0.3777994557627793,24.166666666666668
2023-01-21,logistic,v1.0.0,"[8, 11, 27, 35, 38, 45]",48,0,0,1,3,[],0.10764862976062771,0.3723475253305343,23.166666666666668
2023-01-21,ensemble,v1.0.0,"[8, 11, 27, 35, 38, 45]",48,2,2,3,3,"[35, 38]",0.1075927982974178,0.37247832848778983,22.666666666666668
2023-01-25,random,v1.0.0,"[5, 13, 24, 33, 35, 41]",43,1,1,1,2,[5],0.10745522698875466,0.3717761799434532,25.166666666666668
2023-01-25,long_frequency,v1.0.0,"[5, 13, 24, 33, 35, 41]",43,0,0,0,1,[],0.10804006146129844,0.37445346772876253,31.666666666666668
2023-01-25,recent_frequency,v1.0.0,"[5, 13, 24, 33, 35, 41]",43,1,1,2,3,[35],0.10556426488962932,0.36233501257434597,19.0
2023-01-25,ema_gap,v1.0.0,"[5, 13, 24, 33, 35, 41]",43,2,2,3,3,"[35, 41]",0.1042538674350272,0.3589524535470258,19.833333333333332
2023-01-25,logistic,v1.0.0,"[5, 13, 24, 33, 35, 41]",43,0,0,2,2,[],0.1072817711375706,0.3707337716814832,24.0
2023-01-25,ensemble,v1.0.0,"[5, 13, 24, 33, 35, 41]",43,2,2,2,3,"[35, 41]",0.10617236351097953,0.36627446391233565,21.5
2023-01-28,random,v1.0.0,"[5, 12, 15, 26, 46, 48]",17,1,1,2,3,[5],0.10745522698875465,0.37177617994345336,25.333333333333332
2023-01-28,long_frequency,v1.0.0,"[5, 12, 15, 26, 46, 48]",17,0,0,1,1,[],0.10777211933465645,0.3732032131997067,28.166666666666668
2023-01-28,recent_frequency,v1.0.0,"[5, 12, 15, 26, 46, 48]",17,0,0,1,2,[],0.10852361182840485,0.37660037492778614,27.166666666666668
2023-01-28,ema_gap,v1.0.0,"[5, 12, 15, 26, 46, 48]",17,0,0,0,0,[],0.11297382350230625,0.39667736733556325,31.833333333333332
2023-01-28,logistic,v1.0.0,"[5, 12, 15, 26, 46, 48]",17,0,0,1,1,[],0.10844077132216477,0.37607014289222984,27.166666666666668
2023-01-28,ensemble,v1.0.0,"[5, 12, 15, 26, 46, 48]",17,0,0,0,0,[],0.10908881540467813,0.3787872744452087,29.5
2023-02-01,random,v1.0.0,"[8, 22, 23, 24, 34, 38]",41,0,0,1,1,[],0.10745522698875466,0.3717761799434532,24.833333333333332
2023-02-01,long_frequency,v1.0.0,"[8, 22, 23, 24, 34, 38]",41,2,2,3,3,"[34, 38]",0.10691735083675814,0.3692818595478672,19.166666666666668
2023-02-01,recent_frequency,v1.0.0,"[8, 22, 23, 24, 34, 38]",41,0,0,0,3,[],0.10729618325697625,0.36958476714258165,24.0
2023-02-01,ema_gap,v1.0.0,"[8, 22, 23, 24, 34, 38]",41,0,0,1,3,[],0.1076790513169173,0.3695893833295694,22.5
2023-02-01,logistic,v1.0.0,"[8, 22, 23, 24, 34, 38]",41,1,1,2,2,[23],0.10795041952240131,0.37409867473102887,24.833333333333332
2023-02-01,ensemble,v1.0.0,"[8, 22, 23, 24, 34, 38]",41,0,0,1,3,[],0.10729373859488771,0.3707581418837026,21.333333333333332
2023-02-04,random,v1.0.0,"[11, 13, 29, 31, 42, 47]",17,0,0,1,2,[],0.10745522698875466,0.37177617994345313,28.833333333333332
2023-02-04,long_frequency,v1.0.0,"[11, 13, 29, 31, 42, 47]",17,1,1,2,2,[31],0.10743571115342493,0.3717169060571296,26.166666666666668
2023-02-04,recent_frequency,v1.0.0,"[11, 13, 29, 31, 42, 47]",17,0,0,0,2,[],0.10754548937942526,0.37083082862751343,25.0
2023-02-04,ema_gap,v1.0.0,"[11, 13, 29, 31, 42, 47]",17,0,0,2,3,[],0.10662028512709215,0.3651570641416652,20.166666666666668
2023-02-04,logistic,v1.0.0,"[11, 13, 29, 31, 42, 47]",17,1,1,2,5,[47],0.10463165204469824,0.35824796205794623,13.833333333333334
2023-02-04,ensemble,v1.0.0,"[11, 13, 29, 31, 42, 47]",17,1,1,4,5,[11],0.1056399438932966,0.3633237881248467,12.0
2023-02-08,random,v1.0.0,"[6, 12, 19, 24, 38, 47]",27,1,1,2,2,[6],0.10745522698875465,0.37177617994345324,24.333333333333332
2023-02-08,long_frequency,v1.0.0,"[6, 12, 19, 24, 38, 47]",27,1,1,2,2,[38],0.10733857965673602,0.37120165639121966,22.666666666666668
2023-02-08,recent_frequency,v1.0.0,"[6, 12, 19, 24, 38, 47]",27,0,0,1,2,[],0.10632834652228239,0.365247127278104,21.666666666666668
2023-02-08,ema_gap,v1.0.0,"[6, 12, 19, 24, 38, 47]",27,1,1,2,2,[38],0.10569977045932664,0.3609252890950714,18.833333333333332
2023-02-08,logistic,v1.0.0,"[6, 12, 19, 24, 38, 47]",27,0,0,1,2,[],0.10806582316976508,0.3746372698457257,27.333333333333332
2023-02-08,ensemble,v1.0.0,"[6, 12, 19, 24, 38, 47]",27,1,1,2,2,[38],0.10691494782451341,0.3689468434137822,21.5
2023-02-11,random,v1.0.0,"[4, 17, 21, 27, 32, 42]",30,1,1,1,2,[4],0.10745522698875465,0.37177617994345324,23.833333333333332
2023-02-11,long_frequency,v1.0.0,"[4, 17, 21, 27, 32, 42]",30,0,0,2,3,[],0.10736451343846583,0.3712951870414408,22.333333333333332
2023-02-11,recent_frequency,v1.0.0,"[4, 17, 21, 27, 32, 42]",30,1,1,1,2,[21],0.10806320366513954,0.3760709672331276,26.833333333333332
2023-02-11,ema_gap,v1.0.0,"[4, 17, 21, 27, 32, 42]",30,1,1,2,2,[21],0.10991745623487643,0.38438164159090044,28.0
2023-02-11,logistic,v1.0.0,"[4, 17, 21, 27, 32, 42]",30,0,0,0,1,[],0.11037672467858689,0.38547716281149985,37.166666666666664
2023-02-11,ensemble,v1.0.0,"[4, 17, 21, 27, 32, 42]",30,1,1,1,2,[21],0.10919339056474377,0.38031664125050385,30.833333333333332
2023-02-15,random,v1.0.0,"[1, 3, 8, 37, 41, 43]",16,2,2,3,3,"[1, 3]",0.10745522698875465,0.37177617994345336,22.166666666666668
2023-02-15,long_frequency,v1.0.0,"[1, 3, 8, 37, 41, 43]",16,1,1,1,2,[43],0.10753231676755551,0.37210667318428053,24.5
2023-02-15,recent_frequency,v1.0.0,"[1, 3, 8, 37, 41, 43]",16,1,1,1,2,[41],0.10929504039983341,0.3813204763929724,27.5
2023-02-15,ema_gap,v1.0.0,"[1, 3, 8, 37, 41, 43]",16,1,1,2,2,[41],0.10975417724052688,0.3861323052326613,28.166666666666668
2023-02-15,logistic,v1.0.0,"[1, 3, 8, 37, 41, 43]",16,1,1,3,3,[43],0.10631809204442462,0.3667056938256171,19.0
2023-02-15,ensemble,v1.0.0,"[1, 3, 8, 37, 41, 43]",16,2,2,2,2,"[37, 41]",0.10747064270334279,0.3720175730072519,26.333333333333332
2023-02-18,random,v1.0.0,"[3, 5, 7, 10, 26, 39]",22,2,2,4,4,"[3, 5]",0.10745522698875465,0.37177617994345347,15.0
2023-02-18,long_frequency,v1.0.0,"[3, 5, 7, 10, 26, 39]",22,0,0,0,1,[],0.10783240118898899,0.3734678837442058,28.333333333333332
2023-02-18,recent_frequency,v1.0.0,"[3, 5, 7, 10, 26, 39]",22,0,0,0,0,[],0.10979512203248647,0.3820652707197739,29.333333333333332
2023-02-18,ema_gap,v1.0.0,"[3, 5, 7, 10, 26, 39]",22,0,0,0,1,[],0.11326799200282138,0.40007672460511584,32.166666666666664
2023-02-18,logistic,v1.0.0,"[3, 5, 7, 10, 26, 39]",22,0,0,1,3,[],0.10752515507297991,0.37133183576258155,24.666666666666668
2023-02-18,ensemble,v1.0.0,"[3, 5, 7, 10, 26, 39]",22,0,0,0,2,[],0.10878052710423755,0.37798122014409963,31.666666666666668
2023-02-22,random,v1.0.0,"[3, 19, 24, 25, 27, 43]",34,1,1,1,1,[3],0.10745522698875466,0.3717761799434532,23.5
2023-02-22,long_frequency,v1.0.0,"[3, 19, 24, 25, 27, 43]",34,1,1,2,2,[43],0.10734752955492921,0.3712452225846845,22.666666666666668
2023-02-22,recent_frequency,v1.0.0,"[3, 19, 24, 25, 27, 43]",34,0,0,0,1,[],0.1109887546855477,0.3885213181593674,34.0
2023-02-22,ema_gap,v1.0.0,"[3, 19, 24, 25, 27, 43]",34,0,0,1,2,[],0.11089570436551142,0.3862806265305614,29.5
2023-02-22,logistic,v1.0.0,"[3, 19, 24, 25, 27, 43]",34,1,1,2,2,[43],0.10750045500482336,0.37223167403396407,24.5
2023-02-22,ensemble,v1.0.0,"[3, 19, 24, 25, 27, 43]",34,0,0,2,2,[],0.10862109374135769,0.3770959505682441,30.5
2023-02-25,random,v1.0.0,"[2, 23, 24, 25, 39, 40]",21,1,1,1,1,[2],0.10745522698875465,0.3717761799434532,25.5
2023-02-25,long_frequency,v1.0.0,"[2, 23, 24, 25, 39, 40]",21,1,1,2,2,[40],0.10760975016096791,0.372507926450141,27.833333333333332
2023-02-25,recent_frequency,v1.0.0,"[2, 23, 24, 25, 39, 40]",21,1,1,2,2,[24],0.11022467305289463,0.3867216241792083,29.0
2023-02-25,ema_gap,v1.0.0,"[2, 23, 24, 25, 39, 40]",21,1,1,1,1,[24],0.11121896203561925,0.39271363102040463,28.666666666666668
2023-02-25,logistic,v1.0.0,"[2, 23, 24, 25, 39, 40]",21,0,0,2,2,[],0.10741426099173534,0.3711983140021133,23.5
2023-02-25,ensemble,v1.0.0,"[2, 23, 24, 25, 39, 40]",21,1,1,1,2,[24],0.10860212710967565,0.37729765988343944,28.333333333333332
2023-03-01,random,v1.0.0,"[3, 8, 10, 14, 34, 35]",44,1,1,3,4,[3],0.10745522698875465,0.37177617994345336,17.333333333333332
2023-03-01,long_frequency,v1.0.0,"[3, 8, 10, 14, 34, 35]",44,1,1,1,1,[34],0.10764497876802635,0.37271157996057547,26.166666666666668
2023-03-01,recent_frequency,v1.0.0,"[3, 8, 10, 14, 34, 35]",44,1,1,1,3,[35],0.10628279550187422,0.3655544648662795,20.666666666666668
2023-03-01,ema_gap,v1.0.0,"[3, 8, 10, 14, 34, 35]",44,1,1,2,3,[35],0.10716576640166807,0.36836192613651086,21.333333333333332
2023-03-01,logistic,v1.0.0,"[3, 8, 10, 14, 34, 35]",44,0,0,1,1,[],0.10828410481844697,0.37539730964019,27.833333333333332
2023-03-01,ensemble,v1.0.0,"[3, 8, 10, 14, 34, 35]",44,1,1,1,2,[35],0.10725854998166853,0.3706459075132388,23.666666666666668
2023-03-04,random,v1.0.0,"[3, 9, 19, 22, 37, 43]",27,1,1,2,2,[3],0.10745522698875465,0.37177617994345324,22.166666666666668
2023-03-04,long_frequency,v1.0.0,"[3, 9, 19, 22, 37, 43]",27,1,1,1,2,[43],0.10717942705342824,0.3704246302186754,20.166666666666668
2023-03-04,recent_frequency,v1.0.0,"[3, 9, 19, 22, 37, 43]",27,1,1,2,4,[37],0.10703071386922117,0.3694909418833146,20.666666666666668
2023-03-04,ema_gap,v1.0.0,"[3, 9, 19, 22, 37, 43]",27,1,1,2,4,[37],0.10646472345100935,0.36543807932812217,20.0
2023-03-04,logistic,v1.0.0,"[3, 9, 19, 22, 37, 43]",27,0,0,2,2,[],0.10845642396388122,0.3763762171195086,30.0
2023-03-04,ensemble,v1.0.0,"[3, 9, 19, 22, 37, 43]",27,1,1,2,3,[3],0.10718413689836365,0.37046812940513224,22.0
2023-03-08,random,v1.0.0,"[6, 9, 25, 34, 36, 43]",38,1,1,2,2,[6],0.10745522698875465,0.3717761799434532,25.5
2023-03-08,long_frequency,v1.0.0,"[6, 9, 25, 34, 36, 43]",38,2,2,2,4,"[34, 43]",0.10705425587498785,0.36994718583139197,21.0
2023-03-08,recent_frequency,v1.0.0,"[6, 9, 25, 34, 36, 43]",38,1,1,2,3,[36],0.1075205097875885,0.3714947481701345,22.666666666666668
2023-03-08,ema_gap,v1.0.0,"[6, 9, 25, 34, 36, 43]",38,0,0,0,1,[],0.10967187406859072,0.37805616822458293,24.166666666666668
2023-03-08,logistic,v1.0.0,"[6, 9, 25, 34, 36, 43]",38,0,0,1,3,[],0.10794878460621621,0.37404525614615125,27.0
2023-03-08,ensemble,v1.0.0,"[6, 9, 25, 34, 36, 43]",38,0,0,1,2,[],0.10784761600379794,0.3732040538653299,26.0
2023-03-11,random,v1.0.0,"[6, 13, 21, 29, 33, 49]",22,1,1,1,2,[6],0.10745522698875466,0.37177617994345324,25.166666666666668
2023-03-11,long_frequency,v1.0.0,"[6, 13, 21, 29, 33, 49]",22,0,0,1,2,[],0.10782633747286467,0.3734528345258959,28.833333333333332
2023-03-11,recent_frequency,v1.0.0,"[6, 13, 21, 29, 33, 49]",22,1,1,3,3,[21],0.10385879550187421,0.3554236685820493,15.833333333333334
2023-03-11,ema_gap,v1.0.0,"[6, 13, 21, 29, 33, 49]",22,1,1,2,3,[21],0.10789849795782522,0.37297977125896786,23.666666666666668
2023-03-11,logistic,v1.0.0,"[6, 13, 21, 29, 33, 49]",22,0,0,2,2,[],0.10847504358813188,0.37602716966997696,27.0
2023-03-11,ensemble,v1.0.0,"[6, 13, 21, 29, 33, 49]",22,1,1,1,2,[21],0.10715655494351439,0.3700842784853668,23.0
2023-03-15,random,v1.0.0,"[4, 9, 26, 27, 28, 33]",30,1,1,2,2,[4],0.10745522698875465,0.3717761799434532,21.166666666666668
2023-03-15,long_frequency,v1.0.0,"[4, 9, 26, 27, 28, 33]",30,0,0,1,3,[],0.10749320827360838,0.3719096314504171,23.833333333333332
2023-03-15,recent_frequency,v1.0.0,"[4, 9, 26, 27, 28, 33]",30,1,1,1,1,[9],0.10902663223656811,0.3784708986703139,27.5
2023-03-15,ema_gap,v1.0.0,"[4, 9, 26, 27, 28, 33]",30,0,0,1,1,[],0.11174157675420138,0.39148396723139567,30.0
2023-03-15,logistic,v1.0.0,"[4, 9, 26, 27, 28, 33]",30,0,0,0,2,[],0.1078835868462562,0.37316390140562533,26.0
2023-03-15,ensemble,v1.0.0,"[4, 9, 26, 27, 28, 33]",30,0,0,0,1,[],0.10849618087200477,0.3765064697092972,31.5
2023-03-18,random,v1.0.0,"[4, 7, 8, 15, 34, 45]",1,1,1,3,4,[4],0.10745522698875466,0.37177617994345336,18.833333333333332
2023-03-18,long_frequency,v1.0.0,"[4, 7, 8, 15, 34, 45]",1,2,2,2,4,"[34, 45]",0.10665057807345811,0.36810471012238355,17.5
2023-03-18,recent_frequency,v1.0.0,"[4, 7, 8, 15, 34, 45]",1,0,0,0,1,[],0.10828018325697629,0.3740101606729112,26.166666666666668
2023-03-18,ema_gap,v1.0.0,"[4, 7, 8, 15, 34, 45]",1,0,0,0,1,[],0.11073537136676018,0.3850622916502525,27.833333333333332
2023-03-18,logistic,v1.0.0,"[4, 7, 8, 15, 34, 45]",1,0,0,0,2,[],0.10885046701022484,0.3769428584810948,26.5
2023-03-18,ensemble,v1.0.0,"[4, 7, 8, 15, 34, 45]",1,0,0,0,2,[],0.10835946688764402,0.37581679675026286,29.833333333333332
2023-03-22,random,v1.0.0,"[2, 7, 9, 11, 39, 41]",48,1,1,4,4,[2],0.10745522698875465,0.3717761799434534,18.166666666666668
2023-03-22,long_frequency,v1.0.0,"[2, 7, 9, 11, 39, 41]",48,0,0,0,3,[],0.10773374170042221,0.3730263018710185,27.0
2023-03-22,recent_frequency,v1.0.0,"[2, 7, 9, 11, 39, 41]",48,2,2,2,2,"[9, 41]",0.10850744856309871,0.3780092114020257,25.666666666666668
2023-03-22,ema_gap,v1.0.0,"[2, 7, 9, 11, 39, 41]",48,2,2,2,2,"[9, 41]",0.10870786555145914,0.3792435727732129,25.5
2023-03-22,logistic,v1.0.0,"[2, 7, 9, 11, 39, 41]",48,0,0,0,1,[],0.1079887516107916,0.3740574450306108,27.166666666666668
2023-03-22,ensemble,v1.0.0,"[2, 7, 9, 11, 39, 41]",48,2,2,2,2,"[9, 41]",0.10797396410123448,0.3745245380019308,25.333333333333332
2023-03-25,random,v1.0.0,"[11, 12, 13, 16, 22, 28]",27,0,0,2,4,[],0.10745522698875463,0.37177617994345336,17.0
2023-03-25,long_frequency,v1.0.0,"[11, 12, 13, 16, 22, 28]",27,0,0,0,0,[],0.10851423040940755,0.3766966438473915,39.166666666666664
2023-03-25,recent_frequency,v1.0.0,"[11, 12, 13, 16, 22, 28]",27,1,1,2,2,[13],0.10774777509371095,0.37273141502065954,23.5
2023-03-25,ema_gap,v1.0.0,"[11, 12, 13, 16, 22, 28]",27,0,0,2,3,[],0.10937641040124949,0.3810858170243345,25.333333333333332
2023-03-25,logistic,v1.0.0,"[11, 12, 13, 16, 22, 28]",27,0,0,0,0,[],0.1087259070644161,0.37735416735010807,31.666666666666668
2023-03-25,ensemble,v1.0.0,"[11, 12, 13, 16, 22, 28]",27,0,0,0,2,[],0.10845344211380244,0.3759848286062521,27.5
2023-03-29,random,v1.0.0,"[9, 10, 12, 17, 30, 45]",44,0,0,3,4,[],0.10745522698875465,0.37177617994345336,20.5
2023-03-29,long_frequency,v1.0.0,"[9, 10, 12, 17, 30, 45]",44,1,1,1,2,[45],0.10732269380376291,0.37117843307517884,24.333333333333332
2023-03-29,recent_frequency,v1.0.0,"[9, 10, 12, 17, 30, 45]",44,1,1,2,2,[9],0.10921863223656811,0.3817500371183663,27.166666666666668
2023-03-29,ema_gap,v1.0.0,"[9, 10, 12, 17, 30, 45]",44,1,1,2,3,[9],0.10958819387962196,0.3852662419536753,26.5
2023-03-29,logistic,v1.0.0,"[9, 10, 12, 17, 30, 45]",44,2,2,2,2,"[17, 30]",0.10641195828043487,0.36675389085069393,20.666666666666668
2023-03-29,ensemble,v1.0.0,"[9, 10, 12, 17, 30, 45]",44,1,1,1,2,[9],0.10743895467514009,0.3717131854478972,25.666666666666668
2023-04-01,random,v1.0.0,"[5, 11, 23, 31, 45, 49]",6,1,1,2,2,[5],0.10745522698875466,0.3717761799434532,27.333333333333332
2023-04-01,long_frequency,v1.0.0,"[5, 11, 23, 31, 45, 49]",6,2,2,3,4,"[31, 45]",0.10678270545581836,0.3687491721433843,19.666666666666668
2023-04-01,recent_frequency,v1.0.0,"[5, 11, 23, 31, 45, 49]",6,0,0,0,2,[],0.10848687713452729,0.37525564508778503,26.5
2023-04-01,ema_gap,v1.0.0,"[5, 11, 23, 31, 45, 49]",6,1,1,1,1,[11],0.10887408510197145,0.3761692727599754,25.0
2023-04-01,logistic,v1.0.0,"[5, 11, 23, 31, 45, 49]",6,0,0,0,2,[],0.10833982405718785,0.3752722559044735,28.666666666666668
2023-04-01,ensemble,v1.0.0,"[5, 11, 23, 31, 45, 49]",6,0,0,1,2,[],0.10789736410660218,0.3737091651101562,27.0
2023-04-05,random,v1.0.0,"[10, 17, 21, 22, 41, 42]",3,0,0,1,2,[],0.10745522698875466,0.37177617994345324,25.5
2023-04-05,long_frequency,v1.0.0,"[10, 17, 21, 22, 41, 42]",3,0,0,1,2,[],0.10753480686746539,0.3720769063010934,24.166666666666668
2023-04-05,recent_frequency,v1.0.0,"[10, 17, 21, 22, 41, 42]",3,2,2,4,4,"[21, 41]",0.10383381591003749,0.35622794638077393,15.5
2023-04-05,ema_gap,v1.0.0,"[10, 17, 21, 22, 41, 42]",3,3,3,4,4,"[10, 21, 41]",0.10245757540889358,0.34973275180268226,14.333333333333334
2023-04-05,logistic,v1.0.0,"[10, 17, 21, 22, 41, 42]",3,1,1,2,4,[17],0.1074181223730248,0.3719106062359001,22.666666666666668
2023-04-05,ensemble,v1.0.0,"[10, 17, 21, 22, 41, 42]",3,3,3,3,3,"[10, 21, 41]",0.10549104279564271,0.3628378684521574,15.833333333333334
2023-04-08,random,v1.0.0,"[8, 13, 16, 27, 31, 46]",41,0,0,1,3,[],0.10745522698875466,0.37177617994345336,23.5
2023-04-08,long_frequency,v1.0.0,"[8, 13, 16, 27, 31, 46]",41,1,1,3,3,[31],0.10713636602207526,0.37032627439584637,22.333333333333332
2023-04-08,recent_frequency,v1.0.0,"[8, 13, 16, 27, 31, 46]",41,1,1,1,1,[13],0.11022614244064974,0.3850705173278473,31.5
2023-04-08,ema_gap,v1.0.0,"[8, 13, 16, 27, 31, 46]",41,0,0,1,2,[],0.11074244941851874,0.3874665998733354,27.833333333333332
2023-04-08,logistic,v1.0.0,"[8, 13, 16, 27, 31, 46]",41,0,0,0,0,[],0.11022911957327106,0.3849154765624138,39.333333333333336
2023-04-08,ensemble,v1.0.0,"[8, 13, 16, 27, 31, 46]",41,0,0,1,1,[],0.1096851653915729,0.3823859706267665,32.333333333333336
2023-04-12,random,v1.0.0,"[9, 10, 19, 23, 32, 37]",46,0,0,2,2,[],0.10745522698875463,0.37177617994345324,21.666666666666668
2023-04-12,long_frequency,v1.0.0,"[9, 10, 19, 23, 32, 37]",46,0,0,1,2,[],0.10728480630427231,0.3708985208501285,20.666666666666668
2023-04-12,recent_frequency,v1.0.0,"[9, 10, 19, 23, 32, 37]",46,2,2,4,4,"[9, 10]",0.10480899958350688,0.3594660552880657,15.833333333333334
2023-04-12,ema_gap,v1.0.0,"[9, 10, 19, 23, 32, 37]",46,2,2,3,5,"[9, 10]",0.10359360521314828,0.35530720466415594,16.166666666666668
2023-04-12,logistic,v1.0.0,"[9, 10, 19, 23, 32, 37]",46,0,0,0,1,[],0.10834366994323658,0.3755987802464842,28.833333333333332
2023-04-12,ensemble,v1.0.0,"[9, 10, 19, 23, 32, 37]",46,1,1,3,4,[10],0.10625548987944734,0.3661847613761869,18.666666666666668
2023-04-15,random,v1.0.0,"[1, 20, 30, 35, 36, 44]",48,1,1,1,1,[1],0.10745522698875466,0.3717761799434531,27.666666666666668
2023-04-15,long_frequency,v1.0.0,"[1, 20, 30, 35, 36, 44]",48,0,0,1,2,[],0.10769696123341449,0.3728724125714034,27.0
2023-04-15,recent_frequency,v1.0.0,"[1, 20, 30, 35, 36, 44]",48,1,1,1,2,[35],0.10920687713452729,0.3804250658571095,28.666666666666668
2023-04-15,ema_gap,v1.0.0,"[1, 20, 30, 35, 36, 44]",48,0,0,0,1,[],0.115880883783214,0.41296490193849594,38.5
2023-04-15,logistic,v1.0.0,"[1, 20, 30, 35, 36, 44]",48,0,0,1,1,[],0.10968773597388685,0.382081606511105,33.833333333333336
2023-04-15,ensemble,v1.0.0,"[1, 20, 30, 35, 36, 44]",48,0,0,0,0,[],0.11016718176353216,0.3847715788648598,39.333333333333336
2023-04-19,random,v1.0.0,"[1, 6, 13, 17, 43, 44]",28,2,2,2,4,"[1, 6]",0.10745522698875465,0.37177617994345336,20.666666666666668
2023-04-19,long_frequency,v1.0.0,"[1, 6, 13, 17, 43, 44]",28,1,1,1,1,[43],0.10808999106944697,0.37474837895027807,32.833333333333336
2023-04-19,recent_frequency,v1.0.0,"[1, 6, 13, 17, 43, 44]",28,0,0,2,2,[],0.10896932611411914,0.3788323065107308,27.666666666666668
2023-04-19,ema_gap,v1.0.0,"[1, 6, 13, 17, 43, 44]",28,1,1,1,1,[13],0.11008357070772654,0.3823124708090497,28.166666666666668
2023-04-19,logistic,v1.0.0,"[1, 6, 13, 17, 43, 44]",28,1,1,2,4,[44],0.10730270809615206,0.3711732960581809,23.0
2023-04-19,ensemble,v1.0.0,"[1, 6, 13, 17, 43, 44]",28,0,0,0,2,[],0.10808807005879081,0.37425493941088367,26.0
2023-04-22,random,v1.0.0,"[4, 8, 21, 38, 46, 49]",36,1,1,2,2,[4],0.10745522698875466,0.37177617994345324,27.666666666666668
2023-04-22,long_frequency,v1.0.0,"[4, 8, 21, 38, 46, 49]",36,1,1,3,5,[38],0.10678756225756347,0.36862543670105624,15.0
2023-04-22,recent_frequency,v1.0.0,"[4, 8, 21, 38, 46, 49]",36,1,1,1,3,[21],0.10675642815493545,0.36914732864664407,22.166666666666668
2023-04-22,ema_gap,v1.0.0,"[4, 8, 21, 38, 46, 49]",36,1,1,2,2,[21],0.10804032499274978,0.3736717412300647,24.0
2023-04-22,logistic,v1.0.0,"[4, 8, 21, 38, 46, 49]",36,0,0,1,2,[],0.1084694075939489,0.3766526128756655,26.166666666666668
2023-04-22,ensemble,v1.0.0,"[4, 8, 21, 38, 46, 49]",36,1,1,1,4,[21],0.10760796516164564,0.37253905679968546,21.166666666666668
2023-04-26,random,v1.0.0,"[5, 9, 25, 29, 39, 48]",22,1,1,2,2,[5],0.10745522698875466,0.3717761799434532,25.833333333333332
2023-04-26,long_frequency,v1.0.0,"[5, 9, 25, 29, 39, 48]",22,0,0,0,1,[],0.1081317988978921,0.37488747598846434,33.166666666666664
2023-04-26,recent_frequency,v1.0.0,"[5, 9, 25, 29, 39, 48]",22,1,1,1,1,[9],0.10897226488962934,0.3785373521759486,28.666666666666668
2023-04-26,ema_gap,v1.0.0,"[5, 9, 25, 29, 39, 48]",22,1,1,1,1,[9],0.11133393129052505,0.39196597336798816,31.666666666666668
2023-04-26,logistic,v1.0.0,"[5, 9, 25, 29, 39, 48]",22,0,0,1,4,[],0.10580364091295896,0.36356463524745547,16.333333333333332
2023-04-26,ensemble,v1.0.0,"[5, 9, 25, 29, 39, 48]",22,1,1,1,1,[9],0.10757153292162036,0.3723023048170894,24.5
2023-04-29,random,v1.0.0,"[6, 11, 28, 29, 39, 43]",34,1,1,2,2,[6],0.10745522698875465,0.37177617994345313,26.0
2023-04-29,long_frequency,v1.0.0,"[6, 11, 28, 29, 39, 43]",34,1,1,1,1,[43],0.10814782187438285,0.37500896451630367,33.833333333333336
2023-04-29,recent_frequency,v1.0.0,"[6, 11, 28, 29, 39, 43]",34,0,0,1,2,[],0.10992393835901708,0.38344007595341106,30.5
2023-04-29,ema_gap,v1.0.0,"[6, 11, 28, 29, 39, 43]",34,0,0,2,2,[],0.10920006780446306,0.37779125580550427,24.166666666666668
2023-04-29,logistic,v1.0.0,"[6, 11, 28, 29, 39, 43]",34,1,1,2,4,[28],0.10667819857134021,0.36859437131659223,20.833333333333332
2023-04-29,ensemble,v1.0.0,"[6, 11, 28, 29, 39, 43]",34,1,1,1,1,[11],0.1076899070632967,0.37269107180668254,25.5
2023-05-03,random,v1.0.0,"[7, 15, 21, 34, 46, 48]",16,0,0,1,2,[],0.10745522698875466,0.37177617994345324,28.5
2023-05-03,long_frequency,v1.0.0,"[7, 15, 21, 34, 46, 48]",16,1,1,3,4,[34],0.10682744493426491,0.3688636180986582,16.833333333333332
2023-05-03,recent_frequency,v1.0.0,"[7, 15, 21, 34, 46, 48]",16,1,1,1,2,[21],0.10746761182840482,0.3724000230584383,25.0
2023-05-03,ema_gap,v1.0.0,"[7, 15, 21, 34, 46, 48]",16,1,1,1,1,[21],0.11066738190404325,0.3870956571821184,31.5
2023-05-03,logistic,v1.0.0,"[7, 15, 21, 34, 46, 48]",16,1,1,1,2,[48],0.10810497922901997,0.37510676705661683,27.666666666666668
2023-05-03,ensemble,v1.0.0,"[7, 15, 21, 34, 46, 48]",16,1,1,1,2,[21],0.10806167303800365,0.37462183815634376,27.666666666666668
2023-05-06,random,v1.0.0,"[3, 19, 23, 30, 37, 42]",1,1,1,1,1,[3],0.10745522698875466,0.3717761799434532,25.666666666666668
2023-05-06,long_frequency,v1.0.0,"[3, 19, 23, 30, 37, 42]",1,0,0,1,1,[],0.10747446611899607,0.3717853195250491,23.0
2023-05-06,recent_frequency,v1.0.0,"[3, 19, 23, 30, 37, 42]",1,0,0,2,3,[],0.10795446897126199,0.3741455996720349,24.166666666666668
2023-05-06,ema_gap,v1.0.0,"[3, 19, 23, 30, 37, 42]",1,0,0,1,2,[],0.10960955512911098,0.37902764056925264,25.166666666666668
2023-05-06,logistic,v1.0.0,"[3, 19, 23, 30, 37, 42]",1,0,0,1,1,[],0.10747104159408388,0.3715440273084569,24.333333333333332
2023-05-06,ensemble,v1.0.0,"[3, 19, 23, 30, 37, 42]",1,0,0,1,3,[],0.10780204804534127,0.37307376473934495,24.333333333333332
2023-05-10,random,v1.0.0,"[27, 34, 36, 41, 44, 47]",38,0,0,0,0,[],0.10745522698875466,0.3717761799434531,38.166666666666664
2023-05-10,long_frequency,v1.0.0,"[27, 34, 36, 41, 44, 47]",38,1,1,3,5,[34],0.10643721365332581,0.36704392154489246,12.0
2023-05-10,recent_frequency,v1.0.0,"[27, 34, 36, 41, 44, 47]",38,0,0,1,1,[],0.10820818325697626,0.37460409344209045,26.666666666666668
2023-05-10,ema_gap,v1.0.0,"[27, 34, 36, 41, 44, 47]",38,0,0,1,2,[],0.1108961561934894,0.3867508098526124,28.333333333333332
2023-05-10,logistic,v1.0.0,"[27, 34, 36, 41, 44, 47]",38,1,1,2,3,[47],0.10668398436033398,0.36782490008167484,20.333333333333332
2023-05-10,ensemble,v1.0.0,"[27, 34, 36, 41, 44, 47]",38,1,1,2,2,[41],0.10747150067187558,0.3716261726725622,22.5
2023-05-13,random,v1.0.0,"[13, 14, 27, 29, 31, 42]",45,0,0,0,2,[],0.10745522698875466,0.3717761799434532,26.0
2023-05-13,long_frequency,v1.0.0,"[13, 14, 27, 29, 31, 42]",45,1,1,2,2,[31],0.10765780217383956,0.37281311991529525,27.166666666666668
2023-05-13,recent_frequency,v1.0.0,"[13, 14, 27, 29, 31, 42]",45,1,1,1,1,[13],0.10796622407330282,0.373518852579326,25.5
2023-05-13,ema_gap,v1.0.0,"[13, 14, 27, 29, 31, 42]",45,1,1,1,3,[13],0.10807244630407738,0.37363421250798845,22.333333333333332
2023-05-13,logistic,v1.0.0,"[13, 14, 27, 29, 31, 42]",45,0,0,0,3,[],0.10769110313499469,0.37183890890401117,23.666666666666668
2023-05-13,ensemble,v1.0.0,"[13, 14, 27, 29, 31, 42]",45,0,0,1,2,[],0.10743608442157983,0.3715645666240691,24.333333333333332
2023-05-17,random,v1.0.0,"[16, 25, 28, 40, 47, 49]",7,0,0,0,1,[],0.10745522698875466,0.3717761799434532,34.166666666666664
2023-05-17,long_frequency,v1.0.0,"[16, 25, 28, 40, 47, 49]",7,1,1,2,3,[40],0.10755179232281437,0.37226294915888897,27.0
2023-05-17,recent_frequency,v1.0.0,"[16, 25, 28, 40, 47, 49]",7,0,0,0,0,[],0.11041373427738443,0.3851991299356388,33.0
2023-05-17,ema_gap,v1.0.0,"[16, 25, 28, 40, 47, 49]",7,0,0,0,0,[],0.11439384367674159,0.4030660715280512,37.0
2023-05-17,logistic,v1.0.0,"[16, 25, 28, 40, 47, 49]",7,1,1,2,2,[47],0.10693767151822929,0.36929015419598626,22.166666666666668
2023-05-17,ensemble,v1.0.0,"[16, 25, 28, 40, 47, 49]",7,0,0,0,0,[],0.1090121292069431,0.3786627541139632,33.166666666666664
2023-05-20,random,v1.0.0,"[4, 6, 23, 27, 41, 48]",28,2,2,2,2,"[4, 6]",0.10745522698875465,0.3717761799434532,24.833333333333332
2023-05-20,long_frequency,v1.0.0,"[4, 6, 23, 27, 41, 48]",28,0,0,2,4,[],0.10711684340473593,0.37015007748150675,18.666666666666668
2023-05-20,recent_frequency,v1.0.0,"[4, 6, 23, 27, 41, 48]",28,2,2,2,3,"[6, 41]",0.10598793835901708,0.3643599903673828,19.333333333333332
2023-05-20,ema_gap,v1.0.0,"[4, 6, 23, 27, 41, 48]",28,1,1,2,4,[41],0.10474799691918986,0.35759228006551,17.666666666666668
2023-05-20,logistic,v1.0.0,"[4, 6, 23, 27, 41, 48]",28,1,1,1,4,[41],0.10643720781573958,0.36694995792396484,19.166666666666668
2023-05-20,ensemble,v1.0.0,"[4, 6, 23, 27, 41, 48]",28,1,1,2,3,[41],0.10593917751881265,0.3646173033464046,17.0
2023-05-24,random,v1.0.0,"[3, 7, 37, 43, 45, 46]",31,1,1,2,2,[3],0.10745522698875466,0.3717761799434531,30.166666666666668
2023-05-24,long_frequency,v1.0.0,"[3, 7, 37, 43, 45, 46]",31,2,2,3,4,"[43, 45]",0.10640964748493371,0.3669480650829917,12.0
2023-05-24,recent_frequency,v1.0.0,"[3, 7, 37, 43, 45, 46]",31,1,1,1,1,[37],0.10990924448146608,0.38323464603008706,32.833333333333336
2023-05-24,ema_gap,v1.0.0,"[3, 7, 37, 43, 45, 46]",31,0,0,1,1,[],0.11072362760043591,0.3847581724904424,29.666666666666668
2023-05-24,logistic,v1.0.0,"[3, 7, 37, 43, 45, 46]",31,2,2,3,3,"[43, 45]",0.1069162971319083,0.3701138472461554,21.166666666666668
2023-05-24,ensemble,v1.0.0,"[3, 7, 37, 43, 45, 46]",31,0,0,1,2,[],0.10788451481112055,0.3735649223270237,25.833333333333332
2023-05-27,random,v1.0.0,"[11, 20, 26, 38, 44, 45]",41,0,0,1,1,[],0.10745522698875466,0.3717761799434532,30.666666666666668
2023-05-27,long_frequency,v1.0.0,"[11, 20, 26, 38, 44, 45]",41,2,2,3,3,"[38, 45]",0.10679287865924621,0.3687409504719251,18.333333333333332
2023-05-27,recent_frequency,v1.0.0,"[11, 20, 26, 38, 44, 45]",41,0,0,1,1,[],0.10819201999167015,0.37408658245954607,26.333333333333332
2023-05-27,ema_gap,v1.0.0,"[11, 20, 26, 38, 44, 45]",41,0,0,1,1,[],0.11107712152473481,0.3874677377991995,29.666666666666668
2023-05-27,logistic,v1.0.0,"[11, 20, 26, 38, 44, 45]",41,0,0,0,1,[],0.10883370737274507,0.3769790369044509,27.5
2023-05-27,ensemble,v1.0.0,"[11, 20, 26, 38, 44, 45]",41,0,0,0,0,[],0.1084713708959757,0.37640240212219267,31.666666666666668
2023-05-31,random,v1.0.0,"[9, 22, 23, 25, 30, 37]",48,0,0,1,1,[],0.10745522698875466,0.3717761799434532,24.333333333333332
2023-05-31,long_frequency,v1.0.0,"[9, 22, 23, 25, 30, 37]",48,0,0,1,2,[],0.10765493216775918,0.372649754123164,26.333333333333332
2023-05-31,recent_frequency,v1.0.0,"[9, 22, 23, 25, 30, 37]",48,2,2,3,4,"[9, 37]",0.1050142240733028,0.36078026929749585,16.0
2023-05-31,ema_gap,v1.0.0,"[9, 22, 23, 25, 30, 37]",48,2,2,3,3,"[9, 37]",0.1046334821069399,0.35900984411439557,19.0
2023-05-31,logistic,v1.0.0,"[9, 22, 23, 25, 30, 37]",48,1,1,1,1,[37],0.10822598830971498,0.37525169282109894,29.833333333333332
2023-05-31,ensemble,v1.0.0,"[9, 22, 23, 25, 30, 37]",48,1,1,2,2,[37],0.10658210618421418,0.3677483452599444,21.666666666666668
2023-06-03,random,v1.0.0,"[22, 31, 33, 34, 43, 49]",21,0,0,0,0,[],0.10745522698875466,0.37177617994345313,35.333333333333336
2023-06-03,long_frequency,v1.0.0,"[22, 31, 33, 34, 43, 49]",21,3,3,3,4,"[31, 34, 43]",0.10637508314134236,0.3668149698010765,13.5
2023-06-03,recent_frequency,v1.0.0,"[22, 31, 33, 34, 43, 49]",21,0,0,0,1,[],0.1082272852977926,0.37407880869970495,26.0
2023-06-03,ema_gap,v1.0.0,"[22, 31, 33, 34, 43, 49]",21,0,0,1,1,[],0.10934542724141827,0.37857758182780304,25.0
2023-06-03,logistic,v1.0.0,"[22, 31, 33, 34, 43, 49]",21,1,1,1,2,[43],0.10785305633517853,0.373557076133852,26.666666666666668
2023-06-03,ensemble,v1.0.0,"[22, 31, 33, 34, 43, 49]",21,0,0,0,3,[],0.10782183960849641,0.3730977148511636,24.833333333333332
2023-06-07,random,v1.0.0,"[1, 15, 19, 24, 32, 44]",31,1,1,1,2,[1],0.10745522698875465,0.37177617994345324,22.5
2023-06-07,long_frequency,v1.0.0,"[1, 15, 19, 24, 32, 44]",31,0,0,0,0,[],0.10809138028704998,0.3746988066835941,32.0
2023-06-07,recent_frequency,v1.0.0,"[1, 15, 19, 24, 32, 44]",31,0,0,1,2,[],0.109466468971262,0.38111785085975763,29.0
2023-06-07,ema_gap,v1.0.0,"[1, 15, 19, 24, 32, 44]",31,0,0,0,0,[],0.11401460315509827,0.4027270250377666,36.666666666666664
2023-06-07,logistic,v1.0.0,"[1, 15, 19, 24, 32, 44]",31,1,1,3,3,[32],0.10573957414634769,0.36362595027929606,16.333333333333332
2023-06-07,ensemble,v1.0.0,"[1, 15, 19, 24, 32, 44]",31,0,0,0,1,[],0.10817601978058439,0.3749961481039168,29.166666666666668
2023-06-10,random,v1.0.0,"[14, 23, 26, 31, 32, 42]",25,0,0,0,1,[],0.10745522698875465,0.3717761799434532,28.0
2023-06-10,long_frequency,v1.0.0,"[14, 23, 26, 31, 32, 42]",25,1,1,2,2,[31],0.10748781056169186,0.37199893931330913,24.5
2023-06-10,recent_frequency,v1.0.0,"[14, 23, 26, 31, 32, 42]",25,0,0,1,2,[],0.10897520366513953,0.3791411150132954,27.666666666666668
2023-06-10,ema_gap,v1.0.0,"[14, 23, 26, 31, 32, 42]",25,1,1,1,3,[23],0.10903822206625052,0.3784579492051909,26.5
2023-06-10,logistic,v1.0.0,"[14, 23, 26, 31, 32, 42]",25,3,3,3,4,"[14, 32, 42]",0.10497921597105463,0.3607916718025336,16.166666666666668
2023-06-10,ensemble,v1.0.0,"[14, 23, 26, 31, 32, 42]",25,2,2,2,3,"[23, 42]",0.10657818900876255,0.3676404942479475,19.833333333333332
2023-06-14,random,v1.0.0,"[12, 18, 22, 24, 25, 47]",21,0,0,1,2,[],0.10745522698875466,0.37177617994345324,24.666666666666668
2023-06-14,long_frequency,v1.0.0,"[12, 18, 22, 24, 25, 47]",21,0,0,1,1,[],0.10802965412706975,0.37442901716024624,32.166666666666664
2023-06-14,recent_frequency,v1.0.0,"[12, 18, 22, 24, 25, 47]",21,0,0,0,2,[],0.10920246897126198,0.37949353155235804,28.5
2023-06-14,ema_gap,v1.0.0,"[12, 18, 22, 24, 25, 47]",21,0,0,1,2,[],0.11225041632840538,0.39896319154250814,30.666666666666668
2023-06-14,logistic,v1.0.0,"[12, 18, 22, 24, 25, 47]",21,1,1,1,1,[24],0.1091591376537806,0.3802649011464326,34.166666666666664
2023-06-14,ensemble,v1.0.0,"[12, 18, 22, 24, 25, 47]",21,0,0,1,1,[],0.10944349281441634,0.3816577477423258,31.166666666666668
2023-06-17,random,v1.0.0,"[16, 31, 42, 44, 45, 48]",15,0,0,0,1,[],0.10745522698875466,0.37177617994345313,37.666666666666664
2023-06-17,long_frequency,v1.0.0,"[16, 31, 42, 44, 45, 48]",15,2,2,2,2,"[31, 45]",0.10673204357478874,0.36848615705848453,18.5
2023-06-17,recent_frequency,v1.0.0,"[16, 31, 42, 44, 45, 48]",15,0,0,0,1,[],0.10895022407330279,0.3780618917136001,28.333333333333332
2023-06-17,ema_gap,v1.0.0,"[16, 31, 42, 44, 45, 48]",15,0,0,2,3,[],0.10707664522415189,0.36892684493643224,21.833333333333332
2023-06-17,logistic,v1.0.0,"[16, 31, 42, 44, 45, 48]",15,1,1,3,3,[31],0.10664462525122513,0.36792864556311705,19.5
2023-06-17,ensemble,v1.0.0,"[16, 31, 42, 44, 45, 48]",15,1,1,2,3,[31],0.10704416913145878,0.3697796906285142,22.833333333333332
2023-06-21,random,v1.0.0,"[4, 5, 13, 14, 33, 35]",8,2,2,2,4,"[4, 5]",0.10745522698875466,0.3717761799434534,17.333333333333332
2023-06-21,long_frequency,v1.0.0,"[4, 5, 13, 14, 33, 35]",8,0,0,0,1,[],0.1083996942754128,0.3762017172742872,35.166666666666664
2023-06-21,recent_frequency,v1.0.0,"[4, 5, 13, 14, 33, 35]",8,1,1,2,2,[13],0.1079603465222824,0.3743111514486446,25.5
2023-06-21,ema_gap,v1.0.0,"[4, 5, 13, 14, 33, 35]",8,0,0,0,1,[],0.1125012855133355,0.3940188744094122,33.166666666666664
2023-06-21,logistic,v1.0.0,"[4, 5, 13, 14, 33, 35]",8,0,0,0,2,[],0.10882194792468351,0.3779301476677385,29.166666666666668
2023-06-21,ensemble,v1.0.0,"[4, 5, 13, 14, 33, 35]",8,0,0,1,1,[],0.1090383044985155,0.3793270067173035,32.333333333333336
2023-06-24,random,v1.0.0,"[5, 7, 15, 18, 21, 29]",17,1,1,2,4,[5],0.10745522698875466,0.37177617994345336,15.833333333333334
2023-06-24,long_frequency,v1.0.0,"[5, 7, 15, 18, 21, 29]",17,0,0,1,2,[],0.10803100641176996,0.37443647650288553,31.0
2023-06-24,recent_frequency,v1.0.0,"[5, 7, 15, 18, 21, 29]",17,1,1,1,1,[21],0.10869504039983341,0.37789520021813117,28.5
2023-06-24,ema_gap,v1.0.0,"[5, 7, 15, 18, 21, 29]",17,0,0,0,1,[],0.11195145050209793,0.39203369778641156,31.333333333333332
2023-06-24,logistic,v1.0.0,"[5, 7, 15, 18, 21, 29]",17,1,1,2,3,[18],0.10771301632747085,0.37386556146045463,23.833333333333332
2023-06-24,ensemble,v1.0.0,"[5, 7, 15, 18, 21, 29]",17,0,0,0,1,[],0.10845731660883759,0.37619247539735623,32.0
2023-06-28,random,v1.0.0,"[8, 13, 16, 40, 42, 47]",22,0,0,1,3,[],0.10745522698875466,0.37177617994345336,27.666666666666668
2023-06-28,long_frequency,v1.0.0,"[8, 13, 16, 40, 42, 47]",22,1,1,2,2,[40],0.10740002790496476,0.37151664229715425,25.166666666666668
2023-06-28,recent_frequency,v1.0.0,"[8, 13, 16, 40, 42, 47]",22,1,1,1,3,[13],0.10674614244064974,0.3684300064165628,21.833333333333332
2023-06-28,ema_gap,v1.0.0,"[8, 13, 16, 40, 42, 47]",22,2,2,2,2,"[13, 42]",0.1079223019611923,0.37485333653906094,25.5
2023-06-28,logistic,v1.0.0,"[8, 13, 16, 40, 42, 47]",22,1,1,2,2,[13],0.1073307728463336,0.3713241718456772,26.5
2023-06-28,ensemble,v1.0.0,"[8, 13, 16, 40, 42, 47]",22,1,1,2,2,[13],0.10715784152407892,0.3705084605608622,25.666666666666668
2023-07-01,random,v1.0.0,"[10, 21, 30, 32, 35, 49]",41,0,0,1,1,[],0.10745522698875466,0.37177617994345313,29.5
2023-07-01,long_frequency,v1.0.0,"[10, 21, 30, 32, 35, 49]",41,0,0,1,2,[],0.10754756292295106,0.37212684871083557,24.666666666666668
2023-07-01,recent_frequency,v1.0.0,"[10, 21, 30, 32, 35, 49]",41,1,1,2,4,[21],0.106015856726364,0.3658043610899544,21.5
2023-07-01,ema_gap,v1.0.0,"[10, 21, 30, 32, 35, 49]",41,1,1,1,1,[21],0.10939450240785091,0.3800227525235148,28.0
2023-07-01,logistic,v1.0.0,"[10, 21, 30, 32, 35, 49]",41,0,0,0,0,[],0.10810924871676385,0.3746268807749623,31.666666666666668
2023-07-01,ensemble,v1.0.0,"[10, 21, 30, 32, 35, 49]",41,1,1,1,2,[21],0.1076742531195298,0.37267038881674963,25.0
2023-07-05,random,v1.0.0,"[3, 4, 10, 12, 30, 34]",14,2,2,4,4,"[3, 4]",0.10745522698875466,0.3717761799434534,15.5
2023-07-05,long_frequency,v1.0.0,"[3, 4, 10, 12, 30, 34]",14,1,1,1,2,[34],0.10715140344825845,0.37033949183347437,21.0
2023-07-05,recent_frequency,v1.0.0,"[3, 4, 10, 12, 30, 34]",14,1,1,1,1,[10],0.10871561182840483,0.37669424664364076,26.5
2023-07-05,ema_gap,v1.0.0,"[3, 4, 10, 12, 30, 34]",14,0,0,1,1,[],0.10952061645074912,0.37841898325096496,27.666666666666668
2023-07-05,logistic,v1.0.0,"[3, 4, 10, 12, 30, 34]",14,0,0,1,2,[],0.1087955800342738,0.37787178213448375,28.833333333333332
2023-07-05,ensemble,v1.0.0,"[3, 4, 10, 12, 30, 34]",14,0,0,1,1,[],0.1083553758432613,0.37583406042828704,31.166666666666668
2023-07-08,random,v1.0.0,"[10, 11, 23, 30, 44, 49]",6,0,0,2,2,[],0.10745522698875466,0.3717761799434532,27.833333333333332
2023-07-08,long_frequency,v1.0.0,"[10, 11, 23, 30, 44, 49]",6,0,0,1,2,[],0.1074957577884712,0.371904888328518,24.666666666666668
2023-07-08,recent_frequency,v1.0.0,"[10, 11, 23, 30, 44, 49]",6,1,1,3,4,[10],0.10477226488962932,0.3588930114368838,15.666666666666666
2023-07-08,ema_gap,v1.0.0,"[10, 11, 23, 30, 44, 49]",6,2,2,3,6,"[10, 23]",0.102707670446418,0.3482205699964903,11.666666666666666
2023-07-08,logistic,v1.0.0,"[10, 11, 23, 30, 44, 49]",6,1,1,1,2,[44],0.10918795457917778,0.37986787750965906,29.166666666666668
2023-07-08,ensemble,v1.0.0,"[10, 11, 23, 30, 44, 49]",6,1,1,2,4,[44],0.10636779782842959,0.36662669036464446,16.833333333333332
2023-07-12,random,v1.0.0,"[9, 18, 22, 23, 28, 46]",11,0,0,1,2,[],0.10745522698875465,0.37177617994345324,24.333333333333332
2023-07-12,long_frequency,v1.0.0,"[9, 18, 22, 23, 28, 46]",11,0,0,2,3,[],0.10762441130246503,0.3725667116492662,25.666666666666668
2023-07-12,recent_frequency,v1.0.0,"[9, 18, 22, 23, 28, 46]",11,1,1,3,3,[9],0.1086950403998334,0.3790363625880194,27.166666666666668
2023-07-12,ema_gap,v1.0.0,"[9, 18, 22, 23, 28, 46]",11,1,1,1,3,[23],0.10943860209901264,0.383914848035013,27.0
2023-07-12,logistic,v1.0.0,"[9, 18, 22, 23, 28, 46]",11,0,0,1,2,[],0.1073890551862057,0.3713148778998681,23.666666666666668
2023-07-12,ensemble,v1.0.0,"[9, 18, 22, 23, 28, 46]",11,1,1,2,3,[23],0.10791831310223832,0.374237758071741,26.333333333333332
2023-07-15,random,v1.0.0,"[17, 24, 31, 32, 35, 47]",20,0,0,0,1,[],0.10745522698875466,0.37177617994345313,31.0
2023-07-15,long_frequency,v1.0.0,"[17, 24, 31, 32, 35, 47]",20,1,1,2,2,[31],0.10729405014535238,0.37104037165568693,24.666666666666668
2023-07-15,recent_frequency,v1.0.0,"[17, 24, 31, 32, 35, 47]",20,0,0,1,3,[],0.10846189754269055,0.3763836097702765,27.333333333333332
2023-07-15,ema_gap,v1.0.0,"[17, 24, 31, 32, 35, 47]",20,0,0,0,2,[],0.11085793680482717,0.3866922508558645,26.833333333333332
2023-07-15,logistic,v1.0.0,"[17, 24, 31, 32, 35, 47]",20,0,0,0,2,[],0.10739880953440507,0.37126036257221434,22.833333333333332
2023-07-15,ensemble,v1.0.0,"[17, 24, 31, 32, 35, 47]",20,0,0,0,2,[],0.1081060296085747,0.3745461323349725,27.0
2023-07-19,random,v1.0.0,"[15, 25, 30, 31, 40, 48]",22,0,0,0,1,[],0.10745522698875466,0.37177617994345313,31.5
2023-07-19,long_frequency,v1.0.0,"[15, 25, 30, 31, 40, 48]",22,2,2,2,2,"[31, 40]",0.10722609966611878,0.3707703701319884,24.666666666666668
2023-07-19,recent_frequency,v1.0.0,"[15, 25, 30, 31, 40, 48]",22,0,0,0,1,[],0.10821112203248648,0.3740496838756721,25.5
2023-07-19,ema_gap,v1.0.0,"[15, 25, 30, 31, 40, 48]",22,1,1,1,2,[31],0.10838558571436156,0.3742666341296157,23.833333333333332
2023-07-19,logistic,v1.0.0,"[15, 25, 30, 31, 40, 48]",22,0,0,0,3,[],0.10674511254591962,0.3678063195371645,22.5
2023-07-19,ensemble,v1.0.0,"[15, 25, 30, 31, 40, 48]",22,1,1,1,2,[31],0.10711128940347601,0.37012713053592255,22.666666666666668
2023-07-22,random,v1.0.0,"[3, 7, 8, 25, 35, 48]",32,1,1,3,3,[3],0.10745522698875465,0.37177617994345336,21.0
2023-07-22,long_frequency,v1.0.0,"[3, 7, 8, 25, 35, 48]",32,0,0,0,1,[],0.1077198885038677,0.3729349073263102,27.333333333333332
2023-07-22,recent_frequency,v1.0.0,"[3, 7, 8, 25, 35, 48]",32,0,0,1,3,[],0.10771544856309873,0.3719622419259075,23.5
2023-07-22,ema_gap,v1.0.0,"[3, 7, 8, 25, 35, 48]",32,0,0,1,2,[],0.10746066188686794,0.3687056405782449,21.166666666666668
2023-07-22,logistic,v1.0.0,"[3, 7, 8, 25, 35, 48]",32,1,1,1,3,[48],0.10698675035240642,0.3692111683217537,22.0
2023-07-22,ensemble,v1.0.0,"[3, 7, 8, 25, 35, 48]",32,1,1,2,3,[35],0.1070002044436458,0.36955186301787635,22.5
2023-07-26,random,v1.0.0,"[10, 19, 20, 30, 38, 45]",7,0,0,1,1,[],0.10745522698875466,0.37177617994345324,27.0
2023-07-26,long_frequency,v1.0.0,"[10, 19, 20, 30, 38, 45]",7,2,2,3,3,"[38, 45]",0.1066690373194944,0.368144406725635,16.0
2023-07-26,recent_frequency,v1.0.0,"[10, 19, 20, 30, 38, 45]",7,1,1,1,2,[10],0.10671675468554771,0.36773341110351704,21.0
2023-07-26,ema_gap,v1.0.0,"[10, 19, 20, 30, 38, 45]",7,1,1,2,2,[10],0.10957375399767864,0.3825731519550737,27.166666666666668
2023-07-26,logistic,v1.0.0,"[10, 19, 20, 30, 38, 45]",7,0,0,1,1,[],0.10816713084769608,0.3750420829281609,29.5
2023-07-26,ensemble,v1.0.0,"[10, 19, 20, 30, 38, 45]",7,0,0,1,2,[],0.10775532587879781,0.37295241278246744,26.166666666666668
2023-07-29,random,v1.0.0,"[2, 7, 8, 18, 33, 36]",14,1,1,3,4,[2],0.10745522698875466,0.37177617994345336,17.333333333333332
2023-07-29,long_frequency,v1.0.0,"[2, 7, 8, 18, 33, 36]",14,0,0,0,2,[],0.10785529167106703,0.3735935043086942,28.166666666666668
2023-07-29,recent_frequency,v1.0.0,"[2, 7, 8, 18, 33, 36]",14,0,0,0,1,[],0.11211332611411913,0.39524470542241724,36.5
2023-07-29,ema_gap,v1.0.0,"[2, 7, 8, 18, 33, 36]",14,0,0,0,1,[],0.11565096645418313,0.41652042761079694,37.333333333333336
2023-07-29,logistic,v1.0.0,"[2, 7, 8, 18, 33, 36]",14,0,0,1,1,[],0.10828551121902252,0.3754280893944854,33.666666666666664
2023-07-29,ensemble,v1.0.0,"[2, 7, 8, 18, 33, 36]",14,0,0,0,1,[],0.11027849661039558,0.38538920345553324,37.333333333333336
2023-08-02,random,v1.0.0,"[4, 7, 9, 25, 34, 48]",42,1,1,3,3,[4],0.10745522698875466,0.37177617994345336,21.166666666666668
2023-08-02,long_frequency,v1.0.0,"[4, 7, 9, 25, 34, 48]",42,1,1,1,4,[34],0.10698260714262484,0.3695723874585276,19.0
2023-08-02,recent_frequency,v1.0.0,"[4, 7, 9, 25, 34, 48]",42,1,1,1,2,[9],0.10669177509371097,0.36747010581362644,21.666666666666668
2023-08-02,ema_gap,v1.0.0,"[4, 7, 9, 25, 34, 48]",42,1,1,3,4,[25],0.10383290087688427,0.35280849750313853,14.833333333333334
2023-08-02,logistic,v1.0.0,"[4, 7, 9, 25, 34, 48]",42,1,1,1,2,[34],0.10881291371895181,0.3782341229701167,29.166666666666668
2023-08-02,ensemble,v1.0.0,"[4, 7, 9, 25, 34, 48]",42,0,0,0,3,[],0.10686149294401269,0.368656698609585,20.0
2023-08-05,random,v1.0.0,"[1, 5, 10, 20, 28, 39]",26,2,2,3,3,"[1, 5]",0.10745522698875465,0.37177617994345336,17.166666666666668
2023-08-05,long_frequency,v1.0.0,"[1, 5, 10, 20, 28, 39]",26,0,0,1,1,[],0.10829911561512454,0.3757261690107095,34.666666666666664
2023-08-05,recent_frequency,v1.0.0,"[1, 5, 10, 20, 28, 39]",26,1,1,1,1,[10],0.10987838733860891,0.38353673841585806,31.5
2023-08-05,ema_gap,v1.0.0,"[1, 5, 10, 20, 28, 39]",26,1,1,1,1,[10],0.11379544946391024,0.4067443200783865,35.833333333333336
2023-08-05,logistic,v1.0.0,"[1, 5, 10, 20, 28, 39]",26,0,0,1,2,[],0.10784809511814418,0.37321780871400595,25.0
2023-08-05,ensemble,v1.0.0,"[1, 5, 10, 20, 28, 39]",26,1,1,1,1,[10],0.10922183781219708,0.38034844111513755,33.833333333333336
2023-08-09,random,v1.0.0,"[17, 35, 37, 40, 45, 47]",44,0,0,0,1,[],0.10745522698875466,0.3717761799434531,36.833333333333336
2023-08-09,long_frequency,v1.0.0,"[17, 35, 37, 40, 45, 47]",44,2,2,3,3,"[40, 45]",0.10673466697402592,0.36849848744027686,19.166666666666668
2023-08-09,recent_frequency,v1.0.0,"[17, 35, 37, 40, 45, 47]",44,0,0,2,2,[],0.10813618325697628,0.37457822045563915,27.333333333333332
2023-08-09,ema_gap,v1.0.0,"[17, 35, 37, 40, 45, 47]",44,0,0,1,1,[],0.11022286270998204,0.3830345946970185,26.833333333333332
2023-08-09,logistic,v1.0.0,"[17, 35, 37, 40, 45, 47]",44,0,0,1,3,[],0.10708877336338225,0.36990223903790254,21.0
2023-08-09,ensemble,v1.0.0,"[17, 35, 37, 40, 45, 47]",44,0,0,1,2,[],0.10766949084825297,0.3726348925720775,25.0
2023-08-12,random,v1.0.0,"[2, 5, 7, 12, 31, 44]",29,2,2,4,4,"[2, 5]",0.10745522698875465,0.3717761799434534,16.833333333333332
2023-08-12,long_frequency,v1.0.0,"[2, 5, 7, 12, 31, 44]",29,1,1,1,2,[31],0.10731214040288273,0.3711217202645699,23.666666666666668
2023-08-12,recent_frequency,v1.0.0,"[2, 5, 7, 12, 31, 44]",29,0,0,0,1,[],0.10984606080799668,0.3834635338923819,29.333333333333332
2023-08-12,ema_gap,v1.0.0,"[2, 5, 7, 12, 31, 44]",29,0,0,2,2,[],0.10846185869236788,0.37816001938788063,24.5
2023-08-12,logistic,v1.0.0,"[2, 5, 7, 12, 31, 44]",29,1,1,2,4,[7],0.10718595598353083,0.37038148439803587,21.666666666666668
2023-08-12,ensemble,v1.0.0,"[2, 5, 7, 12, 31, 44]",29,1,1,2,3,[7],0.10779671034133345,0.37361139519795183,24.0
2023-08-16,random,v1.0.0,"[2, 3, 6, 7, 17, 27]",24,3,3,4,5,"[2, 3, 6]",0.10745522698875465,0.37177617994345347,10.333333333333334
2023-08-16,long_frequency,v1.0.0,"[2, 3, 6, 7, 17, 27]",24,0,0,2,2,[],0.10771163295293701,0.3729341283023109,26.833333333333332
2023-08-16,recent_frequency,v1.0.0,"[2, 3, 6, 7, 17, 27]",24,0,0,0,1,[],0.11130369346105791,0.39036856272772064,34.833333333333336
2023-08-16,ema_gap,v1.0.0,"[2, 3, 6, 7, 17, 27]",24,1,1,1,1,[7],0.11222052998437798,0.39691511059296103,34.0
2023-08-16,logistic,v1.0.0,"[2, 3, 6, 7, 17, 27]",24,2,2,2,2,"[6, 27]",0.10649740764272798,0.36701487210606604,21.0
2023-08-16,ensemble,v1.0.0,"[2, 3, 6, 7, 17, 27]",24,0,0,1,1,[],0.10849805264611392,0.3766299343725564,29.333333333333332
2023-08-19,random,v1.0.0,"[22, 23, 25, 35, 36, 41]",21,0,0,0,0,[],0.10745522698875466,0.3717761799434532,30.333333333333332
2023-08-19,long_frequency,v1.0.0,"[22, 23, 25, 35, 36, 41]",21,0,0,1,3,[],0.10744739895182591,0.371677140287494,24.166666666666668
2023-08-19,recent_frequency,v1.0.0,"[22, 23, 25, 35, 36, 41]",21,2,2,4,5,"[23, 41]",0.10417226488962932,0.35683738739447457,13.5
2023-08-19,ema_gap,v1.0.0,"[22, 23, 25, 35, 36, 41]",21,2,2,3,3,"[25, 35]",0.10559667797214375,0.3633725270159803,19.666666666666668
2023-08-19,logistic,v1.0.0,"[22, 23, 25, 35, 36, 41]",21,0,0,3,3,[],0.10875666919894998,0.3790975484781695,27.5
2023-08-19,ensemble,v1.0.0,"[22, 23, 25, 35, 36, 41]",21,2,2,2,3,"[25, 35]",0.10666789048775549,0.3684113881073212,23.333333333333332
2023-08-23,random,v1.0.0,"[3, 13, 14, 19, 26, 36]",25,1,1,1,3,[3],0.10745522698875465,0.37177617994345336,18.5
2023-08-23,long_frequency,v1.0.0,"[3, 13, 14, 19, 26, 36]",25,0,0,0,1,[],0.10809888768724031,0.3747873305661247,30.833333333333332
2023-08-23,recent_frequency,v1.0.0,"[3, 13, 14, 19, 26, 36]",25,1,1,1,3,[13],0.10859953019575178,0.37707820807508863,26.833333333333332
2023-08-23,ema_gap,v1.0.0,"[3, 13, 14, 19, 26, 36]",25,0,0,0,1,[],0.11316698244189109,0.397932973866993,32.333333333333336
2023-08-23,logistic,v1.0.0,"[3, 13, 14, 19, 26, 36]",25,0,0,1,1,[],0.10794774293375879,0.37384852765680654,27.333333333333332
2023-08-23,ensemble,v1.0.0,"[3, 13, 14, 19, 26, 36]",25,0,0,0,1,[],0.10892060884836743,0.3786059477829139,31.333333333333332
2023-08-26,random,v1.0.0,"[6, 10, 11, 22, 32, 43]",27,1,1,3,3,[6],0.10745522698875466,0.37177617994345336,20.666666666666668
2023-08-26,long_frequency,v1.0.0,"[6, 10, 11, 22, 32, 43]",27,1,1,1,1,[43],0.10771317583509181,0.3729386408507597,27.666666666666668
2023-08-26,recent_frequency,v1.0.0,"[6, 10, 11, 22, 32, 43]",27,1,1,3,3,[10],0.10638369346105792,0.36696170754394014,21.333333333333332
2023-08-26,ema_gap,v1.0.0,"[6, 10, 11, 22, 32, 43]",27,1,1,2,2,[10],0.10898374644650097,0.37972333075725584,26.666666666666668
2023-08-26,logistic,v1.0.0,"[6, 10, 11, 22, 32, 43]",27,0,0,2,3,[],0.1068031356744597,0.36843206599538414,19.833333333333332
2023-08-26,ensemble,v1.0.0,"[6, 10, 11, 22, 32, 43]",27,1,1,2,2,[10],0.1070907764155521,0.3699747754841141,22.666666666666668
2023-08-30,random,v1.0.0,"[3, 16, 22, 25, 27, 46]",19,1,1,1,2,[3],0.10745522698875466,0.3717761799434532,23.166666666666668
2023-08-30,long_frequency,v1.0.0,"[3, 16, 22, 25, 27, 46]",19,0,0,2,2,[],0.10747713643001343,0.3718410687279388,24.333333333333332
2023-08-30,recent_frequency,v1.0.0,"[3, 16, 22, 25, 27, 46]",19,0,0,3,3,[],0.10883708121615994,0.37906677603660366,27.166666666666668
2023-08-30,ema_gap,v1.0.0,"[3, 16, 22, 25, 27, 46]",19,2,2,3,3,"[22, 25]",0.1069199842190097,0.3733753287952759,24.5
2023-08-30,logistic,v1.0.0,"[3, 16, 22, 25, 27, 46]",19,1,1,2,3,[16],0.10727617156689784,0.370934323363046,23.166666666666668
2023-08-30,ensemble,v1.0.0,"[3, 16, 22, 25, 27, 46]",19,2,2,3,3,"[3, 22]",0.10723230132481021,0.3708681731284618,23.0
2023-09-02,random,v1.0.0,"[12, 13, 30, 33, 35, 43]",17,0,0,1,2,[],0.10745522698875465,0.37177617994345313,27.666666666666668
2023-09-02,long_frequency,v1.0.0,"[12, 13, 30, 33, 35, 43]",17,1,1,1,1,[43],0.10768937967179218,0.3728194611208805,28.5
2023-09-02,recent_frequency,v1.0.0,"[12, 13, 30, 33, 35, 43]",17,0,0,2,2,[],0.10785014244064973,0.37329453445485755,26.166666666666668
2023-09-02,ema_gap,v1.0.0,"[12, 13, 30, 33, 35, 43]",17,1,1,2,3,[35],0.10771952760381268,0.37198708467353453,22.166666666666668
2023-09-02,logistic,v1.0.0,"[12, 13, 30, 33, 35, 43]",17,0,0,3,3,[],0.10853181248043871,0.3769782405271561,26.666666666666668
2023-09-02,ensemble,v1.0.0,"[12, 13, 30, 33, 35, 43]",17,1,1,1,1,[35],0.10774830921698104,0.37324395382261155,29.0
2023-09-06,random,v1.0.0,"[3, 10, 31, 38, 39, 41]",34,1,1,2,2,[3],0.10745522698875466,0.3717761799434531,27.0
2023-09-06,long_frequency,v1.0.0,"[3, 10, 31, 38, 39, 41]",34,2,2,2,3,"[31, 38]",0.10682810033460173,0.36887172239422555,17.5
2023-09-06,recent_frequency,v1.0.0,"[3, 10, 31, 38, 39, 41]",34,1,1,4,4,[10],0.10466499958350688,0.3597300590400631,16.0
2023-09-06,ema_gap,v1.0.0,"[3, 10, 31, 38, 39, 41]",34,1,1,3,3,[10],0.10556922162902628,0.36606770372242947,22.666666666666668
2023-09-06,logistic,v1.0.0,"[3, 10, 31, 38, 39, 41]",34,1,1,1,2,[41],0.10797226593926956,0.37420667001657704,26.833333333333332
2023-09-06,ensemble,v1.0.0,"[3, 10, 31, 38, 39, 41]",34,1,1,4,4,[10],0.10642211694846253,0.3669670413010796,18.0
2023-09-09,random,v1.0.0,"[8, 17, 20, 26, 42, 44]",3,0,0,1,2,[],0.10745522698875465,0.37177617994345324,26.166666666666668
2023-09-09,long_frequency,v1.0.0,"[8, 17, 20, 26, 42, 44]",3,0,0,1,1,[],0.1076191011600521,0.37247363697197444,27.333333333333332
2023-09-09,recent_frequency,v1.0.0,"[8, 17, 20, 26, 42, 44]",3,0,0,0,0,[],0.10934157101207831,0.379699369604711,31.333333333333332
2023-09-09,ema_gap,v1.0.0,"[8, 17, 20, 26, 42, 44]",3,0,0,0,1,[],0.11373025994270133,0.3983007543307257,32.833333333333336
2023-09-09,logistic,v1.0.0,"[8, 17, 20, 26, 42, 44]",3,0,0,2,2,[],0.10738477501013712,0.3713029037117918,24.166666666666668
2023-09-09,ensemble,v1.0.0,"[8, 17, 20, 26, 42, 44]",3,0,0,1,1,[],0.10884950491392004,0.3779250590021089,30.5
2023-09-13,random,v1.0.0,"[8, 10, 18, 32, 33, 42]",40,0,0,2,3,[],0.10745522698875466,0.37177617994345336,23.833333333333332
2023-09-13,long_frequency,v1.0.0,"[8, 10, 18, 32, 33, 42]",40,0,0,0,0,[],0.10789644009145848,0.37376721653781164,29.166666666666668
2023-09-13,recent_frequency,v1.0.0,"[8, 10, 18, 32, 33, 42]",40,1,1,1,2,[10],0.10786483631820076,0.37485398653165053,28.166666666666668
2023-09-13,ema_gap,v1.0.0,"[8, 10, 18, 32, 33, 42]",40,1,1,2,3,[10],0.10620357972323681,0.36827931842516026,23.333333333333332
2023-09-13,logistic,v1.0.0,"[8, 10, 18, 32, 33, 42]",40,1,1,1,1,[18],0.1087591939022234,0.3780027980120652,29.0
2023-09-13,ensemble,v1.0.0,"[8, 10, 18, 32, 33, 42]",40,1,1,1,2,[10],0.1076130885597826,0.3727794959608133,28.333333333333332
2023-09-16,random,v1.0.0,"[5, 9, 14, 29, 37, 38]",18,1,1,2,3,[5],0.10745522698875465,0.37177617994345336,22.0
2023-09-16,long_frequency,v1.0.0,"[5, 9, 14, 29, 37, 38]",18,1,1,1,2,[38],0.10795906067980222,0.3741600682542446,29.0
2023-09-16,recent_frequency,v1.0.0,"[5, 9, 14, 29, 37, 38]",18,0,0,1,2,[],0.10861128529779258,0.37700847967421636,27.333333333333332
2023-09-16,ema_gap,v1.0.0,"[5, 9, 14, 29, 37, 38]",18,0,0,0,1,[],0.1138457961928396,0.39960388875728364,32.5
2023-09-16,logistic,v1.0.0,"[5, 9, 14, 29, 37, 38]",18,1,1,1,1,[14],0.10754401635510488,0.3722100097646871,26.333333333333332
2023-09-16,ensemble,v1.0.0,"[5, 9, 14, 29, 37, 38]",18,0,0,0,1,[],0.10874498362511938,0.3775438455419859,31.0
2023-09-20,random,v1.0.0,"[10, 14, 17, 22, 25, 38]",24,0,0,1,3,[],0.10745522698875465,0.37177617994345336,21.0
2023-09-20,long_frequency,v1.0.0,"[10, 14, 17, 22, 25, 38]",24,1,1,1,1,[38],0.10807758944865592,0.3747170722133887,31.333333333333332
2023-09-20,recent_frequency,v1.0.0,"[10, 14, 17, 22, 25, 38]",24,2,2,4,4,"[10, 25]",0.10466206080799666,0.3597870286399995,16.0
2023-09-20,ema_gap,v1.0.0,"[10, 14, 17, 22, 25, 38]",24,3,3,3,4,"[10, 22, 25]",0.09973477318347848,0.3407999022543158,13.0
2023-09-20,logistic,v1.0.0,"[10, 14, 17, 22, 25, 38]",24,1,1,2,2,[38],0.10829056837903928,0.37582980998380394,29.0
2023-09-20,ensemble,v1.0.0,"[10, 14, 17, 22, 25, 38]",24,1,1,4,4,[10],0.10559129954036806,0.3636194987178598,16.666666666666668
2023-09-23,random,v1.0.0,"[5, 18, 22, 26, 28, 45]",14,1,1,1,2,[5],0.10745522698875466,0.37177617994345324,24.0
2023-09-23,long_frequency,v1.0.0,"[5, 18, 22, 26, 28, 45]",14,1,1,1,1,[45],0.10786973014226107,0.37378126294119196,32.333333333333336
2023-09-23,recent_frequency,v1.0.0,"[5, 18, 22, 26, 28, 45]",14,1,1,1,1,[22],0.10932687713452728,0.38056043343953505,29.833333333333332
2023-09-23,ema_gap,v1.0.0,"[5, 18, 22, 26, 28, 45]",14,1,1,1,2,[22],0.10936042341456312,0.380494939066489,27.166666666666668
2023-09-23,logistic,v1.0.0,"[5, 18, 22, 26, 28, 45]",14,0,0,0,1,[],0.10779241884998404,0.37323496317708826,28.166666666666668
2023-09-23,ensemble,v1.0.0,"[5, 18, 22, 26, 28, 45]",14,1,1,1,2,[22],0.10817886225336572,0.3751907225883221,28.5
2023-09-27,random,v1.0.0,"[9, 17, 25, 30, 38, 48]",35,0,0,1,2,[],0.10745522698875466,0.3717761799434532,27.833333333333332
2023-09-27,long_frequency,v1.0.0,"[9, 17, 25, 30, 38, 48]",35,1,1,1,2,[38],0.10763405045340965,0.3725741069892515,27.333333333333332
2023-09-27,recent_frequency,v1.0.0,"[9, 17, 25, 30, 38, 48]",35,2,2,2,4,"[25, 38]",0.1051503873386089,0.3607002820983372,14.833333333333334
2023-09-27,ema_gap,v1.0.0,"[9, 17, 25, 30, 38, 48]",35,1,1,3,5,[25],0.10404273153812031,0.3539250480882151,15.0
2023-09-27,logistic,v1.0.0,"[9, 17, 25, 30, 38, 48]",35,0,0,1,2,[],0.10781981330378371,0.37282049670563266,25.0
2023-09-27,ensemble,v1.0.0,"[9, 17, 25, 30, 38, 48]",35,1,1,3,4,[25],0.10615840873033121,0.36555335977122977,14.833333333333334
2023-09-30,random,v1.0.0,"[30, 31, 34, 43, 45, 47]",14,0,0,0,0,[],0.10745522698875466,0.37177617994345313,38.333333333333336
2023-09-30,long_frequency,v1.0.0,"[30, 31, 34, 43, 45, 47]",14,4,4,5,5,"[31, 34, 43, 45]",0.10578638046543455,0.364183386204156,8.833333333333334
2023-09-30,recent_frequency,v1.0.0,"[30, 31, 34, 43, 45, 47]",14,0,0,2,2,[],0.1063822240733028,0.36600897785397685,20.166666666666668
2023-09-30,ema_gap,v1.0.0,"[30, 31, 34, 43, 45, 47]",14,1,1,2,3,[30],0.10868466898325148,0.3746682241970822,23.0
2023-09-30,logistic,v1.0.0,"[30, 31, 34, 43, 45, 47]",14,0,0,0,1,[],0.11156035785099924,0.3918540853792221,39.333333333333336
2023-09-30,ensemble,v1.0.0,"[30, 31, 34, 43, 45, 47]",14,0,0,0,1,[],0.1087656712736703,0.37771825128313585,30.833333333333332
2023-10-04,random,v1.0.0,"[18, 19, 26, 27, 29, 30]",34,0,0,0,1,[],0.10745522698875466,0.3717761799434532,24.833333333333332
2023-10-04,long_frequency,v1.0.0,"[18, 19, 26, 27, 29, 30]",34,0,0,1,1,[],0.10782502655732112,0.3734532495207046,29.333333333333332
2023-10-04,recent_frequency,v1.0.0,"[18, 19, 26, 27, 29, 30]",34,1,1,1,1,[30],0.10908197917534361,0.3790285776812511,30.666666666666668
2023-10-04,ema_gap,v1.0.0,"[18, 19, 26, 27, 29, 30]",34,1,1,1,1,[30],0.10968462454829457,0.3801163670307363,26.5
2023-10-04,logistic,v1.0.0,"[18, 19, 26, 27, 29, 30]",34,0,0,1,2,[],0.1081625740107045,0.37494221265037553,27.333333333333332
2023-10-04,ensemble,v1.0.0,"[18, 19, 26, 27, 29, 30]",34,1,1,1,1,[30],0.10837413522683931,0.3759101243873304,28.333333333333332
2023-10-07,random,v1.0.0,"[4, 6, 20, 40, 45, 46]",33,2,2,2,2,"[4, 6]",0.10745522698875466,0.37177617994345324,26.833333333333332
2023-10-07,long_frequency,v1.0.0,"[4, 6, 20, 40, 45, 46]",33,2,2,4,5,"[40, 45]",0.10638795259569955,0.3668931141739413,13.666666666666666
2023-10-07,recent_frequency,v1.0.0,"[4, 6, 20, 40, 45, 46]",33,0,0,0,2,[],0.10930042815493544,0.38037687283235216,30.0
2023-10-07,ema_gap,v1.0.0,"[4, 6, 20, 40, 45, 46]",33,0,0,1,1,[],0.11436593818373464,0.40352323039539595,34.833333333333336
2023-10-07,logistic,v1.0.0,"[4, 6, 20, 40, 45, 46]",33,0,0,0,1,[],0.10817093551328791,0.3749054388095867,32.0
2023-10-07,ensemble,v1.0.0,"[4, 6, 20, 40, 45, 46]",33,0,0,1,1,[],0.10916798160652263,0.37961956966524585,33.0
2023-10-11,random,v1.0.0,"[9, 17, 22, 28, 37, 43]",25,0,0,1,2,[],0.10745522698875466,0.37177617994345324,26.0
2023-10-11,long_frequency,v1.0.0,"[9, 17, 22, 28, 37, 43]",25,1,1,1,2,[43],0.1076338384627827,0.37258890611524437,25.833333333333332
2023-10-11,recent_frequency,v1.0.0,"[9, 17, 22, 28, 37, 43]",25,1,1,1,4,[22],0.1061182240733028,0.3654248373664638,18.5
2023-10-11,ema_gap,v1.0.0,"[9, 17, 22, 28, 37, 43]",25,1,1,3,3,[22],0.1052483432054328,0.3606827430704041,19.0
2023-10-11,logistic,v1.0.0,"[9, 17, 22, 28, 37, 43]",25,0,0,0,0,[],0.11169937374718054,0.3919558171579216,40.0
2023-10-11,ensemble,v1.0.0,"[9, 17, 22, 28, 37, 43]",25,0,0,1,1,[],0.10835314638456346,0.37609176515613474,27.166666666666668
2023-10-14,random,v1.0.0,"[15, 17, 23, 32, 37, 47]",49,0,0,0,2,[],0.10745522698875466,0.37177617994345324,28.5
2023-10-14,long_frequency,v1.0.0,"[15, 17, 23, 32, 37, 47]",49,0,0,2,2,[],0.1075568101541597,0.3722058308721533,25.166666666666668
2023-10-14,recent_frequency,v1.0.0,"[15, 17, 23, 32, 37, 47]",49,0,0,2,3,[],0.10734859142024157,0.3714671147332716,23.0
2023-10-14,ema_gap,v1.0.0,"[15, 17, 23, 32, 37, 47]",49,0,0,1,2,[],0.1098073642298091,0.3811660925705307,26.5
2023-10-14,logistic,v1.0.0,"[15, 17, 23, 32, 37, 47]",49,0,0,3,4,[],0.10686786954126315,0.36887627823079205,19.833333333333332
2023-10-14,ensemble,v1.0.0,"[15, 17, 23, 32, 37, 47]",49,1,1,2,2,[17],0.10734560817628733,0.3711756693615494,23.833333333333332
2023-10-18,random,v1.0.0,"[3, 4, 9, 27, 30, 37]",48,2,2,3,3,"[3, 4]",0.10745522698875465,0.37177617994345336,18.333333333333332
2023-10-18,long_frequency,v1.0.0,"[3, 4, 9, 27, 30, 37]",48,0,0,1,3,[],0.10715404858058558,0.37030030998041713,19.166666666666668
2023-10-18,recent_frequency,v1.0.0,"[3, 4, 9, 27, 30, 37]",48,1,1,4,5,[30],0.1046796934610579,0.3585418769848172,13.333333333333334
2023-10-18,ema_gap,v1.0.0,"[3, 4, 9, 27, 30, 37]",48,2,2,3,4,"[9, 30]",0.10246115583430435,0.3482668736100119,14.333333333333334
2023-10-18,logistic,v1.0.0,"[3, 4, 9, 27, 30, 37]",48,0,0,1,2,[],0.10791647896337478,0.3737889626993237,27.333333333333332
2023-10-18,ensemble,v1.0.0,"[3, 4, 9, 27, 30, 37]",48,2,2,3,3,"[9, 37]",0.10584401382120236,0.364241147805686,15.666666666666666
2023-10-21,random,v1.0.0,"[1, 12, 17, 19, 23, 39]",37,1,1,2,3,[1],0.10745522698875465,0.37177617994345336,18.5
2023-10-21,long_frequency,v1.0.0,"[1, 12, 17, 19, 23, 39]",37,0,0,1,1,[],0.10806371523959594,0.3745962445625436,31.666666666666668
2023-10-21,recent_frequency,v1.0.0,"[1, 12, 17, 19, 23, 39]",37,0,0,1,2,[],0.10983871386922116,0.3836066569609022,30.0
2023-10-21,ema_gap,v1.0.0,"[1, 12, 17, 19, 23, 39]",37,0,0,2,2,[],0.11142301526198625,0.3922747709320128,30.333333333333332
2023-10-21,logistic,v1.0.0,"[1, 12, 17, 19, 23, 39]",37,1,1,2,2,[17],0.1072818723707001,0.37106570531536065,26.166666666666668
2023-10-21,ensemble,v1.0.0,"[1, 12, 17, 19, 23, 39]",37,1,1,2,2,[17],0.1085222499640556,0.3771989960020328,31.166666666666668
2023-10-25,random,v1.0.0,"[1, 4, 16, 22, 29, 47]",43,2,2,2,3,"[1, 4]",0.10745522698875465,0.37177617994345336,19.833333333333332
2023-10-25,long_frequency,v1.0.0,"[1, 4, 16, 22, 29, 47]",43,0,0,1,2,[],0.10783768081929798,0.37354338405457754,28.5
2023-10-25,recent_frequency,v1.0.0,"[1, 4, 16, 22, 29, 47]",43,1,1,2,3,[22],0.1076272852977926,0.3730049871260515,24.666666666666668
2023-10-25,ema_gap,v1.0.0,"[1, 4, 16, 22, 29, 47]",43,1,1,1,3,[22],0.10897237877978203,0.3797904360985614,26.666666666666668
2023-10-25,logistic,v1.0.0,"[1, 4, 16, 22, 29, 47]",43,0,0,1,2,[],0.10857556158134045,0.3767345686436056,28.0
2023-10-25,ensemble,v1.0.0,"[1, 4, 16, 22, 29, 47]",43,0,0,1,2,[],0.10805435010316665,0.37446974861344345,28.166666666666668
2023-10-28,random,v1.0.0,"[4, 9, 17, 30, 36, 43]",37,1,1,2,3,[4],0.10745522698875466,0.37177617994345336,23.166666666666668
2023-10-28,long_frequency,v1.0.0,"[4, 9, 17, 30, 36, 43]",37,1,1,1,4,[43],0.10716531421410166,0.3703814113777152,19.833333333333332
2023-10-28,recent_frequency,v1.0.0,"[4, 9, 17, 30, 36, 43]",37,1,1,4,4,[30],0.10542173427738442,0.36260084202569587,16.0
2023-10-28,ema_gap,v1.0.0,"[4, 9, 17, 30, 36, 43]",37,3,3,4,5,"[9, 17, 30]",0.10013546508141004,0.34184290269056355,13.833333333333334
2023-10-28,logistic,v1.0.0,"[4, 9, 17, 30, 36, 43]",37,0,0,0,3,[],0.10738452982630578,0.37068778632902044,22.333333333333332
2023-10-28,ensemble,v1.0.0,"[4, 9, 17, 30, 36, 43]",37,2,2,5,5,"[9, 30]",0.1051789048878292,0.36149410076610683,12.166666666666666
2023-11-01,random,v1.0.0,"[7, 12, 31, 34, 41, 48]",25,0,0,2,2,[],0.10745522698875466,0.3717761799434531,28.833333333333332
2023-11-01,long_frequency,v1.0.0,"[7, 12, 31, 34, 41, 48]",25,2,2,2,4,"[31, 34]",0.10652130621465028,0.3674746346860025,15.0
2023-11-01,recent_frequency,v1.0.0,"[7, 12, 31, 34, 41, 48]",25,0,0,1,2,[],0.10741765264473137,0.37061789772987574,24.0
2023-11-01,ema_gap,v1.0.0,"[7, 12, 31, 34, 41, 48]",25,0,0,0,1,[],0.1116668958818771,0.3873788809723597,28.0
2023-11-01,logistic,v1.0.0,"[7, 12, 31, 34, 41, 48]",25,0,0,2,2,[],0.10754517586087224,0.3720695182370564,25.5
2023-11-01,ensemble,v1.0.0,"[7, 12, 31, 34, 41, 48]",25,0,0,0,1,[],0.10795316881307997,0.37367634670330985,25.5
2023-11-04,random,v1.0.0,"[1, 10, 15, 17, 35, 45]",34,1,1,2,4,[1],0.10745522698875466,0.37177617994345336,20.5
2023-11-04,long_frequency,v1.0.0,"[1, 10, 15, 17, 35, 45]",34,1,1,1,1,[45],0.1077000617395127,0.37297828001364003,29.666666666666668
2023-11-04,recent_frequency,v1.0.0,"[1, 10, 15, 17, 35, 45]",34,1,1,2,3,[10],0.10716834652228238,0.37105133294414416,22.5
2023-11-04,ema_gap,v1.0.0,"[1, 10, 15, 17, 35, 45]",34,2,2,2,3,"[10, 17]",0.105092992279726,0.3615625331559333,20.333333333333332
2023-11-04,logistic,v1.0.0,"[1, 10, 15, 17, 35, 45]",34,1,1,1,3,[17],0.1067663774207867,0.36849487691234795,21.0
2023-11-04,ensemble,v1.0.0,"[1, 10, 15, 17, 35, 45]",34,2,2,2,4,"[10, 17]",0.10643509699248853,0.36741536718157014,20.833333333333332
2023-11-08,random,v1.0.0,"[25, 29, 37, 43, 46, 48]",15,0,0,0,0,[],0.10745522698875466,0.37177617994345313,38.0
2023-11-08,long_frequency,v1.0.0,"[25, 29, 37, 43, 46, 48]",15,1,1,2,2,[43],0.10732567161776504,0.3711378825892371,23.166666666666668
2023-11-08,recent_frequency,v1.0.0,"[25, 29, 37, 43, 46, 48]",15,0,0,2,3,[],0.10694255060391504,0.36902837600373894,23.833333333333332
2023-11-08,ema_gap,v1.0.0,"[25, 29, 37, 43, 46, 48]",15,0,0,2,4,[],0.10754418712795051,0.368988135098202,20.0
2023-11-08,logistic,v1.0.0,"[25, 29, 37, 43, 46, 48]",15,0,0,1,1,[],0.10836376264011094,0.3756061885859898,27.5
2023-11-08,ensemble,v1.0.0,"[25, 29, 37, 43, 46, 48]",15,0,0,2,3,[],0.10743224588659624,0.37152385188034226,23.666666666666668
2023-11-11,random,v1.0.0,"[3, 17, 25, 26, 41, 42]",18,1,1,1,2,[3],0.10745522698875465,0.3717761799434532,25.666666666666668
2023-11-11,long_frequency,v1.0.0,"[3, 17, 25, 26, 41, 42]",18,0,0,0,1,[],0.10777864400529827,0.3732106285415923,28.0
2023-11-11,recent_frequency,v1.0.0,"[3, 17, 25, 26, 41, 42]",18,1,1,3,4,[17],0.10474875468554769,0.35879257872368836,15.166666666666666
2023-11-11,ema_gap,v1.0.0,"[3, 17, 25, 26, 41, 42]",18,2,2,2,3,"[17, 25]",0.10343778303626722,0.35449092102559965,17.5
2023-11-11,logistic,v1.0.0,"[3, 17, 25, 26, 41, 42]",18,0,0,0,0,[],0.11002439495984995,0.38331674017803913,33.166666666666664
2023-11-11,ensemble,v1.0.0,"[3, 17, 25, 26, 41, 42]",18,1,1,1,3,[17],0.1069608403749111,0.3694443787611487,22.5
2023-11-15,random,v1.0.0,"[16, 20, 23, 32, 37, 39]",13,0,0,0,1,[],0.10745522698875466,0.37177617994345324,27.833333333333332
2023-11-15,long_frequency,v1.0.0,"[16, 20, 23, 32, 37, 39]",13,0,0,2,2,[],0.10757163050544555,0.3722730717614954,25.666666666666668
2023-11-15,recent_frequency,v1.0.0,"[16, 20, 23, 32, 37, 39]",13,1,1,2,2,[37],0.10918630570595587,0.3801049770484817,29.333333333333332
2023-11-15,ema_gap,v1.0.0,"[16, 20, 23, 32, 37, 39]",13,0,0,1,2,[],0.11089017265157355,0.3862170916818181,28.833333333333332
2023-11-15,logistic,v1.0.0,"[16, 20, 23, 32, 37, 39]",13,0,0,1,1,[],0.10810190487320716,0.37452632955840814,29.666666666666668
2023-11-15,ensemble,v1.0.0,"[16, 20, 23, 32, 37, 39]",13,1,1,1,1,[37],0.10856618206922375,0.37695363978864077,30.166666666666668
2023-11-18,random,v1.0.0,"[6, 22, 26, 30, 35, 36]",25,1,1,1,1,[6],0.10745522698875466,0.3717761799434532,25.833333333333332
2023-11-18,long_frequency,v1.0.0,"[6, 22, 26, 30, 35, 36]",25,0,0,0,1,[],0.10781063536273269,0.37335418905297435,29.666666666666668
2023-11-18,recent_frequency,v1.0.0,"[6, 22, 26, 30, 35, 36]",25,2,2,2,3,"[22, 30]",0.10600704039983341,0.36543536308797264,20.833333333333332
2023-11-18,ema_gap,v1.0.0,"[6, 22, 26, 30, 35, 36]",25,2,2,2,4,"[22, 30]",0.1050543028399763,0.36007413155268775,19.5
2023-11-18,logistic,v1.0.0,"[6, 22, 26, 30, 35, 36]",25,1,1,1,3,[30],0.10758062672477771,0.3721680058129927,25.166666666666668
2023-11-18,ensemble,v1.0.0,"[6, 22, 26, 30, 35, 36]",25,2,2,2,4,"[22, 30]",0.10655892495212597,0.3678349307543672,20.666666666666668
2023-11-22,random,v1.0.0,"[7, 12, 13, 17, 20, 36]",11,0,0,2,4,[],0.10745522698875465,0.37177617994345336,17.5
2023-11-22,long_frequency,v1.0.0,"[7, 12, 13, 17, 20, 36]",11,0,0,2,3,[],0.10752940557804594,0.372074247157812,24.833333333333332
2023-11-22,recent_frequency,v1.0.0,"[7, 12, 13, 17, 20, 36]",11,1,1,1,2,[17],0.10821846897126199,0.3751530360610382,25.833333333333332
2023-11-22,ema_gap,v1.0.0,"[7, 12, 13, 17, 20, 36]",11,1,1,1,2,[17],0.10667144708485576,0.36828341587586,22.666666666666668
2023-11-22,logistic,v1.0.0,"[7, 12, 13, 17, 20, 36]",11,1,1,2,3,[20],0.10669837625837117,0.36821747180763476,22.166666666666668
2023-11-22,ensemble,v1.0.0,"[7, 12, 13, 17, 20, 36]",11,1,1,1,2,[17],0.10677325282692211,0.36903920138216456,24.5
2023-11-25,random,v1.0.0,"[5, 9, 18, 29, 39, 42]",48,1,1,2,3,[5],0.10745522698875466,0.37177617994345336,23.666666666666668
2023-11-25,long_frequency,v1.0.0,"[5, 9, 18, 29, 39, 42]",48,0,0,0,1,[],0.10816757068560906,0.37506637135781745,33.333333333333336
2023-11-25,recent_frequency,v1.0.0,"[5, 9, 18, 29, 39, 42]",48,0,0,1,2,[],0.10797504039983341,0.3735294310218255,24.5
2023-11-25,ema_gap,v1.0.0,"[5, 9, 18, 29, 39, 42]",48,0,0,1,1,[],0.11039819611480459,0.3821566674377251,27.166666666666668
2023-11-25,logistic,v1.0.0,"[5, 9, 18, 29, 39, 42]",48,1,1,2,3,[39],0.1070427382951547,0.37000405057483166,25.0
2023-11-25,ensemble,v1.0.0,"[5, 9, 18, 29, 39, 42]",48,0,0,1,4,[],0.10771121854666191,0.37283917215330953,24.333333333333332
2023-11-29,random,v1.0.0,"[11, 13, 16, 18, 21, 43]",37,0,0,1,4,[],0.10745522698875465,0.37177617994345336,20.333333333333332
2023-11-29,long_frequency,v1.0.0,"[11, 13, 16, 18, 21, 43]",37,1,1,1,2,[43],0.10803483075387492,0.3744991319549565,32.833333333333336
2023-11-29,recent_frequency,v1.0.0,"[11, 13, 16, 18, 21, 43]",37,0,0,1,2,[],0.1089605097875885,0.378074843033809,27.666666666666668
2023-11-29,ema_gap,v1.0.0,"[11, 13, 16, 18, 21, 43]",37,0,0,1,1,[],0.11308281041891526,0.3970190220729248,32.0
2023-11-29,logistic,v1.0.0,"[11, 13, 16, 18, 21, 43]",37,1,1,1,1,[13],0.10788619995849869,0.3739427157799558,29.166666666666668
2023-11-29,ensemble,v1.0.0,"[11, 13, 16, 18, 21, 43]",37,0,0,1,2,[],0.10894242743010676,0.3786484252868362,31.666666666666668
2023-12-02,random,v1.0.0,"[1, 2, 20, 26, 39, 49]",18,2,2,2,2,"[1, 2]",0.10745522698875466,0.37177617994345324,22.833333333333332
2023-12-02,long_frequency,v1.0.0,"[1, 2, 20, 26, 39, 49]",18,0,0,1,1,[],0.1079949879229425,0.3742771584291077,30.5
2023-12-02,recent_frequency,v1.0.0,"[1, 2, 20, 26, 39, 49]",18,0,0,0,0,[],0.11286271386922117,0.398129587503136,39.666666666666664
2023-12-02,ema_gap,v1.0.0,"[1, 2, 20, 26, 39, 49]",18,0,0,0,1,[],0.1145215183447334,0.40700149608733505,34.166666666666664
2023-12-02,logistic,v1.0.0,"[1, 2, 20, 26, 39, 49]",18,3,3,4,4,"[2, 39, 49]",0.10578732941321597,0.3637844677296708,12.666666666666666
2023-12-02,ensemble,v1.0.0,"[1, 2, 20, 26, 39, 49]",18,0,0,0,0,[],0.1090534169696157,0.37888570225284823,32.0
2023-12-06,random,v1.0.0,"[1, 11, 31, 36, 38, 45]",46,1,1,2,2,[1],0.10745522698875466,0.3717761799434531,27.0
2023-12-06,long_frequency,v1.0.0,"[1, 11, 31, 36, 38, 45]",46,3,3,3,4,"[31, 38, 45]",0.1067675182945409,0.368730711460364,19.666666666666668
2023-12-06,recent_frequency,v1.0.0,"[1, 11, 31, 36, 38, 45]",46,0,0,1,2,[],0.10769487713452729,0.37221356415754314,23.833333333333332
2023-12-06,ema_gap,v1.0.0,"[1, 11, 31, 36, 38, 45]",46,0,0,0,0,[],0.11034079514253231,0.38121763269862846,27.0
2023-12-06,logistic,v1.0.0,"[1, 11, 31, 36, 38, 45]",46,1,1,2,2,[38],0.10730630257064265,0.3709018775174471,24.0
2023-12-06,ensemble,v1.0.0,"[1, 11, 31, 36, 38, 45]",46,0,0,2,3,[],0.10761195192477017,0.3723425285421582,24.333333333333332
2023-12-09,random,v1.0.0,"[4, 5, 14, 21, 27, 30]",41,2,2,2,3,"[4, 5]",0.10745522698875465,0.37177617994345336,16.833333333333332
2023-12-09,long_frequency,v1.0.0,"[4, 5, 14, 21, 27, 30]",41,0,0,1,3,[],0.10785071853669786,0.37365079044470584,27.5
2023-12-09,recent_frequency,v1.0.0,"[4, 5, 14, 21, 27, 30]",41,1,1,1,3,[30],0.10769634652228238,0.3727472537742514,24.166666666666668
2023-12-09,ema_gap,v1.0.0,"[4, 5, 14, 21, 27, 30]",41,1,1,1,1,[30],0.11018020298512875,0.384783357190329,29.166666666666668
2023-12-09,logistic,v1.0.0,"[4, 5, 14, 21, 27, 30]",41,0,0,0,2,[],0.11008396473872022,0.3842944725397277,33.333333333333336
2023-12-09,ensemble,v1.0.0,"[4, 5, 14, 21, 27, 30]",41,0,0,1,1,[],0.10897555060017095,0.3787824078175564,34.666666666666664
2023-12-13,random,v1.0.0,"[7, 16, 20, 33, 46, 47]",5,0,0,1,2,[],0.10745522698875465,0.37177617994345324,28.166666666666668
2023-12-13,long_frequency,v1.0.0,"[7, 16, 20, 33, 46, 47]",5,0,0,4,4,[],0.10701339413628479,0.3696877073487968,17.5
2023-12-13,recent_frequency,v1.0.0,"[7, 16, 20, 33, 46, 47]",5,0,0,0,1,[],0.11063953019575178,0.38632247287038296,33.833333333333336
2023-12-13,ema_gap,v1.0.0,"[7, 16, 20, 33, 46, 47]",5,0,0,0,1,[],0.11294860423143877,0.39659555645694405,32.5
2023-12-13,logistic,v1.0.0,"[7, 16, 20, 33, 46, 47]",5,0,0,0,1,[],0.10851399332743505,0.37673330600933397,30.0
2023-12-13,ensemble,v1.0.0,"[7, 16, 20, 33, 46, 47]",5,0,0,0,0,[],0.10938785514576733,0.3806397933281624,35.666666666666664
2023-12-16,random,v1.0.0,"[7, 8, 13, 20, 43, 44]",2,0,0,2,3,[],0.10745522698875465,0.37177617994345336,22.5
2023-12-16,long_frequency,v1.0.0,"[7, 8, 13, 20, 43, 44]",2,1,1,3,3,[43],0.10713167932471149,0.3702473368654566,20.333333333333332
2023-12-16,recent_frequency,v1.0.0,"[7, 8, 13, 20, 43, 44]",2,0,0,2,3,[],0.10720067305289464,0.3700856697477228,22.333333333333332
2023-12-16,ema_gap,v1.0.0,"[7, 8, 13, 20, 43, 44]",2,0,0,3,3,[],0.1086750561824413,0.3775280338066391,23.0
2023-12-16,logistic,v1.0.0,"[7, 8, 13, 20, 43, 44]",2,0,0,1,2,[],0.10839166414915333,0.37599229307073156,29.666666666666668
2023-12-16,ensemble,v1.0.0,"[7, 8, 13, 20, 43, 44]",2,0,0,1,2,[],0.10782324282716485,0.3730305489515059,25.0
2023-12-20,random,v1.0.0,"[10, 12, 13, 17, 35, 44]",47,0,0,2,4,[],0.10745522698875465,0.37177617994345336,21.833333333333332
2023-12-20,long_frequency,v1.0.0,"[10, 12, 13, 17, 35, 44]",47,0,0,0,0,[],0.10788952201856408,0.37372840554775966,30.166666666666668
2023-12-20,recent_frequency,v1.0.0,"[10, 12, 13, 17, 35, 44]",47,2,2,3,3,"[13, 17]",0.10474287713452728,0.35958067246791564,16.833333333333332
2023-12-20,ema_gap,v1.0.0,"[10, 12, 13, 17, 35, 44]",47,1,1,2,4,[17],0.10391692459144494,0.3556946936326454,18.0
2023-12-20,logistic,v1.0.0,"[10, 12, 13, 17, 35, 44]",47,1,1,1,1,[17],0.10792445518525068,0.3743605230102912,28.166666666666668
2023-12-20,ensemble,v1.0.0,"[10, 12, 13, 17, 35, 44]",47,1,1,1,2,[17],0.1062456263685394,0.3666554048190666,21.666666666666668
2023-12-23,random,v1.0.0,"[7, 10, 15, 21, 29, 31]",17,0,0,2,3,[],0.10745522698875465,0.37177617994345336,18.833333333333332
2023-12-23,long_frequency,v1.0.0,"[7, 10, 15, 21, 29, 31]",17,1,1,2,3,[31],0.10707128640366785,0.36999620373489944,21.166666666666668
2023-12-23,recent_frequency,v1.0.0,"[7, 10, 15, 21, 29, 31]",17,1,1,3,3,[10],0.10694842815493545,0.3697152908683264,22.333333333333332
2023-12-23,ema_gap,v1.0.0,"[7, 10, 15, 21, 29, 31]",17,2,2,2,3,"[7, 10]",0.10696679532637303,0.3687781801961244,21.333333333333332
2023-12-23,logistic,v1.0.0,"[7, 10, 15, 21, 29, 31]",17,1,1,1,3,[21],0.10901690042540442,0.3799099647625884,28.166666666666668
2023-12-23,ensemble,v1.0.0,"[7, 10, 15, 21, 29, 31]",17,0,0,1,1,[],0.10751984838183577,0.3718509131267069,25.166666666666668
2023-12-27,random,v1.0.0,"[3, 11, 21, 40, 46, 48]",36,1,1,2,2,[3],0.10745522698875466,0.37177617994345324,28.166666666666668
2023-12-27,long_frequency,v1.0.0,"[3, 11, 21, 40, 46, 48]",36,1,1,2,3,[40],0.10705047612297466,0.369877497417872,19.5
2023-12-27,recent_frequency,v1.0.0,"[3, 11, 21, 40, 46, 48]",36,0,0,1,1,[],0.11014679550187423,0.3844709313933564,32.166666666666664
2023-12-27,ema_gap,v1.0.0,"[3, 11, 21, 40, 46, 48]",36,0,0,0,0,[],0.11347959282645917,0.3985088805982708,33.666666666666664
2023-12-27,logistic,v1.0.0,"[3, 11, 21, 40, 46, 48]",36,0,0,1,2,[],0.1072942314290221,0.370784557082899,21.666666666666668
2023-12-27,ensemble,v1.0.0,"[3, 11, 21, 40, 46, 48]",36,0,0,0,0,[],0.10885222464278575,0.3780070967500229,30.833333333333332
2023-12-28,random,v1.0.0,"[2, 10, 16, 17, 24, 26]",18,1,1,2,4,[2],0.10745522698875466,0.37177617994345336,15.833333333333334
2023-12-28,long_frequency,v1.0.0,"[2, 10, 16, 17, 24, 26]",18,0,0,0,0,[],0.10816912807193818,0.37504777745834106,33.0
2023-12-28,recent_frequency,v1.0.0,"[2, 10, 16, 17, 24, 26]",18,2,2,2,2,"[10, 17]",0.10813912203248648,0.3768295169890067,26.333333333333332
2023-12-28,ema_gap,v1.0.0,"[2, 10, 16, 17, 24, 26]",18,2,2,2,2,"[10, 17]",0.10626178539723875,0.3772594256678329,24.833333333333332
2023-12-28,logistic,v1.0.0,"[2, 10, 16, 17, 24, 26]",18,3,3,4,4,"[10, 17, 24]",0.10415046278733313,0.3570114700727501,10.5
2023-12-28,ensemble,v1.0.0,"[2, 10, 16, 17, 24, 26]",18,2,2,2,3,"[10, 17]",0.10577650400964471,0.3650161862638694,20.333333333333332
2023-12-31,random,v1.0.0,"[2, 5, 7, 11, 15, 21]",25,2,2,4,5,"[2, 5]",0.10745522698875465,0.3717761799434534,10.166666666666666
2023-12-31,long_frequency,v1.0.0,"[2, 5, 7, 11, 15, 21]",25,0,0,1,2,[],0.10802742691999676,0.37442068184082594,31.833333333333332
2023-12-31,recent_frequency,v1.0.0,"[2, 5, 7, 11, 15, 21]",25,1,1,1,2,[7],0.10910548937942524,0.3796553168426521,27.166666666666668
2023-12-31,ema_gap,v1.0.0,"[2, 5, 7, 11, 15, 21]",25,1,1,1,2,[7],0.10862388920142926,0.3751877292572001,24.166666666666668
2023-12-31,logistic,v1.0.0,"[2, 5, 7, 11, 15, 21]",25,0,0,0,0,[],0.10987978836481432,0.38283671776635586,38.0
2023-12-31,ensemble,v1.0.0,"[2, 5, 7, 11, 15, 21]",25,0,0,1,1,[],0.10891477071167792,0.3784305011806374,32.166666666666664
2024-01-03,random,v1.0.0,"[2, 12, 23, 30, 32, 35]",47,1,1,2,2,[2],0.10745522698875465,0.3717761799434532,22.333333333333332
2024-01-03,long_frequency,v1.0.0,"[2, 12, 23, 30, 32, 35]",47,0,0,1,1,[],0.10773766856325753,0.3730221793595888,28.5
2024-01-03,recent_frequency,v1.0.0,"[2, 12, 23, 30, 32, 35]",47,1,1,1,3,[30],0.10737650978758852,0.3714727891425816,22.833333333333332
2024-01-03,ema_gap,v1.0.0,"[2, 12, 23, 30, 32, 35]",47,1,1,1,2,[30],0.10900119226828943,0.3766308494877966,25.0
2024-01-03,logistic,v1.0.0,"[2, 12, 23, 30, 32, 35]",47,0,0,1,1,[],0.1085741998360769,0.37647436593745076,28.333333333333332
2024-01-03,ensemble,v1.0.0,"[2, 12, 23, 30, 32, 35]",47,0,0,2,2,[],0.10791548012621205,0.3737699553444673,26.0
2024-01-06,random,v1.0.0,"[18, 19, 33, 38, 48, 49]",27,0,0,0,1,[],0.10745522698875469,0.37177617994345313,34.166666666666664
2024-01-06,long_frequency,v1.0.0,"[18, 19, 33, 38, 48, 49]",27,1,1,1,1,[38],0.10754068237006974,0.3721325112265376,24.833333333333332
2024-01-06,recent_frequency,v1.0.0,"[18, 19, 33, 38, 48, 49]",27,0,0,0,0,[],0.11154271386922117,0.3909368330109807,40.166666666666664
2024-01-06,ema_gap,v1.0.0,"[18, 19, 33, 38, 48, 49]",27,0,0,0,0,[],0.11600438292257098,0.4121391619844448,39.166666666666664
2024-01-06,logistic,v1.0.0,"[18, 19, 33, 38, 48, 49]",27,2,2,3,4,"[38, 49]",0.10627888074963039,0.3663132877717758,15.5
2024-01-06,ensemble,v1.0.0,"[18, 19, 33, 38, 48, 49]",27,0,0,0,0,[],0.1092117546333175,0.37986606032602943,36.166666666666664
2024-01-10,random,v1.0.0,"[3, 18, 25, 31, 35, 39]",1,1,1,1,2,[3],0.10745522698875466,0.3717761799434532,25.166666666666668
2024-01-10,long_frequency,v1.0.0,"[3, 18, 25, 31, 35, 39]",1,1,1,1,1,[31],0.10769553547768328,0.3729318935415171,29.833333333333332
2024-01-10,recent_frequency,v1.0.0,"[3, 18, 25, 31, 35, 39]",1,1,1,3,4,[3],0.10589830570595585,0.36433553935122903,19.166666666666668
2024-01-10,ema_gap,v1.0.0,"[3, 18, 25, 31, 35, 39]",1,1,1,2,3,[35],0.10716868831214747,0.3670443263442972,19.333333333333332
2024-01-10,logistic,v1.0.0,"[3, 18, 25, 31, 35, 39]",1,1,1,3,3,[35],0.10761595297264337,0.3722620444032468,23.166666666666668
2024-01-10,ensemble,v1.0.0,"[3, 18, 25, 31, 35, 39]",1,1,1,2,4,[35],0.10699722427494301,0.369130183081905,19.5
2024-01-13,random,v1.0.0,"[24, 28, 31, 40, 42, 48]",43,0,0,0,0,[],0.10745522698875465,0.37177617994345313,35.5
2024-01-13,long_frequency,v1.0.0,"[24, 28, 31, 40, 42, 48]",43,2,2,2,2,"[31, 40]",0.10720255195258586,0.37067052156829605,23.0
2024-01-13,recent_frequency,v1.0.0,"[24, 28, 31, 40, 42, 48]",43,0,0,1,1,[],0.1103270403998334,0.3860282604373145,34.5
2024-01-13,ema_gap,v1.0.0,"[24, 28, 31, 40, 42, 48]",43,1,1,2,2,[31],0.11327282699425252,0.40274368356390755,32.833333333333336
2024-01-13,logistic,v1.0.0,"[24, 28, 31, 40, 42, 48]",43,0,0,1,1,[],0.10768696059998821,0.37230766843621194,26.5
2024-01-13,ensemble,v1.0.0,"[24, 28, 31, 40, 42, 48]",43,1,1,1,1,[31],0.1089585351271052,0.3791404376022321,32.833333333333336
2024-01-17,random,v1.0.0,"[8, 10, 11, 25, 29, 37]",45,0,0,3,3,[],0.10745522698875463,0.37177617994345336,20.0
2024-01-17,long_frequency,v1.0.0,"[8, 10, 11, 25, 29, 37]",45,0,0,0,0,[],0.10804207746051486,0.3744510949769898,32.833333333333336
2024-01-17,recent_frequency,v1.0.0,"[8, 10, 11, 25, 29, 37]",45,2,2,2,3,"[10, 25]",0.10542173427738442,0.3623063225211934,16.0
2024-01-17,ema_gap,v1.0.0,"[8, 10, 11, 25, 29, 37]",45,1,1,2,2,[10],0.10656678526908378,0.36668895399877816,21.666666666666668
2024-01-17,logistic,v1.0.0,"[8, 10, 11, 25, 29, 37]",45,0,0,1,2,[],0.10856733155965925,0.37688546772998627,27.166666666666668
2024-01-17,ensemble,v1.0.0,"[8, 10, 11, 25, 29, 37]",45,1,1,2,2,[10],0.10710259253069657,0.3700724007737498,22.0
2024-01-20,random,v1.0.0,"[1, 6, 12, 27, 45, 49]",47,2,2,3,3,"[1, 6]",0.10745522698875466,0.37177617994345336,23.333333333333332
2024-01-20,long_frequency,v1.0.0,"[1, 6, 12, 27, 45, 49]",47,1,1,2,2,[45],0.10735492898944055,0.3713760942718355,25.166666666666668
2024-01-20,recent_frequency,v1.0.0,"[1, 6, 12, 27, 45, 49]",47,0,0,0,1,[],0.10959528529779258,0.3810539692838303,29.666666666666668
2024-01-20,ema_gap,v1.0.0,"[1, 6, 12, 27, 45, 49]",47,0,0,0,1,[],0.11502645657353441,0.4068415662511948,37.0
2024-01-20,logistic,v1.0.0,"[1, 6, 12, 27, 45, 49]",47,1,1,3,3,[45],0.1075837021556493,0.37246433501904497,23.833333333333332
2024-01-20,ensemble,v1.0.0,"[1, 6, 12, 27, 45, 49]",47,0,0,0,1,[],0.10917795038318133,0.37980790972154277,33.833333333333336
2024-01-24,random,v1.0.0,"[1, 8, 20, 30, 31, 34]",41,1,1,2,2,[1],0.10745522698875463,0.37177617994345324,20.666666666666668
2024-01-24,long_frequency,v1.0.0,"[1, 8, 20, 30, 31, 34]",41,2,2,3,3,"[31, 34]",0.10690866990984514,0.36932887698455513,20.833333333333332
2024-01-24,recent_frequency,v1.0.0,"[1, 8, 20, 30, 31, 34]",41,1,1,2,2,[30],0.10666826488962933,0.3680052574350834,21.166666666666668
2024-01-24,ema_gap,v1.0.0,"[1, 8, 20, 30, 31, 34]",41,2,2,2,3,"[30, 31]",0.10653574422257522,0.36967759162009106,20.833333333333332
2024-01-24,logistic,v1.0.0,"[1, 8, 20, 30, 31, 34]",41,1,1,1,2,[20],0.10737399521233469,0.37122056080746885,25.0
2024-01-24,ensemble,v1.0.0,"[1, 8, 20, 30, 31, 34]",41,2,2,2,3,"[30, 31]",0.10679804249474911,0.36877051907410224,22.333333333333332
2024-01-27,random,v1.0.0,"[8, 11, 13, 23, 24, 36]",12,0,0,2,3,[],0.10745522698875465,0.37177617994345336,19.166666666666668
2024-01-27,long_frequency,v1.0.0,"[8, 11, 13, 23, 24, 36]",12,0,0,1,2,[],0.10786794204277636,0.3736603286777147,30.666666666666668
2024-01-27,recent_frequency,v1.0.0,"[8, 11, 13, 23, 24, 36]",12,0,0,1,3,[],0.10887822407330282,0.37811826545320665,24.833333333333332
2024-01-27,ema_gap,v1.0.0,"[8, 11, 13, 23, 24, 36]",12,0,0,0,1,[],0.11093680189074505,0.38518489486617963,26.833333333333332
2024-01-27,logistic,v1.0.0,"[8, 11, 13, 23, 24, 36]",12,1,1,1,2,[13],0.10742060656693492,0.3714370896627778,25.833333333333332
2024-01-27,ensemble,v1.0.0,"[8, 11, 13, 23, 24, 36]",12,0,0,1,2,[],0.10821017017098206,0.3751757052746493,25.833333333333332
2024-01-31,random,v1.0.0,"[8, 9, 28, 29, 34, 43]",40,0,0,2,2,[],0.10745522698875466,0.37177617994345313,25.166666666666668
2024-01-31,long_frequency,v1.0.0,"[8, 9, 28, 29, 34, 43]",40,2,2,2,3,"[34, 43]",0.10717209640993872,0.3704958110954516,22.333333333333332
2024-01-31,recent_frequency,v1.0.0,"[8, 9, 28, 29, 34, 43]",40,0,0,2,3,[],0.10715365264473137,0.36990718924384985,22.166666666666668
2024-01-31,ema_gap,v1.0.0,"[8, 9, 28, 29, 34, 43]",40,0,0,1,2,[],0.11114614989890559,0.38704746597236683,27.833333333333332
2024-01-31,logistic,v1.0.0,"[8, 9, 28, 29, 34, 43]",40,0,0,2,3,[],0.1093941185078218,0.3816701795490147,27.666666666666668
2024-01-31,ensemble,v1.0.0,"[8, 9, 28, 29, 34, 43]",40,1,1,1,2,[8],0.10857582924772821,0.3771634084007654,30.833333333333332
2024-02-03,random,v1.0.0,"[5, 10, 15, 27, 40, 47]",7,1,1,2,3,[5],0.10745522698875465,0.37177617994345336,24.0
2024-02-03,long_frequency,v1.0.0,"[5, 10, 15, 27, 40, 47]",7,1,1,3,3,[40],0.10713281553995,0.37028157737060585,21.0
2024-02-03,recent_frequency,v1.0.0,"[5, 10, 15, 27, 40, 47]",7,1,1,1,1,[10],0.10910401999167015,0.379841467273737,30.333333333333332
2024-02-03,ema_gap,v1.0.0,"[5, 10, 15, 27, 40, 47]",7,1,1,1,1,[10],0.11124213452083823,0.39076492611768743,31.666666666666668
2024-02-03,logistic,v1.0.0,"[5, 10, 15, 27, 40, 47]",7,2,2,2,3,"[40, 47]",0.10700610099245367,0.3696506765526638,21.5
2024-02-03,ensemble,v1.0.0,"[5, 10, 15, 27, 40, 47]",7,1,1,1,1,[10],0.10804928639786761,0.3745151623359648,28.166666666666668
2024-02-07,random,v1.0.0,"[7, 19, 21, 33, 36, 45]",4,0,0,1,1,[],0.10745522698875466,0.37177617994345324,26.833333333333332
2024-02-07,long_frequency,v1.0.0,"[7, 19, 21, 33, 36, 45]",4,1,1,2,4,[45],0.10670553831729968,0.36829538030983494,15.333333333333334
2024-02-07,recent_frequency,v1.0.0,"[7, 19, 21, 33, 36, 45]",4,0,0,1,2,[],0.10860540774677219,0.376943650617749,28.166666666666668
2024-02-07,ema_gap,v1.0.0,"[7, 19, 21, 33, 36, 45]",4,0,0,1,1,[],0.11120912718503764,0.38772111939695664,28.5
2024-02-07,logistic,v1.0.0,"[7, 19, 21, 33, 36, 45]",4,0,0,0,0,[],0.10871693046073674,0.37710903963691506,33.833333333333336
2024-02-07,ensemble,v1.0.0,"[7, 19, 21, 33, 36, 45]",4,0,0,0,1,[],0.10866665224524565,0.3771915483166981,29.833333333333332
2024-02-10,random,v1.0.0,"[1, 5, 15, 18, 22, 44]",6,2,2,2,4,"[1, 5]",0.10745522698875463,0.37177617994345336,17.5
2024-02-10,long_frequency,v1.0.0,"[1, 5, 15, 18, 22, 44]",6,0,0,0,0,[],0.10844914103675928,0.37640500096881074,36.833333333333336
2024-02-10,recent_frequency,v1.0.0,"[1, 5, 15, 18, 22, 44]",6,0,0,1,1,[],0.108617162848813,0.37634986605103504,26.0
2024-02-10,ema_gap,v1.0.0,"[1, 5, 15, 18, 22, 44]",6,0,0,0,1,[],0.11155106801335238,0.388185820643444,29.333333333333332
2024-02-10,logistic,v1.0.0,"[1, 5, 15, 18, 22, 44]",6,0,0,2,3,[],0.1069524953285737,0.3691774551795971,20.5
2024-02-10,ensemble,v1.0.0,"[1, 5, 15, 18, 22, 44]",6,0,0,0,1,[],0.10815129906881384,0.37476506650305,28.666666666666668
2024-02-14,random,v1.0.0,"[7, 15, 37, 41, 42, 47]",12,0,0,1,2,[],0.10745522698875466,0.3717761799434531,31.5
2024-02-14,long_frequency,v1.0.0,"[7, 15, 37, 41, 42, 47]",12,0,0,2,3,[],0.10730117347947156,0.37100061962027864,20.833333333333332
2024-02-14,recent_frequency,v1.0.0,"[7, 15, 37, 41, 42, 47]",12,1,1,1,1,[7],0.10836491795085383,0.37589437920235746,28.166666666666668
2024-02-14,ema_gap,v1.0.0,"[7, 15, 37, 41, 42, 47]",12,1,1,1,1,[7],0.1096249109704985,0.38350458648824287,27.333333333333332
2024-02-14,logistic,v1.0.0,"[7, 15, 37, 41, 42, 47]",12,0,0,2,2,[],0.10760940082584904,0.37269688999630995,22.333333333333332
2024-02-14,ensemble,v1.0.0,"[7, 15, 37, 41, 42, 47]",12,0,0,1,2,[],0.10778183392089148,0.3731400528070127,26.0
2024-02-17,random,v1.0.0,"[3, 17, 25, 29, 36, 46]",2,1,1,1,2,[3],0.10745522698875466,0.3717761799434532,26.0
2024-02-17,long_frequency,v1.0.0,"[3, 17, 25, 29, 36, 46]",2,0,0,1,2,[],0.10758500285719956,0.37232697623901917,26.0
2024-02-17,recent_frequency,v1.0.0,"[3, 17, 25, 29, 36, 46]",2,1,1,2,3,[17],0.10590418325697626,0.36450381201753923,19.666666666666668
2024-02-17,ema_gap,v1.0.0,"[3, 17, 25, 29, 36, 46]",2,1,1,1,3,[17],0.10753443920301212,0.3710073332481152,22.5
2024-02-17,logistic,v1.0.0,"[3, 17, 25, 29, 36, 46]",2,0,0,1,1,[],0.1075224500424717,0.37176324770988084,25.0
2024-02-17,ensemble,v1.0.0,"[3, 17, 25, 29, 36, 46]",2,1,1,2,2,[17],0.1069863363594114,0.3693821807241619,21.5
2024-02-21,random,v1.0.0,"[31, 32, 45, 46, 47, 49]",12,0,0,0,0,[],0.10745522698875466,0.37177617994345313,41.666666666666664
2024-02-21,long_frequency,v1.0.0,"[31, 32, 45, 46, 47, 49]",12,2,2,4,4,"[31, 45]",0.10615180641762094,0.36581513217151895,11.833333333333334
2024-02-21,recent_frequency,v1.0.0,"[31, 32, 45, 46, 47, 49]",12,1,1,2,2,[31],0.10738238733860891,0.3711681721253717,26.5
2024-02-21,ema_gap,v1.0.0,"[31, 32, 45, 46, 47, 49]",12,1,1,1,1,[31],0.1104553863276191,0.38513086112332934,28.5
2024-02-21,logistic,v1.0.0,"[31, 32, 45, 46, 47, 49]",12,1,1,1,1,[47],0.10836877369660472,0.3763537348449151,27.333333333333332
2024-02-21,ensemble,v1.0.0,"[31, 32, 45, 46, 47, 49]",12,1,1,3,3,[31],0.10802478579650208,0.3746127952890589,26.166666666666668
2024-02-24,random,v1.0.0,"[2, 14, 15, 28, 42, 44]",25,1,1,1,3,[2],0.10745522698875465,0.37177617994345336,24.166666666666668
2024-02-24,long_frequency,v1.0.0,"[2, 14, 15, 28, 42, 44]",25,0,0,0,0,[],0.10861388220406624,0.377233365681054,36.5
2024-02-24,recent_frequency,v1.0.0,"[2, 14, 15, 28, 42, 44]",25,0,0,0,0,[],0.11082712203248649,0.38763913301255554,36.0
2024-02-24,ema_gap,v1.0.0,"[2, 14, 15, 28, 42, 44]",25,0,0,1,1,[],0.11493173310340658,0.40976103928620944,35.666666666666664
2024-02-24,logistic,v1.0.0,"[2, 14, 15, 28, 42, 44]",25,1,1,2,3,[2],0.10714325937665248,0.37157530677523787,24.333333333333332
2024-02-24,ensemble,v1.0.0,"[2, 14, 15, 28, 42, 44]",25,0,0,0,1,[],0.10936383623525804,0.3807558991915467,35.0
2024-02-28,random,v1.0.0,"[7, 24, 34, 42, 46, 49]",1,0,0,1,1,[],0.10745522698875466,0.3717761799434531,33.666666666666664
2024-02-28,long_frequency,v1.0.0,"[7, 24, 34, 42, 46, 49]",1,1,1,3,4,[34],0.10685795462234993,0.3689907005379075,17.0
2024-02-28,recent_frequency,v1.0.0,"[7, 24, 34, 42, 46, 49]",1,1,1,1,1,[7],0.10886353019575178,0.37921187297139697,30.0
2024-02-28,ema_gap,v1.0.0,"[7, 24, 34, 42, 46, 49]",1,1,1,2,2,[7],0.1088519001454759,0.3794364242067774,26.666666666666668
2024-02-28,logistic,v1.0.0,"[7, 24, 34, 42, 46, 49]",1,1,1,2,3,[24],0.10626152515440934,0.36597842434849925,20.833333333333332
2024-02-28,ensemble,v1.0.0,"[7, 24, 34, 42, 46, 49]",1,2,2,2,2,"[7, 42]",0.10704752946753869,0.36993114558190054,25.333333333333332
2024-03-02,random,v1.0.0,"[4, 13, 26, 34, 35, 42]",1,1,1,1,2,[4],0.10745522698875465,0.3717761799434532,25.666666666666668
2024-03-02,long_frequency,v1.0.0,"[4, 13, 26, 34, 35, 42]",1,1,1,1,2,[34],0.1073631044147301,0.37133243484915635,25.166666666666668
2024-03-02,recent_frequency,v1.0.0,"[4, 13, 26, 34, 35, 42]",1,0,0,1,3,[],0.10860687713452728,0.3764168207947825,25.833333333333332
2024-03-02,ema_gap,v1.0.0,"[4, 13, 26, 34, 35, 42]",1,1,1,1,1,[42],0.11112717074111446,0.38824353816548257,29.333333333333332
2024-03-02,logistic,v1.0.0,"[4, 13, 26, 34, 35, 42]",1,0,0,1,2,[],0.1073192402070349,0.37097477887492897,24.333333333333332
2024-03-02,ensemble,v1.0.0,"[4, 13, 26, 34, 35, 42]",1,0,0,1,1,[],0.10810561073784371,0.3746418194748066,28.0
2024-03-06,random,v1.0.0,"[20, 33, 39, 44, 48, 49]",6,0,0,0,0,[],0.10745522698875469,0.3717761799434531,38.833333333333336
2024-03-06,long_frequency,v1.0.0,"[20, 33, 39, 44, 48, 49]",6,0,0,1,2,[],0.10743448044126311,0.3716130375157215,23.333333333333332
2024-03-06,recent_frequency,v1.0.0,"[20, 33, 39, 44, 48, 49]",6,0,0,0,0,[],0.1095908771345273,0.3813448359202487,32.666666666666664
2024-03-06,ema_gap,v1.0.0,"[20, 33, 39, 44, 48, 49]",6,0,0,0,0,[],0.11398598452795933,0.4012213345098276,34.5
2024-03-06,logistic,v1.0.0,"[20, 33, 39, 44, 48, 49]",6,2,2,2,3,"[20, 39]",0.10637866202358237,0.3667390942919897,19.333333333333332
2024-03-06,ensemble,v1.0.0,"[20, 33, 39, 44, 48, 49]",6,0,0,0,2,[],0.10846966463786255,0.37619106043007683,28.166666666666668
2024-03-09,random,v1.0.0,"[6, 15, 19, 34, 45, 47]",27,1,1,1,2,[6],0.10745522698875465,0.37177617994345324,27.666666666666668
2024-03-09,long_frequency,v1.0.0,"[6, 15, 19, 34, 45, 47]",27,2,2,3,3,"[34, 45]",0.10676821918749678,0.36868160135454126,19.166666666666668
2024-03-09,recent_frequency,v1.0.0,"[6, 15, 19, 34, 45, 47]",27,0,0,1,1,[],0.10909814244064973,0.37921763524750896,29.833333333333332
2024-03-09,ema_gap,v1.0.0,"[6, 15, 19, 34, 45, 47]",27,1,1,1,2,[15],0.10954672137713652,0.38233117087114477,25.0
2024-03-09,logistic,v1.0.0,"[6, 15, 19, 34, 45, 47]",27,1,1,2,3,[6],0.11016411465951315,0.3863671117635714,29.5
2024-03-09,ensemble,v1.0.0,"[6, 15, 19, 34, 45, 47]",27,0,0,0,1,[],0.10903763208883505,0.3790769780144303,36.833333333333336
2024-03-13,random,v1.0.0,"[4, 8, 15, 32, 40, 44]",7,1,1,2,3,[4],0.10745522698875465,0.37177617994345336,23.833333333333332
2024-03-13,long_frequency,v1.0.0,"[4, 8, 15, 32, 40, 44]",7,1,1,1,2,[40],0.10730993837711922,0.3710589651149827,22.833333333333332
2024-03-13,recent_frequency,v1.0.0,"[4, 8, 15, 32, 40, 44]",7,0,0,1,2,[],0.10882091795085382,0.3777140990508818,28.166666666666668
2024-03-13,ema_gap,v1.0.0,"[4, 8, 15, 32, 40, 44]",7,1,1,1,2,[15],0.109300783316784,0.3812320294304009,27.5
2024-03-13,logistic,v1.0.0,"[4, 8, 15, 32, 40, 44]",7,1,1,2,4,[15],0.10629526317682962,0.3663102657234912,20.333333333333332
2024-03-13,ensemble,v1.0.0,"[4, 8, 15, 32, 40, 44]",7,1,1,2,2,[15],0.1072627022103595,0.37115147918833363,26.0
2024-03-16,random,v1.0.0,"[12, 27, 32, 38, 39, 41]",42,0,0,1,1,[],0.10745522698875466,0.3717761799434531,31.5
2024-03-16,long_frequency,v1.0.0,"[12, 27, 32, 38, 39, 41]",42,1,1,2,3,[38],0.10730756447439412,0.3710396447817741,22.0
2024-03-16,recent_frequency,v1.0.0,"[12, 27, 32, 38, 39, 41]",42,0,0,0,0,[],0.11101324448146606,0.3883860617613358,38.666666666666664
2024-03-16,ema_gap,v1.0.0,"[12, 27, 32, 38, 39, 41]",42,0,0,0,0,[],0.11648929922032564,0.41591266605341615,40.166666666666664
2024-03-16,logistic,v1.0.0,"[12, 27, 32, 38, 39, 41]",42,2,2,2,4,"[38, 41]",0.10610975117812271,0.365412539703051,15.166666666666666
2024-03-16,ensemble,v1.0.0,"[12, 27, 32, 38, 39, 41]",42,0,0,0,0,[],0.10912350388095261,0.37935269522287296,35.166666666666664
2024-03-20,random,v1.0.0,"[8, 19, 33, 44, 46, 48]",21,0,0,1,1,[],0.10745522698875466,0.3717761799434531,33.0
2024-03-20,long_frequency,v1.0.0,"[8, 19, 33, 44, 46, 48]",21,0,0,1,1,[],0.10732361941337652,0.37108390335013103,21.666666666666668
2024-03-20,recent_frequency,v1.0.0,"[8, 19, 33, 44, 46, 48]",21,0,0,1,3,[],0.10755822407330282,0.37200186280047093,23.666666666666668
2024-03-20,ema_gap,v1.0.0,"[8, 19, 33, 44, 46, 48]",21,0,0,2,2,[],0.10783742538652358,0.3715572014459483,23.5
2024-03-20,logistic,v1.0.0,"[8, 19, 33, 44, 46, 48]",21,0,0,0,2,[],0.10673341983307875,0.3679027833040561,20.166666666666668
2024-03-20,ensemble,v1.0.0,"[8, 19, 33, 44, 46, 48]",21,0,0,2,4,[],0.10701993561708154,0.36945416962041533,21.666666666666668
2024-03-23,random,v1.0.0,"[2, 14, 26, 27, 33, 49]",8,1,1,1,2,[2],0.10745522698875466,0.37177617994345313,25.166666666666668
2024-03-23,long_frequency,v1.0.0,"[2, 14, 26, 27, 33, 49]",8,0,0,1,1,[],0.10799368270645802,0.3743114160257886,29.333333333333332
2024-03-23,recent_frequency,v1.0.0,"[2, 14, 26, 27, 33, 49]",8,0,0,0,0,[],0.11123169346105789,0.38967505514196177,39.833333333333336
2024-03-23,ema_gap,v1.0.0,"[2, 14, 26, 27, 33, 49]",8,0,0,0,0,[],0.11356169310229229,0.4004358001971615,33.166666666666664
2024-03-23,logistic,v1.0.0,"[2, 14, 26, 27, 33, 49]",8,1,1,1,4,[2],0.10651214098289577,0.3678251311228682,20.666666666666668
2024-03-23,ensemble,v1.0.0,"[2, 14, 26, 27, 33, 49]",8,0,0,0,0,[],0.10882084773528741,0.3780978546748036,33.666666666666664
2024-03-27,random,v1.0.0,"[14, 22, 27, 39, 40, 45]",6,0,0,0,1,[],0.10745522698875466,0.3717761799434532,31.166666666666668
2024-03-27,long_frequency,v1.0.0,"[14, 22, 27, 39, 40, 45]",6,2,2,3,3,"[40, 45]",0.10714373157677154,0.37048468417387576,21.666666666666668
2024-03-27,recent_frequency,v1.0.0,"[14, 22, 27, 39, 40, 45]",6,0,0,1,2,[],0.10900850978758853,0.37883977072189745,30.833333333333332
2024-03-27,ema_gap,v1.0.0,"[14, 22, 27, 39, 40, 45]",6,0,0,1,2,[],0.11070083881326978,0.3856652285778177,28.666666666666668
2024-03-27,logistic,v1.0.0,"[14, 22, 27, 39, 40, 45]",6,1,1,1,4,[14],0.1053560134791601,0.3617645716483353,17.166666666666668
2024-03-27,ensemble,v1.0.0,"[14, 22, 27, 39, 40, 45]",6,0,0,1,3,[],0.10713895145903166,0.3699455666900141,20.166666666666668
2024-03-30,random,v1.0.0,"[7, 12, 25, 29, 39, 43]",23,0,0,2,2,[],0.10745522698875466,0.3717761799434532,25.833333333333332
2024-03-30,long_frequency,v1.0.0,"[7, 12, 25, 29, 39, 43]",23,1,1,2,2,[43],0.10758338914783969,0.37234078994860403,26.5
2024-03-30,recent_frequency,v1.0.0,"[7, 12, 25, 29, 39, 43]",23,2,2,2,3,"[7, 25]",0.10556377509371097,0.3630218197152218,17.833333333333332
2024-03-30,ema_gap,v1.0.0,"[7, 12, 25, 29, 39, 43]",23,1,1,1,2,[7],0.1070927567140828,0.36894503282490415,22.5
2024-03-30,logistic,v1.0.0,"[7, 12, 25, 29, 39, 43]",23,1,1,1,1,[43],0.10714421912532862,0.3702957797703431,24.833333333333332
2024-03-30,ensemble,v1.0.0,"[7, 12, 25, 29, 39, 43]",23,1,1,1,3,[7],0.10666837754158329,0.368052710522814,20.166666666666668
2024-04-03,random,v1.0.0,"[2, 10, 35, 36, 38, 46]",20,1,1,2,2,[2],0.10745522698875466,0.3717761799434531,27.833333333333332
2024-04-03,long_frequency,v1.0.0,"[2, 10, 35, 36, 38, 46]",20,1,1,2,3,[38],0.10715745051392686,0.37034635060724436,20.0
2024-04-03,recent_frequency,v1.0.0,"[2, 10, 35, 36, 38, 46]",20,1,1,1,2,[10],0.10827234652228239,0.3753760772778091,27.833333333333332
2024-04-03,ema_gap,v1.0.0,"[2, 10, 35, 36, 38, 46]",20,0,0,0,2,[],0.1106673278558489,0.3839414523536426,27.5
2024-04-03,logistic,v1.0.0,"[2, 10, 35, 36, 38, 46]",20,1,1,2,3,[46],0.10707188687662694,0.3697216523065647,22.333333333333332
2024-04-03,ensemble,v1.0.0,"[2, 10, 35, 36, 38, 46]",20,0,0,1,1,[],0.10780025778611449,0.37313397221712863,25.0
2024-04-06,random,v1.0.0,"[16, 18, 22, 29, 36, 43]",44,0,0,0,2,[],0.10745522698875466,0.37177617994345324,27.333333333333332
2024-04-06,long_frequency,v1.0.0,"[16, 18, 22, 29, 36, 43]",44,1,1,1,2,[43],0.10771654562368169,0.3729787125877235,27.666666666666668
2024-04-06,recent_frequency,v1.0.0,"[16, 18, 22, 29, 36, 43]",44,0,0,2,2,[],0.10754499958350687,0.371754797315769,23.0
2024-04-06,ema_gap,v1.0.0,"[16, 18, 22, 29, 36, 43]",44,0,0,1,2,[],0.1110012893905713,0.38919611607954724,27.666666666666668
2024-04-06,logistic,v1.0.0,"[16, 18, 22, 29, 36, 43]",44,1,1,1,2,[18],0.10726433863403059,0.370502280279711,25.5
2024-04-06,ensemble,v1.0.0,"[16, 18, 22, 29, 36, 43]",44,0,0,0,1,[],0.10786263466910899,0.37355169855918496,25.5
2024-04-10,random,v1.0.0,"[11, 12, 17, 23, 38, 46]",40,0,0,2,3,[],0.10745522698875465,0.37177617994345336,24.5
2024-04-10,long_frequency,v1.0.0,"[11, 12, 17, 23, 38, 46]",40,1,1,3,3,[38],0.10730914130817626,0.37107718319362537,22.333333333333332
2024-04-10,recent_frequency,v1.0.0,"[11, 12, 17, 23, 38, 46]",40,1,1,1,1,[17],0.10778548937942524,0.3730307121681295,25.833333333333332
2024-04-10,ema_gap,v1.0.0,"[11, 12, 17, 23, 38, 46]",40,0,0,1,2,[],0.1099590081985897,0.38328845222897534,27.0
2024-04-10,logistic,v1.0.0,"[11, 12, 17, 23, 38, 46]",40,0,0,0,0,[],0.11137117285842457,0.3902305862097147,36.0
2024-04-10,ensemble,v1.0.0,"[11, 12, 17, 23, 38, 46]",40,0,0,0,0,[],0.10946340792210632,0.38108622278066523,34.166666666666664
2024-04-13,random,v1.0.0,"[11, 17, 21, 27, 41, 44]",7,0,0,1,2,[],0.10745522698875466,0.37177617994345324,26.833333333333332
2024-04-13,long_frequency,v1.0.0,"[11, 17, 21, 27, 41, 44]",7,0,0,1,3,[],0.10741716101822156,0.37155019799675126,22.833333333333332
2024-04-13,recent_frequency,v1.0.0,"[11, 17, 21, 27, 41, 44]",7,1,1,2,2,[17],0.10829144856309872,0.37621429158586484,27.666666666666668
2024-04-13,ema_gap,v1.0.0,"[11, 17, 21, 27, 41, 44]",7,1,1,2,3,[17],0.10764787710443358,0.3736316607395279,23.5
2024-04-13,logistic,v1.0.0,"[11, 17, 21, 27, 41, 44]",7,1,1,1,3,[17],0.10766117211433092,0.3727081607201418,26.333333333333332
2024-04-13,ensemble,v1.0.0,"[11, 17, 21, 27, 41, 44]",7,1,1,1,1,[17],0.1075294843122856,0.3722455205530628,26.833333333333332
2024-04-17,random,v1.0.0,"[4, 7, 8, 14, 41, 46]",6,1,1,3,4,[4],0.10745522698875463,0.3717761799434534,20.0
2024-04-17,long_frequency,v1.0.0,"[4, 7, 8, 14, 41, 46]",6,0,0,2,4,[],0.107479122667678,0.37191502312308006,21.666666666666668
2024-04-17,recent_frequency,v1.0.0,"[4, 7, 8, 14, 41, 46]",6,1,1,1,1,[7],0.10803920366513953,0.3745347592872579,27.333333333333332
2024-04-17,ema_gap,v1.0.0,"[4, 7, 8, 14, 41, 46]",6,2,2,2,3,"[7, 46]",0.1058320936740144,0.3656781307393921,22.0
2024-04-17,logistic,v1.0.0,"[4, 7, 8, 14, 41, 46]",6,1,1,1,1,[46],0.10806797706390993,0.37569600348208243,32.0
2024-04-17,ensemble,v1.0.0,"[4, 7, 8, 14, 41, 46]",6,2,2,2,2,"[7, 46]",0.10729341660104458,0.371984921267629,27.666666666666668
2024-04-20,random,v1.0.0,"[9, 14, 23, 26, 30, 43]",35,0,0,1,2,[],0.10745522698875466,0.3717761799434532,24.166666666666668
2024-04-20,long_frequency,v1.0.0,"[9, 14, 23, 26, 30, 43]",35,1,1,2,3,[43],0.10757782219271006,0.37238430469370604,24.666666666666668
2024-04-20,recent_frequency,v1.0.0,"[9, 14, 23, 26, 30, 43]",35,1,1,1,1,[30],0.10754793835901708,0.3718039358911348,25.333333333333332
2024-04-20,ema_gap,v1.0.0,"[9, 14, 23, 26, 30, 43]",35,0,0,0,1,[],0.11313242148330398,0.39619779538928773,32.5
2024-04-20,logistic,v1.0.0,"[9, 14, 23, 26, 30, 43]",35,0,0,2,2,[],0.1081070126632656,0.3746592713705425,26.5
2024-04-20,ensemble,v1.0.0,"[9, 14, 23, 26, 30, 43]",35,0,0,0,1,[],0.10859955072779943,0.3769029541426881,33.166666666666664
2024-04-24,random,v1.0.0,"[10, 16, 18, 22, 39, 46]",19,0,0,1,3,[],0.10745522698875466,0.37177617994345336,25.166666666666668
2024-04-24,long_frequency,v1.0.0,"[10, 16, 18, 22, 39, 46]",19,0,0,1,1,[],0.10788789095837395,0.3737714238470311,29.5
2024-04-24,recent_frequency,v1.0.0,"[10, 16, 18, 22, 39, 46]",19,1,1,3,4,[10],0.10632785672636402,0.3663432692950009,19.5
2024-04-24,ema_gap,v1.0.0,"[10, 16, 18, 22, 39, 46]",19,1,1,2,3,[46],0.10547054548504312,0.3634030146283228,20.5
2024-04-24,logistic,v1.0.0,"[10, 16, 18, 22, 39, 46]",19,1,1,1,2,[22],0.10712457966065284,0.3696622267114902,22.5
2024-04-24,ensemble,v1.0.0,"[10, 16, 18, 22, 39, 46]",19,1,1,2,4,[46],0.10647495001567664,0.36716656705814327,19.0
2024-04-27,random,v1.0.0,"[3, 6, 18, 26, 36, 42]",17,2,2,2,3,"[3, 6]",0.10745522698875465,0.37177617994345324,21.833333333333332
2024-04-27,long_frequency,v1.0.0,"[3, 6, 18, 26, 36, 42]",17,0,0,0,1,[],0.10792202638968716,0.37390531944463085,30.0
2024-04-27,recent_frequency,v1.0.0,"[3, 6, 18, 26, 36, 42]",17,0,0,1,2,[],0.10854222407330281,0.37677674174833364,25.5
2024-04-27,ema_gap,v1.0.0,"[3, 6, 18, 26, 36, 42]",17,0,0,0,1,[],0.1117249506694227,0.39116046628142603,28.5
2024-04-27,logistic,v1.0.0,"[3, 6, 18, 26, 36, 42]",17,0,0,2,4,[],0.10720885862270907,0.3703417395983429,21.666666666666668
2024-04-27,ensemble,v1.0.0,"[3, 6, 18, 26, 36, 42]",17,0,0,0,2,[],0.1082200275499389,0.3752219832646072,26.666666666666668
2024-05-01,random,v1.0.0,"[3, 18, 30, 34, 36, 39]",21,1,1,1,2,[3],0.10745522698875466,0.37177617994345313,26.666666666666668
2024-05-01,long_frequency,v1.0.0,"[3, 18, 30, 34, 36, 39]",21,1,1,1,2,[34],0.10745075876758699,0.37176188295293483,25.833333333333332
2024-05-01,recent_frequency,v1.0.0,"[3, 18, 30, 34, 36, 39]",21,2,2,2,3,"[18, 30]",0.10610353019575178,0.3652914137317924,19.0
2024-05-01,ema_gap,v1.0.0,"[3, 18, 30, 34, 36, 39]",21,2,2,3,3,"[36, 39]",0.10487110510823393,0.3580996128817017,16.833333333333332
2024-05-01,logistic,v1.0.0,"[3, 18, 30, 34, 36, 39]",21,1,1,2,2,[39],0.10858202938747978,0.37852488124101236,30.666666666666668
2024-05-01,ensemble,v1.0.0,"[3, 18, 30, 34, 36, 39]",21,1,1,1,4,[39],0.10693251772206509,0.3693096043050919,19.666666666666668
2024-05-04,random,v1.0.0,"[2, 16, 21, 27, 38, 45]",43,1,1,1,2,[2],0.10745522698875466,0.37177617994345324,24.833333333333332
2024-05-04,long_frequency,v1.0.0,"[2, 16, 21, 27, 38, 45]",43,2,2,3,4,"[38, 45]",0.10682363612417417,0.36890003006110234,18.0
2024-05-04,recent_frequency,v1.0.0,"[2, 16, 21, 27, 38, 45]",43,0,0,1,1,[],0.10956001999167016,0.3812581031493666,33.833333333333336
2024-05-04,ema_gap,v1.0.0,"[2, 16, 21, 27, 38, 45]",43,0,0,0,1,[],0.11110622951334641,0.38536312960407726,28.5
2024-05-04,logistic,v1.0.0,"[2, 16, 21, 27, 38, 45]",43,0,0,2,2,[],0.10669014542673601,0.3676955125451717,22.333333333333332
2024-05-04,ensemble,v1.0.0,"[2, 16, 21, 27, 38, 45]",43,0,0,2,2,[],0.10784471820926333,0.3735221414464197,26.5
2024-05-08,random,v1.0.0,"[4, 7, 11, 29, 30, 31]",32,1,1,3,3,[4],0.10745522698875465,0.37177617994345336,18.666666666666668
2024-05-08,long_frequency,v1.0.0,"[4, 7, 11, 29, 30, 31]",32,1,1,2,3,[31],0.10719805731811695,0.37058860591744325,23.5
2024-05-08,recent_frequency,v1.0.0,"[4, 7, 11, 29, 30, 31]",32,2,2,3,3,"[7, 30]",0.1051283465222824,0.3613251003623458,17.166666666666668
2024-05-08,ema_gap,v1.0.0,"[4, 7, 11, 29, 30, 31]",32,1,1,2,2,[7],0.10657333305617077,0.36567164098621463,21.0
2024-05-08,logistic,v1.0.0,"[4, 7, 11, 29, 30, 31]",32,0,0,1,1,[],0.11023498913742245,0.3852098905714766,33.0
2024-05-08,ensemble,v1.0.0,"[4, 7, 11, 29, 30, 31]",32,0,0,0,1,[],0.10776379363806748,0.37278851814159264,26.166666666666668
2024-05-11,random,v1.0.0,"[2, 10, 17, 18, 22, 28]",36,1,1,2,4,[2],0.10745522698875466,0.37177617994345336,16.166666666666668
2024-05-11,long_frequency,v1.0.0,"[2, 10, 17, 18, 22, 28]",36,0,0,0,0,[],0.10835274050763827,0.37594377865810324,35.333333333333336
2024-05-11,recent_frequency,v1.0.0,"[2, 10, 17, 18, 22, 28]",36,4,4,4,4,"[10, 17, 18, 22]",0.10489961182840483,0.36139654353024026,16.0
2024-05-11,ema_gap,v1.0.0,"[2, 10, 17, 18, 22, 28]",36,1,1,3,4,[18],0.10629408903272008,0.3674190434089752,19.833333333333332
2024-05-11,logistic,v1.0.0,"[2, 10, 17, 18, 22, 28]",36,0,0,0,2,[],0.10748516543847117,0.3715503228014358,25.833333333333332
2024-05-11,ensemble,v1.0.0,"[2, 10, 17, 18, 22, 28]",36,2,2,4,4,"[10, 17]",0.10659527936263043,0.3679386003344328,18.166666666666668
2024-05-15,random,v1.0.0,"[13, 17, 23, 24, 40, 48]",29,0,0,0,2,[],0.10745522698875466,0.37177617994345324,27.5
2024-05-15,long_frequency,v1.0.0,"[13, 17, 23, 24, 40, 48]",29,1,1,2,2,[40],0.10754202610992813,0.37217146215245034,26.5
2024-05-15,recent_frequency,v1.0.0,"[13, 17, 23, 24, 40, 48]",29,1,1,1,1,[17],0.10907316284881301,0.38034817465765886,32.833333333333336
2024-05-15,ema_gap,v1.0.0,"[13, 17, 23, 24, 40, 48]",29,1,1,1,1,[17],0.1133357043677587,0.4028930917147231,34.333333333333336
2024-05-15,logistic,v1.0.0,"[13, 17, 23, 24, 40, 48]",29,0,0,0,2,[],0.10851066364053333,0.37665305428447854,28.5
2024-05-15,ensemble,v1.0.0,"[13, 17, 23, 24, 40, 48]",29,0,0,1,1,[],0.10919780895183,0.3797666986396966,34.666666666666664
2024-05-18,random,v1.0.0,"[27, 29, 32, 33, 35, 39]",18,0,0,0,0,[],0.10745522698875466,0.37177617994345313,32.5
2024-05-18,long_frequency,v1.0.0,"[27, 29, 32, 33, 35, 39]",18,0,0,1,1,[],0.10768641176047312,0.37278619701719273,28.166666666666668
2024-05-18,recent_frequency,v1.0.0,"[27, 29, 32, 33, 35, 39]",18,0,0,1,2,[],0.10759936693044564,0.3715815477719965,23.166666666666668
2024-05-18,ema_gap,v1.0.0,"[27, 29, 32, 33, 35, 39]",18,0,0,3,3,[],0.10857362604694709,0.37631251771080015,24.166666666666668
2024-05-18,logistic,v1.0.0,"[27, 29, 32, 33, 35, 39]",18,0,0,2,2,[],0.10837005536512863,0.3758531474184862,27.5
2024-05-18,ensemble,v1.0.0,"[27, 29, 32, 33, 35, 39]",18,0,0,1,1,[],0.10784592517340102,0.37325413497699866,24.666666666666668
2024-05-22,random,v1.0.0,"[3, 18, 20, 25, 39, 43]",4,1,1,1,2,[3],0.10745522698875466,0.37177617994345324,24.666666666666668
2024-05-22,long_frequency,v1.0.0,"[3, 18, 20, 25, 39, 43]",4,1,1,2,2,[43],0.10759211539219542,0.3724077498429862,26.5
2024-05-22,recent_frequency,v1.0.0,"[3, 18, 20, 25, 39, 43]",4,1,1,3,4,[18],0.10590565264473135,0.36405053399690734,17.166666666666668
2024-05-22,ema_gap,v1.0.0,"[3, 18, 20, 25, 39, 43]",4,2,2,2,2,"[18, 39]",0.10653108748425476,0.36889148029344027,23.0
2024-05-22,logistic,v1.0.0,"[3, 18, 20, 25, 39, 43]",4,1,1,2,3,[39],0.10704445939229168,0.36990768220439635,22.166666666666668
2024-05-22,ensemble,v1.0.0,"[3, 18, 20, 25, 39, 43]",4,2,2,2,2,"[18, 39]",0.10654285015169909,0.3679522748290128,21.0
2024-05-25,random,v1.0.0,"[14, 21, 31, 37, 39, 42]",19,0,0,0,1,[],0.10745522698875466,0.37177617994345313,30.666666666666668
2024-05-25,long_frequency,v1.0.0,"[14, 21, 31, 37, 39, 42]",19,1,1,1,2,[31],0.10758962530123262,0.3724801676962536,25.333333333333332
2024-05-25,recent_frequency,v1.0.0,"[14, 21, 31, 37, 39, 42]",19,0,0,2,2,[],0.10861569346105789,0.37671752719922985,27.833333333333332
2024-05-25,ema_gap,v1.0.0,"[14, 21, 31, 37, 39, 42]",19,1,1,1,1,[39],0.10833051406886754,0.37788075457805353,26.333333333333332
2024-05-25,logistic,v1.0.0,"[14, 21, 31, 37, 39, 42]",19,2,2,2,2,"[31, 37]",0.10787829814571756,0.37462557341909836,24.333333333333332
2024-05-25,ensemble,v1.0.0,"[14, 21, 31, 37, 39, 42]",19,1,1,1,2,[31],0.1078077048441748,0.37342800037741336,26.166666666666668
2024-05-29,random,v1.0.0,"[4, 26, 27, 32, 38, 40]",10,1,1,1,1,[4],0.10745522698875465,0.37177617994345313,27.833333333333332
2024-05-29,long_frequency,v1.0.0,"[4, 26, 27, 32, 38, 40]",10,2,2,3,4,"[38, 40]",0.10674329373239626,0.3684504160494476,15.666666666666666
2024-05-29,recent_frequency,v1.0.0,"[4, 26, 27, 32, 38, 40]",10,0,0,0,1,[],0.10885471386922116,0.3772934068664781,29.833333333333332
2024-05-29,ema_gap,v1.0.0,"[4, 26, 27, 32, 38, 40]",10,1,1,1,1,[27],0.10966240094250478,0.37892707887484905,27.0
2024-05-29,logistic,v1.0.0,"[4, 26, 27, 32, 38, 40]",10,1,1,1,1,[27],0.107701947187555,0.37250731001642695,26.0
2024-05-29,ensemble,v1.0.0,"[4, 26, 27, 32, 38, 40]",10,1,1,1,1,[27],0.10793073001742746,0.37368642119797896,28.0
2024-06-01,random,v1.0.0,"[17, 22, 28, 35, 37, 41]",18,0,0,0,1,[],0.10745522698875466,0.3717761799434532,30.0
2024-06-01,long_frequency,v1.0.0,"[17, 22, 28, 35, 37, 41]",18,0,0,0,1,[],0.10796998588745312,0.37412554231432704,30.333333333333332
2024-06-01,recent_frequency,v1.0.0,"[17, 22, 28, 35, 37, 41]",18,1,1,3,3,[17],0.1073809179508538,0.3727600326236157,25.333333333333332
2024-06-01,ema_gap,v1.0.0,"[17, 22, 28, 35, 37, 41]",18,1,1,1,2,[17],0.109760701077376,0.3826161930411841,28.333333333333332
2024-06-01,logistic,v1.0.0,"[17, 22, 28, 35, 37, 41]",18,1,1,2,4,[41],0.10834346816562715,0.3772447284713344,23.0
2024-06-01,ensemble,v1.0.0,"[17, 22, 28, 35, 37, 41]",18,0,0,2,2,[],0.10808414587631943,0.37455643607297917,27.666666666666668
2024-06-05,random,v1.0.0,"[4, 6, 24, 27, 32, 41]",34,2,2,2,2,"[4, 6]",0.10745522698875465,0.3717761799434532,22.333333333333332
2024-06-05,long_frequency,v1.0.0,"[4, 6, 24, 27, 32, 41]",34,0,0,1,3,[],0.10753642761385875,0.3721118176083726,25.0
2024-06-05,recent_frequency,v1.0.0,"[4, 6, 24, 27, 32, 41]",34,0,0,1,1,[],0.11106614244064972,0.3896830735752164,33.166666666666664
2024-06-05,ema_gap,v1.0.0,"[4, 6, 24, 27, 32, 41]",34,1,1,1,2,[27],0.10968840536564871,0.38333368162372194,27.333333333333332
2024-06-05,logistic,v1.0.0,"[4, 6, 24, 27, 32, 41]",34,2,2,2,3,"[24, 41]",0.10717573270592941,0.37061779016921953,23.333333333333332
2024-06-05,ensemble,v1.0.0,"[4, 6, 24, 27, 32, 41]",34,0,0,1,1,[],0.1082510728109117,0.3751817442688758,29.166666666666668
2024-06-08,random,v1.0.0,"[3, 6, 26, 28, 39, 40]",29,2,2,2,2,"[3, 6]",0.10745522698875463,0.37177617994345313,23.666666666666668
2024-06-08,long_frequency,v1.0.0,"[3, 6, 26, 28, 39, 40]",29,1,1,1,1,[40],0.10781811165811726,0.3734774921104038,29.666666666666668
2024-06-08,recent_frequency,v1.0.0,"[3, 6, 26, 28, 39, 40]",29,1,1,2,3,[39],0.10834875468554768,0.3759928607934395,26.166666666666668
2024-06-08,ema_gap,v1.0.0,"[3, 6, 26, 28, 39, 40]",29,1,1,1,2,[39],0.10660955106138782,0.3688242565162137,24.666666666666668
2024-06-08,logistic,v1.0.0,"[3, 6, 26, 28, 39, 40]",29,0,0,0,2,[],0.10899306011234255,0.3794650923981263,30.0
2024-06-08,ensemble,v1.0.0,"[3, 6, 26, 28, 39, 40]",29,0,0,1,1,[],0.10789091427846396,0.37365133967227876,29.0
2024-06-12,random,v1.0.0,"[7, 8, 10, 17, 43, 48]",26,0,0,3,4,[],0.10745522698875463,0.37177617994345336,22.166666666666668
2024-06-12,long_frequency,v1.0.0,"[7, 8, 10, 17, 43, 48]",26,1,1,2,2,[43],0.10721986477708385,0.37063035712918474,21.5
2024-06-12,recent_frequency,v1.0.0,"[7, 8, 10, 17, 43, 48]",26,3,3,3,3,"[7, 10, 17]",0.1029742240733028,0.3523052536603437,12.333333333333334
2024-06-12,ema_gap,v1.0.0,"[7, 8, 10, 17, 43, 48]",26,1,1,2,3,[17],0.10497408347895688,0.35900640089190117,18.833333333333332
2024-06-12,logistic,v1.0.0,"[7, 8, 10, 17, 43, 48]",26,0,0,0,0,[],0.1089289565481539,0.37842064548220333,30.833333333333332
2024-06-12,ensemble,v1.0.0,"[7, 8, 10, 17, 43, 48]",26,1,1,2,3,[17],0.10642051845623944,0.36684941871746024,17.833333333333332
2024-06-15,random,v1.0.0,"[4, 11, 27, 30, 33, 34]",42,1,1,2,2,[4],0.10745522698875466,0.37177617994345313,23.166666666666668
2024-06-15,long_frequency,v1.0.0,"[4, 11, 27, 30, 33, 34]",42,1,1,2,3,[34],0.1071259259903504,0.37024827241260005,21.833333333333332
2024-06-15,recent_frequency,v1.0.0,"[4, 11, 27, 30, 33, 34]",42,1,1,2,3,[30],0.10715953019575178,0.37005620311757315,22.0
2024-06-15,ema_gap,v1.0.0,"[4, 11, 27, 30, 33, 34]",42,1,1,2,2,[27],0.10730782942494836,0.36991691789609243,23.0
2024-06-15,logistic,v1.0.0,"[4, 11, 27, 30, 33, 34]",42,0,0,1,2,[],0.10729273023268357,0.37053346360681794,25.166666666666668
2024-06-15,ensemble,v1.0.0,"[4, 11, 27, 30, 33, 34]",42,1,1,2,3,[27],0.10694666086640035,0.36927400058453874,21.666666666666668
2024-06-19,random,v1.0.0,"[8, 12, 19, 28, 42, 48]",5,0,0,2,2,[],0.10745522698875466,0.37177617994345324,26.166666666666668
2024-06-19,long_frequency,v1.0.0,"[8, 12, 19, 28, 42, 48]",5,0,0,0,0,[],0.10794803622582046,0.37401249241494533,29.833333333333332
2024-06-19,recent_frequency,v1.0.0,"[8, 12, 19, 28, 42, 48]",5,0,0,0,1,[],0.10959969346105791,0.38123599853449375,30.5
2024-06-19,ema_gap,v1.0.0,"[8, 12, 19, 28, 42, 48]",5,0,0,0,1,[],0.11244003483534364,0.39307608024115104,30.166666666666668
2024-06-19,logistic,v1.0.0,"[8, 12, 19, 28, 42, 48]",5,0,0,0,1,[],0.10912990399723033,0.3792304068195087,29.833333333333332
2024-06-19,ensemble,v1.0.0,"[8, 12, 19, 28, 42, 48]",5,0,0,0,1,[],0.10939464863440794,0.38069962480462494,34.166666666666664
2024-06-22,random,v1.0.0,"[20, 23, 29, 34, 37, 43]",33,0,0,0,0,[],0.10745522698875466,0.37177617994345313,31.0
2024-06-22,long_frequency,v1.0.0,"[20, 23, 29, 34, 37, 43]",33,2,2,4,4,"[34, 43]",0.10659003610321732,0.3677661627227756,15.0
2024-06-22,recent_frequency,v1.0.0,"[20, 23, 29, 34, 37, 43]",33,0,0,0,1,[],0.1086142240733028,0.3763181476678587,27.5
2024-06-22,ema_gap,v1.0.0,"[20, 23, 29, 34, 37, 43]",33,0,0,0,2,[],0.1109978515496735,0.3850009094211673,28.666666666666668
2024-06-22,logistic,v1.0.0,"[20, 23, 29, 34, 37, 43]",33,2,2,2,3,"[20, 34]",0.10675412412149204,0.36842806516299886,21.666666666666668
2024-06-22,ensemble,v1.0.0,"[20, 23, 29, 34, 37, 43]",33,0,0,1,2,[],0.10763739657238948,0.3724132387518298,24.666666666666668
2024-06-26,random,v1.0.0,"[2, 7, 10, 23, 25, 29]",40,1,1,3,3,[2],0.10745522698875466,0.37177617994345336,16.0
2024-06-26,long_frequency,v1.0.0,"[2, 7, 10, 23, 25, 29]",40,0,0,2,2,[],0.10757682137364934,0.3722959253139252,25.666666666666668
2024-06-26,recent_frequency,v1.0.0,"[2, 7, 10, 23, 25, 29]",40,2,2,3,4,"[7, 10]",0.10518418325697626,0.3612207368278903,15.0
2024-06-26,ema_gap,v1.0.0,"[2, 7, 10, 23, 25, 29]",40,1,1,3,3,[7],0.10603742270244426,0.363181399210971,19.333333333333332
2024-06-26,logistic,v1.0.0,"[2, 7, 10, 23, 25, 29]",40,0,0,0,1,[],0.11095335650633699,0.388499714933978,37.666666666666664
2024-06-26,ensemble,v1.0.0,"[2, 7, 10, 23, 25, 29]",40,0,0,1,1,[],0.10805853053223041,0.3741681397472173,25.333333333333332
2024-06-29,random,v1.0.0,"[6, 7, 30, 33, 35, 39]",15,1,1,2,2,[6],0.10745522698875466,0.37177617994345313,25.0
2024-06-29,long_frequency,v1.0.0,"[6, 7, 30, 33, 35, 39]",15,0,0,1,1,[],0.10783980087243077,0.37350779207177703,30.5
2024-06-29,recent_frequency,v1.0.0,"[6, 7, 30, 33, 35, 39]",15,3,3,3,3,"[7, 30, 39]",0.10495544856309871,0.360853206545633,17.666666666666668
2024-06-29,ema_gap,v1.0.0,"[6, 7, 30, 33, 35, 39]",15,2,2,3,3,"[7, 39]",0.10333856241753614,0.35406220620271583,19.0
2024-06-29,logistic,v1.0.0,"[6, 7, 30, 33, 35, 39]",15,0,0,0,1,[],0.10979150053246646,0.3831468196144527,33.0
2024-06-29,ensemble,v1.0.0,"[6, 7, 30, 33, 35, 39]",15,2,2,2,2,"[7, 39]",0.10692923047269629,0.3697547817565436,22.5
2024-07-03,random,v1.0.0,"[2, 3, 7, 22, 28, 31]",20,2,2,3,3,"[2, 3]",0.10745522698875465,0.37177617994345336,15.5
2024-07-03,long_frequency,v1.0.0,"[2, 3, 7, 22, 28, 31]",20,1,1,2,2,[31],0.1073247138599916,0.37120306475409326,23.666666666666668
2024-07-03,recent_frequency,v1.0.0,"[2, 3, 7, 22, 28, 31]",20,1,1,3,4,[7],0.10545993835901708,0.36257561711180053,16.833333333333332
2024-07-03,ema_gap,v1.0.0,"[2, 3, 7, 22, 28, 31]",20,1,1,1,2,[7],0.10551482910673328,0.36153745685161104,20.333333333333332
2024-07-03,logistic,v1.0.0,"[2, 3, 7, 22, 28, 31]",20,1,1,1,1,[28],0.1078173059428193,0.3736290480310345,26.5
2024-07-03,ensemble,v1.0.0,"[2, 3, 7, 22, 28, 31]",20,1,1,2,2,[7],0.10652234836084372,0.3674297971779398,21.166666666666668
2024-07-06,random,v1.0.0,"[5, 6, 8, 16, 18, 38]",30,2,2,3,5,"[5, 6]",0.10745522698875466,0.37177617994345336,15.166666666666666
2024-07-06,long_frequency,v1.0.0,"[5, 6, 8, 16, 18, 38]",30,1,1,1,1,[38],0.10820071108265802,0.37525340890586983,34.5
2024-07-06,recent_frequency,v1.0.0,"[5, 6, 8, 16, 18, 38]",30,0,0,1,2,[],0.10913046897126198,0.37910999834028863,28.0
2024-07-06,ema_gap,v1.0.0,"[5, 6, 8, 16, 18, 38]",30,0,0,0,2,[],0.11252920921989695,0.3954099290136359,30.333333333333332
2024-07-06,logistic,v1.0.0,"[5, 6, 8, 16, 18, 38]",30,0,0,0,1,[],0.1085063807730902,0.3765529114790755,30.5
2024-07-06,ensemble,v1.0.0,"[5, 6, 8, 16, 18, 38]",30,0,0,0,0,[],0.10910929374119462,0.3794645703251887,34.5
2024-07-10,random,v1.0.0,"[7, 11, 18, 37, 38, 45]",31,0,0,2,3,[],0.10745522698875466,0.37177617994345336,26.0
2024-07-10,long_frequency,v1.0.0,"[7, 11, 18, 37, 38, 45]",31,2,2,3,3,"[38, 45]",0.10707280796670049,0.370064174406191,21.833333333333332
2024-07-10,recent_frequency,v1.0.0,"[7, 11, 18, 37, 38, 45]",31,2,2,2,2,"[7, 18]",0.10544671386922116,0.36262591605975514,18.833333333333332
2024-07-10,ema_gap,v1.0.0,"[7, 11, 18, 37, 38, 45]",31,2,2,2,2,"[7, 18]",0.10396306828381763,0.357533228667124,20.166666666666668
2024-07-10,logistic,v1.0.0,"[7, 11, 18, 37, 38, 45]",31,0,0,1,2,[],0.10850462510385046,0.3763167305279247,28.166666666666668
2024-07-10,ensemble,v1.0.0,"[7, 11, 18, 37, 38, 45]",31,1,1,2,2,[7],0.10655361824494278,0.36778391568679347,22.833333333333332
2024-07-13,random,v1.0.0,"[5, 18, 27, 31, 32, 35]",23,1,1,1,2,[5],0.10745522698875466,0.37177617994345313,24.666666666666668
2024-07-13,long_frequency,v1.0.0,"[5, 18, 27, 31, 32, 35]",23,1,1,2,2,[31],0.10739065054714175,0.3715168718456328,26.666666666666668
2024-07-13,recent_frequency,v1.0.0,"[5, 18, 27, 31, 32, 35]",23,2,2,2,4,"[18, 27]",0.10642189754269056,0.3664836162439835,18.833333333333332
2024-07-13,ema_gap,v1.0.0,"[5, 18, 27, 31, 32, 35]",23,2,2,2,2,"[18, 27]",0.10550970991057651,0.3621238421362902,20.0
2024-07-13,logistic,v1.0.0,"[5, 18, 27, 31, 32, 35]",23,2,2,3,3,"[5, 32]",0.10684619790745427,0.3690750441364233,19.833333333333332
2024-07-13,ensemble,v1.0.0,"[5, 18, 27, 31, 32, 35]",23,2,2,2,3,"[18, 27]",0.10625650516037351,0.3663233217374069,18.333333333333332
2024-07-17,random,v1.0.0,"[11, 13, 25, 28, 34, 42]",44,0,0,1,2,[],0.10745522698875465,0.3717761799434532,25.5
2024-07-17,long_frequency,v1.0.0,"[11, 13, 25, 28, 34, 42]",44,1,1,1,1,[34],0.10804658690440168,0.3745828375637681,34.5
2024-07-17,recent_frequency,v1.0.0,"[11, 13, 25, 28, 34, 42]",44,0,0,0,0,[],0.10961585672636402,0.3809631013332833,31.666666666666668
2024-07-17,ema_gap,v1.0.0,"[11, 13, 25, 28, 34, 42]",44,0,0,0,1,[],0.11077922942531106,0.3837096393300937,27.5
2024-07-17,logistic,v1.0.0,"[11, 13, 25, 28, 34, 42]",44,2,2,2,4,"[25, 34]",0.10554229418790691,0.36254599813381955,16.333333333333332
2024-07-17,ensemble,v1.0.0,"[11, 13, 25, 28, 34, 42]",44,0,0,0,3,[],0.10752771345161943,0.37159723906614006,24.0
2024-07-20,random,v1.0.0,"[5, 12, 15, 23, 37, 42]",21,1,1,2,3,[5],0.10745522698875466,0.37177617994345336,22.333333333333332
2024-07-20,long_frequency,v1.0.0,"[5, 12, 15, 23, 37, 42]",21,0,0,1,1,[],0.10782450870074509,0.37344486899102924,29.166666666666668
2024-07-20,recent_frequency,v1.0.0,"[5, 12, 15, 23, 37, 42]",21,0,0,0,0,[],0.10887234652228239,0.3774091483142992,28.5
2024-07-20,ema_gap,v1.0.0,"[5, 12, 15, 23, 37, 42]",21,0,0,0,1,[],0.11138655210936203,0.38767049871978454,29.5
2024-07-20,logistic,v1.0.0,"[5, 12, 15, 23, 37, 42]",21,2,2,2,2,"[5, 12]",0.10643733309385582,0.36690553060278697,19.166666666666668
2024-07-20,ensemble,v1.0.0,"[5, 12, 15, 23, 37, 42]",21,0,0,1,1,[],0.10783552290683238,0.3733528573819205,26.5
2024-07-24,random,v1.0.0,"[1, 6, 34, 36, 40, 48]",27,2,2,2,2,"[1, 6]",0.10745522698875465,0.3717761799434531,27.5
2024-07-24,long_frequency,v1.0.0,"[1, 6, 34, 36, 40, 48]",27,2,2,2,3,"[34, 40]",0.10722786641104078,0.3707945059049156,22.5
2024-07-24,recent_frequency,v1.0.0,"[1, 6, 34, 36, 40, 48]",27,0,0,0,0,[],0.11033291795085381,0.3848308642140635,34.833333333333336
2024-07-24,ema_gap,v1.0.0,"[1, 6, 34, 36, 40, 48]",27,0,0,0,1,[],0.11315599951857815,0.39873949796497776,32.833333333333336
2024-07-24,logistic,v1.0.0,"[1, 6, 34, 36, 40, 48]",27,0,0,2,2,[],0.10661707206320317,0.3672464882682381,19.333333333333332
2024-07-24,ensemble,v1.0.0,"[1, 6, 34, 36, 40, 48]",27,0,0,1,1,[],0.10853735717185681,0.37634996478150273,28.166666666666668
2024-07-27,random,v1.0.0,"[5, 23, 26, 33, 36, 39]",8,1,1,1,1,[5],0.10745522698875466,0.3717761799434532,27.0
2024-07-27,long_frequency,v1.0.0,"[5, 23, 26, 33, 36, 39]",8,0,0,1,2,[],0.1076550025765248,0.37265140006375763,27.333333333333332
2024-07-27,recent_frequency,v1.0.0,"[5, 23, 26, 33, 36, 39]",8,1,1,2,3,[39],0.1066432852977926,0.3675881040164134,21.333333333333332
2024-07-27,ema_gap,v1.0.0,"[5, 23, 26, 33, 36, 39]",8,1,1,2,2,[39],0.10666898779295415,0.3659139777736968,22.666666666666668
2024-07-27,logistic,v1.0.0,"[5, 23, 26, 33, 36, 39]",8,0,0,0,2,[],0.10695221654810964,0.368717100277538,24.333333333333332
2024-07-27,ensemble,v1.0.0,"[5, 23, 26, 33, 36, 39]",8,1,1,2,2,[39],0.10662211223796741,0.36783013083715216,20.5
2024-07-31,random,v1.0.0,"[12, 18, 19, 26, 40, 42]",35,0,0,1,2,[],0.10745522698875466,0.37177617994345336,26.166666666666668
2024-07-31,long_frequency,v1.0.0,"[12, 18, 19, 26, 40, 42]",35,1,1,1,1,[40],0.10751546605553434,0.3720270852846084,26.333333333333332
2024-07-31,recent_frequency,v1.0.0,"[12, 18, 19, 26, 40, 42]",35,1,1,2,3,[18],0.10711985672636402,0.3704222265422662,22.666666666666668
2024-07-31,ema_gap,v1.0.0,"[12, 18, 19, 26, 40, 42]",35,2,2,2,3,"[18, 42]",0.10633041128029254,0.36653462285840116,21.5
2024-07-31,logistic,v1.0.0,"[12, 18, 19, 26, 40, 42]",35,0,0,0,1,[],0.10894417481684227,0.37803786824542435,29.833333333333332
2024-07-31,ensemble,v1.0.0,"[12, 18, 19, 26, 40, 42]",35,1,1,1,1,[18],0.10761022305026695,0.3723218600905949,26.166666666666668
2024-08-03,random,v1.0.0,"[3, 11, 18, 32, 39, 42]",28,1,1,2,3,[3],0.10745522698875466,0.37177617994345336,24.166666666666668
2024-08-03,long_frequency,v1.0.0,"[3, 11, 18, 32, 39, 42]",28,0,0,0,1,[],0.10804274770632348,0.374459389295613,32.333333333333336
2024-08-03,recent_frequency,v1.0.0,"[3, 11, 18, 32, 39, 42]",28,2,2,3,5,"[18, 39]",0.10394059142024156,0.355800048584403,11.666666666666666
2024-08-03,ema_gap,v1.0.0,"[3, 11, 18, 32, 39, 42]",28,3,3,4,4,"[18, 39, 42]",0.09900078139482041,0.336558292868655,13.333333333333334
2024-08-03,logistic,v1.0.0,"[3, 11, 18, 32, 39, 42]",28,0,0,0,0,[],0.10950027691453547,0.3811643829961099,37.166666666666664
2024-08-03,ensemble,v1.0.0,"[3, 11, 18, 32, 39, 42]",28,3,3,3,3,"[18, 39, 42]",0.10579448271164764,0.3642887794268364,15.833333333333334
2024-08-07,random,v1.0.0,"[3, 6, 16, 35, 41, 42]",23,2,2,2,3,"[3, 6]",0.10745522698875465,0.37177617994345336,23.833333333333332
2024-08-07,long_frequency,v1.0.0,"[3, 6, 16, 35, 41, 42]",23,0,0,0,2,[],0.10781178845455887,0.3733765828091059,28.666666666666668
2024-08-07,recent_frequency,v1.0.0,"[3, 6, 16, 35, 41, 42]",23,1,1,1,2,[42],0.10838108121615994,0.37556972242275954,27.0
2024-08-07,ema_gap,v1.0.0,"[3, 6, 16, 35, 41, 42]",23,1,1,2,3,[42],0.10707602428560907,0.36917705725340444,21.0
2024-08-07,logistic,v1.0.0,"[3, 6, 16, 35, 41, 42]",23,0,0,0,1,[],0.10948063438945053,0.3811842889889728,34.0
2024-08-07,ensemble,v1.0.0,"[3, 6, 16, 35, 41, 42]",23,1,1,1,1,[42],0.1082805120247497,0.37539766010443093,29.5
2024-08-10,random,v1.0.0,"[9, 15, 17, 20, 25, 49]",28,0,0,1,3,[],0.10745522698875466,0.37177617994345336,22.5
2024-08-10,long_frequency,v1.0.0,"[9, 15, 17, 20, 25, 49]",28,0,0,1,2,[],0.10775443757335422,0.37312337000396234,28.166666666666668
2024-08-10,recent_frequency,v1.0.0,"[9, 15, 17, 20, 25, 49]",28,1,1,1,1,[17],0.10910695876718036,0.3804995599985125,31.5
2024-08-10,ema_gap,v1.0.0,"[9, 15, 17, 20, 25, 49]",28,0,0,0,1,[],0.11555618691293901,0.4118722018050741,36.666666666666664
2024-08-10,logistic,v1.0.0,"[9, 15, 17, 20, 25, 49]",28,1,1,2,3,[20],0.10615657789820306,0.36538634417585736,19.166666666666668
2024-08-10,ensemble,v1.0.0,"[9, 15, 17, 20, 25, 49]",28,0,0,1,1,[],0.10859107025235079,0.3771179273313815,29.666666666666668
2024-08-14,random,v1.0.0,"[10, 11, 29, 30, 36, 48]",18,0,0,2,2,[],0.10745522698875465,0.37177617994345313,27.333333333333332
2024-08-14,long_frequency,v1.0.0,"[10, 11, 29, 30, 36, 48]",18,0,0,0,1,[],0.10771537933246449,0.372917340545552,27.333333333333332
2024-08-14,recent_frequency,v1.0.0,"[10, 11, 29, 30, 36, 48]",18,0,0,3,5,[],0.1056695710120783,0.3626862049600272,15.166666666666666
2024-08-14,ema_gap,v1.0.0,"[10, 11, 29, 30, 36, 48]",18,0,0,1,2,[],0.10795288017875138,0.3696900808392664,20.666666666666668
2024-08-14,logistic,v1.0.0,"[10, 11, 29, 30, 36, 48]",18,0,0,3,3,[],0.10750868038543042,0.3717601763127162,24.333333333333332
2024-08-14,ensemble,v1.0.0,"[10, 11, 29, 30, 36, 48]",18,0,0,2,3,[],0.10695559818860544,0.3691035976749084,22.166666666666668
2024-08-17,random,v1.0.0,"[7, 8, 9, 10, 26, 33]",19,0,0,4,4,[],0.10745522698875465,0.37177617994345347,15.5
2024-08-17,long_frequency,v1.0.0,"[7, 8, 9, 10, 26, 33]",19,0,0,1,2,[],0.10733872061738994,0.37115505476617355,21.833333333333332
2024-08-17,recent_frequency,v1.0.0,"[7, 8, 9, 10, 26, 33]",19,1,1,3,4,[7],0.10617553019575178,0.3656835932408546,18.333333333333332
2024-08-17,ema_gap,v1.0.0,"[7, 8, 9, 10, 26, 33]",19,1,1,2,3,[7],0.10680359918256574,0.3673002957347751,20.833333333333332
2024-08-17,logistic,v1.0.0,"[7, 8, 9, 10, 26, 33]",19,1,1,2,2,[9],0.10738748666785482,0.37134797076827797,24.333333333333332
2024-08-17,ensemble,v1.0.0,"[7, 8, 9, 10, 26, 33]",19,0,0,2,3,[],0.10674169361746799,0.3682838786941272,19.0
2024-08-21,random,v1.0.0,"[4, 6, 13, 14, 34, 36]",40,2,2,2,4,"[4, 6]",0.10745522698875466,0.37177617994345336,17.833333333333332
2024-08-21,long_frequency,v1.0.0,"[4, 6, 13, 14, 34, 36]",40,1,1,1,3,[34],0.10780163095179918,0.37349633650152403,27.666666666666668
2024-08-21,recent_frequency,v1.0.0,"[4, 6, 13, 14, 34, 36]",40,0,0,0,2,[],0.1096070403998334,0.3814004153702903,30.0
2024-08-21,ema_gap,v1.0.0,"[4, 6, 13, 14, 34, 36]",40,0,0,1,2,[],0.11098850838697066,0.38697922359595305,28.166666666666668
2024-08-21,logistic,v1.0.0,"[4, 6, 13, 14, 34, 36]",40,0,0,1,3,[],0.10712950694206967,0.37002634848603816,22.0
2024-08-21,ensemble,v1.0.0,"[4, 6, 13, 14, 34, 36]",40,0,0,1,3,[],0.10828084341694913,0.37547427987401577,26.5
2024-08-24,random,v1.0.0,"[16, 21, 29, 32, 42, 49]",5,0,0,0,1,[],0.10745522698875466,0.37177617994345313,31.5
2024-08-24,long_frequency,v1.0.0,"[16, 21, 29, 32, 42, 49]",5,0,0,0,1,[],0.10767136813371446,0.37271043175144547,27.166666666666668
2024-08-24,recent_frequency,v1.0.0,"[16, 21, 29, 32, 42, 49]",5,2,2,2,2,"[29, 42]",0.10835904039983339,0.3763104298758999,28.166666666666668
2024-08-24,ema_gap,v1.0.0,"[16, 21, 29, 32, 42, 49]",5,1,1,1,2,[42],0.1092847974545374,0.38159026953767705,27.833333333333332
2024-08-24,logistic,v1.0.0,"[16, 21, 29, 32, 42, 49]",5,0,0,1,1,[],0.11033722243546797,0.38586312826363356,34.166666666666664
2024-08-24,ensemble,v1.0.0,"[16, 21, 29, 32, 42, 49]",5,0,0,1,2,[],0.10904883034057616,0.37947496054104424,31.0
2024-08-28,random,v1.0.0,"[4, 20, 29, 40, 41, 48]",47,1,1,1,1,[4],0.10745522698875466,0.37177617994345313,30.333333333333332
2024-08-28,long_frequency,v1.0.0,"[4, 20, 29, 40, 41, 48]",47,1,1,2,4,[40],0.1068937486512634,0.3691287064841636,17.0
2024-08-28,recent_frequency,v1.0.0,"[4, 20, 29, 40, 41, 48]",47,1,1,1,3,[29],0.10760671386922116,0.37221351754827503,25.333333333333332
2024-08-28,ema_gap,v1.0.0,"[4, 20, 29, 40, 41, 48]",47,1,1,1,1,[29],0.10892325514504289,0.3756003014729593,24.833333333333332
2024-08-28,logistic,v1.0.0,"[4, 20, 29, 40, 41, 48]",47,1,1,2,3,[41],0.10635852521839759,0.3663975812160309,19.333333333333332
2024-08-28,ensemble,v1.0.0,"[4, 20, 29, 40, 41, 48]",47,1,1,2,3,[29],0.10692311839236515,0.3689012737440909,21.0
2024-08-31,random,v1.0.0,"[7, 24, 25, 34, 43, 44]",13,0,0,1,1,[],0.10745522698875465,0.3717761799434532,29.5
2024-08-31,long_frequency,v1.0.0,"[7, 24, 25, 34, 43, 44]",13,2,2,3,3,"[34, 43]",0.1069827549672913,0.36961341528317965,20.0
2024-08-31,recent_frequency,v1.0.0,"[7, 24, 25, 34, 43, 44]",13,1,1,1,3,[7],0.10859512203248646,0.37831395275053553,25.666666666666668
2024-08-31,ema_gap,v1.0.0,"[7, 24, 25, 34, 43, 44]",13,1,1,1,2,[7],0.11048183593589399,0.3900167854825792,28.5
2024-08-31,logistic,v1.0.0,"[7, 24, 25, 34, 43, 44]",13,0,0,0,1,[],0.10869105894287541,0.3773842595555286,30.833333333333332
2024-08-31,ensemble,v1.0.0,"[7, 24, 25, 34, 43, 44]",13,1,1,1,1,[7],0.10850381669538887,0.3769521574282218,29.5
2024-09-04,random,v1.0.0,"[31, 34, 38, 41, 43, 48]",47,0,0,0,0,[],0.10745522698875466,0.3717761799434531,39.166666666666664
2024-09-04,long_frequency,v1.0.0,"[31, 34, 38, 41, 43, 48]",47,4,4,4,5,"[31, 34, 38, 43]",0.10605083775142278,0.3653324201976732,9.166666666666666
2024-09-04,recent_frequency,v1.0.0,"[31, 34, 38, 41, 43, 48]",47,0,0,0,3,[],0.10761259142024156,0.37183251721719,24.333333333333332
2024-09-04,ema_gap,v1.0.0,"[31, 34, 38, 41, 43, 48]",47,1,1,2,2,[34],0.1078696667947786,0.37099995881634157,21.833333333333332
2024-09-04,logistic,v1.0.0,"[31, 34, 38, 41, 43, 48]",47,0,0,1,2,[],0.10804187806448765,0.3743952665120803,27.333333333333332
2024-09-04,ensemble,v1.0.0,"[31, 34, 38, 41, 43, 48]",47,1,1,1,2,[48],0.1074216899753128,0.3711515839062081,23.833333333333332
2024-09-07,random,v1.0.0,"[8, 21, 33, 34, 37, 47]",24,0,0,1,1,[],0.10745522698875466,0.3717761799434531,30.0
2024-09-07,long_frequency,v1.0.0,"[8, 21, 33, 34, 37, 47]",24,1,1,2,3,[34],0.1069238832931589,0.3692882451934516,18.666666666666668
2024-09-07,recent_frequency,v1.0.0,"[8, 21, 33, 34, 37, 47]",24,0,0,1,1,[],0.1090863873386089,0.3790448159562234,29.166666666666668
2024-09-07,ema_gap,v1.0.0,"[8, 21, 33, 34, 37, 47]",24,1,1,1,1,[34],0.11067372248704796,0.3901516815373897,28.833333333333332
2024-09-07,logistic,v1.0.0,"[8, 21, 33, 34, 37, 47]",24,0,0,3,4,[],0.10688459278992715,0.369154446545511,20.333333333333332
2024-09-07,ensemble,v1.0.0,"[8, 21, 33, 34, 37, 47]",24,1,1,1,2,[34],0.1077834034591741,0.37350296840341013,25.5
2024-09-11,random,v1.0.0,"[1, 8, 19, 33, 46, 49]",2,1,1,2,2,[1],0.10745522698875466,0.37177617994345324,26.0
2024-09-11,long_frequency,v1.0.0,"[1, 8, 19, 33, 46, 49]",2,0,0,1,1,[],0.10770523637678336,0.37291087694139174,25.833333333333332
2024-09-11,recent_frequency,v1.0.0,"[1, 8, 19, 33, 46, 49]",2,0,0,0,1,[],0.11030206080799666,0.38498124083522833,34.333333333333336
2024-09-11,ema_gap,v1.0.0,"[1, 8, 19, 33, 46, 49]",2,0,0,2,2,[],0.11403307479328455,0.4062050998813035,33.166666666666664
2024-09-11,logistic,v1.0.0,"[1, 8, 19, 33, 46, 49]",2,1,1,1,1,[49],0.10776390453789016,0.37453255966403254,24.0
2024-09-11,ensemble,v1.0.0,"[1, 8, 19, 33, 46, 49]",2,0,0,3,3,[],0.1091994068521988,0.3805766769332245,28.666666666666668
2024-09-14,random,v1.0.0,"[11, 14, 19, 25, 26, 28]",21,0,0,1,2,[],0.10745522698875465,0.37177617994345336,20.5
2024-09-14,long_frequency,v1.0.0,"[11, 14, 19, 25, 26, 28]",21,0,0,0,0,[],0.10871378523658692,0.37770184411715,38.666666666666664
2024-09-14,recent_frequency,v1.0.0,"[11, 14, 19, 25, 26, 28]",21,0,0,1,2,[],0.10955414244064976,0.38156331334233345,31.333333333333332
2024-09-14,ema_gap,v1.0.0,"[11, 14, 19, 25, 26, 28]",21,0,0,0,3,[],0.11095747036799644,0.38593950610246036,26.833333333333332
2024-09-14,logistic,v1.0.0,"[11, 14, 19, 25, 26, 28]",21,0,0,0,2,[],0.10806320866946759,0.3741932528430878,27.0
2024-09-14,ensemble,v1.0.0,"[11, 14, 19, 25, 26, 28]",21,0,0,0,1,[],0.10874202318489845,0.37773359320481265,33.666666666666664
2024-09-18,random,v1.0.0,"[2, 13, 14, 18, 20, 39]",40,1,1,1,4,[2],0.10745522698875466,0.37177617994345336,17.666666666666668
2024-09-18,long_frequency,v1.0.0,"[2, 13, 14, 18, 20, 39]",40,0,0,1,1,[],0.10855599870530648,0.3769721886215897,37.166666666666664
2024-09-18,recent_frequency,v1.0.0,"[2, 13, 14, 18, 20, 39]",40,2,2,2,2,"[18, 39]",0.10732801999167016,0.3717724788236938,24.833333333333332
2024-09-18,ema_gap,v1.0.0,"[2, 13, 14, 18, 20, 39]",40,0,0,2,2,[],0.11020490288677258,0.3848347252342151,28.833333333333332
2024-09-18,logistic,v1.0.0,"[2, 13, 14, 18, 20, 39]",40,3,3,3,3,"[2, 18, 39]",0.10643701505086264,0.3676933236066506,21.0
2024-09-18,ensemble,v1.0.0,"[2, 13, 14, 18, 20, 39]",40,2,2,2,2,"[18, 39]",0.10750850955937868,0.3724871459599978,27.333333333333332
2024-09-21,random,v1.0.0,"[5, 10, 11, 15, 27, 49]",25,1,1,3,4,[5],0.10745522698875466,0.37177617994345336,19.5
2024-09-21,long_frequency,v1.0.0,"[5, 10, 11, 15, 27, 49]",25,0,0,1,1,[],0.10779740819632497,0.3733420915405043,28.833333333333332
2024-09-21,recent_frequency,v1.0.0,"[5, 10, 11, 15, 27, 49]",25,0,0,2,3,[],0.1078281016243232,0.3731466334111738,23.666666666666668
2024-09-21,ema_gap,v1.0.0,"[5, 10, 11, 15, 27, 49]",25,1,1,1,2,[11],0.1108273888092795,0.3861873927187008,28.333333333333332
2024-09-21,logistic,v1.0.0,"[5, 10, 11, 15, 27, 49]",25,3,3,3,3,"[5, 15, 49]",0.1047090615158744,0.35909795072547424,15.833333333333334
2024-09-21,ensemble,v1.0.0,"[5, 10, 11, 15, 27, 49]",25,1,1,2,3,[11],0.1066951787543432,0.3680322593321003,18.0
2024-09-25,random,v1.0.0,"[2, 4, 8, 11, 14, 40]",36,2,2,4,5,"[2, 4]",0.10745522698875463,0.3717761799434534,13.166666666666666
2024-09-25,long_frequency,v1.0.0,"[2, 4, 8, 11, 14, 40]",36,1,1,1,2,[40],0.10792228318030038,0.3740174506601357,28.5
2024-09-25,recent_frequency,v1.0.0,"[2, 4, 8, 11, 14, 40]",36,1,1,2,3,[11],0.10710222407330279,0.3696225964615505,20.5
2024-09-25,ema_gap,v1.0.0,"[2, 4, 8, 11, 14, 40]",36,1,1,2,2,[11],0.10561868117876867,0.3618231592503398,18.833333333333332
2024-09-25,logistic,v1.0.0,"[2, 4, 8, 11, 14, 40]",36,0,0,1,2,[],0.1074158378304509,0.3710123621200244,24.0
2024-09-25,ensemble,v1.0.0,"[2, 4, 8, 11, 14, 40]",36,1,1,2,3,[11],0.10674783890555312,0.36837721490399217,19.0
2024-09-28,random,v1.0.0,"[7, 15, 23, 29, 41, 46]",22,0,0,1,2,[],0.10745522698875466,0.3717761799434532,26.833333333333332
2024-09-28,long_frequency,v1.0.0,"[7, 15, 23, 29, 41, 46]",22,0,0,3,4,[],0.10712791098878836,0.37021383066985175,19.5
2024-09-28,recent_frequency,v1.0.0,"[7, 15, 23, 29, 41, 46]",22,2,2,2,2,"[7, 29]",0.10589095876718034,0.36465685553739396,20.666666666666668
2024-09-28,ema_gap,v1.0.0,"[7, 15, 23, 29, 41, 46]",22,1,1,1,2,[7],0.10828726410542817,0.37417067800019926,25.5
2024-09-28,logistic,v1.0.0,"[7, 15, 23, 29, 41, 46]",22,1,1,2,2,[46],0.10642434600047762,0.3668626864869592,19.166666666666668
2024-09-28,ensemble,v1.0.0,"[7, 15, 23, 29, 41, 46]",22,1,1,2,3,[7],0.1065285727635721,0.36750978831112024,19.166666666666668
2024-10-02,random,v1.0.0,"[26, 28, 33, 41, 42, 49]",45,0,0,0,0,[],0.10745522698875466,0.37177617994345313,36.5
2024-10-02,long_frequency,v1.0.0,"[26, 28, 33, 41, 42, 49]",45,0,0,0,1,[],0.10769886022253812,0.3728563797991761,26.333333333333332
2024-10-02,recent_frequency,v1.0.0,"[26, 28, 33, 41, 42, 49]",45,1,1,2,3,[42],0.10713895876718034,0.36964662559561867,23.333333333333332
2024-10-02,ema_gap,v1.0.0,"[26, 28, 33, 41, 42, 49]",45,0,0,2,4,[],0.10553558749526767,0.35972301515620014,16.5
2024-10-02,logistic,v1.0.0,"[26, 28, 33, 41, 42, 49]",45,1,1,1,3,[42],0.10663610348232269,0.3678397434717023,20.0
2024-10-02,ensemble,v1.0.0,"[26, 28, 33, 41, 42, 49]",45,1,1,1,3,[42],0.10647277237318403,0.3668726078805704,18.333333333333332
2024-10-05,random,v1.0.0,"[17, 18, 20, 29, 32, 35]",38,0,0,0,2,[],0.10745522698875466,0.37177617994345336,25.166666666666668
2024-10-05,long_frequency,v1.0.0,"[17, 18, 20, 29, 32, 35]",38,0,0,1,1,[],0.10785098535417367,0.3735683722671238,30.666666666666668
2024-10-05,recent_frequency,v1.0.0,"[17, 18, 20, 29, 32, 35]",38,2,2,3,3,"[18, 29]",0.10543201999167016,0.36216933901994036,17.5
2024-10-05,ema_gap,v1.0.0,"[17, 18, 20, 29, 32, 35]",38,2,2,2,2,"[18, 29]",0.10762283883596038,0.3712938633611612,23.166666666666668
2024-10-05,logistic,v1.0.0,"[17, 18, 20, 29, 32, 35]",38,0,0,2,2,[],0.1085976917408301,0.3779260930763319,25.833333333333332
2024-10-05,ensemble,v1.0.0,"[17, 18, 20, 29, 32, 35]",38,1,1,1,2,[29],0.1073259304255912,0.371234066368632,23.666666666666668
2024-10-09,random,v1.0.0,"[20, 22, 23, 36, 46, 47]",42,0,0,0,0,[],0.10745522698875466,0.37177617994345324,32.333333333333336
2024-10-09,long_frequency,v1.0.0,"[20, 22, 23, 36, 46, 47]",42,0,0,4,5,[],0.10672067768998406,0.3683171510261952,13.833333333333334
2024-10-09,recent_frequency,v1.0.0,"[20, 22, 23, 36, 46, 47]",42,0,0,1,2,[],0.10962761182840486,0.3824415678328798,30.0
2024-10-09,ema_gap,v1.0.0,"[20, 22, 23, 36, 46, 47]",42,0,0,0,1,[],0.11303214247375137,0.3975099876705944,32.5
2024-10-09,logistic,v1.0.0,"[20, 22, 23, 36, 46, 47]",42,1,1,1,2,[47],0.10806528463491989,0.3753400372378788,28.666666666666668
2024-10-09,ensemble,v1.0.0,"[20, 22, 23, 36, 46, 47]",42,0,0,0,1,[],0.10884560705303024,0.37832414039781714,32.333333333333336
2024-10-12,random,v1.0.0,"[3, 16, 21, 28, 39, 43]",8,1,1,1,2,[3],0.10745522698875465,0.37177617994345324,25.0
2024-10-12,long_frequency,v1.0.0,"[3, 16, 21, 28, 39, 43]",8,1,1,1,2,[43],0.10770968273407623,0.372957518687866,27.5
2024-10-12,recent_frequency,v1.0.0,"[3, 16, 21, 28, 39, 43]",8,1,1,1,1,[39],0.10791185672636402,0.37345170305456304,27.666666666666668
2024-10-12,ema_gap,v1.0.0,"[3, 16, 21, 28, 39, 43]",8,0,0,1,1,[],0.11155318752425772,0.38972841948686116,30.0
2024-10-12,logistic,v1.0.0,"[3, 16, 21, 28, 39, 43]",8,0,0,0,3,[],0.1065394471541672,0.36707159508501835,21.666666666666668
2024-10-12,ensemble,v1.0.0,"[3, 16, 21, 28, 39, 43]",8,1,1,1,1,[39],0.10770283721569064,0.37285867292089864,26.666666666666668
2024-10-16,random,v1.0.0,"[1, 17, 26, 35, 44, 48]",19,1,1,1,2,[1],0.10745522698875466,0.37177617994345313,28.5
2024-10-16,long_frequency,v1.0.0,"[1, 17, 26, 35, 44, 48]",19,0,0,0,0,[],0.10805260181294965,0.3745239420545071,31.666666666666668
2024-10-16,recent_frequency,v1.0.0,"[1, 17, 26, 35, 44, 48]",19,0,0,2,2,[],0.10814793835901709,0.3747209281982282,24.5
2024-10-16,ema_gap,v1.0.0,"[1, 17, 26, 35, 44, 48]",19,0,0,1,2,[],0.1113351347993921,0.3905641239680016,28.666666666666668
2024-10-16,logistic,v1.0.0,"[1, 17, 26, 35, 44, 48]",19,1,1,1,2,[48],0.1079334759317224,0.3739985159472631,28.166666666666668
2024-10-16,ensemble,v1.0.0,"[1, 17, 26, 35, 44, 48]",19,0,0,2,2,[],0.10849366440723741,0.3766340683847242,28.333333333333332
2024-10-19,random,v1.0.0,"[2, 12, 20, 23, 28, 41]",43,1,1,2,2,[2],0.10745522698875466,0.37177617994345324,21.0
2024-10-19,long_frequency,v1.0.0,"[2, 12, 20, 23, 28, 41]",43,0,0,2,3,[],0.10756824090952358,0.37228438860930213,25.5
2024-10-19,recent_frequency,v1.0.0,"[2, 12, 20, 23, 28, 41]",43,0,0,1,2,[],0.10790891795085382,0.3727502717114777,24.0
2024-10-19,ema_gap,v1.0.0,"[2, 12, 20, 23, 28, 41]",43,0,0,0,4,[],0.10817962307981349,0.3737877800038244,23.166666666666668
2024-10-19,logistic,v1.0.0,"[2, 12, 20, 23, 28, 41]",43,0,0,1,1,[],0.10889271275336378,0.3783959248337832,30.666666666666668
2024-10-19,ensemble,v1.0.0,"[2, 12, 20, 23, 28, 41]",43,0,0,0,2,[],0.10802464390336627,0.37425893240417424,27.666666666666668
2024-10-23,random,v1.0.0,"[4, 15, 18, 20, 37, 40]",43,1,1,1,3,[4],0.10745522698875466,0.37177617994345336,22.333333333333332
2024-10-23,long_frequency,v1.0.0,"[4, 15, 18, 20, 37, 40]",43,1,1,2,3,[40],0.10730227822654755,0.37106527611678247,23.333333333333332
2024-10-23,recent_frequency,v1.0.0,"[4, 15, 18, 20, 37, 40]",43,1,1,2,2,[18],0.10692785672636404,0.36913445247060556,22.666666666666668
2024-10-23,ema_gap,v1.0.0,"[4, 15, 18, 20, 37, 40]",43,1,1,2,2,[18],0.10679318428091467,0.36801171702526225,22.333333333333332
2024-10-23,logistic,v1.0.0,"[4, 15, 18, 20, 37, 40]",43,1,1,2,4,[15],0.10635708143621214,0.36653845321224976,18.166666666666668
2024-10-23,ensemble,v1.0.0,"[4, 15, 18, 20, 37, 40]",43,2,2,2,3,"[18, 20]",0.1064436798706656,0.36705833983873687,19.166666666666668
2024-10-26,random,v1.0.0,"[7, 16, 19, 25, 28, 29]",15,0,0,1,2,[],0.10745522698875463,0.37177617994345324,20.666666666666668
2024-10-26,long_frequency,v1.0.0,"[7, 16, 19, 25, 28, 29]",15,0,0,1,1,[],0.10806303326480082,0.3745887998650718,32.833333333333336
2024-10-26,recent_frequency,v1.0.0,"[7, 16, 19, 25, 28, 29]",15,2,2,2,2,"[7, 29]",0.10692785672636401,0.3698601858861229,23.833333333333332
2024-10-26,ema_gap,v1.0.0,"[7, 16, 19, 25, 28, 29]",15,2,2,3,3,"[7, 29]",0.10642803787129004,0.36695009916300564,21.5
2024-10-26,logistic,v1.0.0,"[7, 16, 19, 25, 28, 29]",15,0,0,1,2,[],0.10800314867967178,0.37411880812073695,28.666666666666668
2024-10-26,ensemble,v1.0.0,"[7, 16, 19, 25, 28, 29]",15,1,1,2,3,[7],0.10723248564356815,0.37096956691853983,25.333333333333332
2024-10-30,random,v1.0.0,"[4, 9, 14, 17, 30, 44]",3,1,1,2,4,[4],0.10745522698875466,0.37177617994345336,19.666666666666668
2024-10-30,long_frequency,v1.0.0,"[4, 9, 14, 17, 30, 44]",3,0,0,0,2,[],0.10800586407321397,0.3743505433518012,28.5
2024-10-30,recent_frequency,v1.0.0,"[4, 9, 14, 17, 30, 44]",3,0,0,0,1,[],0.11084769346105791,0.38820186766844605,33.666666666666664
2024-10-30,ema_gap,v1.0.0,"[4, 9, 14, 17, 30, 44]",3,0,0,1,2,[],0.11307265867423334,0.39913796760955905,32.0
2024-10-30,logistic,v1.0.0,"[4, 9, 14, 17, 30, 44]",3,0,0,1,2,[],0.10738248548966366,0.37129593023988033,23.666666666666668
2024-10-30,ensemble,v1.0.0,"[4, 9, 14, 17, 30, 44]",3,0,0,0,1,[],0.10910696616725607,0.37950131092660017,32.166666666666664
2024-11-02,random,v1.0.0,"[7, 13, 37, 42, 46, 47]",48,0,0,1,2,[],0.10745522698875466,0.3717761799434531,32.0
2024-11-02,long_frequency,v1.0.0,"[7, 13, 37, 42, 46, 47]",48,0,0,3,3,[],0.10719506115247604,0.3705354807868901,20.833333333333332
2024-11-02,recent_frequency,v1.0.0,"[7, 13, 37, 42, 46, 47]",48,2,2,2,2,"[7, 42]",0.10740883631820075,0.372933027613725,26.333333333333332
2024-11-02,ema_gap,v1.0.0,"[7, 13, 37, 42, 46, 47]",48,1,1,2,2,[7],0.1087762928556844,0.3801555581209906,27.166666666666668
2024-11-02,logistic,v1.0.0,"[7, 13, 37, 42, 46, 47]",48,2,2,2,3,"[46, 47]",0.1063765725816094,0.36651459163864925,21.833333333333332
2024-11-02,ensemble,v1.0.0,"[7, 13, 37, 42, 46, 47]",48,1,1,2,3,[7],0.10689323075785588,0.3693138885408613,22.666666666666668
2024-11-06,random,v1.0.0,"[2, 11, 18, 21, 23, 25]",26,1,1,2,3,[2],0.10745522698875465,0.37177617994345324,16.666666666666668
2024-11-06,long_frequency,v1.0.0,"[2, 11, 18, 21, 23, 25]",26,0,0,1,2,[],0.10798259134839003,0.37421257632929356,31.166666666666668
2024-11-06,recent_frequency,v1.0.0,"[2, 11, 18, 21, 23, 25]",26,2,2,3,3,"[11, 18]",0.10495250978758854,0.3603250218801619,15.833333333333334
2024-11-06,ema_gap,v1.0.0,"[2, 11, 18, 21, 23, 25]",26,1,1,2,4,[18],0.10534355545238527,0.36068494370822884,18.333333333333332
2024-11-06,logistic,v1.0.0,"[2, 11, 18, 21, 23, 25]",26,0,0,0,1,[],0.10945056298340211,0.38091160426549,31.166666666666668
2024-11-06,ensemble,v1.0.0,"[2, 11, 18, 21, 23, 25]",26,1,1,1,2,[18],0.10722694845869643,0.3704898454042732,24.5
2024-11-09,random,v1.0.0,"[9, 12, 16, 39, 47, 49]",30,0,0,2,3,[],0.10745522698875466,0.37177617994345336,28.666666666666668
2024-11-09,long_frequency,v1.0.0,"[9, 12, 16, 39, 47, 49]",30,0,0,1,3,[],0.10761690031011369,0.37247280443142694,26.333333333333332
2024-11-09,recent_frequency,v1.0.0,"[9, 12, 16, 39, 47, 49]",30,1,1,1,1,[39],0.11034467305289462,0.38674504984938335,33.166666666666664
2024-11-09,ema_gap,v1.0.0,"[9, 12, 16, 39, 47, 49]",30,0,0,1,1,[],0.1126324054759784,0.394432811715284,33.0
2024-11-09,logistic,v1.0.0,"[9, 12, 16, 39, 47, 49]",30,2,2,2,2,"[12, 39]",0.10660804226650318,0.36786128057472395,21.5
2024-11-09,ensemble,v1.0.0,"[9, 12, 16, 39, 47, 49]",30,1,1,1,1,[39],0.1084469452347634,0.3766702848481822,31.833333333333332
2024-11-13,random,v1.0.0,"[5, 15, 17, 29, 35, 45]",25,1,1,1,3,[5],0.10745522698875465,0.37177617994345336,24.333333333333332
2024-11-13,long_frequency,v1.0.0,"[5, 15, 17, 29, 35, 45]",25,1,1,1,1,[45],0.10768702089032221,0.372880361920934,30.5
2024-11-13,recent_frequency,v1.0.0,"[5, 15, 17, 29, 35, 45]",25,1,1,1,2,[29],0.10836344856309872,0.3759073690089672,26.333333333333332
2024-11-13,ema_gap,v1.0.0,"[5, 15, 17, 29, 35, 45]",25,1,1,2,2,[29],0.11049068376691741,0.3887803821089839,27.0
2024-11-13,logistic,v1.0.0,"[5, 15, 17, 29, 35, 45]",25,0,0,1,1,[],0.10810101619559168,0.37454206982592525,29.666666666666668
2024-11-13,ensemble,v1.0.0,"[5, 15, 17, 29, 35, 45]",25,1,1,1,1,[29],0.10836827858518355,0.3759850576732925,29.0
2024-11-16,random,v1.0.0,"[7, 14, 21, 30, 32, 42]",15,0,0,1,2,[],0.10745522698875466,0.37177617994345324,24.333333333333332
2024-11-16,long_frequency,v1.0.0,"[7, 14, 21, 30, 32, 42]",15,0,0,1,2,[],0.10778431164792998,0.3733259023078965,26.833333333333332
2024-11-16,recent_frequency,v1.0.0,"[7, 14, 21, 30, 32, 42]",15,2,2,2,2,"[7, 42]",0.10590712203248648,0.36501408536481633,21.833333333333332
2024-11-16,ema_gap,v1.0.0,"[7, 14, 21, 30, 32, 42]",15,1,1,2,2,[7],0.10596161702478697,0.3652512183776256,22.0
2024-11-16,logistic,v1.0.0,"[7, 14, 21, 30, 32, 42]",15,0,0,1,1,[],0.11175163100336417,0.3938075114098497,37.666666666666664
2024-11-16,ensemble,v1.0.0,"[7, 14, 21, 30, 32, 42]",15,0,0,1,1,[],0.1085248117397715,0.3766225073654549,31.333333333333332
2024-11-20,random,v1.0.0,"[12, 13, 21, 24, 46, 49]",15,0,0,1,2,[],0.10745522698875466,0.37177617994345324,27.5
2024-11-20,long_frequency,v1.0.0,"[12, 13, 21, 24, 46, 49]",15,0,0,1,3,[],0.10761849899990229,0.37250609844378546,26.5
2024-11-20,recent_frequency,v1.0.0,"[12, 13, 21, 24, 46, 49]",15,0,0,0,1,[],0.10960997917534361,0.3817124356901696,30.833333333333332
2024-11-20,ema_gap,v1.0.0,"[12, 13, 21, 24, 46, 49]",15,0,0,0,1,[],0.1129465582113077,0.39779115103051466,30.833333333333332
2024-11-20,logistic,v1.0.0,"[12, 13, 21, 24, 46, 49]",15,0,0,2,2,[],0.1074834989852243,0.37141952132424555,24.0
2024-11-20,ensemble,v1.0.0,"[12, 13, 21, 24, 46, 49]",15,0,0,0,1,[],0.10874357752282435,0.37779308295628217,29.666666666666668
2024-11-23,random,v1.0.0,"[3, 4, 6, 11, 27, 39]",1,3,3,4,4,"[3, 4, 6]",0.10745522698875466,0.3717761799434534,15.0
2024-11-23,long_frequency,v1.0.0,"[3, 4, 6, 11, 27, 39]",1,0,0,1,2,[],0.107679503849997,0.37278516809740736,26.833333333333332
2024-11-23,recent_frequency,v1.0.0,"[3, 4, 6, 11, 27, 39]",1,2,2,2,2,"[11, 39]",0.10642189754269056,0.3666389195029882,20.5
2024-11-23,ema_gap,v1.0.0,"[3, 4, 6, 11, 27, 39]",1,1,1,2,3,[39],0.10886864521619995,0.37833090116666496,25.0
2024-11-23,logistic,v1.0.0,"[3, 4, 6, 11, 27, 39]",1,3,3,4,4,"[3, 27, 39]",0.10568967874442804,0.3637384951532779,15.166666666666666
2024-11-23,ensemble,v1.0.0,"[3, 4, 6, 11, 27, 39]",1,2,2,3,4,"[11, 39]",0.10649812945495986,0.36732310218594577,17.166666666666668
2024-11-27,random,v1.0.0,"[2, 3, 6, 14, 34, 44]",35,3,3,3,4,"[2, 3, 6]",0.10745522698875466,0.37177617994345336,17.166666666666668
2024-11-27,long_frequency,v1.0.0,"[2, 3, 6, 14, 34, 44]",35,1,1,1,1,[34],0.10784019696875588,0.37365299983638584,28.833333333333332
2024-11-27,recent_frequency,v1.0.0,"[2, 3, 6, 14, 34, 44]",35,0,0,1,2,[],0.10764932611411913,0.37160311375370314,23.5
2024-11-27,ema_gap,v1.0.0,"[2, 3, 6, 14, 34, 44]",35,0,0,0,1,[],0.110690890087158,0.3834759948262269,28.0
2024-11-27,logistic,v1.0.0,"[2, 3, 6, 14, 34, 44]",35,1,1,3,3,[14],0.10771979504904397,0.3736461999336639,22.166666666666668
2024-11-27,ensemble,v1.0.0,"[2, 3, 6, 14, 34, 44]",35,0,0,1,3,[],0.10807189818864445,0.37452543375775277,26.666666666666668
2024-11-30,random,v1.0.0,"[1, 5, 22, 25, 36, 37]",30,2,2,2,2,"[1, 5]",0.10745522698875466,0.3717761799434532,21.0
2024-11-30,long_frequency,v1.0.0,"[1, 5, 22, 25, 36, 37]",30,0,0,0,1,[],0.10823645358758445,0.3754142876623148,33.833333333333336
2024-11-30,recent_frequency,v1.0.0,"[1, 5, 22, 25, 36, 37]",30,0,0,0,0,[],0.11181259142024158,0.3928698316472961,38.333333333333336
2024-11-30,ema_gap,v1.0.0,"[1, 5, 22, 25, 36, 37]",30,0,0,0,0,[],0.11500288640129731,0.40816243140401437,36.5
2024-11-30,logistic,v1.0.0,"[1, 5, 22, 25, 36, 37]",30,2,2,2,3,"[1, 22]",0.10620325292445579,0.3661210788242944,20.0
2024-11-30,ensemble,v1.0.0,"[1, 5, 22, 25, 36, 37]",30,0,0,0,0,[],0.10908898548605804,0.37935249368449075,34.166666666666664
2024-12-04,random,v1.0.0,"[19, 23, 37, 39, 41, 49]",29,0,0,0,0,[],0.10745522698875466,0.37177617994345313,34.666666666666664
2024-12-04,long_frequency,v1.0.0,"[19, 23, 37, 39, 41, 49]",29,0,0,1,3,[],0.10732748380596828,0.37111209618729624,21.5
2024-12-04,recent_frequency,v1.0.0,"[19, 23, 37, 39, 41, 49]",29,1,1,1,1,[39],0.10714630570595586,0.37011503256461153,25.666666666666668
2024-12-04,ema_gap,v1.0.0,"[19, 23, 37, 39, 41, 49]",29,1,1,1,3,[39],0.10646416259762366,0.366508009788169,21.0
2024-12-04,logistic,v1.0.0,"[19, 23, 37, 39, 41, 49]",29,0,0,1,2,[],0.10786637540309,0.37283002651559105,24.166666666666668
2024-12-04,ensemble,v1.0.0,"[19, 23, 37, 39, 41, 49]",29,1,1,3,3,[39],0.10701890690216055,0.3698680219002885,21.833333333333332
2024-12-07,random,v1.0.0,"[9, 22, 33, 41, 42, 45]",12,0,0,1,1,[],0.10745522698875466,0.3717761799434531,32.0
2024-12-07,long_frequency,v1.0.0,"[9, 22, 33, 41, 42, 45]",12,1,1,1,3,[45],0.1069536727296901,0.36943130528509177,18.333333333333332
2024-12-07,recent_frequency,v1.0.0,"[9, 22, 33, 41, 42, 45]",12,1,1,1,1,[42],0.1095908771345273,0.38296513506267305,31.333333333333332
2024-12-07,ema_gap,v1.0.0,"[9, 22, 33, 41, 42, 45]",12,1,1,1,2,[42],0.11123449186740246,0.3908955604044076,31.333333333333332
2024-12-07,logistic,v1.0.0,"[9, 22, 33, 41, 42, 45]",12,0,0,3,4,[],0.1060841814766152,0.3651677266210633,16.666666666666668
2024-12-07,ensemble,v1.0.0,"[9, 22, 33, 41, 42, 45]",12,1,1,2,3,[42],0.10768698169661862,0.37294811264087446,25.333333333333332
2024-12-11,random,v1.0.0,"[26, 35, 39, 40, 41, 46]",3,0,0,0,0,[],0.10745522698875466,0.3717761799434531,37.833333333333336
2024-12-11,long_frequency,v1.0.0,"[26, 35, 39, 40, 41, 46]",3,1,1,2,3,[40],0.10706019601894799,0.36991426145458745,20.333333333333332
2024-12-11,recent_frequency,v1.0.0,"[26, 35, 39, 40, 41, 46]",3,1,1,1,2,[39],0.10541291795085382,0.3621028801296573,19.166666666666668
2024-12-11,ema_gap,v1.0.0,"[26, 35, 39, 40, 41, 46]",3,2,2,2,2,"[39, 41]",0.10481977305864217,0.36050470295275977,19.833333333333332
2024-12-11,logistic,v1.0.0,"[26, 35, 39, 40, 41, 46]",3,0,0,2,3,[],0.10692720074455067,0.36899836517479156,21.0
2024-12-11,ensemble,v1.0.0,"[26, 35, 39, 40, 41, 46]",3,1,1,1,3,[39],0.10601227211652291,0.3650799426814383,17.5
2024-12-14,random,v1.0.0,"[3, 4, 13, 16, 27, 43]",38,2,2,2,4,"[3, 4]",0.10745522698875465,0.37177617994345336,17.666666666666668
2024-12-14,long_frequency,v1.0.0,"[3, 4, 13, 16, 27, 43]",38,1,1,2,3,[43],0.10732060393201799,0.3711435283799859,22.666666666666668
2024-12-14,recent_frequency,v1.0.0,"[3, 4, 13, 16, 27, 43]",38,0,0,1,2,[],0.1096026322365681,0.3815009659987194,29.833333333333332
2024-12-14,ema_gap,v1.0.0,"[3, 4, 13, 16, 27, 43]",38,0,0,0,1,[],0.11189292991373831,0.39002659165023656,30.833333333333332
2024-12-14,logistic,v1.0.0,"[3, 4, 13, 16, 27, 43]",38,1,1,2,5,[27],0.10610025781832264,0.36555572778275697,16.833333333333332
2024-12-14,ensemble,v1.0.0,"[3, 4, 13, 16, 27, 43]",38,0,0,1,2,[],0.10784741501509451,0.3734103726953752,27.5
2024-12-18,random,v1.0.0,"[7, 9, 17, 39, 41, 45]",47,0,0,2,3,[],0.10745522698875466,0.37177617994345336,26.333333333333332
2024-12-18,long_frequency,v1.0.0,"[7, 9, 17, 39, 41, 45]",47,1,1,2,4,[45],0.10691082787558757,0.36925754155141466,18.833333333333332
2024-12-18,recent_frequency,v1.0.0,"[7, 9, 17, 39, 41, 45]",47,2,2,3,3,"[7, 39]",0.10615936693044564,0.3674114481439663,22.333333333333332
2024-12-18,ema_gap,v1.0.0,"[7, 9, 17, 39, 41, 45]",47,3,3,3,4,"[7, 39, 41]",0.10117963302975343,0.34847168354126795,17.666666666666668
2024-12-18,logistic,v1.0.0,"[7, 9, 17, 39, 41, 45]",47,0,0,1,1,[],0.10828432867603151,0.3751891558883747,26.333333333333332
2024-12-18,ensemble,v1.0.0,"[7, 9, 17, 39, 41, 45]",47,2,2,3,4,"[39, 41]",0.10593983262649202,0.3650088717016876,17.333333333333332
2024-12-21,random,v1.0.0,"[6, 9, 21, 24, 41, 48]",31,1,1,2,2,[6],0.10745522698875465,0.37177617994345324,24.833333333333332
2024-12-21,long_frequency,v1.0.0,"[6, 9, 21, 24, 41, 48]",31,0,0,0,3,[],0.1076056916658514,0.3724274374295809,25.666666666666668
2024-12-21,recent_frequency,v1.0.0,"[6, 9, 21, 24, 41, 48]",31,1,1,1,1,[41],0.10985193835901708,0.38338419866628964,32.0
2024-12-21,ema_gap,v1.0.0,"[6, 9, 21, 24, 41, 48]",31,1,1,1,1,[41],0.10932834269594392,0.38267531343061206,28.666666666666668
2024-12-21,logistic,v1.0.0,"[6, 9, 21, 24, 41, 48]",31,1,1,2,3,[48],0.10905895030937415,0.3802998607190503,28.5
2024-12-21,ensemble,v1.0.0,"[6, 9, 21, 24, 41, 48]",31,0,0,1,2,[],0.10875006868623396,0.3777964716028308,32.0
2024-12-25,random,v1.0.0,"[5, 6, 14, 16, 18, 44]",19,2,2,2,5,"[5, 6]",0.10745522698875466,0.37177617994345336,17.166666666666668
2024-12-25,long_frequency,v1.0.0,"[5, 6, 14, 16, 18, 44]",19,0,0,0,0,[],0.10874355225377462,0.3778371534223592,40.833333333333336
2024-12-25,recent_frequency,v1.0.0,"[5, 6, 14, 16, 18, 44]",19,1,1,1,3,[18],0.10812736693044565,0.37469747448497404,24.833333333333332
2024-12-25,ema_gap,v1.0.0,"[5, 6, 14, 16, 18, 44]",19,0,0,1,2,[],0.10965055941782266,0.37813682936615717,24.666666666666668
2024-12-25,logistic,v1.0.0,"[5, 6, 14, 16, 18, 44]",19,1,1,3,4,[18],0.10664706276280528,0.3681460531837958,19.833333333333332
2024-12-25,ensemble,v1.0.0,"[5, 6, 14, 16, 18, 44]",19,1,1,2,3,[18],0.1076094652160476,0.3721882922115056,23.833333333333332
2024-12-28,random,v1.0.0,"[8, 16, 18, 23, 34, 36]",12,0,0,1,3,[],0.10745522698875466,0.37177617994345336,22.5
2024-12-28,long_frequency,v1.0.0,"[8, 16, 18, 23, 34, 36]",12,1,1,2,3,[34],0.10727478119114851,0.37095625302923446,24.333333333333332
2024-12-28,recent_frequency,v1.0.0,"[8, 16, 18, 23, 34, 36]",12,1,1,3,4,[18],0.10542173427738442,0.3618843412466835,15.166666666666666
2024-12-28,ema_gap,v1.0.0,"[8, 16, 18, 23, 34, 36]",12,1,1,2,3,[18],0.10778454930219765,0.3713043455602614,22.166666666666668
2024-12-28,logistic,v1.0.0,"[8, 16, 18, 23, 34, 36]",12,0,0,0,0,[],0.10876173353141252,0.3772132768789561,30.666666666666668
2024-12-28,ensemble,v1.0.0,"[8, 16, 18, 23, 34, 36]",12,1,1,1,3,[18],0.10736025521287923,0.37107588616919934,22.5
2025-01-01,random,v1.0.0,"[2, 10, 13, 26, 35, 46]",8,1,1,2,3,[2],0.10745522698875466,0.37177617994345336,22.0
2025-01-01,long_frequency,v1.0.0,"[2, 10, 13, 26, 35, 46]",8,1,1,1,1,[46],0.10775191353862908,0.3731187622763599,28.0
2025-01-01,recent_frequency,v1.0.0,"[2, 10, 13, 26, 35, 46]",8,0,0,0,2,[],0.10887381591003749,0.3776194054693534,27.833333333333332
2025-01-01,ema_gap,v1.0.0,"[2, 10, 13, 26, 35, 46]",8,0,0,0,0,[],0.11152434584327989,0.3879657392676653,29.0
2025-01-01,logistic,v1.0.0,"[2, 10, 13, 26, 35, 46]",8,1,1,1,3,[35],0.10728008245766842,0.3708636336938817,21.833333333333332
2025-01-01,ensemble,v1.0.0,"[2, 10, 13, 26, 35, 46]",8,0,0,1,3,[],0.10827276843173621,0.37542111596628186,26.0
2025-01-04,random,v1.0.0,"[2, 5, 9, 19, 24, 44]",10,2,2,3,3,"[2, 5]",0.10745522698875465,0.37177617994345336,17.166666666666668
2025-01-04,long_frequency,v1.0.0,"[2, 5, 9, 19, 24, 44]",10,0,0,0,1,[],0.10797549205507846,0.37415341558150383,31.166666666666668
2025-01-04,recent_frequency,v1.0.0,"[2, 5, 9, 19, 24, 44]",10,0,0,0,1,[],0.11131397917534361,0.39002642864068987,36.833333333333336
2025-01-04,ema_gap,v1.0.0,"[2, 5, 9, 19, 24, 44]",10,0,0,0,1,[],0.1120557852920484,0.39144639982522134,31.0
2025-01-04,logistic,v1.0.0,"[2, 5, 9, 19, 24, 44]",10,0,0,0,2,[],0.10946895962823414,0.3813867633712812,31.166666666666668
2025-01-04,ensemble,v1.0.0,"[2, 5, 9, 19, 24, 44]",10,0,0,0,1,[],0.10985412156266901,0.38304418929000733,37.666666666666664
2025-01-08,random,v1.0.0,"[9, 10, 12, 22, 32, 34]",47,0,0,3,3,[],0.10745522698875465,0.37177617994345336,19.833333333333332
2025-01-08,long_frequency,v1.0.0,"[9, 10, 12, 22, 32, 34]",47,1,1,1,2,[34],0.10715003101263114,0.37033517604185423,22.166666666666668
2025-01-08,recent_frequency,v1.0.0,"[9, 10, 12, 22, 32, 34]",47,1,1,1,1,[34],0.10959381591003749,0.38150688531257404,32.833333333333336
2025-01-08,ema_gap,v1.0.0,"[9, 10, 12, 22, 32, 34]",47,0,0,1,2,[],0.11183885287549006,0.39086237938729856,31.333333333333332
2025-01-08,logistic,v1.0.0,"[9, 10, 12, 22, 32, 34]",47,0,0,1,1,[],0.10921009089965295,0.38017800407056374,34.833333333333336
2025-01-08,ensemble,v1.0.0,"[9, 10, 12, 22, 32, 34]",47,0,0,0,0,[],0.10927800246760715,0.38015707448452024,35.166666666666664
2025-01-11,random,v1.0.0,"[3, 9, 18, 25, 43, 45]",31,1,1,2,3,[3],0.10745522698875466,0.37177617994345336,23.833333333333332
2025-01-11,long_frequency,v1.0.0,"[3, 9, 18, 25, 43, 45]",31,2,2,2,3,"[43, 45]",0.10703929111988954,0.369889278074745,21.666666666666668
2025-01-11,recent_frequency,v1.0.0,"[3, 9, 18, 25, 43, 45]",31,1,1,1,1,[18],0.10813618325697628,0.37473077890398915,28.5
2025-01-11,ema_gap,v1.0.0,"[3, 9, 18, 25, 43, 45]",31,2,2,2,2,"[9, 18]",0.1067815888784996,0.36919487189550826,24.5
2025-01-11,logistic,v1.0.0,"[3, 9, 18, 25, 43, 45]",31,0,0,1,2,[],0.10844205134381169,0.3764870747601529,26.333333333333332
2025-01-11,ensemble,v1.0.0,"[3, 9, 18, 25, 43, 45]",31,1,1,1,2,[18],0.10753818996017019,0.3720062400859954,24.5
2025-01-15,random,v1.0.0,"[4, 17, 21, 32, 33, 49]",28,1,1,1,2,[4],0.10745522698875466,0.37177617994345324,26.0
2025-01-15,long_frequency,v1.0.0,"[4, 17, 21, 32, 33, 49]",28,0,0,0,2,[],0.1074528380138346,0.37169135421032024,23.833333333333332
2025-01-15,recent_frequency,v1.0.0,"[4, 17, 21, 32, 33, 49]",28,0,0,1,2,[],0.10740883631820075,0.3703842847659649,23.5
2025-01-15,ema_gap,v1.0.0,"[4, 17, 21, 32, 33, 49]",28,0,0,0,1,[],0.10987395803748684,0.3791839957580343,26.833333333333332
2025-01-15,logistic,v1.0.0,"[4, 17, 21, 32, 33, 49]",28,0,0,0,2,[],0.1084605467565122,0.37587362503518523,28.333333333333332
2025-01-15,ensemble,v1.0.0,"[4, 17, 21, 32, 33, 49]",28,0,0,0,1,[],0.10815768030520165,0.3744886766263363,29.5
2025-01-18,random,v1.0.0,"[8, 13, 16, 18, 31, 43]",1,0,0,1,4,[],0.10745522698875466,0.37177617994345336,21.5
2025-01-18,long_frequency,v1.0.0,"[8, 13, 16, 18, 31, 43]",1,2,2,2,2,"[31, 43]",0.10749562778089662,0.37201326558920683,27.833333333333332
2025-01-18,recent_frequency,v1.0.0,"[8, 13, 16, 18, 31, 43]",1,1,1,1,1,[18],0.10912459142024157,0.3806758829075244,31.0
2025-01-18,ema_gap,v1.0.0,"[8, 13, 16, 18, 31, 43]",1,1,1,2,2,[18],0.10839636902522198,0.38035777660626374,26.0
2025-01-18,logistic,v1.0.0,"[8, 13, 16, 18, 31, 43]",1,2,2,2,2,"[8, 43]",0.10856456977997357,0.3772475799451814,30.666666666666668
2025-01-18,ensemble,v1.0.0,"[8, 13, 16, 18, 31, 43]",1,1,1,1,2,[18],0.10822189620948129,0.37582940248569296,28.666666666666668
2025-01-22,random,v1.0.0,"[22, 24, 28, 32, 41, 42]",25,0,0,0,0,[],0.10745522698875466,0.3717761799434532,31.5
2025-01-22,long_frequency,v1.0.0,"[22, 24, 28, 32, 41, 42]",25,0,0,0,1,[],0.10792685793656441,0.37393638425845577,29.833333333333332
2025-01-22,recent_frequency,v1.0.0,"[22, 24, 28, 32, 41, 42]",25,2,2,2,2,"[41, 42]",0.10692932611411911,0.36977140879247944,22.666666666666668
2025-01-22,ema_gap,v1.0.0,"[22, 24, 28, 32, 41, 42]",25,1,1,1,2,[41],0.10890627436827093,0.37803773917101224,26.833333333333332
2025-01-22,logistic,v1.0.0,"[22, 24, 28, 32, 41, 42]",25,0,0,3,4,[],0.1064569584722964,0.3668074611842736,17.666666666666668
2025-01-22,ensemble,v1.0.0,"[22, 24, 28, 32, 41, 42]",25,1,1,2,3,[41],0.10702695568562219,0.3698248178948318,22.666666666666668
2025-01-25,random,v1.0.0,"[1, 14, 19, 27, 32, 40]",37,1,1,1,2,[1],0.10745522698875465,0.37177617994345324,22.166666666666668
2025-01-25,long_frequency,v1.0.0,"[1, 14, 19, 27, 32, 40]",37,1,1,2,2,[40],0.10785200093002362,0.37372883540338264,26.833333333333332
2025-01-25,recent_frequency,v1.0.0,"[1, 14, 19, 27, 32, 40]",37,0,0,1,2,[],0.10963201999167015,0.38267080446546875,28.333333333333332
2025-01-25,ema_gap,v1.0.0,"[1, 14, 19, 27, 32, 40]",37,0,0,1,1,[],0.11344599774891019,0.4001862922409484,34.333333333333336
2025-01-25,logistic,v1.0.0,"[1, 14, 19, 27, 32, 40]",37,2,2,3,4,"[1, 27]",0.10471814670432147,0.35900294627599194,13.833333333333334
2025-01-25,ensemble,v1.0.0,"[1, 14, 19, 27, 32, 40]",37,0,0,1,3,[],0.10761275885084506,0.37219953651801607,24.0
2025-01-29,random,v1.0.0,"[3, 7, 15, 20, 31, 39]",2,1,1,2,3,[3],0.10745522698875465,0.37177617994345336,19.166666666666668
2025-01-29,long_frequency,v1.0.0,"[3, 7, 15, 20, 31, 39]",2,1,1,3,3,[31],0.10698253945766,0.3695924799850269,19.833333333333332
2025-01-29,recent_frequency,v1.0.0,"[3, 7, 15, 20, 31, 39]",2,2,2,2,3,"[7, 39]",0.10693961182840485,0.370682277226976,24.833333333333332
2025-01-29,ema_gap,v1.0.0,"[3, 7, 15, 20, 31, 39]",2,1,1,2,3,[39],0.11011472074348967,0.38585398167616874,26.833333333333332
2025-01-29,logistic,v1.0.0,"[3, 7, 15, 20, 31, 39]",2,0,0,1,1,[],0.11139225641124395,0.39110801115619587,37.166666666666664
2025-01-29,ensemble,v1.0.0,"[3, 7, 15, 20, 31, 39]",2,0,0,1,1,[],0.10930205478091584,0.38066503762989573,33.166666666666664
2025-02-01,random,v1.0.0,"[2, 28, 29, 30, 36, 49]",35,1,1,1,1,[2],0.10745522698875466,0.37177617994345313,29.0
2025-02-01,long_frequency,v1.0.0,"[2, 28, 29, 30, 36, 49]",35,0,0,0,1,[],0.10796442837804102,0.3741111529198403,31.333333333333332
2025-02-01,recent_frequency,v1.0.0,"[2, 28, 29, 30, 36, 49]",35,0,0,1,2,[],0.10767430570595586,0.37207285883391555,23.833333333333332
2025-02-01,ema_gap,v1.0.0,"[2, 28, 29, 30, 36, 49]",35,0,0,0,2,[],0.11241260751476514,0.3932804582484783,30.0
2025-02-01,logistic,v1.0.0,"[2, 28, 29, 30, 36, 49]",35,0,0,2,3,[],0.10643585182204665,0.3666161682092006,19.666666666666668
2025-02-01,ensemble,v1.0.0,"[2, 28, 29, 30, 36, 49]",35,0,0,0,1,[],0.10782222485546789,0.373260795308316,25.166666666666668
2025-02-05,random,v1.0.0,"[4, 13, 20, 32, 37, 46]",33,1,1,1,2,[4],0.10745522698875466,0.37177617994345324,25.333333333333332
2025-02-05,long_frequency,v1.0.0,"[4, 13, 20, 32, 37, 46]",33,1,1,2,3,[46],0.10728485123550945,0.37094780361065016,21.5
2025-02-05,recent_frequency,v1.0.0,"[4, 13, 20, 32, 37, 46]",33,0,0,2,3,[],0.10742499958350687,0.3709616920194224,23.333333333333332
2025-02-05,ema_gap,v1.0.0,"[4, 13, 20, 32, 37, 46]",33,1,1,1,2,[32],0.10844323804625482,0.3734342987064172,22.5
2025-02-05,logistic,v1.0.0,"[4, 13, 20, 32, 37, 46]",33,0,0,1,2,[],0.10754927620305152,0.3718048411238788,24.333333333333332
2025-02-05,ensemble,v1.0.0,"[4, 13, 20, 32, 37, 46]",33,0,0,1,3,[],0.10744990581751031,0.37130395427175195,22.5
2025-02-08,random,v1.0.0,"[7, 17, 22, 26, 27, 32]",46,0,0,1,2,[],0.10745522698875463,0.37177617994345324,21.833333333333332
2025-02-08,long_frequency,v1.0.0,"[7, 17, 22, 26, 27, 32]",46,0,0,2,2,[],0.10733668267685566,0.37117099436188683,22.166666666666668
2025-02-08,recent_frequency,v1.0.0,"[7, 17, 22, 26, 27, 32]",46,1,1,4,4,[7],0.10524001999167015,0.36084171208140553,14.666666666666666
2025-02-08,ema_gap,v1.0.0,"[7, 17, 22, 26, 27, 32]",46,2,2,2,2,"[7, 32]",0.10499515261444127,0.35956840164592796,18.666666666666668
2025-02-08,logistic,v1.0.0,"[7, 17, 22, 26, 27, 32]",46,0,0,1,2,[],0.10910731283512357,0.37943416108757305,31.333333333333332
2025-02-08,ensemble,v1.0.0,"[7, 17, 22, 26, 27, 32]",46,1,1,3,4,[32],0.10697543830507059,0.36943153309410093,19.666666666666668
2025-02-12,random,v1.0.0,"[19, 24, 39, 40, 42, 45]",41,0,0,0,0,[],0.10745522698875466,0.37177617994345313,34.833333333333336
2025-02-12,long_frequency,v1.0.0,"[19, 24, 39, 40, 42, 45]",41,2,2,2,2,"[40, 45]",0.10700052615866909,0.36970324665830506,20.666666666666668
2025-02-12,recent_frequency,v1.0.0,"[19, 24, 39, 40, 42, 45]",41,1,1,2,2,[39],0.10745585672636401,0.373153524201497,27.666666666666668
2025-02-12,ema_gap,v1.0.0,"[19, 24, 39, 40, 42, 45]",41,1,1,2,2,[39],0.10920817802986194,0.3799828656428481,27.833333333333332
2025-02-12,logistic,v1.0.0,"[19, 24, 39, 40, 42, 45]",41,1,1,2,5,[45],0.10615555444342485,0.3654186709641991,17.5
2025-02-12,ensemble,v1.0.0,"[19, 24, 39, 40, 42, 45]",41,1,1,2,2,[39],0.10689116160028014,0.36896218604413894,22.833333333333332
2025-02-15,random,v1.0.0,"[8, 10, 31, 37, 43, 49]",34,0,0,2,2,[],0.10745522698875466,0.3717761799434531,29.666666666666668
2025-02-15,long_frequency,v1.0.0,"[8, 10, 31, 37, 43, 49]",34,2,2,2,3,"[31, 43]",0.10680891541164546,0.3687692715420475,16.666666666666668
2025-02-15,recent_frequency,v1.0.0,"[8, 10, 31, 37, 43, 49]",34,0,0,0,0,[],0.11014238733860891,0.3837859747108122,34.0
2025-02-15,ema_gap,v1.0.0,"[8, 10, 31, 37, 43, 49]",34,0,0,1,1,[],0.11215741994709467,0.3912629098505451,31.5
2025-02-15,logistic,v1.0.0,"[8, 10, 31, 37, 43, 49]",34,0,0,1,1,[],0.10832736640656433,0.37541103110090834,31.333333333333332
2025-02-15,ensemble,v1.0.0,"[8, 10, 31, 37, 43, 49]",34,0,0,0,0,[],0.10895435339565972,0.378614617493617,33.333333333333336
2025-02-19,random,v1.0.0,"[9, 10, 11, 24, 31, 37]",44,0,0,3,3,[],0.10745522698875463,0.37177617994345336,20.333333333333332
2025-02-19,long_frequency,v1.0.0,"[9, 10, 11, 24, 31, 37]",44,1,1,1,2,[31],0.10734790502557197,0.37128165738599445,24.0
2025-02-19,recent_frequency,v1.0.0,"[9, 10, 11, 24, 31, 37]",44,0,0,0,1,[],0.11036671386922117,0.38503719397604147,33.5
2025-02-19,ema_gap,v1.0.0,"[9, 10, 11, 24, 31, 37]",44,0,0,2,2,[],0.10993699549410019,0.38052467239964377,26.666666666666668
2025-02-19,logistic,v1.0.0,"[9, 10, 11, 24, 31, 37]",44,1,1,2,2,[9],0.10982856845535374,0.38514525302852176,29.5
2025-02-19,ensemble,v1.0.0,"[9, 10, 11, 24, 31, 37]",44,1,1,1,1,[9],0.10933029169920179,0.3808318063957539,33.5
2025-02-22,random,v1.0.0,"[7, 13, 29, 39, 47, 48]",26,0,0,1,2,[],0.10745522698875466,0.37177617994345313,30.5
2025-02-22,long_frequency,v1.0.0,"[7, 13, 29, 39, 47, 48]",26,0,0,2,2,[],0.10756195436777426,0.37222904083414715,26.333333333333332
2025-02-22,recent_frequency,v1.0.0,"[7, 13, 29, 39, 47, 48]",26,2,2,2,3,"[7, 39]",0.10692050978758852,0.37188099104811206,24.0
2025-02-22,ema_gap,v1.0.0,"[7, 13, 29, 39, 47, 48]",26,2,2,2,3,"[7, 39]",0.10694933668499372,0.3763304886771724,23.833333333333332
2025-02-22,logistic,v1.0.0,"[7, 13, 29, 39, 47, 48]",26,1,1,2,2,[29],0.10856182821700955,0.37736993630867915,28.5
2025-02-22,ensemble,v1.0.0,"[7, 13, 29, 39, 47, 48]",26,2,2,2,3,"[29, 39]",0.10747292096585527,0.3725633986857463,24.833333333333332
2025-02-26,random,v1.0.0,"[7, 19, 20, 26, 31, 35]",40,0,0,1,1,[],0.10745522698875466,0.37177617994345324,23.0
2025-02-26,long_frequency,v1.0.0,"[7, 19, 20, 26, 31, 35]",40,1,1,3,3,[31],0.1068023276120752,0.3687427095956127,17.0
2025-02-26,recent_frequency,v1.0.0,"[7, 19, 20, 26, 31, 35]",40,1,1,1,2,[7],0.10793242815493546,0.3737793418578711,28.0
2025-02-26,ema_gap,v1.0.0,"[7, 19, 20, 26, 31, 35]",40,1,1,1,1,[7],0.10674117760878718,0.3679223163554006,23.666666666666668
2025-02-26,logistic,v1.0.0,"[7, 19, 20, 26, 31, 35]",40,1,1,1,3,[20],0.1062022606679583,0.36559497562246834,18.666666666666668
2025-02-26,ensemble,v1.0.0,"[7, 19, 20, 26, 31, 35]",40,1,1,2,3,[7],0.10647120877634145,0.36718564585977526,19.333333333333332
2025-03-01,random,v1.0.0,"[15, 19, 25, 33, 40, 42]",13,0,0,0,1,[],0.10745522698875466,0.3717761799434532,29.0
2025-03-01,long_frequency,v1.0.0,"[15, 19, 25, 33, 40, 42]",13,1,1,1,1,[40],0.10758429293940366,0.37235784602189664,26.666666666666668
2025-03-01,recent_frequency,v1.0.0,"[15, 19, 25, 33, 40, 42]",13,0,0,1,1,[],0.10916426488962934,0.379302502714916,31.333333333333332
2025-03-01,ema_gap,v1.0.0,"[15, 19, 25, 33, 40, 42]",13,0,0,1,2,[],0.11111935115158246,0.3868982402020906,29.666666666666668
2025-03-01,logistic,v1.0.0,"[15, 19, 25, 33, 40, 42]",13,1,1,2,3,[33],0.1065728913979137,0.36740578363756615,20.833333333333332
2025-03-01,ensemble,v1.0.0,"[15, 19, 25, 33, 40, 42]",13,0,0,1,2,[],0.10780897572238479,0.3732048245278727,27.166666666666668
2025-03-05,random,v1.0.0,"[9, 11, 26, 36, 37, 42]",24,0,0,2,2,[],0.10745522698875466,0.3717761799434532,26.833333333333332
2025-03-05,long_frequency,v1.0.0,"[9, 11, 26, 36, 37, 42]",24,0,0,0,2,[],0.10751877914477936,0.37200290589693186,24.666666666666668
2025-03-05,recent_frequency,v1.0.0,"[9, 11, 26, 36, 37, 42]",24,2,2,3,3,"[26, 42]",0.10571659142024158,0.3628380657824311,16.833333333333332
2025-03-05,ema_gap,v1.0.0,"[9, 11, 26, 36, 37, 42]",24,2,2,4,4,"[9, 42]",0.10432149893838286,0.3558391627702366,15.666666666666666
2025-03-05,logistic,v1.0.0,"[9, 11, 26, 36, 37, 42]",24,1,1,1,2,[9],0.10860304274288525,0.3778202584708477,30.833333333333332
2025-03-05,ensemble,v1.0.0,"[9, 11, 26, 36, 37, 42]",24,1,1,2,3,[9],0.10674876500818656,0.3684115791054217,21.666666666666668
2025-03-08,random,v1.0.0,"[2, 3, 13, 27, 36, 48]",15,2,2,2,3,"[2, 3]",0.10745522698875466,0.37177617994345336,21.5
2025-03-08,long_frequency,v1.0.0,"[2, 3, 13, 27, 36, 48]",15,0,0,1,2,[],0.10754339110318742,0.37214432983156454,25.166666666666668
2025-03-08,recent_frequency,v1.0.0,"[2, 3, 13, 27, 36, 48]",15,0,0,1,3,[],0.10745879550187423,0.3706147537499578,22.166666666666668
2025-03-08,ema_gap,v1.0.0,"[2, 3, 13, 27, 36, 48]",15,0,0,1,1,[],0.10984515669571518,0.37905782636437174,25.333333333333332
2025-03-08,logistic,v1.0.0,"[2, 3, 13, 27, 36, 48]",15,0,0,0,2,[],0.1081580487750618,0.37495943702585666,25.5
2025-03-08,ensemble,v1.0.0,"[2, 3, 13, 27, 36, 48]",15,0,0,0,2,[],0.10796215848787928,0.3739375411083091,27.666666666666668
2025-03-12,random,v1.0.0,"[13, 15, 16, 22, 23, 46]",2,0,0,0,3,[],0.10745522698875465,0.37177617994345336,22.5
2025-03-12,long_frequency,v1.0.0,"[13, 15, 16, 22, 23, 46]",2,0,0,2,2,[],0.1077481117762759,0.37312201472605133,28.666666666666668
2025-03-12,recent_frequency,v1.0.0,"[13, 15, 16, 22, 23, 46]",2,0,0,0,0,[],0.10867887713452729,0.3765099470974242,28.166666666666668
2025-03-12,ema_gap,v1.0.0,"[13, 15, 16, 22, 23, 46]",2,1,1,1,1,[13],0.11034008615261992,0.3828810174693804,29.5
2025-03-12,logistic,v1.0.0,"[13, 15, 16, 22, 23, 46]",2,0,0,0,2,[],0.1086952064699568,0.3772750572210067,29.166666666666668
2025-03-12,ensemble,v1.0.0,"[13, 15, 16, 22, 23, 46]",2,0,0,0,1,[],0.10862753544022799,0.37693234439251816,32.333333333333336
2025-03-15,random,v1.0.0,"[19, 31, 32, 37, 38, 39]",34,0,0,0,0,[],0.10745522698875466,0.37177617994345313,32.666666666666664
2025-03-15,long_frequency,v1.0.0,"[19, 31, 32, 37, 38, 39]",34,1,1,2,2,[31],0.10701625356534156,0.36972421699101715,20.166666666666668
2025-03-15,recent_frequency,v1.0.0,"[19, 31, 32, 37, 38, 39]",34,1,1,1,3,[39],0.10720067305289463,0.37139629554542614,25.166666666666668
2025-03-15,ema_gap,v1.0.0,"[19, 31, 32, 37, 38, 39]",34,2,2,4,4,"[37, 39]",0.1049061282032669,0.3669369422305727,16.0
2025-03-15,logistic,v1.0.0,"[19, 31, 32, 37, 38, 39]",34,0,0,0,0,[],0.11242825132140968,0.39606933403827516,42.333333333333336
2025-03-15,ensemble,v1.0.0,"[19, 31, 32, 37, 38, 39]",34,1,1,1,1,[39],0.10876808034145502,0.3786163955337054,32.333333333333336
2025-03-19,random,v1.0.0,"[6, 7, 28, 32, 44, 48]",18,1,1,2,2,[6],0.10745522698875465,0.37177617994345313,27.5
2025-03-19,long_frequency,v1.0.0,"[6, 7, 28, 32, 44, 48]",18,0,0,1,1,[],0.10780626447475304,0.37338783449817237,28.5
2025-03-19,recent_frequency,v1.0.0,"[6, 7, 28, 32, 44, 48]",18,1,1,2,2,[7],0.10719038733860893,0.3708173846182043,23.166666666666668
2025-03-19,ema_gap,v1.0.0,"[6, 7, 28, 32, 44, 48]",18,2,2,2,2,"[7, 32]",0.1081076065384959,0.3779229850317972,26.666666666666668
2025-03-19,logistic,v1.0.0,"[6, 7, 28, 32, 44, 48]",18,0,0,3,4,[],0.10641073761154511,0.3670147089115194,20.5
2025-03-19,ensemble,v1.0.0,"[6, 7, 28, 32, 44, 48]",18,1,1,2,3,[32],0.10683290173084779,0.3689651814512442,23.166666666666668
2025-03-22,random,v1.0.0,"[1, 3, 13, 16, 26, 32]",21,2,2,2,4,"[1, 3]",0.10745522698875463,0.37177617994345336,15.166666666666666
2025-03-22,long_frequency,v1.0.0,"[1, 3, 13, 16, 26, 32]",21,0,0,0,0,[],0.10824474140435777,0.3754500716833375,34.166666666666664
2025-03-22,recent_frequency,v1.0.0,"[1, 3, 13, 16, 26, 32]",21,1,1,4,4,[32],0.10695871386922116,0.37029381999658173,17.166666666666668
2025-03-22,ema_gap,v1.0.0,"[1, 3, 13, 16, 26, 32]",21,2,2,3,5,"[13, 32]",0.1038376960561605,0.3582901204048848,15.666666666666666
2025-03-22,logistic,v1.0.0,"[1, 3, 13, 16, 26, 32]",21,1,1,1,1,[1],0.10963893460171069,0.38223800732816776,34.833333333333336
2025-03-22,ensemble,v1.0.0,"[1, 3, 13, 16, 26, 32]",21,1,1,2,2,[32],0.1073909472888375,0.3714679244726978,24.166666666666668
2025-03-26,random,v1.0.0,"[9, 13, 25, 30, 45, 49]",8,0,0,1,2,[],0.10745522698875466,0.3717761799434532,28.5
2025-03-26,long_frequency,v1.0.0,"[9, 13, 25, 30, 45, 49]",8,1,1,1,2,[45],0.1073961702666695,0.3715256232353928,26.0
2025-03-26,recent_frequency,v1.0.0,"[9, 13, 25, 30, 45, 49]",8,0,0,1,1,[],0.10989455060391505,0.38291478436000187,32.333333333333336
2025-03-26,ema_gap,v1.0.0,"[9, 13, 25, 30, 45, 49]",8,1,1,2,2,[13],0.10875329913608689,0.3789249437068582,26.666666666666668
2025-03-26,logistic,v1.0.0,"[9, 13, 25, 30, 45, 49]",8,1,1,1,1,[25],0.10693524211959814,0.3689254203482923,22.0
2025-03-26,ensemble,v1.0.0,"[9, 13, 25, 30, 45, 49]",8,1,1,2,2,[13],0.10765779931193395,0.3727206727132419,25.833333333333332
2025-03-29,random,v1.0.0,"[14, 23, 24, 27, 34, 42]",43,0,0,0,1,[],0.10745522698875466,0.37177617994345324,27.333333333333332
2025-03-29,long_frequency,v1.0.0,"[14, 23, 24, 27, 34, 42]",43,1,1,3,3,[34],0.10733983678730472,0.37133384093527555,21.833333333333332
2025-03-29,recent_frequency,v1.0.0,"[14, 23, 24, 27, 34, 42]",43,1,1,1,1,[42],0.10720214244064975,0.3699141913615694,22.5
2025-03-29,ema_gap,v1.0.0,"[14, 23, 24, 27, 34, 42]",43,0,0,1,1,[],0.11168453341292858,0.3894108298250143,30.5
2025-03-29,logistic,v1.0.0,"[14, 23, 24, 27, 34, 42]",43,1,1,3,3,[23],0.10618955258119486,0.3656510556333728,19.333333333333332
2025-03-29,ensemble,v1.0.0,"[14, 23, 24, 27, 34, 42]",43,1,1,2,3,[23],0.10728914580847652,0.370992005122074,22.666666666666668
2025-04-02,random,v1.0.0,"[18, 26, 35, 40, 43, 47]",24,0,0,0,1,[],0.10745522698875466,0.37177617994345313,34.833333333333336
2025-04-02,long_frequency,v1.0.0,"[18, 26, 35, 40, 43, 47]",24,2,2,3,3,"[40, 43]",0.1070676763238221,0.36997592211314007,20.666666666666668
2025-04-02,recent_frequency,v1.0.0,"[18, 26, 35, 40, 43, 47]",24,2,2,2,2,"[18, 26]",0.10794565264473138,0.3752847112315853,26.5
2025-04-02,ema_gap,v1.0.0,"[18, 26, 35, 40, 43, 47]",24,0,0,1,1,[],0.11218254648082089,0.39311122797491316,31.333333333333332
2025-04-02,logistic,v1.0.0,"[18, 26, 35, 40, 43, 47]",24,0,0,1,3,[],0.10768581674189838,0.3726188817672646,24.0
2025-04-02,ensemble,v1.0.0,"[18, 26, 35, 40, 43, 47]",24,0,0,2,2,[],0.10828829831241109,0.37551128493518693,26.833333333333332
2025-04-05,random,v1.0.0,"[2, 14, 23, 29, 39, 42]",15,1,1,1,2,[2],0.10745522698875465,0.3717761799434532,24.833333333333332
2025-04-05,long_frequency,v1.0.0,"[2, 14, 23, 29, 39, 42]",15,0,0,1,1,[],0.1080546262658263,0.3745884700917117,30.5
2025-04-05,recent_frequency,v1.0.0,"[2, 14, 23, 29, 39, 42]",15,2,2,3,4,"[39, 42]",0.10377650978758853,0.3550990036098627,12.5
2025-04-05,ema_gap,v1.0.0,"[2, 14, 23, 29, 39, 42]",15,2,2,2,3,"[39, 42]",0.10442704418525958,0.35716036542827284,17.333333333333332
2025-04-05,logistic,v1.0.0,"[2, 14, 23, 29, 39, 42]",15,2,2,3,3,"[14, 29]",0.10514069117964792,0.36088071297550617,14.0
2025-04-05,ensemble,v1.0.0,"[2, 14, 23, 29, 39, 42]",15,2,2,3,6,"[39, 42]",0.1048458212221078,0.3598754706626991,9.666666666666666
2025-04-09,random,v1.0.0,"[11, 18, 26, 35, 37, 39]",16,0,0,1,2,[],0.10745522698875466,0.3717761799434532,27.666666666666668
2025-04-09,long_frequency,v1.0.0,"[11, 18, 26, 35, 37, 39]",16,0,0,0,0,[],0.1080519822527646,0.3745004896097218,33.666666666666664
2025-04-09,recent_frequency,v1.0.0,"[11, 18, 26, 35, 37, 39]",16,3,3,4,4,"[18, 26, 39]",0.10232916284881301,0.34916969568376366,10.833333333333334
2025-04-09,ema_gap,v1.0.0,"[11, 18, 26, 35, 37, 39]",16,2,2,4,4,"[26, 39]",0.10130629309627022,0.34462837404681457,13.0
2025-04-09,logistic,v1.0.0,"[11, 18, 26, 35, 37, 39]",16,0,0,0,2,[],0.1094872723409449,0.3812499962209653,33.166666666666664
2025-04-09,ensemble,v1.0.0,"[11, 18, 26, 35, 37, 39]",16,1,1,3,4,[39],0.10591078702928566,0.3645610737613486,16.166666666666668
2025-04-12,random,v1.0.0,"[17, 20, 23, 36, 40, 42]",34,0,0,0,1,[],0.10745522698875466,0.37177617994345324,29.666666666666668
2025-04-12,long_frequency,v1.0.0,"[17, 20, 23, 36, 40, 42]",34,1,1,3,4,[40],0.10679995231996288,0.3687139541553352,15.5
2025-04-12,recent_frequency,v1.0.0,"[17, 20, 23, 36, 40, 42]",34,1,1,2,2,[42],0.10577830570595587,0.3633092208675214,19.833333333333332
2025-04-12,ema_gap,v1.0.0,"[17, 20, 23, 36, 40, 42]",34,1,1,2,2,[42],0.10720692082206866,0.36907929549409774,21.666666666666668
2025-04-12,logistic,v1.0.0,"[17, 20, 23, 36, 40, 42]",34,0,0,0,1,[],0.10797817532743192,0.3736490171459948,28.166666666666668
2025-04-12,ensemble,v1.0.0,"[17, 20, 23, 36, 40, 42]",34,1,1,2,2,[42],0.10684019848602527,0.3688753280682339,19.666666666666668
2025-04-16,random,v1.0.0,"[3, 11, 13, 15, 17, 39]",32,1,1,2,5,[3],0.10745522698875466,0.37177617994345336,16.333333333333332
2025-04-16,long_frequency,v1.0.0,"[3, 11, 13, 15, 17, 39]",32,0,0,0,0,[],0.10821771648414386,0.37528925115633166,35.166666666666664
2025-04-16,recent_frequency,v1.0.0,"[3, 11, 13, 15, 17, 39]",32,1,1,4,4,[39],0.10478548937942525,0.35979336528579403,15.5
2025-04-16,ema_gap,v1.0.0,"[3, 11, 13, 15, 17, 39]",32,2,2,2,3,"[13, 39]",0.10268180431261888,0.3510712725589495,16.666666666666668
2025-04-16,logistic,v1.0.0,"[3, 11, 13, 15, 17, 39]",32,1,1,3,3,[13],0.10752295732223409,0.37243843476787286,23.333333333333332
2025-04-16,ensemble,v1.0.0,"[3, 11, 13, 15, 17, 39]",32,2,2,2,3,"[13, 39]",0.10585509848242623,0.3647892574750418,19.0
2025-04-19,random,v1.0.0,"[1, 7, 31, 35, 46, 49]",29,1,1,2,2,[1],0.10745522698875466,0.3717761799434531,28.166666666666668
2025-04-19,long_frequency,v1.0.0,"[1, 7, 31, 35, 46, 49]",29,2,2,3,3,"[7, 31]",0.10702905588947179,0.3698609304800293,18.833333333333332
2025-04-19,recent_frequency,v1.0.0,"[1, 7, 31, 35, 46, 49]",29,1,1,1,1,[7],0.10895316284881301,0.37933058640779277,29.333333333333332
2025-04-19,ema_gap,v1.0.0,"[1, 7, 31, 35, 46, 49]",29,0,0,1,2,[],0.10974555850911417,0.3797649789576222,24.666666666666668
2025-04-19,logistic,v1.0.0,"[1, 7, 31, 35, 46, 49]",29,1,1,1,2,[1],0.10752074649291846,0.3720303569288509,25.666666666666668
2025-04-19,ensemble,v1.0.0,"[1, 7, 31, 35, 46, 49]",29,0,0,1,2,[],0.10783967635123558,0.3732957349702088,25.833333333333332
2025-04-23,random,v1.0.0,"[9, 15, 22, 24, 40, 49]",25,0,0,1,2,[],0.10745522698875466,0.37177617994345324,26.5
2025-04-23,long_frequency,v1.0.0,"[9, 15, 22, 24, 40, 49]",25,1,1,1,3,[40],0.10739514666028137,0.37148128023455373,23.833333333333332
2025-04-23,recent_frequency,v1.0.0,"[9, 15, 22, 24, 40, 49]",25,0,0,0,1,[],0.10872442815493545,0.37649253623180023,28.666666666666668
2025-04-23,ema_gap,v1.0.0,"[9, 15, 22, 24, 40, 49]",25,0,0,1,3,[],0.10838653113157001,0.37205686021557766,21.833333333333332
2025-04-23,logistic,v1.0.0,"[9, 15, 22, 24, 40, 49]",25,0,0,0,1,[],0.10802082326275889,0.3738089059614748,27.5
2025-04-23,ensemble,v1.0.0,"[9, 15, 22, 24, 40, 49]",25,0,0,0,2,[],0.1078450002882084,0.3731966320209826,27.666666666666668
2025-04-26,random,v1.0.0,"[18, 22, 28, 32, 38, 44]",20,0,0,0,1,[],0.10745522698875466,0.3717761799434532,30.333333333333332
2025-04-26,long_frequency,v1.0.0,"[18, 22, 28, 32, 38, 44]",20,0,0,1,1,[],0.10785080070245716,0.37359167348640737,29.666666666666668
2025-04-26,recent_frequency,v1.0.0,"[18, 22, 28, 32, 38, 44]",20,2,2,2,3,"[18, 32]",0.10847218325697626,0.37839095276091733,25.166666666666668
2025-04-26,ema_gap,v1.0.0,"[18, 22, 28, 32, 38, 44]",20,0,0,2,2,[],0.11037523146340972,0.3858187180346283,27.166666666666668
2025-04-26,logistic,v1.0.0,"[18, 22, 28, 32, 38, 44]",20,2,2,3,3,"[28, 38]",0.10603730107561676,0.36486458906099434,17.5
2025-04-26,ensemble,v1.0.0,"[18, 22, 28, 32, 38, 44]",20,2,2,2,3,"[18, 32]",0.10728975571128066,0.3710785343550496,23.5
2025-04-30,random,v1.0.0,"[1, 9, 12, 15, 34, 35]",31,1,1,3,4,[1],0.10745522698875465,0.37177617994345336,17.666666666666668
2025-04-30,long_frequency,v1.0.0,"[1, 9, 12, 15, 34, 35]",31,1,1,1,2,[34],0.1076866365753182,0.3728979028215153,27.666666666666668
2025-04-30,recent_frequency,v1.0.0,"[1, 9, 12, 15, 34, 35]",31,0,0,1,2,[],0.1099342240733028,0.3834809324867054,29.333333333333332
2025-04-30,ema_gap,v1.0.0,"[1, 9, 12, 15, 34, 35]",31,0,0,1,3,[],0.11062034691416874,0.38692124883020856,27.0
2025-04-30,logistic,v1.0.0,"[1, 9, 12, 15, 34, 35]",31,0,0,3,3,[],0.10741261465797328,0.37162183724001135,22.0
2025-04-30,ensemble,v1.0.0,"[1, 9, 12, 15, 34, 35]",31,0,0,1,3,[],0.10835128237566051,0.37579086263206674,27.5
2025-05-03,random,v1.0.0,"[12, 22, 25, 30, 36, 41]",14,0,0,1,1,[],0.10745522698875466,0.3717761799434532,27.666666666666668
2025-05-03,long_frequency,v1.0.0,"[12, 22, 25, 30, 36, 41]",14,0,0,0,2,[],0.10772904116629321,0.37299208217786667,28.333333333333332
2025-05-03,recent_frequency,v1.0.0,"[12, 22, 25, 30, 36, 41]",14,0,0,0,1,[],0.11040785672636401,0.3854196418524021,33.333333333333336
2025-05-03,ema_gap,v1.0.0,"[12, 22, 25, 30, 36, 41]",14,0,0,0,1,[],0.11317093157657347,0.3968876241142131,31.666666666666668
2025-05-03,logistic,v1.0.0,"[12, 22, 25, 30, 36, 41]",14,0,0,1,3,[],0.10677715789147088,0.36783681421603776,22.166666666666668
2025-05-03,ensemble,v1.0.0,"[12, 22, 25, 30, 36, 41]",14,0,0,0,1,[],0.10856077453783777,0.3767231834945918,31.0
2025-05-07,random,v1.0.0,"[1, 4, 8, 13, 16, 26]",14,2,2,3,5,"[1, 4]",0.10745522698875465,0.3717761799434534,11.333333333333334
2025-05-07,long_frequency,v1.0.0,"[1, 4, 8, 13, 16, 26]",14,0,0,0,1,[],0.1082380952229532,0.37541843081420684,34.166666666666664
2025-05-07,recent_frequency,v1.0.0,"[1, 4, 8, 13, 16, 26]",14,1,1,2,2,[26],0.10792801999167013,0.3736523301544803,23.833333333333332
2025-05-07,ema_gap,v1.0.0,"[1, 4, 8, 13, 16, 26]",14,1,1,2,2,[13],0.10948114218027616,0.38226452143873957,27.666666666666668
2025-05-07,logistic,v1.0.0,"[1, 4, 8, 13, 16, 26]",14,0,0,0,0,[],0.11000818955895432,0.38392558905167273,38.666666666666664
2025-05-07,ensemble,v1.0.0,"[1, 4, 8, 13, 16, 26]",14,0,0,2,2,[],0.1089877158333175,0.3791644333304319,31.333333333333332
2025-05-10,random,v1.0.0,"[5, 12, 17, 19, 40, 47]",29,1,1,2,3,[5],0.10745522698875463,0.37177617994345336,23.333333333333332
2025-05-10,long_frequency,v1.0.0,"[5, 12, 17, 19, 40, 47]",29,1,1,2,2,[40],0.10748167794606979,0.37189464932355804,26.0
2025-05-10,recent_frequency,v1.0.0,"[5, 12, 17, 19, 40, 47]",29,0,0,0,1,[],0.11060867305289462,0.3869031830549741,33.166666666666664
2025-05-10,ema_gap,v1.0.0,"[5, 12, 17, 19, 40, 47]",29,0,0,0,1,[],0.11378571760791238,0.40271728494342424,33.166666666666664
2025-05-10,logistic,v1.0.0,"[5, 12, 17, 19, 40, 47]",29,0,0,1,2,[],0.10751281917060389,0.37140518288741614,24.0
2025-05-10,ensemble,v1.0.0,"[5, 12, 17, 19, 40, 47]",29,0,0,0,1,[],0.1090400737884323,0.37918835846768606,34.666666666666664
2025-05-14,random,v1.0.0,"[1, 8, 17, 18, 41, 48]",42,1,1,2,4,[1],0.10745522698875465,0.37177617994345336,22.166666666666668
2025-05-14,long_frequency,v1.0.0,"[1, 8, 17, 18, 41, 48]",42,0,0,0,1,[],0.10815208814143323,0.3750103153586778,33.666666666666664
2025-05-14,recent_frequency,v1.0.0,"[1, 8, 17, 18, 41, 48]",42,0,0,2,2,[],0.10739855060391505,0.37108248446651465,24.166666666666668
2025-05-14,ema_gap,v1.0.0,"[1, 8, 17, 18, 41, 48]",42,0,0,2,2,[],0.1088197238030485,0.3758888261832837,24.333333333333332
2025-05-14,logistic,v1.0.0,"[1, 8, 17, 18, 41, 48]",42,1,1,2,2,[1],0.10801188334950965,0.37520901232741916,26.0
2025-05-14,ensemble,v1.0.0,"[1, 8, 17, 18, 41, 48]",42,0,0,1,2,[],0.10784347294586642,0.37317147166368,25.166666666666668
2025-05-17,random,v1.0.0,"[7, 9, 20, 34, 38, 46]",14,0,0,2,2,[],0.10745522698875465,0.37177617994345324,25.666666666666668
2025-05-17,long_frequency,v1.0.0,"[7, 9, 20, 34, 38, 46]",14,2,2,5,6,"[7, 34]",0.10623908521236634,0.3661447028151042,8.166666666666666
2025-05-17,recent_frequency,v1.0.0,"[7, 9, 20, 34, 38, 46]",14,1,1,2,2,[7],0.1078912852977926,0.3751813917475393,24.833333333333332
2025-05-17,ema_gap,v1.0.0,"[7, 9, 20, 34, 38, 46]",14,0,0,2,2,[],0.10942725148358783,0.38119378781293256,27.666666666666668
2025-05-17,logistic,v1.0.0,"[7, 9, 20, 34, 38, 46]",14,1,1,2,3,[20],0.10846069255618704,0.37794856762381784,24.333333333333332
2025-05-17,ensemble,v1.0.0,"[7, 9, 20, 34, 38, 46]",14,1,1,1,2,[7],0.1078817489205009,0.3737384732056631,27.0
2025-05-21,random,v1.0.0,"[1, 2, 37, 38, 43, 46]",40,2,2,2,2,"[1, 2]",0.10745522698875466,0.3717761799434531,27.833333333333332
2025-05-21,long_frequency,v1.0.0,"[1, 2, 37, 38, 43, 46]",40,1,1,3,3,[43],0.1073580807346742,0.3713509812484667,21.833333333333332
2025-05-21,recent_frequency,v1.0.0,"[1, 2, 37, 38, 43, 46]",40,0,0,0,1,[],0.1103314485630987,0.3854735902361989,32.666666666666664
2025-05-21,ema_gap,v1.0.0,"[1, 2, 37, 38, 43, 46]",40,0,0,0,2,[],0.11131918918590149,0.3873996928326548,28.833333333333332
2025-05-21,logistic,v1.0.0,"[1, 2, 37, 38, 43, 46]",40,1,1,1,3,[38],0.10724611958511072,0.37064056234637965,22.833333333333332
2025-05-21,ensemble,v1.0.0,"[1, 2, 37, 38, 43, 46]",40,0,0,0,1,[],0.10844692106108889,0.3761580191446543,32.0
2025-05-24,random,v1.0.0,"[4, 8, 18, 27, 28, 31]",48,1,1,2,3,[4],0.10745522698875465,0.37177617994345324,19.333333333333332
2025-05-24,long_frequency,v1.0.0,"[4, 8, 18, 27, 28, 31]",48,1,1,2,3,[31],0.10734678548413362,0.37131641334355875,24.333333333333332
2025-05-24,recent_frequency,v1.0.0,"[4, 8, 18, 27, 28, 31]",48,1,1,1,1,[18],0.10811855060391504,0.3745865156357397,27.333333333333332
2025-05-24,ema_gap,v1.0.0,"[4, 8, 18, 27, 28, 31]",48,1,1,1,1,[18],0.11031286410779284,0.38360015876258413,29.166666666666668
2025-05-24,logistic,v1.0.0,"[4, 8, 18, 27, 28, 31]",48,1,1,2,2,[4],0.10655683034471097,0.36728629065184293,20.833333333333332
2025-05-24,ensemble,v1.0.0,"[4, 8, 18, 27, 28, 31]",48,0,0,1,2,[],0.1074373136512956,0.37156215998128067,23.5
2025-05-28,random,v1.0.0,"[6, 13, 28, 31, 34, 48]",42,1,1,1,2,[6],0.10745522698875465,0.37177617994345313,26.666666666666668
2025-05-28,long_frequency,v1.0.0,"[6, 13, 28, 31, 34, 48]",42,2,2,2,2,"[31, 34]",0.1073803113821979,0.37153330741066865,27.333333333333332
2025-05-28,recent_frequency,v1.0.0,"[6, 13, 28, 31, 34, 48]",42,1,1,2,2,[13],0.10712720366513953,0.3696383002879077,23.833333333333332
2025-05-28,ema_gap,v1.0.0,"[6, 13, 28, 31, 34, 48]",42,1,1,1,2,[13],0.10830690655383178,0.37569129881079605,24.5
2025-05-28,logistic,v1.0.0,"[6, 13, 28, 31, 34, 48]",42,1,1,2,2,[13],0.10835272124090453,0.37646809213548266,28.0
2025-05-28,ensemble,v1.0.0,"[6, 13, 28, 31, 34, 48]",42,1,1,1,1,[13],0.1077243966754401,0.37306219645469746,27.333333333333332
2025-05-31,random,v1.0.0,"[2, 4, 11, 26, 34, 37]",24,2,2,3,3,"[2, 4]",0.10745522698875466,0.37177617994345336,19.0
2025-05-31,long_frequency,v1.0.0,"[2, 4, 11, 26, 34, 37]",24,1,1,1,2,[34],0.10736901132896425,0.3713762033528678,24.666666666666668
2025-05-31,recent_frequency,v1.0.0,"[2, 4, 11, 26, 34, 37]",24,0,0,4,5,[],0.10517389754269053,0.36055577018070434,12.666666666666666
2025-05-31,ema_gap,v1.0.0,"[2, 4, 11, 26, 34, 37]",24,1,1,2,3,[26],0.10609517633926994,0.3625775006453518,19.166666666666668
2025-05-31,logistic,v1.0.0,"[2, 4, 11, 26, 34, 37]",24,1,1,2,2,[11],0.10652443208637699,0.36696702386609703,22.333333333333332
2025-05-31,ensemble,v1.0.0,"[2, 4, 11, 26, 34, 37]",24,1,1,3,6,[11],0.10597700812281308,0.3647705260449448,11.5
2025-06-04,random,v1.0.0,"[8, 20, 30, 39, 41, 48]",18,0,0,1,1,[],0.10745522698875466,0.37177617994345313,31.0
2025-06-04,long_frequency,v1.0.0,"[8, 20, 30, 39, 41, 48]",18,0,0,1,2,[],0.10747418321106934,0.37179960890595776,25.333333333333332
2025-06-04,recent_frequency,v1.0.0,"[8, 20, 30, 39, 41, 48]",18,1,1,1,2,[39],0.10740442815493545,0.3716031376969231,23.5
2025-06-04,ema_gap,v1.0.0,"[8, 20, 30, 39, 41, 48]",18,1,1,1,1,[39],0.10862825675772024,0.375352645310184,24.833333333333332
2025-06-04,logistic,v1.0.0,"[8, 20, 30, 39, 41, 48]",18,2,2,3,5,"[30, 41]",0.10606779704707872,0.3654229337384739,17.0
2025-06-04,ensemble,v1.0.0,"[8, 20, 30, 39, 41, 48]",18,0,0,2,3,[],0.10681241745448895,0.36851352344826654,21.0
2025-06-07,random,v1.0.0,"[2, 10, 12, 21, 36, 41]",33,1,1,3,3,[2],0.10745522698875466,0.37177617994345336,20.333333333333332
2025-06-07,long_frequency,v1.0.0,"[2, 10, 12, 21, 36, 41]",33,0,0,0,3,[],0.10744493323763397,0.37166026663025276,23.0
2025-06-07,recent_frequency,v1.0.0,"[2, 10, 12, 21, 36, 41]",33,0,0,2,2,[],0.1096085097875885,0.3820326198915457,29.833333333333332
2025-06-07,ema_gap,v1.0.0,"[2, 10, 12, 21, 36, 41]",33,0,0,1,2,[],0.11303233459504336,0.4008893071917768,31.166666666666668
2025-06-07,logistic,v1.0.0,"[2, 10, 12, 21, 36, 41]",33,0,0,3,5,[],0.10571384787496417,0.3634197783279871,15.0
2025-06-07,ensemble,v1.0.0,"[2, 10, 12, 21, 36, 41]",33,1,1,2,2,[41],0.1079304586350543,0.37416630123984046,28.0
2025-06-11,random,v1.0.0,"[4, 9, 23, 28, 32, 39]",26,1,1,2,2,[4],0.10745522698875465,0.3717761799434532,22.5
2025-06-11,long_frequency,v1.0.0,"[4, 9, 23, 28, 32, 39]",26,0,0,1,3,[],0.1074962964009042,0.3719308980153081,24.666666666666668
2025-06-11,recent_frequency,v1.0.0,"[4, 9, 23, 28, 32, 39]",26,2,2,3,5,"[9, 39]",0.10445242815493544,0.3577255963569511,12.833333333333334
2025-06-11,ema_gap,v1.0.0,"[4, 9, 23, 28, 32, 39]",26,1,1,2,4,[39],0.10295263068348566,0.3510568123020316,15.333333333333334
2025-06-11,logistic,v1.0.0,"[4, 9, 23, 28, 32, 39]",26,1,1,2,4,[32],0.10669327304098596,0.36819099304968506,20.0
2025-06-11,ensemble,v1.0.0,"[4, 9, 23, 28, 32, 39]",26,3,3,3,4,"[9, 32, 39]",0.10538528725103925,0.36240789596613254,15.0
2025-06-14,random,v1.0.0,"[5, 8, 20, 28, 35, 38]",46,1,1,2,2,[5],0.10745522698875466,0.37177617994345324,22.333333333333332
2025-06-14,long_frequency,v1.0.0,"[5, 8, 20, 28, 35, 38]",46,0,0,2,2,[],0.10773563692187324,0.3730751905139317,28.5
2025-06-14,recent_frequency,v1.0.0,"[5, 8, 20, 28, 35, 38]",46,0,0,0,2,[],0.108881162848813,0.37811882553334186,26.333333333333332
2025-06-14,ema_gap,v1.0.0,"[5, 8, 20, 28, 35, 38]",46,0,0,1,2,[],0.11022463568035051,0.3833675733970957,26.833333333333332
2025-06-14,logistic,v1.0.0,"[5, 8, 20, 28, 35, 38]",46,1,1,2,3,[5],0.10655280579960731,0.3672889029517947,21.333333333333332
2025-06-14,ensemble,v1.0.0,"[5, 8, 20, 28, 35, 38]",46,0,0,1,2,[],0.10761310966731555,0.37230916052873775,24.5
2025-06-18,random,v1.0.0,"[8, 14, 20, 25, 30, 38]",46,0,0,1,2,[],0.10745522698875465,0.37177617994345324,22.5
2025-06-18,long_frequency,v1.0.0,"[8, 14, 20, 25, 30, 38]",46,0,0,2,2,[],0.10792111429954611,0.3739969258878758,29.166666666666668
2025-06-18,recent_frequency,v1.0.0,"[8, 14, 20, 25, 30, 38]",46,0,0,0,2,[],0.11010124448146605,0.3842508610831635,32.0
2025-06-18,ema_gap,v1.0.0,"[8, 14, 20, 25, 30, 38]",46,0,0,2,2,[],0.11071121573445797,0.3861971756057931,28.5
2025-06-18,logistic,v1.0.0,"[8, 14, 20, 25, 30, 38]",46,1,1,2,3,[30],0.10656635901517196,0.36769296308840566,20.166666666666668
2025-06-18,ensemble,v1.0.0,"[8, 14, 20, 25, 30, 38]",46,0,0,1,2,[],0.10806434472269845,0.3745606744666161,28.333333333333332
2025-06-21,random,v1.0.0,"[14, 15, 17, 38, 40, 49]",23,0,0,0,3,[],0.10745522698875466,0.37177617994345336,28.833333333333332
2025-06-21,long_frequency,v1.0.0,"[14, 15, 17, 38, 40, 49]",23,1,1,2,3,[40],0.1076590203719838,0.3728026004505767,25.833333333333332
2025-06-21,recent_frequency,v1.0.0,"[14, 15, 17, 38, 40, 49]",23,0,0,0,1,[],0.10812736693044565,0.37402549224405496,26.0
2025-06-21,ema_gap,v1.0.0,"[14, 15, 17, 38, 40, 49]",23,0,0,0,0,[],0.1104125634495338,0.38167828622375954,27.5
2025-06-21,logistic,v1.0.0,"[14, 15, 17, 38, 40, 49]",23,0,0,0,1,[],0.1089531334363289,0.3784648580589026,29.833333333333332
2025-06-21,ensemble,v1.0.0,"[14, 15, 17, 38, 40, 49]",23,0,0,0,0,[],0.10856987406095094,0.37688286751702577,33.5
2025-06-25,random,v1.0.0,"[4, 8, 15, 20, 40, 49]",37,1,1,2,3,[4],0.10745522698875466,0.37177617994345336,22.666666666666668
2025-06-25,long_frequency,v1.0.0,"[4, 8, 15, 20, 40, 49]",37,1,1,2,4,[40],0.1069944826752998,0.36962105695701386,18.666666666666668
2025-06-25,recent_frequency,v1.0.0,"[4, 8, 15, 20, 40, 49]",37,0,0,2,4,[],0.10543642815493545,0.36156474745238715,16.0
2025-06-25,ema_gap,v1.0.0,"[4, 8, 15, 20, 40, 49]",37,2,2,3,4,"[8, 20]",0.10198767595736515,0.3452384092888214,12.833333333333334
2025-06-25,logistic,v1.0.0,"[4, 8, 15, 20, 40, 49]",37,0,0,0,0,[],0.10836265508980565,0.37579390954293757,30.0
2025-06-25,ensemble,v1.0.0,"[4, 8, 15, 20, 40, 49]",37,0,0,2,5,[],0.10608074155742434,0.36519456835150826,15.5
2025-06-28,random,v1.0.0,"[2, 3, 14, 17, 44, 48]",8,2,2,2,4,"[2, 3]",0.10745522698875463,0.37177617994345336,21.333333333333332
2025-06-28,long_frequency,v1.0.0,"[2, 3, 14, 17, 44, 48]",8,0,0,0,0,[],0.10817306501534343,0.37512781857964234,31.333333333333332
2025-06-28,recent_frequency,v1.0.0,"[2, 3, 14, 17, 44, 48]",8,0,0,0,0,[],0.10863773427738443,0.37653178055506326,28.5
2025-06-28,ema_gap,v1.0.0,"[2, 3, 14, 17, 44, 48]",8,0,0,0,2,[],0.11006440016106217,0.38286813106801737,27.333333333333332
2025-06-28,logistic,v1.0.0,"[2, 3, 14, 17, 44, 48]",8,1,1,2,4,[14],0.10560575782995354,0.3627802588177578,16.833333333333332
2025-06-28,ensemble,v1.0.0,"[2, 3, 14, 17, 44, 48]",8,1,1,2,3,[14],0.10716727981189618,0.3704252088732123,23.166666666666668
2025-07-02,random,v1.0.0,"[6, 25, 27, 34, 38, 49]",2,1,1,1,1,[6],0.10745522698875469,0.37177617994345313,29.833333333333332
2025-07-02,long_frequency,v1.0.0,"[6, 25, 27, 34, 38, 49]",2,1,1,3,4,[34],0.10704355188237628,0.36990091953762766,21.166666666666668
2025-07-02,recent_frequency,v1.0.0,"[6, 25, 27, 34, 38, 49]",2,0,0,1,1,[],0.10937389754269056,0.38103333256576255,31.0
2025-07-02,ema_gap,v1.0.0,"[6, 25, 27, 34, 38, 49]",2,0,0,1,1,[],0.1100120199436138,0.38200406120485936,27.833333333333332
2025-07-02,logistic,v1.0.0,"[6, 25, 27, 34, 38, 49]",2,1,1,2,3,[25],0.10615710418412909,0.36557224134690025,16.166666666666668
2025-07-02,ensemble,v1.0.0,"[6, 25, 27, 34, 38, 49]",2,0,0,1,2,[],0.10748150826558844,0.3716202702559391,26.166666666666668
2025-07-05,random,v1.0.0,"[3, 6, 15, 33, 39, 42]",18,2,2,2,3,"[3, 6]",0.10745522698875465,0.37177617994345336,23.0
2025-07-05,long_frequency,v1.0.0,"[3, 6, 15, 33, 39, 42]",18,0,0,0,0,[],0.10795336202120707,0.3740415962729171,30.833333333333332
2025-07-05,recent_frequency,v1.0.0,"[3, 6, 15, 33, 39, 42]",18,1,1,2,3,[39],0.1066565097875885,0.3684934617814472,21.833333333333332
2025-07-05,ema_gap,v1.0.0,"[3, 6, 15, 33, 39, 42]",18,1,1,1,2,[39],0.10921649216102737,0.3826044832734163,26.333333333333332
2025-07-05,logistic,v1.0.0,"[3, 6, 15, 33, 39, 42]",18,1,1,3,4,[33],0.10640310125407548,0.3669344859459556,20.166666666666668
2025-07-05,ensemble,v1.0.0,"[3, 6, 15, 33, 39, 42]",18,2,2,2,3,"[39, 42]",0.1069144053525415,0.3692735922677812,20.333333333333332
2025-07-09,random,v1.0.0,"[2, 17, 18, 22, 32, 37]",26,1,1,1,3,[2],0.10745522698875466,0.37177617994345324,21.333333333333332
2025-07-09,long_frequency,v1.0.0,"[2, 17, 18, 22, 32, 37]",26,0,0,0,0,[],0.10800441250536566,0.3742736948533181,32.5
2025-07-09,recent_frequency,v1.0.0,"[2, 17, 18, 22, 32, 37]",26,0,0,3,4,[],0.1059306322365681,0.3640207006670732,17.666666666666668
2025-07-09,ema_gap,v1.0.0,"[2, 17, 18, 22, 32, 37]",26,1,1,2,3,[17],0.10532402437336522,0.359647255372547,18.166666666666668
2025-07-09,logistic,v1.0.0,"[2, 17, 18, 22, 32, 37]",26,0,0,2,3,[],0.1068363569938447,0.3684979213297301,19.333333333333332
2025-07-09,ensemble,v1.0.0,"[2, 17, 18, 22, 32, 37]",26,1,1,1,3,[17],0.1063049679754157,0.3661623751093359,18.0
2025-07-12,random,v1.0.0,"[2, 12, 25, 26, 27, 36]",24,1,1,2,2,[2],0.10745522698875465,0.3717761799434532,21.333333333333332
2025-07-12,long_frequency,v1.0.0,"[2, 12, 25, 26, 27, 36]",24,0,0,1,2,[],0.10763537967610409,0.37256975504455125,27.5
2025-07-12,recent_frequency,v1.0.0,"[2, 12, 25, 26, 27, 36]",24,0,0,2,2,[],0.10790450978758852,0.37356787246271905,25.166666666666668
2025-07-12,ema_gap,v1.0.0,"[2, 12, 25, 26, 27, 36]",24,1,1,1,1,[2],0.10826062952666272,0.373401068814807,24.333333333333332
2025-07-12,logistic,v1.0.0,"[2, 12, 25, 26, 27, 36]",24,1,1,1,3,[12],0.10686285252435153,0.3681879290441794,20.5
2025-07-12,ensemble,v1.0.0,"[2, 12, 25, 26, 27, 36]",24,1,1,2,2,[2],0.10714151209715317,0.37013174936368815,22.666666666666668
2025-07-16,random,v1.0.0,"[2, 4, 9, 17, 20, 46]",31,2,2,3,4,"[2, 4]",0.10745522698875466,0.37177617994345336,16.333333333333332
2025-07-16,long_frequency,v1.0.0,"[2, 4, 9, 17, 20, 46]",31,0,0,2,4,[],0.10711468954857276,0.3701533219934319,19.166666666666668
2025-07-16,recent_frequency,v1.0.0,"[2, 4, 9, 17, 20, 46]",31,2,2,4,5,"[2, 9]",0.10374271386922117,0.35446759312730935,11.166666666666666
2025-07-16,ema_gap,v1.0.0,"[2, 4, 9, 17, 20, 46]",31,2,2,3,5,"[2, 17]",0.10138217617881602,0.34473463440925434,13.166666666666666
2025-07-16,logistic,v1.0.0,"[2, 4, 9, 17, 20, 46]",31,0,0,0,0,[],0.10843933568739832,0.3761433897080025,30.333333333333332
2025-07-16,ensemble,v1.0.0,"[2, 4, 9, 17, 20, 46]",31,3,3,3,4,"[2, 17, 20]",0.10567257457627512,0.3634967037816964,14.166666666666666
2025-07-19,random,v1.0.0,"[2, 7, 22, 33, 35, 44]",3,1,1,2,2,[2],0.10745522698875466,0.3717761799434532,23.833333333333332
2025-07-19,long_frequency,v1.0.0,"[2, 7, 22, 33, 35, 44]",3,0,0,1,1,[],0.10756807286010918,0.37223599388056855,26.666666666666668
2025-07-19,recent_frequency,v1.0.0,"[2, 7, 22, 33, 35, 44]",3,1,1,1,2,[2],0.10841340774677218,0.3761893557326993,27.333333333333332
2025-07-19,ema_gap,v1.0.0,"[2, 7, 22, 33, 35, 44]",3,1,1,1,1,[2],0.10849869606409074,0.37809495209005656,28.0
2025-07-19,logistic,v1.0.0,"[2, 7, 22, 33, 35, 44]",3,0,0,1,2,[],0.10778780649886617,0.37343074775680973,24.5
2025-07-19,ensemble,v1.0.0,"[2, 7, 22, 33, 35, 44]",3,1,1,1,2,[2],0.10765839781836188,0.37262774231770357,27.166666666666668
2025-07-23,random,v1.0.0,"[4, 12, 19, 34, 40, 42]",5,1,1,2,2,[4],0.10745522698875466,0.37177617994345324,25.166666666666668
2025-07-23,long_frequency,v1.0.0,"[4, 12, 19, 34, 40, 42]",5,2,2,2,3,"[34, 40]",0.1067082482819616,0.3683247810448422,16.666666666666668
2025-07-23,recent_frequency,v1.0.0,"[4, 12, 19, 34, 40, 42]",5,0,0,1,2,[],0.10741618325697626,0.37083685512686376,23.5
2025-07-23,ema_gap,v1.0.0,"[4, 12, 19, 34, 40, 42]",5,1,1,1,2,[4],0.10802674279579831,0.3715477627785214,22.166666666666668
2025-07-23,logistic,v1.0.0,"[4, 12, 19, 34, 40, 42]",5,1,1,3,3,[12],0.10758779990324391,0.3725484257722859,24.5
2025-07-23,ensemble,v1.0.0,"[4, 12, 19, 34, 40, 42]",5,1,1,1,1,[4],0.10726651046589893,0.3705614652412368,23.166666666666668
2025-07-26,random,v1.0.0,"[5, 8, 13, 26, 44, 49]",47,1,1,2,3,[5],0.10745522698875466,0.37177617994345336,24.166666666666668
2025-07-26,long_frequency,v1.0.0,"[5, 8, 13, 26, 44, 49]",47,0,0,0,1,[],0.10790275194326307,0.3738138150579715,29.833333333333332
2025-07-26,recent_frequency,v1.0.0,"[5, 8, 13, 26, 44, 49]",47,1,1,3,4,[49],0.10644099958350686,0.3676385295643516,20.0
2025-07-26,ema_gap,v1.0.0,"[5, 8, 13, 26, 44, 49]",47,0,0,2,3,[],0.10820039561526677,0.3734163388122465,22.5
2025-07-26,logistic,v1.0.0,"[5, 8, 13, 26, 44, 49]",47,1,1,2,3,[5],0.10693894496418525,0.36972026978697364,21.333333333333332
2025-07-26,ensemble,v1.0.0,"[5, 8, 13, 26, 44, 49]",47,0,0,2,2,[],0.10694155651107663,0.3691102662015429,21.666666666666668
2025-07-30,random,v1.0.0,"[11, 13, 15, 16, 38, 48]",25,0,0,1,4,[],0.10745522698875463,0.37177617994345336,23.5
2025-07-30,long_frequency,v1.0.0,"[11, 13, 15, 16, 38, 48]",25,0,0,1,1,[],0.10806088702792942,0.37458364004448363,32.666666666666664
2025-07-30,recent_frequency,v1.0.0,"[11, 13, 15, 16, 38, 48]",25,1,1,1,1,[13],0.10789422407330278,0.37336781594009616,25.833333333333332
2025-07-30,ema_gap,v1.0.0,"[11, 13, 15, 16, 38, 48]",25,0,0,1,2,[],0.109649566607329,0.38024797329737964,26.5
2025-07-30,logistic,v1.0.0,"[11, 13, 15, 16, 38, 48]",25,1,1,1,2,[15],0.10802131097077032,0.37433782701926765,28.166666666666668
2025-07-30,ensemble,v1.0.0,"[11, 13, 15, 16, 38, 48]",25,0,0,0,2,[],0.10811999982382174,0.3746846227669031,28.333333333333332
2025-08-02,random,v1.0.0,"[7, 11, 23, 29, 44, 46]",42,0,0,2,2,[],0.10745522698875466,0.3717761799434532,26.666666666666668
2025-08-02,long_frequency,v1.0.0,"[7, 11, 23, 29, 44, 46]",42,0,0,3,3,[],0.10721033650713022,0.3706089062375643,20.833333333333332
2025-08-02,recent_frequency,v1.0.0,"[7, 11, 23, 29, 44, 46]",42,0,0,1,1,[],0.10865242815493546,0.37653651096349844,27.833333333333332
2025-08-02,ema_gap,v1.0.0,"[7, 11, 23, 29, 44, 46]",42,0,0,0,0,[],0.11232472222926564,0.3935284207000646,31.166666666666668
2025-08-02,logistic,v1.0.0,"[7, 11, 23, 29, 44, 46]",42,0,0,3,4,[],0.10527388715894896,0.3610313693502125,15.333333333333334
2025-08-02,ensemble,v1.0.0,"[7, 11, 23, 29, 44, 46]",42,0,0,1,2,[],0.10729271440482642,0.370850124683369,22.666666666666668
2025-08-06,random,v1.0.0,"[1, 4, 5, 10, 37, 46]",24,3,3,4,4,"[1, 4, 5]",0.10745522698875465,0.3717761799434534,17.166666666666668
2025-08-06,long_frequency,v1.0.0,"[1, 4, 5, 10, 37, 46]",24,0,0,2,2,[],0.10777026500956659,0.37325518825009535,26.333333333333332
2025-08-06,recent_frequency,v1.0.0,"[1, 4, 5, 10, 37, 46]",24,1,1,1,2,[4],0.10913634652228238,0.38049985326666375,28.333333333333332
2025-08-06,ema_gap,v1.0.0,"[1, 4, 5, 10, 37, 46]",24,1,1,1,1,[4],0.11080421749558707,0.38778648969379365,29.0
2025-08-06,logistic,v1.0.0,"[1, 4, 5, 10, 37, 46]",24,1,1,2,3,[1],0.10680560085595923,0.3686203212023015,21.333333333333332
2025-08-06,ensemble,v1.0.0,"[1, 4, 5, 10, 37, 46]",24,0,0,1,2,[],0.10798347652059365,0.37411141289980043,25.0
2025-08-09,random,v1.0.0,"[15, 17, 21, 22, 38, 45]",26,0,0,0,2,[],0.10745522698875466,0.37177617994345324,26.333333333333332
2025-08-09,long_frequency,v1.0.0,"[15, 17, 21, 22, 38, 45]",26,1,1,2,3,[45],0.10710756697584214,0.37016651486304986,21.666666666666668
2025-08-09,recent_frequency,v1.0.0,"[15, 17, 21, 22, 38, 45]",26,0,0,1,2,[],0.1096129179508538,0.3823460552540612,30.0
2025-08-09,ema_gap,v1.0.0,"[15, 17, 21, 22, 38, 45]",26,1,1,2,3,[17],0.10971020251040564,0.38723971667059237,24.666666666666668
2025-08-09,logistic,v1.0.0,"[15, 17, 21, 22, 38, 45]",26,1,1,1,2,[21],0.1078112389080406,0.37342112274785716,25.833333333333332
2025-08-09,ensemble,v1.0.0,"[15, 17, 21, 22, 38, 45]",26,0,0,1,3,[],0.10818294001927846,0.375499213518746,25.666666666666668
2025-08-13,random,v1.0.0,"[4, 9, 11, 12, 42, 49]",41,1,1,4,4,[4],0.10745522698875466,0.3717761799434534,21.166666666666668
2025-08-13,long_frequency,v1.0.0,"[4, 9, 11, 12, 42, 49]",41,0,0,1,3,[],0.10742646506591585,0.3715833724924015,22.5
2025-08-13,recent_frequency,v1.0.0,"[4, 9, 11, 12, 42, 49]",41,2,2,3,3,"[4, 9]",0.10544083631820075,0.36217286622780975,16.5
2025-08-13,ema_gap,v1.0.0,"[4, 9, 11, 12, 42, 49]",41,1,1,2,3,[4],0.10413832297706344,0.35460402983243267,16.5
2025-08-13,logistic,v1.0.0,"[4, 9, 11, 12, 42, 49]",41,2,2,2,2,"[12, 42]",0.10719383703305296,0.37058404748396234,23.666666666666668
2025-08-13,ensemble,v1.0.0,"[4, 9, 11, 12, 42, 49]",41,1,1,3,4,[4],0.1060456402619836,0.36501130264026127,15.0
2025-08-16,random,v1.0.0,"[7, 18, 23, 35, 48, 49]",19,0,0,1,2,[],0.10745522698875466,0.3717761799434532,30.0
2025-08-16,long_frequency,v1.0.0,"[7, 18, 23, 35, 48, 49]",19,0,0,2,3,[],0.10729926899906567,0.37100792838801094,22.166666666666668
2025-08-16,recent_frequency,v1.0.0,"[7, 18, 23, 35, 48, 49]",19,1,1,2,3,[49],0.10593944856309871,0.36415625856065037,19.5
2025-08-16,ema_gap,v1.0.0,"[7, 18, 23, 35, 48, 49]",19,1,1,1,2,[49],0.10641368017540608,0.36419561825909696,19.833333333333332
2025-08-16,logistic,v1.0.0,"[7, 18, 23, 35, 48, 49]",19,0,0,0,2,[],0.10802923162704337,0.3736678391908539,25.666666666666668
2025-08-16,ensemble,v1.0.0,"[7, 18, 23, 35, 48, 49]",19,2,2,2,2,"[7, 49]",0.10682092157461387,0.36881258852896703,20.166666666666668
2025-08-20,random,v1.0.0,"[24, 29, 31, 33, 36, 37]",21,0,0,0,0,[],0.10745522698875466,0.37177617994345313,31.666666666666668
2025-08-20,long_frequency,v1.0.0,"[24, 29, 31, 33, 36, 37]",21,1,1,1,2,[31],0.10735938713327103,0.37132876379268326,25.166666666666668
2025-08-20,recent_frequency,v1.0.0,"[24, 29, 31, 33, 36, 37]",21,0,0,0,1,[],0.11135071386922117,0.3904391790879537,36.166666666666664
2025-08-20,ema_gap,v1.0.0,"[24, 29, 31, 33, 36, 37]",21,0,0,0,0,[],0.11539087103921558,0.4111963971894637,37.5
2025-08-20,logistic,v1.0.0,"[24, 29, 31, 33, 36, 37]",21,0,0,1,1,[],0.10845157522793678,0.3761474210348615,28.333333333333332
2025-08-20,ensemble,v1.0.0,"[24, 29, 31, 33, 36, 37]",21,0,0,0,0,[],0.11003006135554808,0.38385388552134114,38.166666666666664
2025-08-23,random,v1.0.0,"[3, 10, 12, 14, 36, 41]",1,1,1,3,4,[3],0.10745522698875465,0.37177617994345336,19.333333333333332
2025-08-23,long_frequency,v1.0.0,"[3, 10, 12, 14, 36, 41]",1,0,0,0,2,[],0.10778493200723684,0.3733191822300427,25.666666666666668
2025-08-23,recent_frequency,v1.0.0,"[3, 10, 12, 14, 36, 41]",1,0,0,0,0,[],0.10963201999167012,0.3814615428871007,29.833333333333332
2025-08-23,ema_gap,v1.0.0,"[3, 10, 12, 14, 36, 41]",1,0,0,0,0,[],0.11290491996017701,0.3958393491987721,34.333333333333336
2025-08-23,logistic,v1.0.0,"[3, 10, 12, 14, 36, 41]",1,1,1,2,4,[14],0.1067375525147888,0.3683191398487907,21.333333333333332
2025-08-23,ensemble,v1.0.0,"[3, 10, 12, 14, 36, 41]",1,0,0,0,1,[],0.10846966420567429,0.3763115927384507,29.166666666666668
2025-08-27,random,v1.0.0,"[5, 16, 17, 21, 41, 47]",6,1,1,1,3,[5],0.10745522698875466,0.37177617994345336,24.5
2025-08-27,long_frequency,v1.0.0,"[5, 16, 17, 21, 41, 47]",6,0,0,0,3,[],0.10776460507479257,0.3731823882156486,29.0
2025-08-27,recent_frequency,v1.0.0,"[5, 16, 17, 21, 41, 47]",6,0,0,1,2,[],0.1101306322365681,0.38518975591848054,31.166666666666668
2025-08-27,ema_gap,v1.0.0,"[5, 16, 17, 21, 41, 47]",6,1,1,1,1,[17],0.11320873454902228,0.40406802690556815,34.0
2025-08-27,logistic,v1.0.0,"[5, 16, 17, 21, 41, 47]",6,2,2,2,3,"[5, 16]",0.10702126181076323,0.37006307008923084,22.5
2025-08-27,ensemble,v1.0.0,"[5, 16, 17, 21, 41, 47]",6,0,0,1,1,[],0.10876527976063818,0.37829051363915506,30.5
2025-08-30,random,v1.0.0,"[3, 5, 6, 11, 36, 38]",48,3,3,4,4,"[3, 5, 6]",0.10745522698875466,0.3717761799434534,16.5
2025-08-30,long_frequency,v1.0.0,"[3, 5, 6, 11, 36, 38]",48,1,1,1,2,[38],0.10777102120081038,0.37323795565040707,28.333333333333332
2025-08-30,recent_frequency,v1.0.0,"[3, 5, 6, 11, 36, 38]",48,0,0,0,0,[],0.10987544856309872,0.382435851297277,31.666666666666668
2025-08-30,ema_gap,v1.0.0,"[3, 5, 6, 11, 36, 38]",48,0,0,1,2,[],0.10866960779325446,0.37557099963127666,24.833333333333332
2025-08-30,logistic,v1.0.0,"[3, 5, 6, 11, 36, 38]",48,0,0,0,1,[],0.10965932845847348,0.38202377890105077,33.166666666666664
2025-08-30,ensemble,v1.0.0,"[3, 5, 6, 11, 36, 38]",48,0,0,0,0,[],0.10890569505809242,0.37859380402140613,34.666666666666664
2025-09-03,random,v1.0.0,"[14, 22, 24, 28, 34, 35]",4,0,0,0,1,[],0.10745522698875466,0.37177617994345324,26.166666666666668
2025-09-03,long_frequency,v1.0.0,"[14, 22, 24, 28, 34, 35]",4,1,1,1,1,[34],0.108098120107926,0.37487802131529735,33.166666666666664
2025-09-03,recent_frequency,v1.0.0,"[14, 22, 24, 28, 34, 35]",4,0,0,0,0,[],0.10864067305289464,0.3764042258048468,29.0
2025-09-03,ema_gap,v1.0.0,"[14, 22, 24, 28, 34, 35]",4,0,0,0,0,[],0.11176880724522574,0.39003471811595397,32.666666666666664
2025-09-03,logistic,v1.0.0,"[14, 22, 24, 28, 34, 35]",4,2,2,2,2,"[14, 28]",0.10571934761234811,0.36391786862725434,18.166666666666668
2025-09-03,ensemble,v1.0.0,"[14, 22, 24, 28, 34, 35]",4,0,0,1,1,[],0.10766127418396607,0.37244528339508187,24.666666666666668
2025-09-06,random,v1.0.0,"[12, 25, 26, 38, 39, 41]",16,0,0,1,1,[],0.10745522698875465,0.3717761799434532,30.166666666666668
2025-09-06,long_frequency,v1.0.0,"[12, 25, 26, 38, 39, 41]",16,1,1,1,2,[38],0.10753440210831185,0.37210097236946216,26.0
2025-09-06,recent_frequency,v1.0.0,"[12, 25, 26, 38, 39, 41]",16,0,0,2,3,[],0.10665210162432319,0.3675214898259312,21.833333333333332
2025-09-06,ema_gap,v1.0.0,"[12, 25, 26, 38, 39, 41]",16,1,1,1,3,[38],0.10636466084151856,0.3650900312763788,21.666666666666668
2025-09-06,logistic,v1.0.0,"[12, 25, 26, 38, 39, 41]",16,0,0,1,1,[],0.10917965963763829,0.38010294266609396,32.166666666666664
2025-09-06,ensemble,v1.0.0,"[12, 25, 26, 38, 39, 41]",16,0,0,1,1,[],0.10765657961505812,0.37247049626691653,26.5
2025-09-10,random,v1.0.0,"[11, 25, 30, 35, 46, 49]",37,0,0,1,1,[],0.10745522698875469,0.37177617994345313,32.666666666666664
2025-09-10,long_frequency,v1.0.0,"[11, 25, 30, 35, 46, 49]",37,0,0,1,2,[],0.10773680433284931,0.3730551753738231,28.666666666666668
2025-09-10,recent_frequency,v1.0.0,"[11, 25, 30, 35, 46, 49]",37,0,0,1,2,[],0.10764638733860891,0.37266563584675305,24.666666666666668
2025-09-10,ema_gap,v1.0.0,"[11, 25, 30, 35, 46, 49]",37,1,1,2,3,[49],0.1073650102736104,0.37211357368342535,22.166666666666668
2025-09-10,logistic,v1.0.0,"[11, 25, 30, 35, 46, 49]",37,0,0,1,1,[],0.10795315965561708,0.37377407029312854,26.666666666666668
2025-09-10,ensemble,v1.0.0,"[11, 25, 30, 35, 46, 49]",37,1,1,1,3,[49],0.10751284025660027,0.37234136877810664,22.333333333333332
2025-09-13,random,v1.0.0,"[13, 21, 23, 33, 35, 45]",1,0,0,0,1,[],0.10745522698875466,0.37177617994345324,28.333333333333332
2025-09-13,long_frequency,v1.0.0,"[13, 21, 23, 33, 35, 45]",1,1,1,2,3,[45],0.10714678338860378,0.3703447966671824,22.333333333333332
2025-09-13,recent_frequency,v1.0.0,"[13, 21, 23, 33, 35, 45]",1,1,1,2,2,[13],0.10935479550187421,0.3817278308957896,29.0
2025-09-13,ema_gap,v1.0.0,"[13, 21, 23, 33, 35, 45]",1,1,1,1,1,[35],0.11230919131638828,0.39646451127731713,32.5
2025-09-13,logistic,v1.0.0,"[13, 21, 23, 33, 35, 45]",1,1,1,2,4,[45],0.10572182526525575,0.36329256070924576,17.666666666666668
2025-09-13,ensemble,v1.0.0,"[13, 21, 23, 33, 35, 45]",1,2,2,2,3,"[13, 35]",0.1076716509901758,0.3728633647568357,24.5
2025-09-17,random,v1.0.0,"[3, 12, 23, 27, 33, 45]",22,1,1,2,2,[3],0.10745522698875466,0.3717761799434532,23.833333333333332
2025-09-17,long_frequency,v1.0.0,"[3, 12, 23, 27, 33, 45]",22,1,1,3,3,[45],0.10679745384108272,0.36871916724665893,17.333333333333332
2025-09-17,recent_frequency,v1.0.0,"[3, 12, 23, 27, 33, 45]",22,0,0,0,0,[],0.11007479550187423,0.3840974793914328,32.333333333333336
2025-09-17,ema_gap,v1.0.0,"[3, 12, 23, 27, 33, 45]",22,0,0,1,1,[],0.11081870604609266,0.38695906179872275,29.333333333333332
2025-09-17,logistic,v1.0.0,"[3, 12, 23, 27, 33, 45]",22,0,0,1,1,[],0.10959854723410972,0.3820193009484068,34.333333333333336
2025-09-17,ensemble,v1.0.0,"[3, 12, 23, 27, 33, 45]",22,1,1,1,1,[12],0.10931807275421317,0.3805976455331671,33.833333333333336
2025-09-20,random,v1.0.0,"[7, 9, 19, 34, 39, 44]",38,0,0,2,2,[],0.10745522698875466,0.37177617994345324,25.333333333333332
2025-09-20,long_frequency,v1.0.0,"[7, 9, 19, 34, 39, 44]",38,1,1,2,3,[34],0.10689326583136924,0.3691555748427701,18.166666666666668
2025-09-20,recent_frequency,v1.0.0,"[7, 9, 19, 34, 39, 44]",38,2,2,3,3,"[9, 39]",0.10613732611411912,0.3657345991875926,19.666666666666668
2025-09-20,ema_gap,v1.0.0,"[7, 9, 19, 34, 39, 44]",38,0,0,1,1,[],0.10990098222028101,0.38230478656105965,26.666666666666668
2025-09-20,logistic,v1.0.0,"[7, 9, 19, 34, 39, 44]",38,2,2,2,4,"[9, 19]",0.10745641762755499,0.37274018852541985,22.0
2025-09-20,ensemble,v1.0.0,"[7, 9, 19, 34, 39, 44]",38,1,1,1,3,[9],0.10732647150488171,0.371178352651273,22.833333333333332
2025-09-24,random,v1.0.0,"[9, 10, 12, 17, 46, 49]",30,0,0,3,4,[],0.10745522698875466,0.37177617994345336,23.833333333333332
2025-09-24,long_frequency,v1.0.0,"[9, 10, 12, 17, 46, 49]",30,0,0,1,3,[],0.1072292158766174,0.37066584216442344,20.666666666666668
2025-09-24,recent_frequency,v1.0.0,"[9, 10, 12, 17, 46, 49]",30,3,3,4,5,"[9, 17, 49]",0.10491724448146607,0.3610384140972068,14.5
2025-09-24,ema_gap,v1.0.0,"[9, 10, 12, 17, 46, 49]",30,3,3,4,4,"[12, 17, 49]",0.10191568509202452,0.3483566426432414,14.166666666666666
2025-09-24,logistic,v1.0.0,"[9, 10, 12, 17, 46, 49]",30,0,0,0,1,[],0.10844001551867848,0.37587949636239554,30.333333333333332
2025-09-24,ensemble,v1.0.0,"[9, 10, 12, 17, 46, 49]",30,2,2,4,5,"[12, 49]",0.10599844234307387,0.3650620292630758,13.833333333333334
2025-09-27,random,v1.0.0,"[1, 7, 15, 19, 36, 40]",47,1,1,2,3,[1],0.10745522698875466,0.37177617994345336,19.666666666666668
2025-09-27,long_frequency,v1.0.0,"[1, 7, 15, 19, 36, 40]",47,1,1,2,3,[40],0.10741374179176633,0.3716245438343284,23.0
2025-09-27,recent_frequency,v1.0.0,"[1, 7, 15, 19, 36, 40]",47,0,0,1,2,[],0.10787806080799667,0.3728644640010801,25.666666666666668
2025-09-27,ema_gap,v1.0.0,"[1, 7, 15, 19, 36, 40]",47,0,0,1,1,[],0.11061660993623203,0.3847958555913951,28.333333333333332
2025-09-27,logistic,v1.0.0,"[1, 7, 15, 19, 36, 40]",47,2,2,3,3,"[19, 40]",0.10600975407063437,0.3651537453332835,19.0
2025-09-27,ensemble,v1.0.0,"[1, 7, 15, 19, 36, 40]",47,0,0,3,3,[],0.10719613290968945,0.3703855285306985,21.5
2025-10-01,random,v1.0.0,"[26, 27, 30, 38, 47, 48]",43,0,0,0,0,[],0.10745522698875466,0.37177617994345313,36.0
2025-10-01,long_frequency,v1.0.0,"[26, 27, 30, 38, 47, 48]",43,1,1,2,3,[38],0.10713573992429512,0.3702433465753477,19.5
2025-10-01,recent_frequency,v1.0.0,"[26, 27, 30, 38, 47, 48]",43,0,0,0,1,[],0.11082565264473136,0.3881297675720126,35.333333333333336
2025-10-01,ema_gap,v1.0.0,"[26, 27, 30, 38, 47, 48]",43,0,0,1,1,[],0.11226942850988345,0.395530946134432,32.166666666666664
2025-10-01,logistic,v1.0.0,"[26, 27, 30, 38, 47, 48]",43,0,0,0,0,[],0.10892675188599545,0.3783983907436557,34.333333333333336
2025-10-01,ensemble,v1.0.0,"[26, 27, 30, 38, 47, 48]",43,0,0,0,1,[],0.10950568377382021,0.3814670832830818,34.5
2025-10-04,random,v1.0.0,"[24, 31, 37, 41, 45, 46]",16,0,0,0,0,[],0.10745522698875466,0.37177617994345313,37.333333333333336
2025-10-04,long_frequency,v1.0.0,"[24, 31, 37, 41, 45, 46]",16,2,2,3,4,"[31, 45]",0.10655564239964917,0.3676641058523129,15.333333333333334
2025-10-04,recent_frequency,v1.0.0,"[24, 31, 37, 41, 45, 46]",16,0,0,1,3,[],0.10810973427738442,0.3744949887094999,27.0
2025-10-04,ema_gap,v1.0.0,"[24, 31, 37, 41, 45, 46]",16,0,0,1,1,[],0.112000480861601,0.39262364389364557,31.5
2025-10-04,logistic,v1.0.0,"[24, 31, 37, 41, 45, 46]",16,1,1,2,2,[24],0.10674508619725323,0.36841921807952266,21.833333333333332
2025-10-04,ensemble,v1.0.0,"[24, 31, 37, 41, 45, 46]",16,0,0,2,3,[],0.10777828674821323,0.3732273595824282,24.333333333333332
2025-10-08,random,v1.0.0,"[17, 22, 24, 40, 42, 46]",29,0,0,0,1,[],0.10745522698875466,0.37177617994345324,31.833333333333332
2025-10-08,long_frequency,v1.0.0,"[17, 22, 24, 40, 42, 46]",29,2,2,2,2,"[40, 46]",0.1072203240290646,0.3706744710347754,22.0
2025-10-08,recent_frequency,v1.0.0,"[17, 22, 24, 40, 42, 46]",29,1,1,2,3,[17],0.10589977509371096,0.36392983229966985,18.666666666666668
2025-10-08,ema_gap,v1.0.0,"[17, 22, 24, 40, 42, 46]",29,2,2,2,2,"[17, 46]",0.10596962263716617,0.3644924007509698,21.166666666666668
2025-10-08,logistic,v1.0.0,"[17, 22, 24, 40, 42, 46]",29,0,0,1,2,[],0.10757533156198959,0.3719114234684775,27.833333333333332
2025-10-08,ensemble,v1.0.0,"[17, 22, 24, 40, 42, 46]",29,1,1,2,2,[46],0.10664744514322533,0.3678482575984028,20.833333333333332
2025-10-11,random,v1.0.0,"[5, 23, 25, 40, 41, 43]",34,1,1,1,1,[5],0.10745522698875466,0.3717761799434532,29.5
2025-10-11,long_frequency,v1.0.0,"[5, 23, 25, 40, 41, 43]",34,1,1,3,4,[40],0.10707588751793791,0.3700378782013495,20.833333333333332
2025-10-11,recent_frequency,v1.0.0,"[5, 23, 25, 40, 41, 43]",34,0,0,0,1,[],0.1093342240733028,0.3807487640631619,30.0
2025-10-11,ema_gap,v1.0.0,"[5, 23, 25, 40, 41, 43]",34,0,0,1,2,[],0.11067882589032897,0.3894583414057579,26.5
2025-10-11,logistic,v1.0.0,"[5, 23, 25, 40, 41, 43]",34,0,0,2,3,[],0.10697711596109072,0.36919848126741145,21.333333333333332
2025-10-11,ensemble,v1.0.0,"[5, 23, 25, 40, 41, 43]",34,1,1,2,2,[40],0.10790270025221,0.37408772930974854,26.333333333333332
2025-10-15,random,v1.0.0,"[5, 10, 17, 26, 31, 32]",24,1,1,2,3,[5],0.10745522698875465,0.37177617994345336,20.166666666666668
2025-10-15,long_frequency,v1.0.0,"[5, 10, 17, 26, 31, 32]",24,1,1,1,1,[31],0.10745574280879594,0.37177486856599945,26.166666666666668
2025-10-15,recent_frequency,v1.0.0,"[5, 10, 17, 26, 31, 32]",24,1,1,1,2,[17],0.10762581591003749,0.37250313118651474,24.5
2025-10-15,ema_gap,v1.0.0,"[5, 10, 17, 26, 31, 32]",24,1,1,1,2,[17],0.1082880207785758,0.37740658783893294,26.0
2025-10-15,logistic,v1.0.0,"[5, 10, 17, 26, 31, 32]",24,0,0,1,1,[],0.10853528578479803,0.3765526130936579,31.5
2025-10-15,ensemble,v1.0.0,"[5, 10, 17, 26, 31, 32]",24,1,1,1,2,[17],0.10790070958857118,0.37394486741713795,28.5
2025-10-18,random,v1.0.0,"[9, 17, 21, 39, 41, 48]",28,0,0,1,2,[],0.10745522698875466,0.37177617994345324,29.166666666666668
2025-10-18,long_frequency,v1.0.0,"[9, 17, 21, 39, 41, 48]",28,0,0,1,3,[],0.10736456332394118,0.3712801456638366,22.666666666666668
2025-10-18,recent_frequency,v1.0.0,"[9, 17, 21, 39, 41, 48]",28,3,3,4,4,"[9, 17, 39]",0.10443773427738443,0.3586480354915605,16.166666666666668
2025-10-18,ema_gap,v1.0.0,"[9, 17, 21, 39, 41, 48]",28,2,2,3,4,"[17, 41]",0.10202449950060201,0.3504473241140009,16.666666666666668
2025-10-18,logistic,v1.0.0,"[9, 17, 21, 39, 41, 48]",28,0,0,2,3,[],0.10825268214779757,0.3760984737800364,25.833333333333332
2025-10-18,ensemble,v1.0.0,"[9, 17, 21, 39, 41, 48]",28,3,3,4,4,"[9, 17, 39]",0.10584410650290328,0.3645348667180059,15.833333333333334
2025-10-22,random,v1.0.0,"[2, 4, 7, 41, 45, 46]",13,2,2,3,3,"[2, 4]",0.10745522698875465,0.37177617994345336,24.166666666666668
2025-10-22,long_frequency,v1.0.0,"[2, 4, 7, 41, 45, 46]",13,2,2,4,5,"[45, 46]",0.10654521472203182,0.36757190805519996,12.833333333333334
2025-10-22,recent_frequency,v1.0.0,"[2, 4, 7, 41, 45, 46]",13,1,1,4,5,[41],0.10543055060391503,0.3619665658236114,15.166666666666666
2025-10-22,ema_gap,v1.0.0,"[2, 4, 7, 41, 45, 46]",13,2,2,3,3,"[41, 46]",0.10445144723332729,0.35782184126361893,18.0
2025-10-22,logistic,v1.0.0,"[2, 4, 7, 41, 45, 46]",13,0,0,2,3,[],0.1094433211628644,0.3821325073217814,27.666666666666668
2025-10-22,ensemble,v1.0.0,"[2, 4, 7, 41, 45, 46]",13,2,2,3,3,"[41, 46]",0.10696428368098404,0.3697478492837322,22.333333333333332
2025-10-25,random,v1.0.0,"[6, 8, 19, 39, 43, 49]",46,1,1,2,2,[6],0.10745522698875466,0.37177617994345324,27.333333333333332
2025-10-25,long_frequency,v1.0.0,"[6, 8, 19, 39, 43, 49]",46,0,0,1,2,[],0.10756433413281019,0.3722403696116112,26.666666666666668
2025-10-25,recent_frequency,v1.0.0,"[6, 8, 19, 39, 43, 49]",46,2,2,2,2,"[39, 49]",0.10790010162432319,0.37483084281089163,26.333333333333332
2025-10-25,ema_gap,v1.0.0,"[6, 8, 19, 39, 43, 49]",46,1,1,2,2,[39],0.11198488527178187,0.39418846263891627,30.666666666666668
2025-10-25,logistic,v1.0.0,"[6, 8, 19, 39, 43, 49]",46,2,2,4,5,"[8, 19]",0.10359469513794639,0.3539839368653608,10.5
2025-10-25,ensemble,v1.0.0,"[6, 8, 19, 39, 43, 49]",46,1,1,2,4,[39],0.10638478569447322,0.36673888703506075,17.666666666666668
2025-10-29,random,v1.0.0,"[2, 10, 27, 28, 35, 45]",14,1,1,2,2,[2],0.10745522698875466,0.37177617994345313,24.5
2025-10-29,long_frequency,v1.0.0,"[2, 10, 27, 28, 35, 45]",14,1,1,2,2,[45],0.10734001229610819,0.3712743285892924,24.0
2025-10-29,recent_frequency,v1.0.0,"[2, 10, 27, 28, 35, 45]",14,0,0,1,2,[],0.10886940774677219,0.37795966137096704,29.666666666666668
2025-10-29,ema_gap,v1.0.0,"[2, 10, 27, 28, 35, 45]",14,0,0,1,2,[],0.11117608210485186,0.3861099522002997,28.0
2025-10-29,logistic,v1.0.0,"[2, 10, 27, 28, 35, 45]",14,0,0,2,3,[],0.10692868131859427,0.36902947184531,21.0
2025-10-29,ensemble,v1.0.0,"[2, 10, 27, 28, 35, 45]",14,0,0,1,3,[],0.1079608342955444,0.37389908530873095,27.0
2025-11-01,random,v1.0.0,"[21, 22, 27, 33, 34, 44]",13,0,0,0,0,[],0.10745522698875466,0.3717761799434532,30.166666666666668
2025-11-01,long_frequency,v1.0.0,"[21, 22, 27, 33, 34, 44]",13,1,1,2,3,[34],0.10692058581230329,0.36927428220980196,18.5
2025-11-01,recent_frequency,v1.0.0,"[21, 22, 27, 33, 34, 44]",13,0,0,1,1,[],0.10984753019575177,0.38262723586774217,33.333333333333336
2025-11-01,ema_gap,v1.0.0,"[21, 22, 27, 33, 34, 44]",13,0,0,0,0,[],0.11305717424599611,0.39525679679930714,32.0
2025-11-01,logistic,v1.0.0,"[21, 22, 27, 33, 34, 44]",13,1,1,1,1,[22],0.10755720053176486,0.371876415531433,26.666666666666668
2025-11-01,ensemble,v1.0.0,"[21, 22, 27, 33, 34, 44]",13,0,0,1,1,[],0.10873047223836096,0.377623216034312,32.666666666666664
2025-11-05,random,v1.0.0,"[5, 16, 17, 30, 35, 46]",6,1,1,1,3,[5],0.10745522698875465,0.37177617994345336,24.833333333333332
2025-11-05,long_frequency,v1.0.0,"[5, 16, 17, 30, 35, 46]",6,1,1,1,1,[46],0.10793000427515628,0.3739654947981459,32.0
2025-11-05,recent_frequency,v1.0.0,"[5, 16, 17, 30, 35, 46]",6,1,1,2,3,[17],0.1076434485630987,0.3733462647957614,24.166666666666668
2025-11-05,ema_gap,v1.0.0,"[5, 16, 17, 30, 35, 46]",6,2,2,3,3,"[17, 46]",0.10418719162288001,0.36309811692570587,20.833333333333332
2025-11-05,logistic,v1.0.0,"[5, 16, 17, 30, 35, 46]",6,0,0,3,3,[],0.10671806905745927,0.368296222838318,20.833333333333332
2025-11-05,ensemble,v1.0.0,"[5, 16, 17, 30, 35, 46]",6,2,2,2,3,"[17, 46]",0.10637250657141352,0.3673648498653314,20.833333333333332
2025-11-08,random,v1.0.0,"[12, 15, 16, 21, 29, 47]",35,0,0,1,3,[],0.10745522698875465,0.37177617994345336,23.333333333333332
2025-11-08,long_frequency,v1.0.0,"[12, 15, 16, 21, 29, 47]",35,0,0,0,2,[],0.10786535111200336,0.37363666492274106,30.166666666666668
2025-11-08,recent_frequency,v1.0.0,"[12, 15, 16, 21, 29, 47]",35,0,0,0,0,[],0.11302532611411914,0.4004432977888637,38.666666666666664
2025-11-08,ema_gap,v1.0.0,"[12, 15, 16, 21, 29, 47]",35,0,0,0,1,[],0.11494400516790208,0.4083925266971735,35.166666666666664
2025-11-08,logistic,v1.0.0,"[12, 15, 16, 21, 29, 47]",35,0,0,1,2,[],0.10772527709016343,0.37279214112916764,25.5
2025-11-08,ensemble,v1.0.0,"[12, 15, 16, 21, 29, 47]",35,0,0,0,1,[],0.109880246244698,0.38340080865505605,38.166666666666664
2025-11-12,random,v1.0.0,"[2, 6, 7, 38, 39, 41]",49,2,2,3,3,"[2, 6]",0.10745522698875466,0.37177617994345336,22.166666666666668
2025-11-12,long_frequency,v1.0.0,"[2, 6, 7, 38, 39, 41]",49,0,0,3,3,[],0.10736614643653908,0.3713417109523521,24.0
2025-11-12,recent_frequency,v1.0.0,"[2, 6, 7, 38, 39, 41]",49,3,3,4,4,"[2, 39, 41]",0.10466793835901708,0.359287907401766,14.666666666666666
2025-11-12,ema_gap,v1.0.0,"[2, 6, 7, 38, 39, 41]",49,1,1,4,5,[41],0.10300884000863081,0.35096902587082723,14.5
2025-11-12,logistic,v1.0.0,"[2, 6, 7, 38, 39, 41]",49,1,1,2,2,[38],0.10850044180261804,0.37687786160877784,29.833333333333332
2025-11-12,ensemble,v1.0.0,"[2, 6, 7, 38, 39, 41]",49,1,1,3,4,[41],0.10619043288748317,0.3658538882675319,16.5
2025-11-15,random,v1.0.0,"[1, 5, 8, 25, 42, 47]",44,2,2,3,3,"[1, 5]",0.10745522698875466,0.37177617994345336,21.333333333333332
2025-11-15,long_frequency,v1.0.0,"[1, 5, 8, 25, 42, 47]",44,0,0,0,1,[],0.10819736680562707,0.3752385104721839,33.0
2025-11-15,recent_frequency,v1.0.0,"[1, 5, 8, 25, 42, 47]",44,0,0,0,0,[],0.11032850978758853,0.3852737289858026,31.666666666666668
2025-11-15,ema_gap,v1.0.0,"[1, 5, 8, 25, 42, 47]",44,0,0,1,1,[],0.11359265221095255,0.39865381189175153,32.0
2025-11-15,logistic,v1.0.0,"[1, 5, 8, 25, 42, 47]",44,1,1,2,4,[1],0.10502680638627401,0.36039869934962354,13.5
2025-11-15,ensemble,v1.0.0,"[1, 5, 8, 25, 42, 47]",44,0,0,0,1,[],0.10796117549107388,0.3738255764888593,27.333333333333332
2025-11-19,random,v1.0.0,"[14, 17, 28, 31, 42, 48]",5,0,0,0,2,[],0.10745522698875466,0.3717761799434532,30.0
2025-11-19,long_frequency,v1.0.0,"[14, 17, 28, 31, 42, 48]",5,1,1,1,1,[31],0.10789327369045162,0.3739137529929166,29.333333333333332
2025-11-19,recent_frequency,v1.0.0,"[14, 17, 28, 31, 42, 48]",5,1,1,1,1,[17],0.10762140774677217,0.372464860338156,26.833333333333332
2025-11-19,ema_gap,v1.0.0,"[14, 17, 28, 31, 42, 48]",5,1,1,1,2,[17],0.1083366494417797,0.37854228834843273,27.333333333333332
2025-11-19,logistic,v1.0.0,"[14, 17, 28, 31, 42, 48]",5,2,2,3,3,"[17, 28]",0.10654899293414408,0.36757079647264057,18.833333333333332
2025-11-19,ensemble,v1.0.0,"[14, 17, 28, 31, 42, 48]",5,1,1,1,3,[17],0.10709810794714408,0.3704964031932776,23.333333333333332
2025-11-22,random,v1.0.0,"[11, 14, 19, 24, 45, 48]",39,0,0,1,2,[],0.10745522698875466,0.37177617994345336,26.833333333333332
2025-11-22,long_frequency,v1.0.0,"[11, 14, 19, 24, 45, 48]",39,1,1,1,1,[45],0.10793505439566721,0.37410702877714863,30.0
2025-11-22,recent_frequency,v1.0.0,"[11, 14, 19, 24, 45, 48]",39,0,0,0,0,[],0.10956736693044566,0.38086390702875783,33.5
2025-11-22,ema_gap,v1.0.0,"[11, 14, 19, 24, 45, 48]",39,0,0,0,1,[],0.11283505415129493,0.39381304235115955,31.833333333333332
2025-11-22,logistic,v1.0.0,"[11, 14, 19, 24, 45, 48]",39,0,0,0,2,[],0.10731408220439055,0.37013590825783876,24.666666666666668
2025-11-22,ensemble,v1.0.0,"[11, 14, 19, 24, 45, 48]",39,0,0,0,1,[],0.1085627457091386,0.3768375853691213,32.0
2025-11-26,random,v1.0.0,"[11, 23, 28, 30, 44, 45]",42,0,0,1,1,[],0.10745522698875466,0.37177617994345313,30.166666666666668
2025-11-26,long_frequency,v1.0.0,"[11, 23, 28, 30, 44, 45]",42,1,1,2,2,[45],0.10748056075788545,0.37194086100518947,26.166666666666668
2025-11-26,recent_frequency,v1.0.0,"[11, 23, 28, 30, 44, 45]",42,0,0,0,0,[],0.11052932611411914,0.3858104927279634,38.0
2025-11-26,ema_gap,v1.0.0,"[11, 23, 28, 30, 44, 45]",42,0,0,0,2,[],0.11141838019524718,0.3867371091192922,28.833333333333332
2025-11-26,logistic,v1.0.0,"[11, 23, 28, 30, 44, 45]",42,0,0,2,3,[],0.1075036213923585,0.37193688119415375,24.166666666666668
2025-11-26,ensemble,v1.0.0,"[11, 23, 28, 30, 44, 45]",42,0,0,0,0,[],0.10865080989283216,0.37700644150877033,31.666666666666668
2025-11-29,random,v1.0.0,"[5, 6, 9, 29, 42, 45]",2,2,2,3,3,"[5, 6]",0.10745522698875465,0.37177617994345336,22.666666666666668
2025-11-29,long_frequency,v1.0.0,"[5, 6, 9, 29, 42, 45]",2,1,1,1,2,[45],0.1074604850443872,0.3718335643199008,26.666666666666668
2025-11-29,recent_frequency,v1.0.0,"[5, 6, 9, 29, 42, 45]",2,1,1,1,1,[9],0.10877830570595587,0.3789793039272242,28.666666666666668
2025-11-29,ema_gap,v1.0.0,"[5, 6, 9, 29, 42, 45]",2,1,1,2,4,[45],0.1083738840461751,0.37485396609420835,22.166666666666668
2025-11-29,logistic,v1.0.0,"[5, 6, 9, 29, 42, 45]",2,1,1,2,2,[9],0.10806929941082957,0.374722720468786,26.833333333333332
2025-11-29,ensemble,v1.0.0,"[5, 6, 9, 29, 42, 45]",2,1,1,1,2,[9],0.10786571900124288,0.3738105858649629,28.166666666666668
2025-12-03,random,v1.0.0,"[1, 3, 13, 25, 38, 49]",6,2,2,2,3,"[1, 3]",0.10745522698875466,0.37177617994345336,21.5
2025-12-03,long_frequency,v1.0.0,"[1, 3, 13, 25, 38, 49]",6,1,1,1,2,[38],0.1079187387255013,0.37395488993203535,29.166666666666668
2025-12-03,recent_frequency,v1.0.0,"[1, 3, 13, 25, 38, 49]",6,0,0,3,3,[],0.10756116284881301,0.37193262734401694,23.5
2025-12-03,ema_gap,v1.0.0,"[1, 3, 13, 25, 38, 49]",6,0,0,0,2,[],0.11180491558980907,0.39069523309718046,30.0
2025-12-03,logistic,v1.0.0,"[1, 3, 13, 25, 38, 49]",6,0,0,0,1,[],0.10891814183445023,0.378709130354278,31.333333333333332
2025-12-03,ensemble,v1.0.0,"[1, 3, 13, 25, 38, 49]",6,0,0,1,2,[],0.10886029063764699,0.37832472109886484,31.333333333333332
2025-12-06,random,v1.0.0,"[9, 11, 15, 38, 39, 44]",21,0,0,2,3,[],0.10745522698875466,0.37177617994345336,26.0
2025-12-06,long_frequency,v1.0.0,"[9, 11, 15, 38, 39, 44]",21,1,1,1,2,[38],0.10756196166079343,0.3722358854556636,25.166666666666668
2025-12-06,recent_frequency,v1.0.0,"[9, 11, 15, 38, 39, 44]",21,2,2,3,4,"[9, 38]",0.10533357101207831,0.3619108571798612,16.0
2025-12-06,ema_gap,v1.0.0,"[9, 11, 15, 38, 39, 44]",21,1,1,3,4,[38],0.10412934368888878,0.354323922014916,14.5
2025-12-06,logistic,v1.0.0,"[9, 11, 15, 38, 39, 44]",21,1,1,2,2,[38],0.10733794605510649,0.3710669800808004,24.0
2025-12-06,ensemble,v1.0.0,"[9, 11, 15, 38, 39, 44]",21,2,2,3,4,"[9, 38]",0.10600889212498034,0.36521997456636934,16.5
2025-12-10,random,v1.0.0,"[9, 11, 13, 30, 40, 43]",21,0,0,2,3,[],0.10745522698875465,0.37177617994345336,24.333333333333332
2025-12-10,long_frequency,v1.0.0,"[9, 11, 13, 30, 40, 43]",21,1,1,2,3,[40],0.10732051702420292,0.3711603083818244,23.5
2025-12-10,recent_frequency,v1.0.0,"[9, 11, 13, 30, 40, 43]",21,1,1,2,3,[9],0.1075552852977926,0.37307289677413413,23.0
2025-12-10,ema_gap,v1.0.0,"[9, 11, 13, 30, 40, 43]",21,1,1,2,2,[9],0.10905008305442607,0.37995507768656483,25.833333333333332
2025-12-10,logistic,v1.0.0,"[9, 11, 13, 30, 40, 43]",21,0,0,1,3,[],0.10850483741225181,0.3770596425819702,27.5
2025-12-10,ensemble,v1.0.0,"[9, 11, 13, 30, 40, 43]",21,0,0,2,3,[],0.10799041951436343,0.37421738784379205,26.333333333333332
2025-12-13,random,v1.0.0,"[13, 14, 21, 23, 26, 49]",41,0,0,0,2,[],0.10745522698875466,0.37177617994345324,24.333333333333332
2025-12-13,long_frequency,v1.0.0,"[13, 14, 21, 23, 26, 49]",41,0,0,1,3,[],0.10782279299161548,0.3735161520913851,26.833333333333332
2025-12-13,recent_frequency,v1.0.0,"[13, 14, 21, 23, 26, 49]",41,1,1,3,3,[13],0.10708606080799667,0.3703660150019192,22.166666666666668
2025-12-13,ema_gap,v1.0.0,"[13, 14, 21, 23, 26, 49]",41,0,0,1,2,[],0.10872808271078405,0.3744125038952135,22.833333333333332
2025-12-13,logistic,v1.0.0,"[13, 14, 21, 23, 26, 49]",41,0,0,2,3,[],0.10692428651553809,0.3688066499588264,20.666666666666668
2025-12-13,ensemble,v1.0.0,"[13, 14, 21, 23, 26, 49]",41,2,2,2,2,"[13, 49]",0.10714097060151719,0.370213411581441,23.333333333333332
2025-12-17,random,v1.0.0,"[8, 17, 35, 36, 37, 45]",32,0,0,1,2,[],0.10745522698875466,0.3717761799434531,29.666666666666668
2025-12-17,long_frequency,v1.0.0,"[8, 17, 35, 36, 37, 45]",32,1,1,1,2,[45],0.10712998855883829,0.3702543112875465,22.166666666666668
2025-12-17,recent_frequency,v1.0.0,"[8, 17, 35, 36, 37, 45]",32,1,1,1,2,[17],0.10637046897126197,0.366431472821475,22.5
2025-12-17,ema_gap,v1.0.0,"[8, 17, 35, 36, 37, 45]",32,1,1,2,2,[17],0.10713821398494491,0.3719254292593282,24.166666666666668
2025-12-17,logistic,v1.0.0,"[8, 17, 35, 36, 37, 45]",32,0,0,1,2,[],0.10830203245264951,0.3754911360863617,29.666666666666668
2025-12-17,ensemble,v1.0.0,"[8, 17, 35, 36, 37, 45]",32,1,1,2,2,[17],0.10729883291943837,0.37117425527546866,25.0
2025-12-20,random,v1.0.0,"[13, 22, 24, 28, 29, 46]",16,0,0,0,1,[],0.10745522698875466,0.3717761799434532,27.0
2025-12-20,long_frequency,v1.0.0,"[13, 22, 24, 28, 29, 46]",16,1,1,1,1,[46],0.1080656866926507,0.3746172311342384,33.0
2025-12-20,recent_frequency,v1.0.0,"[13, 22, 24, 28, 29, 46]",16,1,1,1,3,[13],0.10783544856309871,0.3737132555425556,25.0
2025-12-20,ema_gap,v1.0.0,"[13, 22, 24, 28, 29, 46]",16,0,0,2,2,[],0.11060372868789141,0.38447675072915005,28.166666666666668
2025-12-20,logistic,v1.0.0,"[13, 22, 24, 28, 29, 46]",16,1,1,2,3,[13],0.10637237778873296,0.3666629617243053,19.166666666666668
2025-12-20,ensemble,v1.0.0,"[13, 22, 24, 28, 29, 46]",16,1,1,1,1,[13],0.10744652485510764,0.3717211709992426,27.333333333333332
2025-12-24,random,v1.0.0,"[2, 19, 20, 22, 42, 47]",35,1,1,1,1,[2],0.10745522698875465,0.37177617994345324,25.333333333333332
2025-12-24,long_frequency,v1.0.0,"[2, 19, 20, 22, 42, 47]",35,0,0,1,2,[],0.10738192348018193,0.371368614439219,22.5
2025-12-24,recent_frequency,v1.0.0,"[2, 19, 20, 22, 42, 47]",35,0,0,2,3,[],0.10856867305289461,0.3770856121925983,26.166666666666668
2025-12-24,ema_gap,v1.0.0,"[2, 19, 20, 22, 42, 47]",35,0,0,0,3,[],0.11308658916598778,0.39934570059679253,30.0
2025-12-24,logistic,v1.0.0,"[2, 19, 20, 22, 42, 47]",35,1,1,2,3,[47],0.10675358388359288,0.3685134064984781,21.833333333333332
2025-12-24,ensemble,v1.0.0,"[2, 19, 20, 22, 42, 47]",35,0,0,1,2,[],0.1082188247995978,0.37527383699853206,26.5
2025-12-27,random,v1.0.0,"[2, 8, 23, 28, 29, 36]",13,1,1,2,2,[2],0.10745522698875463,0.3717761799434532,21.0
2025-12-27,long_frequency,v1.0.0,"[2, 8, 23, 28, 29, 36]",13,0,0,1,2,[],0.10776876192461575,0.37320536479801447,29.0
2025-12-27,recent_frequency,v1.0.0,"[2, 8, 23, 28, 29, 36]",13,0,0,1,3,[],0.10783104039983342,0.37318325018344894,24.166666666666668
2025-12-27,ema_gap,v1.0.0,"[2, 8, 23, 28, 29, 36]",13,0,0,1,3,[],0.10777190138562133,0.3700227235359284,21.333333333333332
2025-12-27,logistic,v1.0.0,"[2, 8, 23, 28, 29, 36]",13,1,1,2,3,[8],0.10660606044033236,0.368185064801966,22.333333333333332
2025-12-27,ensemble,v1.0.0,"[2, 8, 23, 28, 29, 36]",13,1,1,3,3,[8],0.10695825691472417,0.3695130361817688,21.666666666666668
2025-12-31,random,v1.0.0,"[1, 6, 10, 21, 39, 40]",28,2,2,3,3,"[1, 6]",0.10745522698875465,0.37177617994345336,19.5
2025-12-31,long_frequency,v1.0.0,"[1, 6, 10, 21, 39, 40]",28,1,1,1,2,[40],0.10773975812825473,0.37313569918333395,28.333333333333332
2025-12-31,recent_frequency,v1.0.0,"[1, 6, 10, 21, 39, 40]",28,1,1,1,2,[39],0.10956001999167013,0.38217262418356224,30.333333333333332
2025-12-31,ema_gap,v1.0.0,"[1, 6, 10, 21, 39, 40]",28,0,0,0,1,[],0.1119403637154008,0.39167332689285805,31.166666666666668
2025-12-31,logistic,v1.0.0,"[1, 6, 10, 21, 39, 40]",28,0,0,1,1,[],0.10715061958089957,0.3701185492802327,23.333333333333332
2025-12-31,ensemble,v1.0.0,"[1, 6, 10, 21, 39, 40]",28,0,0,1,2,[],0.10848751983215661,0.3765496719048772,29.0
